ARM GAS  /tmp/cczGdM5e.s 			page 1


   1              		.cpu cortex-m4
   2              		.arch armv7e-m
   3              		.fpu fpv4-sp-d16
   4              		.eabi_attribute 27, 1
   5              		.eabi_attribute 28, 1
   6              		.eabi_attribute 20, 1
   7              		.eabi_attribute 21, 1
   8              		.eabi_attribute 23, 3
   9              		.eabi_attribute 24, 1
  10              		.eabi_attribute 25, 1
  11              		.eabi_attribute 26, 1
  12              		.eabi_attribute 30, 1
  13              		.eabi_attribute 34, 1
  14              		.eabi_attribute 18, 4
  15              		.file	"freertos.cpp"
  16              		.text
  17              	.Ltext0:
  18              		.cfi_sections	.debug_frame
  19              		.file 1 "Core/Src/freertos.cpp"
  20              		.section	.text.leds_callback,"ax",%progbits
  21              		.align	1
  22              		.global	leds_callback
  23              		.syntax unified
  24              		.thumb
  25              		.thumb_func
  27              	leds_callback:
  28              		.fnstart
  29              	.LVL0:
  30              	.LFB1168:
   1:Core/Src/freertos.cpp **** /* USER CODE BEGIN Header */
   2:Core/Src/freertos.cpp **** /**
   3:Core/Src/freertos.cpp ****   ******************************************************************************
   4:Core/Src/freertos.cpp ****   * File Name          : freertos.c
   5:Core/Src/freertos.cpp ****   * Description        : Code for freertos applications
   6:Core/Src/freertos.cpp ****   ******************************************************************************
   7:Core/Src/freertos.cpp ****   * @attention
   8:Core/Src/freertos.cpp ****   *
   9:Core/Src/freertos.cpp ****   * Copyright (c) 2026 STMicroelectronics.
  10:Core/Src/freertos.cpp ****   * All rights reserved.
  11:Core/Src/freertos.cpp ****   *
  12:Core/Src/freertos.cpp ****   * This software is licensed under terms that can be found in the LICENSE file
  13:Core/Src/freertos.cpp ****   * in the root directory of this software component.
  14:Core/Src/freertos.cpp ****   * If no LICENSE file comes with this software, it is provided AS-IS.
  15:Core/Src/freertos.cpp ****   *
  16:Core/Src/freertos.cpp ****   ******************************************************************************
  17:Core/Src/freertos.cpp ****   */
  18:Core/Src/freertos.cpp **** /* USER CODE END Header */
  19:Core/Src/freertos.cpp **** 
  20:Core/Src/freertos.cpp **** //#error FREERTOS_CPP_IS_BEING_COMPILED
  21:Core/Src/freertos.cpp **** 
  22:Core/Src/freertos.cpp **** #ifdef __cplusplus
  23:Core/Src/freertos.cpp **** extern "C" {
  24:Core/Src/freertos.cpp **** #endif
  25:Core/Src/freertos.cpp **** 
  26:Core/Src/freertos.cpp **** /* Includes ------------------------------------------------------------------*/
  27:Core/Src/freertos.cpp **** #include "FreeRTOS.h"
  28:Core/Src/freertos.cpp **** #include "task.h"
ARM GAS  /tmp/cczGdM5e.s 			page 2


  29:Core/Src/freertos.cpp **** #include "main.h"
  30:Core/Src/freertos.cpp **** #include "cmsis_os.h"
  31:Core/Src/freertos.cpp **** #include "encoder.h"
  32:Core/Src/freertos.cpp **** //#include "arm_math.h"
  33:Core/Src/freertos.cpp **** #include "pid.h"
  34:Core/Src/freertos.cpp **** #include "tof.h"
  35:Core/Src/freertos.cpp **** #include "speaker.h"
  36:Core/Src/freertos.cpp **** 
  37:Core/Src/freertos.cpp **** 
  38:Core/Src/freertos.cpp **** /* Private includes -----------------f-----------------------------------------*/
  39:Core/Src/freertos.cpp **** /* USER CODE BEGIN Includes */
  40:Core/Src/freertos.cpp **** #include <stdbool.h>
  41:Core/Src/freertos.cpp **** #include <cmath>       // For std::abs
  42:Core/Src/freertos.cpp **** #include <stdint.h>    // For uint32_t
  43:Core/Src/freertos.cpp **** #include <stdio.h>     // For printf
  44:Core/Src/freertos.cpp **** 
  45:Core/Src/freertos.cpp **** #include <rcl/rcl.h>
  46:Core/Src/freertos.cpp **** #include <rcl/error_handling.h>
  47:Core/Src/freertos.cpp **** #include <rclc/rclc.h>
  48:Core/Src/freertos.cpp **** #include <rclc/executor.h>
  49:Core/Src/freertos.cpp **** #include <uxr/client/transport.h>
  50:Core/Src/freertos.cpp **** #include <rmw_microxrcedds_c/config.h>
  51:Core/Src/freertos.cpp **** #include <rmw_microros/rmw_microros.h>
  52:Core/Src/freertos.cpp **** 
  53:Core/Src/freertos.cpp **** #include <std_msgs/msg/int32.h>
  54:Core/Src/freertos.cpp **** #include <std_msgs/msg/float32.h>
  55:Core/Src/freertos.cpp **** #include <std_msgs/msg/bool.h>
  56:Core/Src/freertos.cpp **** #include <std_msgs/msg/u_int8.h>
  57:Core/Src/freertos.cpp **** #include <usart.h>
  58:Core/Src/freertos.cpp **** /* USER CODE END Includes */
  59:Core/Src/freertos.cpp **** 
  60:Core/Src/freertos.cpp **** /* Private typedef -----------------------------------------------------------*/
  61:Core/Src/freertos.cpp **** typedef StaticTask_t osStaticThreadDef_t;
  62:Core/Src/freertos.cpp **** /* USER CODE BEGIN PTD */
  63:Core/Src/freertos.cpp **** 
  64:Core/Src/freertos.cpp **** /* USER CODE END PTD */
  65:Core/Src/freertos.cpp **** 
  66:Core/Src/freertos.cpp **** /* Private define ------------------------------------------------------------*/
  67:Core/Src/freertos.cpp **** /* USER CODE BEGIN PD */
  68:Core/Src/freertos.cpp **** 
  69:Core/Src/freertos.cpp **** /* USER CODE END PD */
  70:Core/Src/freertos.cpp **** 
  71:Core/Src/freertos.cpp **** /* Private macro -------------------------------------------------------------*/
  72:Core/Src/freertos.cpp **** /* USER CODE BEGIN PM */
  73:Core/Src/freertos.cpp **** #define STEER_DEG2PWM_RATIO 	0.0009505		// [deg] -> [pwm]
  74:Core/Src/freertos.cpp **** #define STEER_DEG2PWM_OFFSET	0.07620			// [pwm]
  75:Core/Src/freertos.cpp **** #define MOTOR_SPEED_OFFSET 		0.075568        // [pwm]: The zero default where motors are stop
  76:Core/Src/freertos.cpp **** #define M_PPI					6.28318530718	//	2*pi
  77:Core/Src/freertos.cpp **** #define MAX_FORWARD_SPEED		1.0				// [m/s]
  78:Core/Src/freertos.cpp **** #define MAX_BACKWARD_SPEED		-0.5			// [m/s]
  79:Core/Src/freertos.cpp **** #define MAX_FORWARD_PWM_SPEED   0.009
  80:Core/Src/freertos.cpp **** #define MAX_BACKWARD_PWM_SPEED  0.0119
  81:Core/Src/freertos.cpp **** #define MAX_STEERING_ANGLE		28				// [deg]
  82:Core/Src/freertos.cpp **** #define MOT_DECELERATION		-2				// [m/ss]
  83:Core/Src/freertos.cpp **** #define MOT_ACCELERATION		2				// [m/ss]
  84:Core/Src/freertos.cpp **** #define EPSILON					0.01			//
  85:Core/Src/freertos.cpp **** 
ARM GAS  /tmp/cczGdM5e.s 			page 3


  86:Core/Src/freertos.cpp **** // Filter
  87:Core/Src/freertos.cpp **** //#define FIR_LENGHT 		 		13
  88:Core/Src/freertos.cpp **** 
  89:Core/Src/freertos.cpp **** /* USER CODE END PM */
  90:Core/Src/freertos.cpp **** 
  91:Core/Src/freertos.cpp **** /* Private variables ---------------------------------------------------------*/
  92:Core/Src/freertos.cpp **** /* USER CODE BEGIN Variables */
  93:Core/Src/freertos.cpp **** double speedTarget=0.0, speedTargetPos=0.0, speedRef=0.0; 									// [m/s], [m/s]: speed reference
  94:Core/Src/freertos.cpp **** double steerRef=0.0;																		// [deg]: steer references
  95:Core/Src/freertos.cpp **** // MEASUREMENT variables
  96:Core/Src/freertos.cpp **** double carSpeed=0.0;																		// [rps], [m/s], [rps]: speed measurements
  97:Core/Src/freertos.cpp **** double carSpeedfiltered=0.0;// [m/s]
  98:Core/Src/freertos.cpp **** double encoderAcceleration = 0.0;
  99:Core/Src/freertos.cpp **** double globalDistance=0.0, localDistance=0.0, localDistanceOrigin=0.0, localDistanceRef=0.0;// [m]:
 100:Core/Src/freertos.cpp **** long encoderCount=0;																		// [tick]: encoder count
 101:Core/Src/freertos.cpp **** long encoderTotal=0;
 102:Core/Src/freertos.cpp **** // CONTROL variables
 103:Core/Src/freertos.cpp **** double motorPWM=0.0, servoPWM=0.0;// [tick], [tick]: control variables
 104:Core/Src/freertos.cpp **** // STATE of the CAR
 105:Core/Src/freertos.cpp **** bool isSpeedControl = true;
 106:Core/Src/freertos.cpp **** bool isPositionControl = false;
 107:Core/Src/freertos.cpp **** volatile bool posAckDone=false, reachedPosition=false, pub_flag=false;
 108:Core/Src/freertos.cpp **** volatile bool checkEmergencyBrakeArena = false;
 109:Core/Src/freertos.cpp **** bool inRangeForEmergencyBrakeArena = false;
 110:Core/Src/freertos.cpp **** bool flagLed = false;
 111:Core/Src/freertos.cpp **** 
 112:Core/Src/freertos.cpp **** volatile uint8_t tof_distances[4] = {0};
 113:Core/Src/freertos.cpp **** volatile uint8_t tof_status_debug = 0;
 114:Core/Src/freertos.cpp **** volatile uint8_t tof_addr_mask_debug = 0;
 115:Core/Src/freertos.cpp **** volatile uint8_t tof_range_status_debug[4] = {0};
 116:Core/Src/freertos.cpp **** 
 117:Core/Src/freertos.cpp **** 
 118:Core/Src/freertos.cpp **** uint8_t samplingPID = (uint8_t)((ENC_COUNT_MAX + 1) / 1e3); // [ms]
 119:Core/Src/freertos.cpp **** 
 120:Core/Src/freertos.cpp **** // CONTROLLERS PID 			 (Input,     Output,    Setpoint) 0.020001, 0.0250001, 0.000
 121:Core/Src/freertos.cpp **** PID SpeedController 	= PID(&carSpeedfiltered, &motorPWM, &speedRef, 0.020001, 0.0250001, 0,_PID_P_O
 122:Core/Src/freertos.cpp **** PID PositionController 	= PID(&localDistance, &speedTargetPos, &localDistanceRef, 6, 2, 0,_PID_P_ON
 123:Core/Src/freertos.cpp **** // 6 2 4 or 6 2 3 for pos
 124:Core/Src/freertos.cpp **** 
 125:Core/Src/freertos.cpp **** 
 126:Core/Src/freertos.cpp **** extern TIM_HandleTypeDef htim2;
 127:Core/Src/freertos.cpp **** extern TIM_HandleTypeDef htim3;
 128:Core/Src/freertos.cpp **** extern TIM_HandleTypeDef htim4;
 129:Core/Src/freertos.cpp **** extern TIM_HandleTypeDef htim10;
 130:Core/Src/freertos.cpp **** extern TIM_HandleTypeDef htim11;
 131:Core/Src/freertos.cpp **** extern ADC_HandleTypeDef hadc1;
 132:Core/Src/freertos.cpp **** 
 133:Core/Src/freertos.cpp **** /* USER CODE END Variables */
 134:Core/Src/freertos.cpp **** /* Definitions for defaultTask */
 135:Core/Src/freertos.cpp **** osThreadId_t defaultTaskHandle;
 136:Core/Src/freertos.cpp **** uint32_t defaultTaskBuffer[1000];
 137:Core/Src/freertos.cpp **** osStaticThreadDef_t defaultTaskControlBlock;
 138:Core/Src/freertos.cpp **** const osThreadAttr_t defaultTask_attributes = {
 139:Core/Src/freertos.cpp ****   .name = "defaultTask",
 140:Core/Src/freertos.cpp ****   .cb_mem = &defaultTaskControlBlock,
 141:Core/Src/freertos.cpp ****   .cb_size = sizeof(defaultTaskControlBlock),
 142:Core/Src/freertos.cpp ****   .stack_mem = &defaultTaskBuffer[0],
ARM GAS  /tmp/cczGdM5e.s 			page 4


 143:Core/Src/freertos.cpp ****   .stack_size = sizeof(defaultTaskBuffer),
 144:Core/Src/freertos.cpp ****   .priority = (osPriority_t) osPriorityNormal,
 145:Core/Src/freertos.cpp **** };
 146:Core/Src/freertos.cpp **** 
 147:Core/Src/freertos.cpp **** /* Private function prototypes -----------------------------------------------*/
 148:Core/Src/freertos.cpp **** /* USER CODE BEGIN FunctionPrototypes */
 149:Core/Src/freertos.cpp **** 
 150:Core/Src/freertos.cpp **** 
 151:Core/Src/freertos.cpp **** bool cubemx_transport_open(struct uxrCustomTransport * transport);
 152:Core/Src/freertos.cpp **** bool cubemx_transport_close(struct uxrCustomTransport * transport);
 153:Core/Src/freertos.cpp **** size_t cubemx_transport_write(struct uxrCustomTransport* transport, const uint8_t * buf, size_t len
 154:Core/Src/freertos.cpp **** size_t cubemx_transport_read(struct uxrCustomTransport* transport, uint8_t* buf, size_t len, int ti
 155:Core/Src/freertos.cpp **** 
 156:Core/Src/freertos.cpp **** void * microros_allocate(size_t size, void * state);
 157:Core/Src/freertos.cpp **** void microros_deallocate(void * pointer, void * state);
 158:Core/Src/freertos.cpp **** void * microros_reallocate(void * pointer, size_t size, void * state);
 159:Core/Src/freertos.cpp **** void * microros_zero_allocate(size_t number_of_elements, size_t size_of_element, void * state);
 160:Core/Src/freertos.cpp **** 
 161:Core/Src/freertos.cpp **** void speed_callback(const void * msgin);
 162:Core/Src/freertos.cpp **** void steer_callback(const void * msgin);
 163:Core/Src/freertos.cpp **** void stop_callback(const void * msgin);
 164:Core/Src/freertos.cpp **** void pos_callback(const void * msgin);
 165:Core/Src/freertos.cpp **** void checkEmergencyBrakeArena__callback(const void * msgin);
 166:Core/Src/freertos.cpp **** void leds_callback(const void * msgin);
 167:Core/Src/freertos.cpp **** 
 168:Core/Src/freertos.cpp **** void stop(float angle);
 169:Core/Src/freertos.cpp **** void steer(float angle);
 170:Core/Src/freertos.cpp **** void speed(float vel);
 171:Core/Src/freertos.cpp **** void position(float dist);
 172:Core/Src/freertos.cpp **** void drive_pwm(float pwm_value);
 173:Core/Src/freertos.cpp **** 
 174:Core/Src/freertos.cpp **** bool isClose(double A, double B);
 175:Core/Src/freertos.cpp **** double last_diff=0.0;
 176:Core/Src/freertos.cpp **** 
 177:Core/Src/freertos.cpp **** float readADC(void);
 178:Core/Src/freertos.cpp **** 
 179:Core/Src/freertos.cpp **** /* USER CODE END FunctionPrototypes */
 180:Core/Src/freertos.cpp **** 
 181:Core/Src/freertos.cpp **** void StartDefaultTask(void *argument);
 182:Core/Src/freertos.cpp **** 
 183:Core/Src/freertos.cpp **** void MX_FREERTOS_Init(void); /* (MISRA C 2004 rule 8.1) */
 184:Core/Src/freertos.cpp **** 
 185:Core/Src/freertos.cpp **** 
 186:Core/Src/freertos.cpp **** /**
 187:Core/Src/freertos.cpp ****   * @brief  FreeRTOS initialization
 188:Core/Src/freertos.cpp ****   * @param  None
 189:Core/Src/freertos.cpp ****   * @retval None
 190:Core/Src/freertos.cpp ****   */
 191:Core/Src/freertos.cpp **** void MX_FREERTOS_Init(void) {
 192:Core/Src/freertos.cpp ****   /* USER CODE BEGIN Init */
 193:Core/Src/freertos.cpp **** 
 194:Core/Src/freertos.cpp ****   /* USER CODE END Init */
 195:Core/Src/freertos.cpp **** 
 196:Core/Src/freertos.cpp ****   /* USER CODE BEGIN RTOS_MUTEX */
 197:Core/Src/freertos.cpp ****   /* add mutexes, ... */
 198:Core/Src/freertos.cpp ****   /* USER CODE END RTOS_MUTEX */
 199:Core/Src/freertos.cpp **** 
ARM GAS  /tmp/cczGdM5e.s 			page 5


 200:Core/Src/freertos.cpp ****   /* USER CODE BEGIN RTOS_SEMAPHORES */
 201:Core/Src/freertos.cpp ****   /* add semaphores, ... */
 202:Core/Src/freertos.cpp ****   /* USER CODE END RTOS_SEMAPHORES */
 203:Core/Src/freertos.cpp **** 
 204:Core/Src/freertos.cpp ****   /* USER CODE BEGIN RTOS_TIMERS */
 205:Core/Src/freertos.cpp ****   /* start timers, add new ones, ... */
 206:Core/Src/freertos.cpp ****   /* USER CODE END RTOS_TIMERS */
 207:Core/Src/freertos.cpp **** 
 208:Core/Src/freertos.cpp ****   /* USER CODE BEGIN RTOS_QUEUES */
 209:Core/Src/freertos.cpp ****   /* add queues, ... */
 210:Core/Src/freertos.cpp ****   /* USER CODE END RTOS_QUEUES */
 211:Core/Src/freertos.cpp **** 
 212:Core/Src/freertos.cpp ****   /* Create the thread(s) */
 213:Core/Src/freertos.cpp ****   /* creation of defaultTask */
 214:Core/Src/freertos.cpp ****   defaultTaskHandle = osThreadNew(StartDefaultTask, NULL, &defaultTask_attributes);
 215:Core/Src/freertos.cpp **** 
 216:Core/Src/freertos.cpp ****   if (defaultTaskHandle == NULL)
 217:Core/Src/freertos.cpp ****   {
 218:Core/Src/freertos.cpp ****       Error_Handler();
 219:Core/Src/freertos.cpp ****   }
 220:Core/Src/freertos.cpp **** 
 221:Core/Src/freertos.cpp ****   /* USER CODE BEGIN RTOS_THREADS */
 222:Core/Src/freertos.cpp ****   /* add threads, ... */
 223:Core/Src/freertos.cpp ****   /* USER CODE END RTOS_THREADS */
 224:Core/Src/freertos.cpp **** 
 225:Core/Src/freertos.cpp ****   /* USER CODE BEGIN RTOS_EVENTS */
 226:Core/Src/freertos.cpp ****   /* add events, ... */
 227:Core/Src/freertos.cpp ****   /* USER CODE END RTOS_EVENTS */
 228:Core/Src/freertos.cpp **** 
 229:Core/Src/freertos.cpp **** }
 230:Core/Src/freertos.cpp **** 
 231:Core/Src/freertos.cpp **** /* USER CODE BEGIN Header_StartDefaultTask */
 232:Core/Src/freertos.cpp **** /**
 233:Core/Src/freertos.cpp ****   * @brief  Function implementing the defaultTask thread.
 234:Core/Src/freertos.cpp ****   * @param  argument: Not used
 235:Core/Src/freertos.cpp ****   * @retval None
 236:Core/Src/freertos.cpp ****   */
 237:Core/Src/freertos.cpp **** /* USER CODE END Header_StartDefaultTask */
 238:Core/Src/freertos.cpp **** void StartDefaultTask(void *argument)
 239:Core/Src/freertos.cpp **** {
 240:Core/Src/freertos.cpp ****   /* USER CODE BEGIN StartDefaultTask */
 241:Core/Src/freertos.cpp ****   /* Infinite loop */
 242:Core/Src/freertos.cpp ****   /* USER CODE BEGIN 5 */
 243:Core/Src/freertos.cpp ****   // micro-ROS configuration
 244:Core/Src/freertos.cpp **** 
 245:Core/Src/freertos.cpp ****   rmw_uros_set_custom_transport(
 246:Core/Src/freertos.cpp ****     true,
 247:Core/Src/freertos.cpp ****     (void *) &huart2,
 248:Core/Src/freertos.cpp ****     cubemx_transport_open,
 249:Core/Src/freertos.cpp ****     cubemx_transport_close,
 250:Core/Src/freertos.cpp ****     cubemx_transport_write,
 251:Core/Src/freertos.cpp ****     cubemx_transport_read);
 252:Core/Src/freertos.cpp **** 
 253:Core/Src/freertos.cpp **** 
 254:Core/Src/freertos.cpp ****   rcl_allocator_t freeRTOS_allocator = rcutils_get_zero_initialized_allocator();
 255:Core/Src/freertos.cpp ****   freeRTOS_allocator.allocate = microros_allocate;
 256:Core/Src/freertos.cpp ****   freeRTOS_allocator.deallocate = microros_deallocate;
ARM GAS  /tmp/cczGdM5e.s 			page 6


 257:Core/Src/freertos.cpp ****   freeRTOS_allocator.reallocate = microros_reallocate;
 258:Core/Src/freertos.cpp ****   freeRTOS_allocator.zero_allocate =  microros_zero_allocate;
 259:Core/Src/freertos.cpp **** 
 260:Core/Src/freertos.cpp ****   if (!rcutils_set_default_allocator(&freeRTOS_allocator)) {
 261:Core/Src/freertos.cpp ****       //printf("Error on default allocators (line %d)\n", __LINE__);
 262:Core/Src/freertos.cpp ****   }
 263:Core/Src/freertos.cpp **** 
 264:Core/Src/freertos.cpp **** 
 265:Core/Src/freertos.cpp ****   // micro-ROS app
 266:Core/Src/freertos.cpp ****   rclc_support_t support;
 267:Core/Src/freertos.cpp ****   rcl_allocator_t allocator;
 268:Core/Src/freertos.cpp ****   rcl_node_t node;
 269:Core/Src/freertos.cpp ****   rclc_executor_t executor;
 270:Core/Src/freertos.cpp **** 
 271:Core/Src/freertos.cpp ****   rcl_publisher_t carSpeed_pub;
 272:Core/Src/freertos.cpp ****   rcl_publisher_t globalDistance_pub;
 273:Core/Src/freertos.cpp ****   rcl_publisher_t acceleration_pub;
 274:Core/Src/freertos.cpp ****   rcl_publisher_t posFeedback_pub;
 275:Core/Src/freertos.cpp ****   rcl_publisher_t tof_front_pub;
 276:Core/Src/freertos.cpp ****   rcl_publisher_t tof_left_pub;
 277:Core/Src/freertos.cpp ****   rcl_publisher_t tof_right_pub;
 278:Core/Src/freertos.cpp ****   rcl_publisher_t tof_back_pub;
 279:Core/Src/freertos.cpp **** 
 280:Core/Src/freertos.cpp ****   // micro-ROS Subscriber handles
 281:Core/Src/freertos.cpp ****   rcl_subscription_t speed_sub;
 282:Core/Src/freertos.cpp ****   rcl_subscription_t steer_sub;
 283:Core/Src/freertos.cpp ****   rcl_subscription_t pos_sub;
 284:Core/Src/freertos.cpp ****   rcl_subscription_t stop_sub;
 285:Core/Src/freertos.cpp **** 
 286:Core/Src/freertos.cpp **** //  rcl_subscription_t checkEmergencyBrakeArena_sub;
 287:Core/Src/freertos.cpp ****   rcl_subscription_t leds_sub;
 288:Core/Src/freertos.cpp **** 
 289:Core/Src/freertos.cpp ****   std_msgs__msg__Float32 speed_msg_in;
 290:Core/Src/freertos.cpp ****   std_msgs__msg__Float32 steer_msg_in;
 291:Core/Src/freertos.cpp ****   std_msgs__msg__Float32 pos_msg_in;
 292:Core/Src/freertos.cpp ****   std_msgs__msg__Float32 stop_msg_in;
 293:Core/Src/freertos.cpp **** 
 294:Core/Src/freertos.cpp ****   //std_msgs__msg__Bool checkEmergencyBrakeArena_msg_in;
 295:Core/Src/freertos.cpp ****   std_msgs__msg__Bool leds_msg_in;
 296:Core/Src/freertos.cpp **** 
 297:Core/Src/freertos.cpp ****   std_msgs__msg__Float32 carSpeed_msg_out;
 298:Core/Src/freertos.cpp ****   std_msgs__msg__Float32 dist_msg_out;
 299:Core/Src/freertos.cpp ****   std_msgs__msg__Float32 accel_msg_out;
 300:Core/Src/freertos.cpp ****   std_msgs__msg__Bool posFeedback_msg_out;
 301:Core/Src/freertos.cpp ****   std_msgs__msg__UInt8 tof_front_msg_out;
 302:Core/Src/freertos.cpp ****   std_msgs__msg__UInt8 tof_left_msg_out;
 303:Core/Src/freertos.cpp ****   std_msgs__msg__UInt8 tof_right_msg_out;
 304:Core/Src/freertos.cpp ****   std_msgs__msg__UInt8 tof_back_msg_out;
 305:Core/Src/freertos.cpp **** 
 306:Core/Src/freertos.cpp ****   allocator = rcl_get_default_allocator();
 307:Core/Src/freertos.cpp **** 
 308:Core/Src/freertos.cpp ****   //create init_options
 309:Core/Src/freertos.cpp ****   rclc_support_init(&support, 0, NULL, &allocator);
 310:Core/Src/freertos.cpp **** 
 311:Core/Src/freertos.cpp ****   // create automobile node
 312:Core/Src/freertos.cpp ****   rclc_node_init_default(&node, "automobile_node", "", &support);
 313:Core/Src/freertos.cpp **** 
ARM GAS  /tmp/cczGdM5e.s 			page 7


 314:Core/Src/freertos.cpp ****   // create publishers
 315:Core/Src/freertos.cpp ****   rclc_publisher_init_default(&carSpeed_pub, &node,
 316:Core/Src/freertos.cpp ****       ROSIDL_GET_MSG_TYPE_SUPPORT(std_msgs, msg, Float32), "automobile/encoder/speed");
 317:Core/Src/freertos.cpp ****   rclc_publisher_init_default(&globalDistance_pub, &node,
 318:Core/Src/freertos.cpp ****       ROSIDL_GET_MSG_TYPE_SUPPORT(std_msgs, msg, Float32), "automobile/encoder/distance");
 319:Core/Src/freertos.cpp ****   rclc_publisher_init_default(&posFeedback_pub, &node,
 320:Core/Src/freertos.cpp ****           ROSIDL_GET_MSG_TYPE_SUPPORT(std_msgs, msg, Bool), "automobile/feedback/position");
 321:Core/Src/freertos.cpp ****   rclc_publisher_init_default(&tof_front_pub, &node,
 322:Core/Src/freertos.cpp ****             ROSIDL_GET_MSG_TYPE_SUPPORT(std_msgs, msg, UInt8), "automobile/tof/front");
 323:Core/Src/freertos.cpp ****   rclc_publisher_init_default(&tof_left_pub, &node,
 324:Core/Src/freertos.cpp ****             ROSIDL_GET_MSG_TYPE_SUPPORT(std_msgs, msg, UInt8), "automobile/tof/left");
 325:Core/Src/freertos.cpp ****   rclc_publisher_init_default(&tof_right_pub, &node,
 326:Core/Src/freertos.cpp ****             ROSIDL_GET_MSG_TYPE_SUPPORT(std_msgs, msg, UInt8), "automobile/tof/right");
 327:Core/Src/freertos.cpp ****   rclc_publisher_init_default(&tof_back_pub, &node,
 328:Core/Src/freertos.cpp ****             ROSIDL_GET_MSG_TYPE_SUPPORT(std_msgs, msg, UInt8), "automobile/tof/back");
 329:Core/Src/freertos.cpp ****   rclc_publisher_init_default(&acceleration_pub,&node,
 330:Core/Src/freertos.cpp ****       ROSIDL_GET_MSG_TYPE_SUPPORT(std_msgs, msg, Float32),"automobile/encoder/acceleration");
 331:Core/Src/freertos.cpp **** 
 332:Core/Src/freertos.cpp ****   // create subscribers
 333:Core/Src/freertos.cpp ****   rclc_subscription_init_default(&speed_sub, &node,
 334:Core/Src/freertos.cpp ****       ROSIDL_GET_MSG_TYPE_SUPPORT(std_msgs, msg, Float32), "automobile/command/speed");
 335:Core/Src/freertos.cpp ****   rclc_subscription_init_default(&steer_sub, &node,
 336:Core/Src/freertos.cpp ****       ROSIDL_GET_MSG_TYPE_SUPPORT(std_msgs, msg, Float32), "automobile/command/steer");
 337:Core/Src/freertos.cpp ****   rclc_subscription_init_default(&pos_sub, &node,
 338:Core/Src/freertos.cpp ****        ROSIDL_GET_MSG_TYPE_SUPPORT(std_msgs, msg, Float32), "automobile/command/position");
 339:Core/Src/freertos.cpp ****   rclc_subscription_init_default(&stop_sub, &node,
 340:Core/Src/freertos.cpp ****        ROSIDL_GET_MSG_TYPE_SUPPORT(std_msgs, msg, Float32), "automobile/command/stop");
 341:Core/Src/freertos.cpp ****   //rclc_subscription_init_default(&checkEmergencyBrakeArena_sub, &node,
 342:Core/Src/freertos.cpp ****     //   ROSIDL_GET_MSG_TYPE_SUPPORT(std_msgs, msg, Bool), "automobile/arena");
 343:Core/Src/freertos.cpp ****   rclc_subscription_init_default(&leds_sub, &node,
 344:Core/Src/freertos.cpp ****        ROSIDL_GET_MSG_TYPE_SUPPORT(std_msgs, msg, Bool), "automobile/led");
 345:Core/Src/freertos.cpp **** 
 346:Core/Src/freertos.cpp ****   rclc_executor_init(&executor, &support.context, 5, &allocator);
 347:Core/Src/freertos.cpp **** 
 348:Core/Src/freertos.cpp ****   rclc_executor_add_subscription(&executor, &speed_sub, &speed_msg_in, &speed_callback, ON_NEW_DATA
 349:Core/Src/freertos.cpp ****   rclc_executor_add_subscription(&executor, &steer_sub, &steer_msg_in, &steer_callback, ON_NEW_DATA
 350:Core/Src/freertos.cpp ****   rclc_executor_add_subscription(&executor, &pos_sub, &pos_msg_in, &pos_callback, ON_NEW_DATA);
 351:Core/Src/freertos.cpp ****   rclc_executor_add_subscription(&executor, &stop_sub, &stop_msg_in, &stop_callback, ON_NEW_DATA);
 352:Core/Src/freertos.cpp ****   //rclc_executor_add_subscription(&executor, &checkEmergencyBrakeArena_sub, &checkEmergencyBrakeAr
 353:Core/Src/freertos.cpp ****   rclc_executor_add_subscription(&executor, &leds_sub, &leds_msg_in, &leds_callback, ON_NEW_DATA);
 354:Core/Src/freertos.cpp **** 
 355:Core/Src/freertos.cpp ****   // Initialize the actual message structures, not the handles
 356:Core/Src/freertos.cpp ****   std_msgs__msg__Float32__init(&speed_msg_in);
 357:Core/Src/freertos.cpp ****   std_msgs__msg__Float32__init(&steer_msg_in);
 358:Core/Src/freertos.cpp ****   std_msgs__msg__Float32__init(&pos_msg_in);
 359:Core/Src/freertos.cpp ****   std_msgs__msg__Float32__init(&stop_msg_in);
 360:Core/Src/freertos.cpp ****   //std_msgs__msg__Bool__init(&checkEmergencyBrakeArena_msg_in);
 361:Core/Src/freertos.cpp ****   std_msgs__msg__Bool__init(&leds_msg_in);
 362:Core/Src/freertos.cpp **** 
 363:Core/Src/freertos.cpp ****   SpeedController.SetMode(_PID_MODE_AUTOMATIC);// AUTOMATIC MODE
 364:Core/Src/freertos.cpp ****   SpeedController.SetOutputLimits(-0.009, 0.0119);// PWM Output limits
 365:Core/Src/freertos.cpp ****   SpeedController.SetSampleTime(samplingPID);// set sample time in [ms]
 366:Core/Src/freertos.cpp ****   SpeedController.EnableProportionalFilter(true);
 367:Core/Src/freertos.cpp ****   SpeedController.UseIFilter(true);
 368:Core/Src/freertos.cpp ****   //SpeedController.SetProportionalFilterWindow(0);
 369:Core/Src/freertos.cpp **** 
 370:Core/Src/freertos.cpp ****   // Set PID POSITION controller parameters
ARM GAS  /tmp/cczGdM5e.s 			page 8


 371:Core/Src/freertos.cpp ****   PositionController.SetMode(_PID_MODE_AUTOMATIC);// AUTOMATIC MODE
 372:Core/Src/freertos.cpp ****   PositionController.SetOutputLimits(-0.2, 0.2);// Speed Output limits [m/s]
 373:Core/Src/freertos.cpp ****   PositionController.SetSampleTime(samplingPID);// set sample time in [ms]
 374:Core/Src/freertos.cpp ****   PositionController.EnableProportionalFilter(false);
 375:Core/Src/freertos.cpp **** 
 376:Core/Src/freertos.cpp **** 
 377:Core/Src/freertos.cpp **** //  TOF_Init();
 378:Core/Src/freertos.cpp ****   tof_status_debug = TOF_Init();
 379:Core/Src/freertos.cpp ****   tof_addr_mask_debug = TOF_GetAddressMask();
 380:Core/Src/freertos.cpp **** 
 381:Core/Src/freertos.cpp **** 
 382:Core/Src/freertos.cpp ****   // 1. Overwrite the bad CubeMX settings
 383:Core/Src/freertos.cpp ****   TIM2->ARR = 39999;
 384:Core/Src/freertos.cpp ****   TIM2->PSC = 41;
 385:Core/Src/freertos.cpp ****   TIM2->EGR = TIM_EGR_UG; // Update registers
 386:Core/Src/freertos.cpp **** 
 387:Core/Src/freertos.cpp ****   HAL_TIM_PWM_Start(&htim2, TIM_CHANNEL_3); // DC MOTOR PWM
 388:Core/Src/freertos.cpp ****   HAL_TIM_PWM_Start(&htim2, TIM_CHANNEL_1); // SERVO PWM
 389:Core/Src/freertos.cpp ****   HAL_TIM_Base_Start(&htim4); // LED and SPEAKERS
 390:Core/Src/freertos.cpp ****   Encoder_Init(&htim3);
 391:Core/Src/freertos.cpp ****   HAL_TIM_Base_Start_IT(&htim11); // PID SPEED CONTROL
 392:Core/Src/freertos.cpp ****   HAL_TIM_Base_Start_IT(&htim10); // PUBLISH TIMER
 393:Core/Src/freertos.cpp **** 
 394:Core/Src/freertos.cpp **** 
 395:Core/Src/freertos.cpp ****   speedTarget = 0.0;
 396:Core/Src/freertos.cpp ****   speedRef 	= 0.0;
 397:Core/Src/freertos.cpp ****   steerRef 	= 0.0;
 398:Core/Src/freertos.cpp ****   //added
 399:Core/Src/freertos.cpp ****   steer(0);
 400:Core/Src/freertos.cpp ****   drive_pwm(0);
 401:Core/Src/freertos.cpp **** 
 402:Core/Src/freertos.cpp **** 
 403:Core/Src/freertos.cpp ****   for(;;)
 404:Core/Src/freertos.cpp ****   {
 405:Core/Src/freertos.cpp **** 	  rcl_ret_t ret = rclc_executor_spin_some(&executor, RCL_MS_TO_NS(10));
 406:Core/Src/freertos.cpp **** 
 407:Core/Src/freertos.cpp **** 	      if (ret == RCL_RET_OK) {
 408:Core/Src/freertos.cpp **** 
 409:Core/Src/freertos.cpp **** 	          if (pub_flag) {
 410:Core/Src/freertos.cpp **** 
 411:Core/Src/freertos.cpp **** 	        	  static uint8_t tof_counter = 0;
 412:Core/Src/freertos.cpp **** 
 413:Core/Src/freertos.cpp **** 	        	  tof_counter++;
 414:Core/Src/freertos.cpp **** 
 415:Core/Src/freertos.cpp **** 	        	  if (tof_counter >= 10)   // 100 ms if htim10 is 10 ms
 416:Core/Src/freertos.cpp **** 	        	  {
 417:Core/Src/freertos.cpp **** 	        	      tof_counter = 0;
 418:Core/Src/freertos.cpp **** 
 419:Core/Src/freertos.cpp **** 	        	      TOF_ReadAll(tof_distances);
 420:Core/Src/freertos.cpp **** 
 421:Core/Src/freertos.cpp **** 	        	      tof_addr_mask_debug = TOF_GetAddressMask();
 422:Core/Src/freertos.cpp **** 
 423:Core/Src/freertos.cpp **** 	        	      tof_range_status_debug[0] = TOF_GetLastRangeStatus(0);
 424:Core/Src/freertos.cpp **** 	        	      tof_range_status_debug[1] = TOF_GetLastRangeStatus(1);
 425:Core/Src/freertos.cpp **** 	        	      tof_range_status_debug[2] = TOF_GetLastRangeStatus(2);
 426:Core/Src/freertos.cpp **** 	        	      tof_range_status_debug[3] = TOF_GetLastRangeStatus(3);
 427:Core/Src/freertos.cpp **** 	        	  }
ARM GAS  /tmp/cczGdM5e.s 			page 9


 428:Core/Src/freertos.cpp **** 
 429:Core/Src/freertos.cpp **** 	        	  carSpeed_msg_out.data = (float)carSpeedfiltered;
 430:Core/Src/freertos.cpp **** 				  rcl_publish(&carSpeed_pub, &carSpeed_msg_out, NULL);
 431:Core/Src/freertos.cpp **** 
 432:Core/Src/freertos.cpp **** 				  // Distance
 433:Core/Src/freertos.cpp **** 				  dist_msg_out.data = (float)globalDistance;
 434:Core/Src/freertos.cpp **** 				  rcl_publish(&globalDistance_pub, &dist_msg_out, NULL);
 435:Core/Src/freertos.cpp **** 
 436:Core/Src/freertos.cpp **** 				  accel_msg_out.data = (float)encoderAcceleration;;
 437:Core/Src/freertos.cpp **** 				  rcl_publish(&acceleration_pub, &accel_msg_out, NULL);
 438:Core/Src/freertos.cpp **** 
 439:Core/Src/freertos.cpp **** 				  if (reachedPosition && !posAckDone) {
 440:Core/Src/freertos.cpp **** 					  posFeedback_msg_out.data = true;
 441:Core/Src/freertos.cpp **** 					  rcl_publish(&posFeedback_pub, &posFeedback_msg_out, NULL);
 442:Core/Src/freertos.cpp **** 					  posAckDone = true;
 443:Core/Src/freertos.cpp **** 				  }
 444:Core/Src/freertos.cpp **** 
 445:Core/Src/freertos.cpp **** 
 446:Core/Src/freertos.cpp **** 				  tof_front_msg_out.data = tof_distances[0];
 447:Core/Src/freertos.cpp **** 				  rcl_publish(&tof_front_pub, &tof_front_msg_out, NULL);
 448:Core/Src/freertos.cpp **** 
 449:Core/Src/freertos.cpp **** 				  tof_left_msg_out.data = tof_distances[1];
 450:Core/Src/freertos.cpp **** 				  rcl_publish(&tof_left_pub, &tof_left_msg_out, NULL);
 451:Core/Src/freertos.cpp **** 
 452:Core/Src/freertos.cpp **** 				  tof_right_msg_out.data = tof_distances[2];
 453:Core/Src/freertos.cpp **** 				  rcl_publish(&tof_right_pub, &tof_right_msg_out, NULL);
 454:Core/Src/freertos.cpp **** 
 455:Core/Src/freertos.cpp **** 				  tof_back_msg_out.data = tof_distances[3];
 456:Core/Src/freertos.cpp **** 				  rcl_publish(&tof_back_pub, &tof_back_msg_out, NULL);
 457:Core/Src/freertos.cpp **** 
 458:Core/Src/freertos.cpp **** 				  // Reset the flag (set by your 10ms Timer Interrupt)
 459:Core/Src/freertos.cpp **** 				  pub_flag = false;
 460:Core/Src/freertos.cpp **** 
 461:Core/Src/freertos.cpp **** 	          }
 462:Core/Src/freertos.cpp **** 	      }
 463:Core/Src/freertos.cpp **** 
 464:Core/Src/freertos.cpp **** 	  osDelay(1);
 465:Core/Src/freertos.cpp ****   }
 466:Core/Src/freertos.cpp ****   /* USER CODE END StartDefaultTask */
 467:Core/Src/freertos.cpp **** }
 468:Core/Src/freertos.cpp **** 
 469:Core/Src/freertos.cpp **** 
 470:Core/Src/freertos.cpp **** /* Private application code --------------------------------------------------*/
 471:Core/Src/freertos.cpp **** /* USER CODE BEGIN Application */
 472:Core/Src/freertos.cpp **** 
 473:Core/Src/freertos.cpp **** 
 474:Core/Src/freertos.cpp **** 
 475:Core/Src/freertos.cpp **** void speed_callback(const void * msgin) {
 476:Core/Src/freertos.cpp ****     const std_msgs__msg__Float32 * msg = (const std_msgs__msg__Float32 *)msgin;
 477:Core/Src/freertos.cpp ****     speed(msg->data); // Your existing speed() function
 478:Core/Src/freertos.cpp **** }
 479:Core/Src/freertos.cpp **** 
 480:Core/Src/freertos.cpp **** void steer_callback(const void * msgin) {
 481:Core/Src/freertos.cpp ****     const std_msgs__msg__Float32 * msg = (const std_msgs__msg__Float32 *)msgin;
 482:Core/Src/freertos.cpp ****     steer(msg->data); // Your existing steer() function
 483:Core/Src/freertos.cpp **** }
 484:Core/Src/freertos.cpp **** 
ARM GAS  /tmp/cczGdM5e.s 			page 10


 485:Core/Src/freertos.cpp **** void pos_callback(const void * msgin) {
 486:Core/Src/freertos.cpp ****     const std_msgs__msg__Float32 * msg = (const std_msgs__msg__Float32 *)msgin;
 487:Core/Src/freertos.cpp ****     position(msg->data); // Your existing position() function
 488:Core/Src/freertos.cpp **** }
 489:Core/Src/freertos.cpp **** 
 490:Core/Src/freertos.cpp **** void stop_callback(const void * msgin) {
 491:Core/Src/freertos.cpp ****     const std_msgs__msg__Float32 * msg = (const std_msgs__msg__Float32 *)msgin;
 492:Core/Src/freertos.cpp ****     stop(msg->data); // stop existing speed() function
 493:Core/Src/freertos.cpp **** }
 494:Core/Src/freertos.cpp **** 
 495:Core/Src/freertos.cpp **** void checkEmergencyBrakeArena__callback(const void * msgin) {
 496:Core/Src/freertos.cpp ****     const std_msgs__msg__Bool * msg = (const std_msgs__msg__Bool *)msgin;
 497:Core/Src/freertos.cpp ****     checkEmergencyBrakeArena = msg->data;
 498:Core/Src/freertos.cpp **** }
 499:Core/Src/freertos.cpp **** 
 500:Core/Src/freertos.cpp **** void leds_callback(const void * msgin) {
  31              		.loc 1 500 40 view -0
  32              		.cfi_startproc
  33              		@ args = 0, pretend = 0, frame = 0
  34              		@ frame_needed = 0, uses_anonymous_args = 0
  35              		.loc 1 500 40 is_stmt 0 view .LVU1
  36 0000 08B5     		push	{r3, lr}
  37              		.save {r3, lr}
  38              	.LCFI0:
  39              		.cfi_def_cfa_offset 8
  40              		.cfi_offset 3, -8
  41              		.cfi_offset 14, -4
 501:Core/Src/freertos.cpp ****     const std_msgs__msg__Bool * msg = (const std_msgs__msg__Bool *)msgin;
  42              		.loc 1 501 5 is_stmt 1 view .LVU2
  43              	.LVL1:
 502:Core/Src/freertos.cpp ****     flagLed = msg->data;
  44              		.loc 1 502 5 view .LVU3
  45              		.loc 1 502 20 is_stmt 0 view .LVU4
  46 0002 0378     		ldrb	r3, [r0]	@ zero_extendqisi2
  47              		.loc 1 502 13 view .LVU5
  48 0004 074A     		ldr	r2, .L5
  49 0006 1370     		strb	r3, [r2]
 503:Core/Src/freertos.cpp ****     	// turn on/off leds
 504:Core/Src/freertos.cpp ****     	if (flagLed) {
  50              		.loc 1 504 6 is_stmt 1 view .LVU6
  51 0008 2BB1     		cbz	r3, .L2
 505:Core/Src/freertos.cpp ****     		HAL_GPIO_WritePin(GPIOA, GPIO_PIN_5, GPIO_PIN_SET);
  52              		.loc 1 505 7 view .LVU7
  53              		.loc 1 505 24 is_stmt 0 view .LVU8
  54 000a 0122     		movs	r2, #1
  55 000c 2021     		movs	r1, #32
  56 000e 0648     		ldr	r0, .L5+4
  57              	.LVL2:
  58              		.loc 1 505 24 view .LVU9
  59 0010 FFF7FEFF 		bl	HAL_GPIO_WritePin
  60              	.LVL3:
  61              	.L1:
 506:Core/Src/freertos.cpp ****     	} else {
 507:Core/Src/freertos.cpp ****     		HAL_GPIO_WritePin(GPIOA, GPIO_PIN_5, GPIO_PIN_RESET);
 508:Core/Src/freertos.cpp ****     	}
 509:Core/Src/freertos.cpp ****     }
  62              		.loc 1 509 5 view .LVU10
ARM GAS  /tmp/cczGdM5e.s 			page 11


  63 0014 08BD     		pop	{r3, pc}
  64              	.LVL4:
  65              	.L2:
 507:Core/Src/freertos.cpp ****     	}
  66              		.loc 1 507 7 is_stmt 1 view .LVU11
 507:Core/Src/freertos.cpp ****     	}
  67              		.loc 1 507 24 is_stmt 0 view .LVU12
  68 0016 0022     		movs	r2, #0
  69 0018 2021     		movs	r1, #32
  70 001a 0348     		ldr	r0, .L5+4
  71              	.LVL5:
 507:Core/Src/freertos.cpp ****     	}
  72              		.loc 1 507 24 view .LVU13
  73 001c FFF7FEFF 		bl	HAL_GPIO_WritePin
  74              	.LVL6:
  75              		.loc 1 509 5 view .LVU14
  76 0020 F8E7     		b	.L1
  77              	.L6:
  78 0022 00BF     		.align	2
  79              	.L5:
  80 0024 00000000 		.word	flagLed
  81 0028 00000240 		.word	1073872896
  82              		.cfi_endproc
  83              	.LFE1168:
  84              		.fnend
  86              		.section	.text._Z41__static_initialization_and_destruction_0v,"ax",%progbits
  87              		.align	1
  88              		.syntax unified
  89              		.thumb
  90              		.thumb_func
  92              	_Z41__static_initialization_and_destruction_0v:
  93              		.fnstart
  94              	.LFB1292:
 510:Core/Src/freertos.cpp **** 
 511:Core/Src/freertos.cpp **** 
 512:Core/Src/freertos.cpp **** 
 513:Core/Src/freertos.cpp **** 
 514:Core/Src/freertos.cpp **** void stop(float angle){
 515:Core/Src/freertos.cpp **** 	// ---------- STATE ----------
 516:Core/Src/freertos.cpp **** 	isPositionControl 	= false;
 517:Core/Src/freertos.cpp **** 	isSpeedControl 		= false;
 518:Core/Src/freertos.cpp **** 
 519:Core/Src/freertos.cpp **** 	// ---------- STOP references ----------
 520:Core/Src/freertos.cpp **** 	speedTarget = 0.0;
 521:Core/Src/freertos.cpp **** 	speedTargetPos = 0.0;
 522:Core/Src/freertos.cpp **** 	speedRef = 0.0;
 523:Core/Src/freertos.cpp **** 
 524:Core/Src/freertos.cpp **** 	// ---------- STOP ----------
 525:Core/Src/freertos.cpp **** 	motorPWM = 0.0;
 526:Core/Src/freertos.cpp **** 	steer(angle);
 527:Core/Src/freertos.cpp **** }
 528:Core/Src/freertos.cpp **** 
 529:Core/Src/freertos.cpp **** void speed(float vel){
 530:Core/Src/freertos.cpp **** 	// ---------- SPEED references ----------
 531:Core/Src/freertos.cpp **** 	if(vel > MAX_FORWARD_SPEED){
 532:Core/Src/freertos.cpp **** 		speedTarget = MAX_FORWARD_SPEED;
 533:Core/Src/freertos.cpp **** 	}
ARM GAS  /tmp/cczGdM5e.s 			page 12


 534:Core/Src/freertos.cpp **** 	else if (vel < MAX_BACKWARD_SPEED){
 535:Core/Src/freertos.cpp **** 		speedTarget = MAX_BACKWARD_SPEED;
 536:Core/Src/freertos.cpp **** 	}
 537:Core/Src/freertos.cpp **** 	else{
 538:Core/Src/freertos.cpp **** 		speedTarget = vel;
 539:Core/Src/freertos.cpp **** 	}
 540:Core/Src/freertos.cpp **** 
 541:Core/Src/freertos.cpp **** 	// ---------- STATE ----------
 542:Core/Src/freertos.cpp **** 	isSpeedControl 		= true;
 543:Core/Src/freertos.cpp **** 	isPositionControl 	= false;
 544:Core/Src/freertos.cpp **** 
 545:Core/Src/freertos.cpp **** }
 546:Core/Src/freertos.cpp **** 
 547:Core/Src/freertos.cpp **** void steer(float angle){
 548:Core/Src/freertos.cpp **** 
 549:Core/Src/freertos.cpp **** 	// ---------- STEER references ----------
 550:Core/Src/freertos.cpp **** 	if(angle > MAX_STEERING_ANGLE){steerRef = MAX_STEERING_ANGLE;}
 551:Core/Src/freertos.cpp **** 	else if (angle < -MAX_STEERING_ANGLE){steerRef = -MAX_STEERING_ANGLE;}
 552:Core/Src/freertos.cpp **** 	else{steerRef = angle;}
 553:Core/Src/freertos.cpp **** 
 554:Core/Src/freertos.cpp **** 	// ---------- STEER ----------
 555:Core/Src/freertos.cpp **** 	servoPWM = STEER_DEG2PWM_RATIO * steerRef + STEER_DEG2PWM_OFFSET;			// [deg] -> [pwm]
 556:Core/Src/freertos.cpp **** 	__HAL_TIM_SET_COMPARE(&htim2, TIM_CHANNEL_1, servoPWM*SERVO_PWM_COUNT_MAX);	// set servo pwm
 557:Core/Src/freertos.cpp **** }
 558:Core/Src/freertos.cpp **** 
 559:Core/Src/freertos.cpp **** void position(float dist){
 560:Core/Src/freertos.cpp **** 	// ---------- POSITION references ----------
 561:Core/Src/freertos.cpp **** 	localDistanceOrigin = globalDistance;
 562:Core/Src/freertos.cpp **** 	localDistanceRef = dist;
 563:Core/Src/freertos.cpp **** 
 564:Core/Src/freertos.cpp **** 	// ---------- STATE ----------
 565:Core/Src/freertos.cpp **** 	isSpeedControl = true;
 566:Core/Src/freertos.cpp **** 	isPositionControl = true;
 567:Core/Src/freertos.cpp **** 	posAckDone = false;
 568:Core/Src/freertos.cpp **** 	reachedPosition = false;
 569:Core/Src/freertos.cpp **** }
 570:Core/Src/freertos.cpp **** 
 571:Core/Src/freertos.cpp **** void drive_pwm(float pwm_value){
 572:Core/Src/freertos.cpp **** 	// ---------- ACTUATION - SPEED ----------
 573:Core/Src/freertos.cpp **** 
 574:Core/Src/freertos.cpp **** 	// is on reverse
 575:Core/Src/freertos.cpp **** 	pwm_value = -pwm_value;
 576:Core/Src/freertos.cpp **** 
 577:Core/Src/freertos.cpp **** 	// Range pwm_value - values are calibrated to reach a max of 1.0 m/s forward and 0.5 backwards
 578:Core/Src/freertos.cpp **** 	if (pwm_value > 0.009f) pwm_value = 0.009f; 	//Backwards
 579:Core/Src/freertos.cpp **** 	if (pwm_value < -0.0119f) pwm_value = -0.0119f; //Forward
 580:Core/Src/freertos.cpp **** 
 581:Core/Src/freertos.cpp **** 	// considering the default zero speed is at 7.5568% duty cycle
 582:Core/Src/freertos.cpp **** 	float duty_cycle = (pwm_value + MOTOR_SPEED_OFFSET);
 583:Core/Src/freertos.cpp **** 
 584:Core/Src/freertos.cpp **** 	// Convert duty cycle to pulse width and set the PWM value
 585:Core/Src/freertos.cpp **** 	__HAL_TIM_SET_COMPARE(&htim2, TIM_CHANNEL_3, (uint32_t)(duty_cycle * MOT_PWM_COUNT_MAX));
 586:Core/Src/freertos.cpp **** }
 587:Core/Src/freertos.cpp **** 
 588:Core/Src/freertos.cpp **** bool isClose(double A, double B)
 589:Core/Src/freertos.cpp **** {
 590:Core/Src/freertos.cpp **** 	double diff = A - B;
ARM GAS  /tmp/cczGdM5e.s 			page 13


 591:Core/Src/freertos.cpp **** 	return (abs(diff) < 0.001) ;//&& (abs(last_diff-diff) < EPSILON_DIFF) ;
 592:Core/Src/freertos.cpp **** 	//last_diff = diff;
 593:Core/Src/freertos.cpp **** }
 594:Core/Src/freertos.cpp **** 
 595:Core/Src/freertos.cpp **** float readADC(void)
 596:Core/Src/freertos.cpp **** {
 597:Core/Src/freertos.cpp **** 	uint32_t  adc_value;
 598:Core/Src/freertos.cpp **** 	float scaled_value;
 599:Core/Src/freertos.cpp **** 
 600:Core/Src/freertos.cpp **** 	HAL_ADC_Start(&hadc1); // Start ADC conversion
 601:Core/Src/freertos.cpp **** 	if (HAL_ADC_PollForConversion(&hadc1, HAL_MAX_DELAY) == HAL_OK)
 602:Core/Src/freertos.cpp **** 	{ // Wait for conversion
 603:Core/Src/freertos.cpp **** 		adc_value = HAL_ADC_GetValue(&hadc1); // Read ADC value
 604:Core/Src/freertos.cpp **** 		scaled_value = (float)adc_value;// / 7358.54; // Scale ADC value
 605:Core/Src/freertos.cpp **** 	}
 606:Core/Src/freertos.cpp **** 	HAL_ADC_Stop(&hadc1); // Stop ADC conversion
 607:Core/Src/freertos.cpp **** 
 608:Core/Src/freertos.cpp **** 	return scaled_value;
 609:Core/Src/freertos.cpp **** }
 610:Core/Src/freertos.cpp **** 
 611:Core/Src/freertos.cpp **** void HAL_GPIO_EXTI_Callback(uint16_t GPIO_Pin){
 612:Core/Src/freertos.cpp **** 
 613:Core/Src/freertos.cpp **** 	// ---------- USER BUTTON EMERGENCY BRAKE (BLUE BUTTON)----------
 614:Core/Src/freertos.cpp **** 	if(GPIO_Pin == B1_Pin){
 615:Core/Src/freertos.cpp **** 
 616:Core/Src/freertos.cpp **** 		stop(0.0);
 617:Core/Src/freertos.cpp **** 
 618:Core/Src/freertos.cpp **** 	}
 619:Core/Src/freertos.cpp **** 
 620:Core/Src/freertos.cpp ****     if (GPIO_Pin == Encoder_Z_Pin)
 621:Core/Src/freertos.cpp ****     {
 622:Core/Src/freertos.cpp ****         Encoder_Z_ISR();
 623:Core/Src/freertos.cpp ****     }
 624:Core/Src/freertos.cpp **** }
 625:Core/Src/freertos.cpp **** 
 626:Core/Src/freertos.cpp **** void HAL_TIM_PeriodElapsedCallback(TIM_HandleTypeDef *htim)
 627:Core/Src/freertos.cpp **** {
 628:Core/Src/freertos.cpp ****   /* USER CODE BEGIN Callback 0 */
 629:Core/Src/freertos.cpp **** 
 630:Core/Src/freertos.cpp ****   /* USER CODE END Callback 0 */
 631:Core/Src/freertos.cpp ****   if (htim->Instance == TIM1)
 632:Core/Src/freertos.cpp ****   {
 633:Core/Src/freertos.cpp ****     HAL_IncTick();
 634:Core/Src/freertos.cpp ****   }
 635:Core/Src/freertos.cpp ****   /* USER CODE BEGIN Callback 1 */
 636:Core/Src/freertos.cpp **** 	if(htim == &htim11){  //every 1ms, PSC = 83, ARR = 999, f_tim = 84MHz -> (ARR+1*PSC)/f_TIM = 0.001
 637:Core/Src/freertos.cpp **** 
 638:Core/Src/freertos.cpp **** 		Encoder_Update_ISR();
 639:Core/Src/freertos.cpp **** 
 640:Core/Src/freertos.cpp **** 		Encoder_State_t enc = Encoder_GetState();
 641:Core/Src/freertos.cpp **** 
 642:Core/Src/freertos.cpp **** 		encoderCount = enc.delta_counts;
 643:Core/Src/freertos.cpp **** 		encoderTotal = enc.total_counts_corrected;
 644:Core/Src/freertos.cpp **** 
 645:Core/Src/freertos.cpp **** 		carSpeed = enc.velocity_mps;
 646:Core/Src/freertos.cpp **** 		carSpeedfiltered = enc.velocity_mps_filtered;
 647:Core/Src/freertos.cpp **** 		globalDistance = enc.distance_m_filtered;
ARM GAS  /tmp/cczGdM5e.s 			page 14


 648:Core/Src/freertos.cpp **** 		encoderAcceleration = enc.acceleration_mps2;
 649:Core/Src/freertos.cpp **** 		localDistance = globalDistance - localDistanceOrigin;
 650:Core/Src/freertos.cpp **** 
 651:Core/Src/freertos.cpp **** 
 652:Core/Src/freertos.cpp **** 		if (tof_distances[0] > 5 && tof_distances[0] < 80){
 653:Core/Src/freertos.cpp **** 			inRangeForEmergencyBrakeArena = true;
 654:Core/Src/freertos.cpp **** 		}
 655:Core/Src/freertos.cpp **** 		if (inRangeForEmergencyBrakeArena == true && tof_distances[0] > 100){
 656:Core/Src/freertos.cpp **** 			inRangeForEmergencyBrakeArena = false;
 657:Core/Src/freertos.cpp **** 		}
 658:Core/Src/freertos.cpp **** 
 659:Core/Src/freertos.cpp **** 		if (!checkEmergencyBrakeArena || !inRangeForEmergencyBrakeArena){
 660:Core/Src/freertos.cpp **** 
 661:Core/Src/freertos.cpp **** 			// ---------- DOUBLE LOOP CONTROL ----------
 662:Core/Src/freertos.cpp **** 			// ---------- OUTER LOOP: POSITION CONTROL - PID ----------
 663:Core/Src/freertos.cpp **** 			if(isPositionControl){
 664:Core/Src/freertos.cpp **** 
 665:Core/Src/freertos.cpp **** 				if(isClose(localDistance, localDistanceRef) &&  !posAckDone){
 666:Core/Src/freertos.cpp **** 					reachedPosition = true;
 667:Core/Src/freertos.cpp **** 					speedTarget = 0.0;
 668:Core/Src/freertos.cpp **** 					isPositionControl = false; //just added
 669:Core/Src/freertos.cpp **** 				}
 670:Core/Src/freertos.cpp **** 				else{
 671:Core/Src/freertos.cpp **** 					reachedPosition = false;
 672:Core/Src/freertos.cpp **** 					PositionController.Compute();
 673:Core/Src/freertos.cpp **** 					speedTarget = speedTargetPos;
 674:Core/Src/freertos.cpp **** 				}
 675:Core/Src/freertos.cpp **** 			}
 676:Core/Src/freertos.cpp **** 
 677:Core/Src/freertos.cpp **** 			// ---------- INNER LOOP: SPEED CONTROL - PID ----------
 678:Core/Src/freertos.cpp **** 			if(isSpeedControl){
 679:Core/Src/freertos.cpp **** 
 680:Core/Src/freertos.cpp **** 				speedRef = speedTarget;
 681:Core/Src/freertos.cpp **** 				SpeedController.Compute();// SPEED control action
 682:Core/Src/freertos.cpp **** 			}
 683:Core/Src/freertos.cpp **** 
 684:Core/Src/freertos.cpp **** 
 685:Core/Src/freertos.cpp **** 			// ---------- ACTUATION - SPEED ----------
 686:Core/Src/freertos.cpp **** 
 687:Core/Src/freertos.cpp **** 			if(abs(speedRef) == 0.00 || abs(motorPWM)<0.00001)
 688:Core/Src/freertos.cpp **** 				drive_pwm(0);
 689:Core/Src/freertos.cpp **** 			else
 690:Core/Src/freertos.cpp **** 				speedRef = speedRef;
 691:Core/Src/freertos.cpp **** //				printf("s\n\r");//drive_pwm(motorPWM);
 692:Core/Src/freertos.cpp **** 		} else {
 693:Core/Src/freertos.cpp **** 			//stop(steerRef);
 694:Core/Src/freertos.cpp **** 			drive_pwm(0);
 695:Core/Src/freertos.cpp **** 		}
 696:Core/Src/freertos.cpp **** 
 697:Core/Src/freertos.cpp **** 		drive_pwm(speedTarget);
 698:Core/Src/freertos.cpp **** 
 699:Core/Src/freertos.cpp **** 
 700:Core/Src/freertos.cpp **** 
 701:Core/Src/freertos.cpp **** 	}
 702:Core/Src/freertos.cpp **** 
 703:Core/Src/freertos.cpp **** 	if(htim == &htim10){  //every 10ms
 704:Core/Src/freertos.cpp **** 		pub_flag = true;
ARM GAS  /tmp/cczGdM5e.s 			page 15


 705:Core/Src/freertos.cpp **** 
 706:Core/Src/freertos.cpp **** 	}
 707:Core/Src/freertos.cpp **** 
 708:Core/Src/freertos.cpp **** 
 709:Core/Src/freertos.cpp ****   /* USER CODE END Callback 1 */
 710:Core/Src/freertos.cpp **** }
 711:Core/Src/freertos.cpp **** #ifdef __cplusplus
 712:Core/Src/freertos.cpp **** }
  95              		.loc 1 712 1 is_stmt 1 view -0
  96              		.cfi_startproc
  97              		@ args = 0, pretend = 0, frame = 0
  98              		@ frame_needed = 0, uses_anonymous_args = 0
  99 0000 30B5     		push	{r4, r5, lr}
 100              	.LCFI1:
 101              		.cfi_def_cfa_offset 12
 102              		.cfi_offset 4, -12
 103              		.cfi_offset 5, -8
 104              		.cfi_offset 14, -4
 105 0002 2DED028B 		vpush.64	{d8}
 106              	.LCFI2:
 107              		.cfi_def_cfa_offset 20
 108              		.cfi_offset 80, -20
 109              		.cfi_offset 81, -16
 110 0006 83B0     		sub	sp, sp, #12
 111              	.LCFI3:
 112              		.cfi_def_cfa_offset 32
 121:Core/Src/freertos.cpp **** PID PositionController 	= PID(&localDistance, &speedTargetPos, &localDistanceRef, 6, 2, 0,_PID_P_ON
 113              		.loc 1 121 119 is_stmt 0 view .LVU16
 114 0008 9FED138B 		vldr.64	d8, .L9
 115 000c 0025     		movs	r5, #0
 116 000e 0195     		str	r5, [sp, #4]
 117 0010 0124     		movs	r4, #1
 118 0012 0094     		str	r4, [sp]
 119 0014 B0EE482A 		vmov.f32	s4, s16
 120 0018 F0EE682A 		vmov.f32	s5, s17
 121 001c 9FED101B 		vldr.64	d1, .L9+8
 122 0020 9FED110B 		vldr.64	d0, .L9+16
 123 0024 164B     		ldr	r3, .L9+40
 124 0026 174A     		ldr	r2, .L9+44
 125 0028 1749     		ldr	r1, .L9+48
 126 002a 1848     		ldr	r0, .L9+52
 127 002c FFF7FEFF 		bl	_ZN3PIDC1EPdS0_S0_ddd14PIDPON_TypeDef13PIDCD_TypeDef
 128              	.LVL7:
 122:Core/Src/freertos.cpp **** // 6 2 4 or 6 2 3 for pos
 129              		.loc 1 122 118 view .LVU17
 130 0030 0195     		str	r5, [sp, #4]
 131 0032 0094     		str	r4, [sp]
 132 0034 B0EE482A 		vmov.f32	s4, s16
 133 0038 F0EE682A 		vmov.f32	s5, s17
 134 003c 9FED0C1B 		vldr.64	d1, .L9+24
 135 0040 9FED0D0B 		vldr.64	d0, .L9+32
 136 0044 124B     		ldr	r3, .L9+56
 137 0046 134A     		ldr	r2, .L9+60
 138 0048 1349     		ldr	r1, .L9+64
 139 004a 1448     		ldr	r0, .L9+68
 140 004c FFF7FEFF 		bl	_ZN3PIDC1EPdS0_S0_ddd14PIDPON_TypeDef13PIDCD_TypeDef
 141              	.LVL8:
ARM GAS  /tmp/cczGdM5e.s 			page 16


 142              		.loc 1 712 1 view .LVU18
 143 0050 03B0     		add	sp, sp, #12
 144              	.LCFI4:
 145              		.cfi_def_cfa_offset 20
 146              		@ sp needed
 147 0052 BDEC028B 		vldm	sp!, {d8}
 148              	.LCFI5:
 149              		.cfi_restore 80
 150              		.cfi_restore 81
 151              		.cfi_def_cfa_offset 12
 152 0056 30BD     		pop	{r4, r5, pc}
 153              	.L10:
 154              		.align	3
 155              	.L9:
 156 0058 00000000 		.word	0
 157 005c 00000000 		.word	0
 158 0060 4940964F 		.word	1335246921
 159 0064 A099993F 		.word	1067030944
 160 0068 53978C63 		.word	1670158163
 161 006c 247B943F 		.word	1066695460
 162 0070 00000000 		.word	0
 163 0074 00000040 		.word	1073741824
 164 0078 00000000 		.word	0
 165 007c 00001840 		.word	1075314688
 166 0080 00000000 		.word	speedRef
 167 0084 00000000 		.word	motorPWM
 168 0088 00000000 		.word	carSpeedfiltered
 169 008c 00000000 		.word	SpeedController
 170 0090 00000000 		.word	localDistanceRef
 171 0094 00000000 		.word	speedTargetPos
 172 0098 00000000 		.word	localDistance
 173 009c 00000000 		.word	PositionController
 174              		.cfi_endproc
 175              	.LFE1292:
 176              		.cantunwind
 177              		.fnend
 179              		.section	.text.MX_FREERTOS_Init,"ax",%progbits
 180              		.align	1
 181              		.global	MX_FREERTOS_Init
 182              		.syntax unified
 183              		.thumb
 184              		.thumb_func
 186              	MX_FREERTOS_Init:
 187              		.fnstart
 188              	.LFB1161:
 191:Core/Src/freertos.cpp ****   /* USER CODE BEGIN Init */
 189              		.loc 1 191 29 is_stmt 1 view -0
 190              		.cfi_startproc
 191              		@ args = 0, pretend = 0, frame = 0
 192              		@ frame_needed = 0, uses_anonymous_args = 0
 193 0000 08B5     		push	{r3, lr}
 194              		.save {r3, lr}
 195              	.LCFI6:
 196              		.cfi_def_cfa_offset 8
 197              		.cfi_offset 3, -8
 198              		.cfi_offset 14, -4
 214:Core/Src/freertos.cpp **** 
ARM GAS  /tmp/cczGdM5e.s 			page 17


 199              		.loc 1 214 3 view .LVU20
 214:Core/Src/freertos.cpp **** 
 200              		.loc 1 214 34 is_stmt 0 view .LVU21
 201 0002 064A     		ldr	r2, .L15
 202 0004 0021     		movs	r1, #0
 203 0006 0648     		ldr	r0, .L15+4
 204 0008 FFF7FEFF 		bl	osThreadNew
 205              	.LVL9:
 214:Core/Src/freertos.cpp **** 
 206              		.loc 1 214 21 discriminator 1 view .LVU22
 207 000c 054B     		ldr	r3, .L15+8
 208 000e 1860     		str	r0, [r3]
 216:Core/Src/freertos.cpp ****   {
 209              		.loc 1 216 3 is_stmt 1 view .LVU23
 210 0010 00B1     		cbz	r0, .L14
 211              	.L11:
 229:Core/Src/freertos.cpp **** 
 212              		.loc 1 229 1 is_stmt 0 view .LVU24
 213 0012 08BD     		pop	{r3, pc}
 214              	.L14:
 218:Core/Src/freertos.cpp ****   }
 215              		.loc 1 218 7 is_stmt 1 view .LVU25
 218:Core/Src/freertos.cpp ****   }
 216              		.loc 1 218 20 is_stmt 0 view .LVU26
 217 0014 FFF7FEFF 		bl	Error_Handler
 218              	.LVL10:
 229:Core/Src/freertos.cpp **** 
 219              		.loc 1 229 1 view .LVU27
 220 0018 FBE7     		b	.L11
 221              	.L16:
 222 001a 00BF     		.align	2
 223              	.L15:
 224 001c 00000000 		.word	_ZL22defaultTask_attributes
 225 0020 00000000 		.word	StartDefaultTask
 226 0024 00000000 		.word	defaultTaskHandle
 227              		.cfi_endproc
 228              	.LFE1161:
 229              		.fnend
 231              		.section	.text.checkEmergencyBrakeArena__callback,"ax",%progbits
 232              		.align	1
 233              		.global	checkEmergencyBrakeArena__callback
 234              		.syntax unified
 235              		.thumb
 236              		.thumb_func
 238              	checkEmergencyBrakeArena__callback:
 239              		.fnstart
 240              	.LVL11:
 241              	.LFB1167:
 495:Core/Src/freertos.cpp ****     const std_msgs__msg__Bool * msg = (const std_msgs__msg__Bool *)msgin;
 242              		.loc 1 495 61 is_stmt 1 view -0
 243              		.cfi_startproc
 244              		@ args = 0, pretend = 0, frame = 0
 245              		@ frame_needed = 0, uses_anonymous_args = 0
 246              		@ link register save eliminated.
 496:Core/Src/freertos.cpp ****     checkEmergencyBrakeArena = msg->data;
 247              		.loc 1 496 5 view .LVU29
 497:Core/Src/freertos.cpp **** }
ARM GAS  /tmp/cczGdM5e.s 			page 18


 248              		.loc 1 497 5 view .LVU30
 497:Core/Src/freertos.cpp **** }
 249              		.loc 1 497 37 is_stmt 0 view .LVU31
 250 0000 0278     		ldrb	r2, [r0]	@ zero_extendqisi2
 497:Core/Src/freertos.cpp **** }
 251              		.loc 1 497 30 view .LVU32
 252 0002 014B     		ldr	r3, .L18
 253 0004 1A70     		strb	r2, [r3]
 498:Core/Src/freertos.cpp **** 
 254              		.loc 1 498 1 view .LVU33
 255 0006 7047     		bx	lr
 256              	.L19:
 257              		.align	2
 258              	.L18:
 259 0008 00000000 		.word	checkEmergencyBrakeArena
 260              		.cfi_endproc
 261              	.LFE1167:
 262              		.cantunwind
 263              		.fnend
 265              		.global	__aeabi_f2d
 266              		.section	.text.speed,"ax",%progbits
 267              		.align	1
 268              		.global	speed
 269              		.syntax unified
 270              		.thumb
 271              		.thumb_func
 273              	speed:
 274              		.fnstart
 275              	.LVL12:
 276              	.LFB1170:
 529:Core/Src/freertos.cpp **** 	// ---------- SPEED references ----------
 277              		.loc 1 529 22 is_stmt 1 view -0
 278              		.cfi_startproc
 279              		@ args = 0, pretend = 0, frame = 0
 280              		@ frame_needed = 0, uses_anonymous_args = 0
 529:Core/Src/freertos.cpp **** 	// ---------- SPEED references ----------
 281              		.loc 1 529 22 is_stmt 0 view .LVU35
 282 0000 08B5     		push	{r3, lr}
 283              	.LCFI7:
 284              		.cfi_def_cfa_offset 8
 285              		.cfi_offset 3, -8
 286              		.cfi_offset 14, -4
 531:Core/Src/freertos.cpp **** 		speedTarget = MAX_FORWARD_SPEED;
 287              		.loc 1 531 2 is_stmt 1 view .LVU36
 288 0002 F7EE007A 		vmov.f32	s15, #1.0e+0
 289 0006 B4EEE70A 		vcmpe.f32	s0, s15
 290 000a F1EE10FA 		vmrs	APSR_nzcv, FPSCR
 291 000e 0BDD     		ble	.L28
 532:Core/Src/freertos.cpp **** 	}
 292              		.loc 1 532 3 view .LVU37
 532:Core/Src/freertos.cpp **** 	}
 293              		.loc 1 532 15 is_stmt 0 view .LVU38
 294 0010 104B     		ldr	r3, .L31
 295 0012 0020     		movs	r0, #0
 296 0014 1049     		ldr	r1, .L31+4
 297 0016 C3E90001 		strd	r0, [r3]
 298              	.LVL13:
ARM GAS  /tmp/cczGdM5e.s 			page 19


 299              	.L23:
 542:Core/Src/freertos.cpp **** 	isPositionControl 	= false;
 300              		.loc 1 542 2 is_stmt 1 view .LVU39
 542:Core/Src/freertos.cpp **** 	isPositionControl 	= false;
 301              		.loc 1 542 19 is_stmt 0 view .LVU40
 302 001a 104B     		ldr	r3, .L31+8
 303 001c 0122     		movs	r2, #1
 304 001e 1A70     		strb	r2, [r3]
 543:Core/Src/freertos.cpp **** 
 305              		.loc 1 543 2 is_stmt 1 view .LVU41
 543:Core/Src/freertos.cpp **** 
 306              		.loc 1 543 21 is_stmt 0 view .LVU42
 307 0020 0F4B     		ldr	r3, .L31+12
 308 0022 0022     		movs	r2, #0
 309 0024 1A70     		strb	r2, [r3]
 545:Core/Src/freertos.cpp **** 
 310              		.loc 1 545 1 view .LVU43
 311 0026 08BD     		pop	{r3, pc}
 312              	.LVL14:
 313              	.L28:
 534:Core/Src/freertos.cpp **** 		speedTarget = MAX_BACKWARD_SPEED;
 314              		.loc 1 534 7 is_stmt 1 view .LVU44
 315 0028 FEEE007A 		vmov.f32	s15, #-5.0e-1
 316 002c B4EEE70A 		vcmpe.f32	s0, s15
 317 0030 F1EE10FA 		vmrs	APSR_nzcv, FPSCR
 318 0034 05D5     		bpl	.L29
 535:Core/Src/freertos.cpp **** 	}
 319              		.loc 1 535 3 view .LVU45
 535:Core/Src/freertos.cpp **** 	}
 320              		.loc 1 535 15 is_stmt 0 view .LVU46
 321 0036 074B     		ldr	r3, .L31
 322 0038 0020     		movs	r0, #0
 323 003a 0A49     		ldr	r1, .L31+16
 324 003c C3E90001 		strd	r0, [r3]
 325 0040 EBE7     		b	.L23
 326              	.L29:
 538:Core/Src/freertos.cpp **** 	}
 327              		.loc 1 538 3 is_stmt 1 view .LVU47
 538:Core/Src/freertos.cpp **** 	}
 328              		.loc 1 538 17 is_stmt 0 view .LVU48
 329 0042 10EE100A 		vmov	r0, s0
 330 0046 FFF7FEFF 		bl	__aeabi_f2d
 331              	.LVL15:
 538:Core/Src/freertos.cpp **** 	}
 332              		.loc 1 538 15 view .LVU49
 333 004a 024B     		ldr	r3, .L31
 334 004c C3E90001 		strd	r0, [r3]
 335 0050 E3E7     		b	.L23
 336              	.L32:
 337 0052 00BF     		.align	2
 338              	.L31:
 339 0054 00000000 		.word	speedTarget
 340 0058 0000F03F 		.word	1072693248
 341 005c 00000000 		.word	isSpeedControl
 342 0060 00000000 		.word	isPositionControl
 343 0064 0000E0BF 		.word	-1075838976
 344              		.cfi_endproc
ARM GAS  /tmp/cczGdM5e.s 			page 20


 345              	.LFE1170:
 346              		.cantunwind
 347              		.fnend
 349              		.section	.text.speed_callback,"ax",%progbits
 350              		.align	1
 351              		.global	speed_callback
 352              		.syntax unified
 353              		.thumb
 354              		.thumb_func
 356              	speed_callback:
 357              		.fnstart
 358              	.LVL16:
 359              	.LFB1163:
 475:Core/Src/freertos.cpp ****     const std_msgs__msg__Float32 * msg = (const std_msgs__msg__Float32 *)msgin;
 360              		.loc 1 475 41 is_stmt 1 view -0
 361              		.cfi_startproc
 362              		@ args = 0, pretend = 0, frame = 0
 363              		@ frame_needed = 0, uses_anonymous_args = 0
 475:Core/Src/freertos.cpp ****     const std_msgs__msg__Float32 * msg = (const std_msgs__msg__Float32 *)msgin;
 364              		.loc 1 475 41 is_stmt 0 view .LVU51
 365 0000 08B5     		push	{r3, lr}
 366              	.LCFI8:
 367              		.cfi_def_cfa_offset 8
 368              		.cfi_offset 3, -8
 369              		.cfi_offset 14, -4
 476:Core/Src/freertos.cpp ****     speed(msg->data); // Your existing speed() function
 370              		.loc 1 476 5 is_stmt 1 view .LVU52
 371              	.LVL17:
 477:Core/Src/freertos.cpp **** }
 372              		.loc 1 477 5 view .LVU53
 477:Core/Src/freertos.cpp **** }
 373              		.loc 1 477 10 is_stmt 0 view .LVU54
 374 0002 90ED000A 		vldr.32	s0, [r0]
 375 0006 FFF7FEFF 		bl	speed
 376              	.LVL18:
 478:Core/Src/freertos.cpp **** 
 377              		.loc 1 478 1 view .LVU55
 378 000a 08BD     		pop	{r3, pc}
 379              		.cfi_endproc
 380              	.LFE1163:
 381              		.cantunwind
 382              		.fnend
 384              		.global	__aeabi_dmul
 385              		.global	__aeabi_dadd
 386              		.global	__aeabi_d2uiz
 387              		.section	.text.steer,"ax",%progbits
 388              		.align	1
 389              		.global	steer
 390              		.syntax unified
 391              		.thumb
 392              		.thumb_func
 394              	steer:
 395              		.fnstart
 396              	.LVL19:
 397              	.LFB1171:
 547:Core/Src/freertos.cpp **** 
 398              		.loc 1 547 24 is_stmt 1 view -0
ARM GAS  /tmp/cczGdM5e.s 			page 21


 399              		.cfi_startproc
 400              		@ args = 0, pretend = 0, frame = 0
 401              		@ frame_needed = 0, uses_anonymous_args = 0
 547:Core/Src/freertos.cpp **** 
 402              		.loc 1 547 24 is_stmt 0 view .LVU57
 403 0000 38B5     		push	{r3, r4, r5, lr}
 404              	.LCFI9:
 405              		.cfi_def_cfa_offset 16
 406              		.cfi_offset 3, -16
 407              		.cfi_offset 4, -12
 408              		.cfi_offset 5, -8
 409              		.cfi_offset 14, -4
 550:Core/Src/freertos.cpp **** 	else if (angle < -MAX_STEERING_ANGLE){steerRef = -MAX_STEERING_ANGLE;}
 410              		.loc 1 550 2 is_stmt 1 view .LVU58
 411 0002 F3EE0C7A 		vmov.f32	s15, #2.8e+1
 412 0006 B4EEE70A 		vcmpe.f32	s0, s15
 413 000a F1EE10FA 		vmrs	APSR_nzcv, FPSCR
 414 000e 21DD     		ble	.L43
 550:Core/Src/freertos.cpp **** 	else if (angle < -MAX_STEERING_ANGLE){steerRef = -MAX_STEERING_ANGLE;}
 415              		.loc 1 550 33 discriminator 1 view .LVU59
 550:Core/Src/freertos.cpp **** 	else if (angle < -MAX_STEERING_ANGLE){steerRef = -MAX_STEERING_ANGLE;}
 416              		.loc 1 550 42 is_stmt 0 discriminator 1 view .LVU60
 417 0010 214B     		ldr	r3, .L46+24
 418 0012 0020     		movs	r0, #0
 419 0014 2149     		ldr	r1, .L46+28
 420 0016 C3E90001 		strd	r0, [r3]
 421              	.LVL20:
 422              	.L38:
 555:Core/Src/freertos.cpp **** 	__HAL_TIM_SET_COMPARE(&htim2, TIM_CHANNEL_1, servoPWM*SERVO_PWM_COUNT_MAX);	// set servo pwm
 423              		.loc 1 555 2 is_stmt 1 view .LVU61
 555:Core/Src/freertos.cpp **** 	__HAL_TIM_SET_COMPARE(&htim2, TIM_CHANNEL_1, servoPWM*SERVO_PWM_COUNT_MAX);	// set servo pwm
 424              		.loc 1 555 33 is_stmt 0 view .LVU62
 425 001a 19A3     		adr	r3, .L46
 426 001c D3E90023 		ldrd	r2, [r3]
 427 0020 1D49     		ldr	r1, .L46+24
 428 0022 D1E90001 		ldrd	r0, [r1]
 429 0026 FFF7FEFF 		bl	__aeabi_dmul
 430              	.LVL21:
 555:Core/Src/freertos.cpp **** 	__HAL_TIM_SET_COMPARE(&htim2, TIM_CHANNEL_1, servoPWM*SERVO_PWM_COUNT_MAX);	// set servo pwm
 431              		.loc 1 555 44 view .LVU63
 432 002a 17A3     		adr	r3, .L46+8
 433 002c D3E90023 		ldrd	r2, [r3]
 434 0030 FFF7FEFF 		bl	__aeabi_dadd
 435              	.LVL22:
 436 0034 0446     		mov	r4, r0
 437 0036 0D46     		mov	r5, r1
 555:Core/Src/freertos.cpp **** 	__HAL_TIM_SET_COMPARE(&htim2, TIM_CHANNEL_1, servoPWM*SERVO_PWM_COUNT_MAX);	// set servo pwm
 438              		.loc 1 555 11 view .LVU64
 439 0038 194B     		ldr	r3, .L46+32
 440 003a C3E90045 		strd	r4, [r3]
 556:Core/Src/freertos.cpp **** }
 441              		.loc 1 556 2 is_stmt 1 view .LVU65
 442 003e 14A3     		adr	r3, .L46+16
 443 0040 D3E90023 		ldrd	r2, [r3]
 444 0044 FFF7FEFF 		bl	__aeabi_dmul
 445              	.LVL23:
 446 0048 164B     		ldr	r3, .L46+36
ARM GAS  /tmp/cczGdM5e.s 			page 22


 447 004a 1C68     		ldr	r4, [r3]
 448 004c FFF7FEFF 		bl	__aeabi_d2uiz
 449              	.LVL24:
 450 0050 6063     		str	r0, [r4, #52]
 557:Core/Src/freertos.cpp **** 
 451              		.loc 1 557 1 is_stmt 0 view .LVU66
 452 0052 38BD     		pop	{r3, r4, r5, pc}
 453              	.LVL25:
 454              	.L43:
 551:Core/Src/freertos.cpp **** 	else{steerRef = angle;}
 455              		.loc 1 551 7 is_stmt 1 view .LVU67
 456 0054 FBEE0C7A 		vmov.f32	s15, #-2.8e+1
 457 0058 B4EEE70A 		vcmpe.f32	s0, s15
 458 005c F1EE10FA 		vmrs	APSR_nzcv, FPSCR
 459 0060 05D5     		bpl	.L44
 551:Core/Src/freertos.cpp **** 	else{steerRef = angle;}
 460              		.loc 1 551 40 discriminator 1 view .LVU68
 551:Core/Src/freertos.cpp **** 	else{steerRef = angle;}
 461              		.loc 1 551 49 is_stmt 0 discriminator 1 view .LVU69
 462 0062 0D4B     		ldr	r3, .L46+24
 463 0064 0020     		movs	r0, #0
 464 0066 1049     		ldr	r1, .L46+40
 465 0068 C3E90001 		strd	r0, [r3]
 466 006c D5E7     		b	.L38
 467              	.L44:
 552:Core/Src/freertos.cpp **** 
 468              		.loc 1 552 7 is_stmt 1 view .LVU70
 552:Core/Src/freertos.cpp **** 
 469              		.loc 1 552 18 is_stmt 0 view .LVU71
 470 006e 10EE100A 		vmov	r0, s0
 471 0072 FFF7FEFF 		bl	__aeabi_f2d
 472              	.LVL26:
 552:Core/Src/freertos.cpp **** 
 473              		.loc 1 552 16 view .LVU72
 474 0076 084B     		ldr	r3, .L46+24
 475 0078 C3E90001 		strd	r0, [r3]
 476 007c CDE7     		b	.L38
 477              	.L47:
 478 007e 00BF     		.align	3
 479              	.L46:
 480 0080 40BD1935 		.word	890879296
 481 0084 5F254F3F 		.word	1062151519
 482 0088 FD87F4DB 		.word	-604731395
 483 008c D781B33F 		.word	1068728791
 484 0090 00000000 		.word	0
 485 0094 E087E340 		.word	1088653280
 486 0098 00000000 		.word	steerRef
 487 009c 00003C40 		.word	1077673984
 488 00a0 00000000 		.word	servoPWM
 489 00a4 00000000 		.word	htim2
 490 00a8 00003CC0 		.word	-1069809664
 491              		.cfi_endproc
 492              	.LFE1171:
 493              		.cantunwind
 494              		.fnend
 496              		.section	.text.steer_callback,"ax",%progbits
 497              		.align	1
ARM GAS  /tmp/cczGdM5e.s 			page 23


 498              		.global	steer_callback
 499              		.syntax unified
 500              		.thumb
 501              		.thumb_func
 503              	steer_callback:
 504              		.fnstart
 505              	.LVL27:
 506              	.LFB1164:
 480:Core/Src/freertos.cpp ****     const std_msgs__msg__Float32 * msg = (const std_msgs__msg__Float32 *)msgin;
 507              		.loc 1 480 41 is_stmt 1 view -0
 508              		.cfi_startproc
 509              		@ args = 0, pretend = 0, frame = 0
 510              		@ frame_needed = 0, uses_anonymous_args = 0
 480:Core/Src/freertos.cpp ****     const std_msgs__msg__Float32 * msg = (const std_msgs__msg__Float32 *)msgin;
 511              		.loc 1 480 41 is_stmt 0 view .LVU74
 512 0000 08B5     		push	{r3, lr}
 513              	.LCFI10:
 514              		.cfi_def_cfa_offset 8
 515              		.cfi_offset 3, -8
 516              		.cfi_offset 14, -4
 481:Core/Src/freertos.cpp ****     steer(msg->data); // Your existing steer() function
 517              		.loc 1 481 5 is_stmt 1 view .LVU75
 518              	.LVL28:
 482:Core/Src/freertos.cpp **** }
 519              		.loc 1 482 5 view .LVU76
 482:Core/Src/freertos.cpp **** }
 520              		.loc 1 482 10 is_stmt 0 view .LVU77
 521 0002 90ED000A 		vldr.32	s0, [r0]
 522 0006 FFF7FEFF 		bl	steer
 523              	.LVL29:
 483:Core/Src/freertos.cpp **** 
 524              		.loc 1 483 1 view .LVU78
 525 000a 08BD     		pop	{r3, pc}
 526              		.cfi_endproc
 527              	.LFE1164:
 528              		.cantunwind
 529              		.fnend
 531              		.section	.text.stop,"ax",%progbits
 532              		.align	1
 533              		.global	stop
 534              		.syntax unified
 535              		.thumb
 536              		.thumb_func
 538              	stop:
 539              		.fnstart
 540              	.LVL30:
 541              	.LFB1169:
 514:Core/Src/freertos.cpp **** 	// ---------- STATE ----------
 542              		.loc 1 514 23 is_stmt 1 view -0
 543              		.cfi_startproc
 544              		@ args = 0, pretend = 0, frame = 0
 545              		@ frame_needed = 0, uses_anonymous_args = 0
 514:Core/Src/freertos.cpp **** 	// ---------- STATE ----------
 546              		.loc 1 514 23 is_stmt 0 view .LVU80
 547 0000 08B5     		push	{r3, lr}
 548              	.LCFI11:
 549              		.cfi_def_cfa_offset 8
ARM GAS  /tmp/cczGdM5e.s 			page 24


 550              		.cfi_offset 3, -8
 551              		.cfi_offset 14, -4
 516:Core/Src/freertos.cpp **** 	isSpeedControl 		= false;
 552              		.loc 1 516 2 is_stmt 1 view .LVU81
 516:Core/Src/freertos.cpp **** 	isSpeedControl 		= false;
 553              		.loc 1 516 21 is_stmt 0 view .LVU82
 554 0002 0023     		movs	r3, #0
 555 0004 0A4A     		ldr	r2, .L52
 556 0006 1370     		strb	r3, [r2]
 517:Core/Src/freertos.cpp **** 
 557              		.loc 1 517 2 is_stmt 1 view .LVU83
 517:Core/Src/freertos.cpp **** 
 558              		.loc 1 517 19 is_stmt 0 view .LVU84
 559 0008 0A4A     		ldr	r2, .L52+4
 560 000a 1370     		strb	r3, [r2]
 520:Core/Src/freertos.cpp **** 	speedTargetPos = 0.0;
 561              		.loc 1 520 2 is_stmt 1 view .LVU85
 520:Core/Src/freertos.cpp **** 	speedTargetPos = 0.0;
 562              		.loc 1 520 14 is_stmt 0 view .LVU86
 563 000c 0022     		movs	r2, #0
 564 000e 0023     		movs	r3, #0
 565 0010 0949     		ldr	r1, .L52+8
 566 0012 C1E90023 		strd	r2, [r1]
 521:Core/Src/freertos.cpp **** 	speedRef = 0.0;
 567              		.loc 1 521 2 is_stmt 1 view .LVU87
 521:Core/Src/freertos.cpp **** 	speedRef = 0.0;
 568              		.loc 1 521 17 is_stmt 0 view .LVU88
 569 0016 0949     		ldr	r1, .L52+12
 570 0018 C1E90023 		strd	r2, [r1]
 522:Core/Src/freertos.cpp **** 
 571              		.loc 1 522 2 is_stmt 1 view .LVU89
 522:Core/Src/freertos.cpp **** 
 572              		.loc 1 522 11 is_stmt 0 view .LVU90
 573 001c 0849     		ldr	r1, .L52+16
 574 001e C1E90023 		strd	r2, [r1]
 525:Core/Src/freertos.cpp **** 	steer(angle);
 575              		.loc 1 525 2 is_stmt 1 view .LVU91
 525:Core/Src/freertos.cpp **** 	steer(angle);
 576              		.loc 1 525 11 is_stmt 0 view .LVU92
 577 0022 0849     		ldr	r1, .L52+20
 578 0024 C1E90023 		strd	r2, [r1]
 526:Core/Src/freertos.cpp **** }
 579              		.loc 1 526 2 is_stmt 1 view .LVU93
 526:Core/Src/freertos.cpp **** }
 580              		.loc 1 526 7 is_stmt 0 view .LVU94
 581 0028 FFF7FEFF 		bl	steer
 582              	.LVL31:
 527:Core/Src/freertos.cpp **** 
 583              		.loc 1 527 1 view .LVU95
 584 002c 08BD     		pop	{r3, pc}
 585              	.L53:
 586 002e 00BF     		.align	2
 587              	.L52:
 588 0030 00000000 		.word	isPositionControl
 589 0034 00000000 		.word	isSpeedControl
 590 0038 00000000 		.word	speedTarget
 591 003c 00000000 		.word	speedTargetPos
ARM GAS  /tmp/cczGdM5e.s 			page 25


 592 0040 00000000 		.word	speedRef
 593 0044 00000000 		.word	motorPWM
 594              		.cfi_endproc
 595              	.LFE1169:
 596              		.cantunwind
 597              		.fnend
 599              		.section	.text.stop_callback,"ax",%progbits
 600              		.align	1
 601              		.global	stop_callback
 602              		.syntax unified
 603              		.thumb
 604              		.thumb_func
 606              	stop_callback:
 607              		.fnstart
 608              	.LVL32:
 609              	.LFB1166:
 490:Core/Src/freertos.cpp ****     const std_msgs__msg__Float32 * msg = (const std_msgs__msg__Float32 *)msgin;
 610              		.loc 1 490 40 is_stmt 1 view -0
 611              		.cfi_startproc
 612              		@ args = 0, pretend = 0, frame = 0
 613              		@ frame_needed = 0, uses_anonymous_args = 0
 490:Core/Src/freertos.cpp ****     const std_msgs__msg__Float32 * msg = (const std_msgs__msg__Float32 *)msgin;
 614              		.loc 1 490 40 is_stmt 0 view .LVU97
 615 0000 08B5     		push	{r3, lr}
 616              	.LCFI12:
 617              		.cfi_def_cfa_offset 8
 618              		.cfi_offset 3, -8
 619              		.cfi_offset 14, -4
 491:Core/Src/freertos.cpp ****     stop(msg->data); // stop existing speed() function
 620              		.loc 1 491 5 is_stmt 1 view .LVU98
 621              	.LVL33:
 492:Core/Src/freertos.cpp **** }
 622              		.loc 1 492 5 view .LVU99
 492:Core/Src/freertos.cpp **** }
 623              		.loc 1 492 9 is_stmt 0 view .LVU100
 624 0002 90ED000A 		vldr.32	s0, [r0]
 625 0006 FFF7FEFF 		bl	stop
 626              	.LVL34:
 493:Core/Src/freertos.cpp **** 
 627              		.loc 1 493 1 view .LVU101
 628 000a 08BD     		pop	{r3, pc}
 629              		.cfi_endproc
 630              	.LFE1166:
 631              		.cantunwind
 632              		.fnend
 634              		.section	.text.position,"ax",%progbits
 635              		.align	1
 636              		.global	position
 637              		.syntax unified
 638              		.thumb
 639              		.thumb_func
 641              	position:
 642              		.fnstart
 643              	.LVL35:
 644              	.LFB1172:
 559:Core/Src/freertos.cpp **** 	// ---------- POSITION references ----------
 645              		.loc 1 559 26 is_stmt 1 view -0
ARM GAS  /tmp/cczGdM5e.s 			page 26


 646              		.cfi_startproc
 647              		@ args = 0, pretend = 0, frame = 0
 648              		@ frame_needed = 0, uses_anonymous_args = 0
 559:Core/Src/freertos.cpp **** 	// ---------- POSITION references ----------
 649              		.loc 1 559 26 is_stmt 0 view .LVU103
 650 0000 08B5     		push	{r3, lr}
 651              	.LCFI13:
 652              		.cfi_def_cfa_offset 8
 653              		.cfi_offset 3, -8
 654              		.cfi_offset 14, -4
 655 0002 10EE100A 		vmov	r0, s0
 561:Core/Src/freertos.cpp **** 	localDistanceRef = dist;
 656              		.loc 1 561 2 is_stmt 1 view .LVU104
 561:Core/Src/freertos.cpp **** 	localDistanceRef = dist;
 657              		.loc 1 561 22 is_stmt 0 view .LVU105
 658 0006 0B4B     		ldr	r3, .L58
 659 0008 93ED007B 		vldr.64	d7, [r3]
 660 000c 0A4B     		ldr	r3, .L58+4
 661 000e 83ED007B 		vstr.64	d7, [r3]
 562:Core/Src/freertos.cpp **** 
 662              		.loc 1 562 2 is_stmt 1 view .LVU106
 562:Core/Src/freertos.cpp **** 
 663              		.loc 1 562 21 is_stmt 0 view .LVU107
 664 0012 FFF7FEFF 		bl	__aeabi_f2d
 665              	.LVL36:
 562:Core/Src/freertos.cpp **** 
 666              		.loc 1 562 19 view .LVU108
 667 0016 094B     		ldr	r3, .L58+8
 668 0018 C3E90001 		strd	r0, [r3]
 565:Core/Src/freertos.cpp **** 	isPositionControl = true;
 669              		.loc 1 565 2 is_stmt 1 view .LVU109
 565:Core/Src/freertos.cpp **** 	isPositionControl = true;
 670              		.loc 1 565 17 is_stmt 0 view .LVU110
 671 001c 0123     		movs	r3, #1
 672 001e 084A     		ldr	r2, .L58+12
 673 0020 1370     		strb	r3, [r2]
 566:Core/Src/freertos.cpp **** 	posAckDone = false;
 674              		.loc 1 566 2 is_stmt 1 view .LVU111
 566:Core/Src/freertos.cpp **** 	posAckDone = false;
 675              		.loc 1 566 20 is_stmt 0 view .LVU112
 676 0022 084A     		ldr	r2, .L58+16
 677 0024 1370     		strb	r3, [r2]
 567:Core/Src/freertos.cpp **** 	reachedPosition = false;
 678              		.loc 1 567 2 is_stmt 1 view .LVU113
 567:Core/Src/freertos.cpp **** 	reachedPosition = false;
 679              		.loc 1 567 13 is_stmt 0 view .LVU114
 680 0026 0023     		movs	r3, #0
 681 0028 074A     		ldr	r2, .L58+20
 682 002a 1370     		strb	r3, [r2]
 568:Core/Src/freertos.cpp **** }
 683              		.loc 1 568 2 is_stmt 1 view .LVU115
 568:Core/Src/freertos.cpp **** }
 684              		.loc 1 568 18 is_stmt 0 view .LVU116
 685 002c 074A     		ldr	r2, .L58+24
 686 002e 1370     		strb	r3, [r2]
 569:Core/Src/freertos.cpp **** 
 687              		.loc 1 569 1 view .LVU117
ARM GAS  /tmp/cczGdM5e.s 			page 27


 688 0030 08BD     		pop	{r3, pc}
 689              	.L59:
 690 0032 00BF     		.align	2
 691              	.L58:
 692 0034 00000000 		.word	globalDistance
 693 0038 00000000 		.word	localDistanceOrigin
 694 003c 00000000 		.word	localDistanceRef
 695 0040 00000000 		.word	isSpeedControl
 696 0044 00000000 		.word	isPositionControl
 697 0048 00000000 		.word	posAckDone
 698 004c 00000000 		.word	reachedPosition
 699              		.cfi_endproc
 700              	.LFE1172:
 701              		.cantunwind
 702              		.fnend
 704              		.section	.text.pos_callback,"ax",%progbits
 705              		.align	1
 706              		.global	pos_callback
 707              		.syntax unified
 708              		.thumb
 709              		.thumb_func
 711              	pos_callback:
 712              		.fnstart
 713              	.LVL37:
 714              	.LFB1165:
 485:Core/Src/freertos.cpp ****     const std_msgs__msg__Float32 * msg = (const std_msgs__msg__Float32 *)msgin;
 715              		.loc 1 485 39 is_stmt 1 view -0
 716              		.cfi_startproc
 717              		@ args = 0, pretend = 0, frame = 0
 718              		@ frame_needed = 0, uses_anonymous_args = 0
 485:Core/Src/freertos.cpp ****     const std_msgs__msg__Float32 * msg = (const std_msgs__msg__Float32 *)msgin;
 719              		.loc 1 485 39 is_stmt 0 view .LVU119
 720 0000 08B5     		push	{r3, lr}
 721              	.LCFI14:
 722              		.cfi_def_cfa_offset 8
 723              		.cfi_offset 3, -8
 724              		.cfi_offset 14, -4
 486:Core/Src/freertos.cpp ****     position(msg->data); // Your existing position() function
 725              		.loc 1 486 5 is_stmt 1 view .LVU120
 726              	.LVL38:
 487:Core/Src/freertos.cpp **** }
 727              		.loc 1 487 5 view .LVU121
 487:Core/Src/freertos.cpp **** }
 728              		.loc 1 487 13 is_stmt 0 view .LVU122
 729 0002 90ED000A 		vldr.32	s0, [r0]
 730 0006 FFF7FEFF 		bl	position
 731              	.LVL39:
 488:Core/Src/freertos.cpp **** 
 732              		.loc 1 488 1 view .LVU123
 733 000a 08BD     		pop	{r3, pc}
 734              		.cfi_endproc
 735              	.LFE1165:
 736              		.cantunwind
 737              		.fnend
 739              		.global	__aeabi_d2f
 740              		.section	.text.drive_pwm,"ax",%progbits
 741              		.align	1
ARM GAS  /tmp/cczGdM5e.s 			page 28


 742              		.global	drive_pwm
 743              		.syntax unified
 744              		.thumb
 745              		.thumb_func
 747              	drive_pwm:
 748              		.fnstart
 749              	.LVL40:
 750              	.LFB1173:
 571:Core/Src/freertos.cpp **** 	// ---------- ACTUATION - SPEED ----------
 751              		.loc 1 571 32 is_stmt 1 view -0
 752              		.cfi_startproc
 753              		@ args = 0, pretend = 0, frame = 0
 754              		@ frame_needed = 0, uses_anonymous_args = 0
 571:Core/Src/freertos.cpp **** 	// ---------- ACTUATION - SPEED ----------
 755              		.loc 1 571 32 is_stmt 0 view .LVU125
 756 0000 08B5     		push	{r3, lr}
 757              	.LCFI15:
 758              		.cfi_def_cfa_offset 8
 759              		.cfi_offset 3, -8
 760              		.cfi_offset 14, -4
 575:Core/Src/freertos.cpp **** 
 761              		.loc 1 575 2 is_stmt 1 view .LVU126
 575:Core/Src/freertos.cpp **** 
 762              		.loc 1 575 12 is_stmt 0 view .LVU127
 763 0002 F1EE407A 		vneg.f32	s15, s0
 764 0006 17EE900A 		vmov	r0, s15
 765              	.LVL41:
 578:Core/Src/freertos.cpp **** 	if (pwm_value < -0.0119f) pwm_value = -0.0119f; //Forward
 766              		.loc 1 578 2 is_stmt 1 view .LVU128
 767 000a DFED157A 		vldr.32	s15, .L67+8
 768 000e B4EEE70A 		vcmpe.f32	s0, s15
 769 0012 F1EE10FA 		vmrs	APSR_nzcv, FPSCR
 770 0016 08D4     		bmi	.L64
 579:Core/Src/freertos.cpp **** 
 771              		.loc 1 579 2 view .LVU129
 772 0018 DFED127A 		vldr.32	s15, .L67+12
 773 001c B4EEE70A 		vcmpe.f32	s0, s15
 774 0020 F1EE10FA 		vmrs	APSR_nzcv, FPSCR
 775 0024 02DD     		ble	.L63
 579:Core/Src/freertos.cpp **** 
 776              		.loc 1 579 38 is_stmt 0 discriminator 1 view .LVU130
 777 0026 1048     		ldr	r0, .L67+16
 778              	.LVL42:
 579:Core/Src/freertos.cpp **** 
 779              		.loc 1 579 38 discriminator 1 view .LVU131
 780 0028 00E0     		b	.L63
 781              	.LVL43:
 782              	.L64:
 578:Core/Src/freertos.cpp **** 	if (pwm_value < -0.0119f) pwm_value = -0.0119f; //Forward
 783              		.loc 1 578 36 discriminator 1 view .LVU132
 784 002a 1048     		ldr	r0, .L67+20
 785              	.LVL44:
 786              	.L63:
 582:Core/Src/freertos.cpp **** 
 787              		.loc 1 582 2 is_stmt 1 view .LVU133
 582:Core/Src/freertos.cpp **** 
 788              		.loc 1 582 22 is_stmt 0 view .LVU134
ARM GAS  /tmp/cczGdM5e.s 			page 29


 789 002c FFF7FEFF 		bl	__aeabi_f2d
 790              	.LVL45:
 582:Core/Src/freertos.cpp **** 
 791              		.loc 1 582 32 view .LVU135
 792 0030 09A3     		adr	r3, .L67
 793 0032 D3E90023 		ldrd	r2, [r3]
 794 0036 FFF7FEFF 		bl	__aeabi_dadd
 795              	.LVL46:
 582:Core/Src/freertos.cpp **** 
 796              		.loc 1 582 8 view .LVU136
 797 003a FFF7FEFF 		bl	__aeabi_d2f
 798              	.LVL47:
 799 003e 07EE900A 		vmov	s15, r0
 800              	.LVL48:
 585:Core/Src/freertos.cpp **** }
 801              		.loc 1 585 2 is_stmt 1 view .LVU137
 802 0042 9FED0B7A 		vldr.32	s14, .L67+24
 803 0046 67EE877A 		vmul.f32	s15, s15, s14
 804 004a 0A4B     		ldr	r3, .L67+28
 805 004c 1B68     		ldr	r3, [r3]
 806 004e FCEEE77A 		vcvt.u32.f32	s15, s15
 807 0052 C3ED0F7A 		vstr.32	s15, [r3, #60]	@ int
 586:Core/Src/freertos.cpp **** 
 808              		.loc 1 586 1 is_stmt 0 view .LVU138
 809 0056 08BD     		pop	{r3, pc}
 810              	.L68:
 811              		.align	3
 812              	.L67:
 813 0058 DAC69FA8 		.word	-1465923878
 814 005c 6C58B33F 		.word	1068718188
 815 0060 BC7413BC 		.word	-1139575620
 816 0064 38F8423C 		.word	1011021880
 817 0068 38F842BC 		.word	-1136461768
 818 006c BC74133C 		.word	1007908028
 819 0070 003F1C47 		.word	1193033472
 820 0074 00000000 		.word	htim2
 821              		.cfi_endproc
 822              	.LFE1173:
 823              		.cantunwind
 824              		.fnend
 826              		.section	.rodata.StartDefaultTask.str1.4,"aMS",%progbits,1
 827              		.align	2
 828              	.LC0:
 829 0000 00       		.ascii	"\000"
 830 0001 000000   		.align	2
 831              	.LC1:
 832 0004 6175746F 		.ascii	"automobile_node\000"
 832      6D6F6269 
 832      6C655F6E 
 832      6F646500 
 833              		.align	2
 834              	.LC2:
 835 0014 6175746F 		.ascii	"automobile/encoder/speed\000"
 835      6D6F6269 
 835      6C652F65 
 835      6E636F64 
 835      65722F73 
ARM GAS  /tmp/cczGdM5e.s 			page 30


 836 002d 000000   		.align	2
 837              	.LC3:
 838 0030 6175746F 		.ascii	"automobile/encoder/distance\000"
 838      6D6F6269 
 838      6C652F65 
 838      6E636F64 
 838      65722F64 
 839              		.align	2
 840              	.LC4:
 841 004c 6175746F 		.ascii	"automobile/feedback/position\000"
 841      6D6F6269 
 841      6C652F66 
 841      65656462 
 841      61636B2F 
 842 0069 000000   		.align	2
 843              	.LC5:
 844 006c 6175746F 		.ascii	"automobile/tof/front\000"
 844      6D6F6269 
 844      6C652F74 
 844      6F662F66 
 844      726F6E74 
 845 0081 000000   		.align	2
 846              	.LC6:
 847 0084 6175746F 		.ascii	"automobile/tof/left\000"
 847      6D6F6269 
 847      6C652F74 
 847      6F662F6C 
 847      65667400 
 848              		.align	2
 849              	.LC7:
 850 0098 6175746F 		.ascii	"automobile/tof/right\000"
 850      6D6F6269 
 850      6C652F74 
 850      6F662F72 
 850      69676874 
 851 00ad 000000   		.align	2
 852              	.LC8:
 853 00b0 6175746F 		.ascii	"automobile/tof/back\000"
 853      6D6F6269 
 853      6C652F74 
 853      6F662F62 
 853      61636B00 
 854              		.align	2
 855              	.LC9:
 856 00c4 6175746F 		.ascii	"automobile/encoder/acceleration\000"
 856      6D6F6269 
 856      6C652F65 
 856      6E636F64 
 856      65722F61 
 857              		.align	2
 858              	.LC10:
 859 00e4 6175746F 		.ascii	"automobile/command/speed\000"
 859      6D6F6269 
 859      6C652F63 
 859      6F6D6D61 
 859      6E642F73 
 860 00fd 000000   		.align	2
ARM GAS  /tmp/cczGdM5e.s 			page 31


 861              	.LC11:
 862 0100 6175746F 		.ascii	"automobile/command/steer\000"
 862      6D6F6269 
 862      6C652F63 
 862      6F6D6D61 
 862      6E642F73 
 863 0119 000000   		.align	2
 864              	.LC12:
 865 011c 6175746F 		.ascii	"automobile/command/position\000"
 865      6D6F6269 
 865      6C652F63 
 865      6F6D6D61 
 865      6E642F70 
 866              		.align	2
 867              	.LC13:
 868 0138 6175746F 		.ascii	"automobile/command/stop\000"
 868      6D6F6269 
 868      6C652F63 
 868      6F6D6D61 
 868      6E642F73 
 869              		.align	2
 870              	.LC14:
 871 0150 6175746F 		.ascii	"automobile/led\000"
 871      6D6F6269 
 871      6C652F6C 
 871      656400
 872              		.section	.text.StartDefaultTask,"ax",%progbits
 873              		.align	1
 874              		.global	StartDefaultTask
 875              		.syntax unified
 876              		.thumb
 877              		.thumb_func
 879              	StartDefaultTask:
 880              		.fnstart
 881              	.LVL49:
 882              	.LFB1162:
 239:Core/Src/freertos.cpp ****   /* USER CODE BEGIN StartDefaultTask */
 883              		.loc 1 239 1 is_stmt 1 view -0
 884              		.cfi_startproc
 885              		@ args = 0, pretend = 0, frame = 376
 886              		@ frame_needed = 0, uses_anonymous_args = 0
 239:Core/Src/freertos.cpp ****   /* USER CODE BEGIN StartDefaultTask */
 887              		.loc 1 239 1 is_stmt 0 view .LVU140
 888 0000 F0B5     		push	{r4, r5, r6, r7, lr}
 889              		.save {r4, r5, r6, r7, lr}
 890              	.LCFI16:
 891              		.cfi_def_cfa_offset 20
 892              		.cfi_offset 4, -20
 893              		.cfi_offset 5, -16
 894              		.cfi_offset 6, -12
 895              		.cfi_offset 7, -8
 896              		.cfi_offset 14, -4
 897 0002 2DED028B 		vpush.64	{d8}
 898              		.vsave {d8}
 899              	.LCFI17:
 900              		.cfi_def_cfa_offset 28
 901              		.cfi_offset 80, -28
ARM GAS  /tmp/cczGdM5e.s 			page 32


 902              		.cfi_offset 81, -24
 903              		.pad #388
 904 0006 E1B0     		sub	sp, sp, #388
 905              	.LCFI18:
 906              		.cfi_def_cfa_offset 416
 245:Core/Src/freertos.cpp ****     true,
 907              		.loc 1 245 3 is_stmt 1 view .LVU141
 245:Core/Src/freertos.cpp ****     true,
 908              		.loc 1 245 32 is_stmt 0 view .LVU142
 909 0008 B34B     		ldr	r3, .L76+32
 910 000a 0193     		str	r3, [sp, #4]
 911 000c B34B     		ldr	r3, .L76+36
 912 000e 0093     		str	r3, [sp]
 913 0010 B34B     		ldr	r3, .L76+40
 914 0012 B44A     		ldr	r2, .L76+44
 915 0014 B449     		ldr	r1, .L76+48
 916 0016 0120     		movs	r0, #1
 917              	.LVL50:
 245:Core/Src/freertos.cpp ****     true,
 918              		.loc 1 245 32 view .LVU143
 919 0018 FFF7FEFF 		bl	rmw_uros_set_custom_transport
 920              	.LVL51:
 254:Core/Src/freertos.cpp ****   freeRTOS_allocator.allocate = microros_allocate;
 921              		.loc 1 254 3 is_stmt 1 view .LVU144
 254:Core/Src/freertos.cpp ****   freeRTOS_allocator.allocate = microros_allocate;
 922              		.loc 1 254 78 is_stmt 0 view .LVU145
 923 001c 5BA8     		add	r0, sp, #364
 924 001e FFF7FEFF 		bl	rcutils_get_zero_initialized_allocator
 925              	.LVL52:
 255:Core/Src/freertos.cpp ****   freeRTOS_allocator.deallocate = microros_deallocate;
 926              		.loc 1 255 3 is_stmt 1 view .LVU146
 255:Core/Src/freertos.cpp ****   freeRTOS_allocator.deallocate = microros_deallocate;
 927              		.loc 1 255 31 is_stmt 0 view .LVU147
 928 0022 B24B     		ldr	r3, .L76+52
 929 0024 5B93     		str	r3, [sp, #364]
 256:Core/Src/freertos.cpp ****   freeRTOS_allocator.reallocate = microros_reallocate;
 930              		.loc 1 256 3 is_stmt 1 view .LVU148
 256:Core/Src/freertos.cpp ****   freeRTOS_allocator.reallocate = microros_reallocate;
 931              		.loc 1 256 33 is_stmt 0 view .LVU149
 932 0026 B24B     		ldr	r3, .L76+56
 933 0028 5C93     		str	r3, [sp, #368]
 257:Core/Src/freertos.cpp ****   freeRTOS_allocator.zero_allocate =  microros_zero_allocate;
 934              		.loc 1 257 3 is_stmt 1 view .LVU150
 257:Core/Src/freertos.cpp ****   freeRTOS_allocator.zero_allocate =  microros_zero_allocate;
 935              		.loc 1 257 33 is_stmt 0 view .LVU151
 936 002a B24B     		ldr	r3, .L76+60
 937 002c 5D93     		str	r3, [sp, #372]
 258:Core/Src/freertos.cpp **** 
 938              		.loc 1 258 3 is_stmt 1 view .LVU152
 258:Core/Src/freertos.cpp **** 
 939              		.loc 1 258 36 is_stmt 0 view .LVU153
 940 002e B24B     		ldr	r3, .L76+64
 941 0030 5E93     		str	r3, [sp, #376]
 260:Core/Src/freertos.cpp ****       //printf("Error on default allocators (line %d)\n", __LINE__);
 942              		.loc 1 260 3 is_stmt 1 view .LVU154
 260:Core/Src/freertos.cpp ****       //printf("Error on default allocators (line %d)\n", __LINE__);
 943              		.loc 1 260 37 is_stmt 0 view .LVU155
ARM GAS  /tmp/cczGdM5e.s 			page 33


 944 0032 5BA8     		add	r0, sp, #364
 945 0034 FFF7FEFF 		bl	rcutils_set_default_allocator
 946              	.LVL53:
 266:Core/Src/freertos.cpp ****   rcl_allocator_t allocator;
 947              		.loc 1 266 3 is_stmt 1 view .LVU156
 267:Core/Src/freertos.cpp ****   rcl_node_t node;
 948              		.loc 1 267 3 view .LVU157
 268:Core/Src/freertos.cpp ****   rclc_executor_t executor;
 949              		.loc 1 268 3 view .LVU158
 269:Core/Src/freertos.cpp **** 
 950              		.loc 1 269 3 view .LVU159
 271:Core/Src/freertos.cpp ****   rcl_publisher_t globalDistance_pub;
 951              		.loc 1 271 3 view .LVU160
 272:Core/Src/freertos.cpp ****   rcl_publisher_t acceleration_pub;
 952              		.loc 1 272 3 view .LVU161
 273:Core/Src/freertos.cpp ****   rcl_publisher_t posFeedback_pub;
 953              		.loc 1 273 3 view .LVU162
 274:Core/Src/freertos.cpp ****   rcl_publisher_t tof_front_pub;
 954              		.loc 1 274 3 view .LVU163
 275:Core/Src/freertos.cpp ****   rcl_publisher_t tof_left_pub;
 955              		.loc 1 275 3 view .LVU164
 276:Core/Src/freertos.cpp ****   rcl_publisher_t tof_right_pub;
 956              		.loc 1 276 3 view .LVU165
 277:Core/Src/freertos.cpp ****   rcl_publisher_t tof_back_pub;
 957              		.loc 1 277 3 view .LVU166
 278:Core/Src/freertos.cpp **** 
 958              		.loc 1 278 3 view .LVU167
 281:Core/Src/freertos.cpp ****   rcl_subscription_t steer_sub;
 959              		.loc 1 281 3 view .LVU168
 282:Core/Src/freertos.cpp ****   rcl_subscription_t pos_sub;
 960              		.loc 1 282 3 view .LVU169
 283:Core/Src/freertos.cpp ****   rcl_subscription_t stop_sub;
 961              		.loc 1 283 3 view .LVU170
 284:Core/Src/freertos.cpp **** 
 962              		.loc 1 284 3 view .LVU171
 287:Core/Src/freertos.cpp **** 
 963              		.loc 1 287 3 view .LVU172
 289:Core/Src/freertos.cpp ****   std_msgs__msg__Float32 steer_msg_in;
 964              		.loc 1 289 3 view .LVU173
 290:Core/Src/freertos.cpp ****   std_msgs__msg__Float32 pos_msg_in;
 965              		.loc 1 290 3 view .LVU174
 291:Core/Src/freertos.cpp ****   std_msgs__msg__Float32 stop_msg_in;
 966              		.loc 1 291 3 view .LVU175
 292:Core/Src/freertos.cpp **** 
 967              		.loc 1 292 3 view .LVU176
 295:Core/Src/freertos.cpp **** 
 968              		.loc 1 295 3 view .LVU177
 297:Core/Src/freertos.cpp ****   std_msgs__msg__Float32 dist_msg_out;
 969              		.loc 1 297 3 view .LVU178
 298:Core/Src/freertos.cpp ****   std_msgs__msg__Float32 accel_msg_out;
 970              		.loc 1 298 3 view .LVU179
 299:Core/Src/freertos.cpp ****   std_msgs__msg__Bool posFeedback_msg_out;
 971              		.loc 1 299 3 view .LVU180
 300:Core/Src/freertos.cpp ****   std_msgs__msg__UInt8 tof_front_msg_out;
 972              		.loc 1 300 3 view .LVU181
 301:Core/Src/freertos.cpp ****   std_msgs__msg__UInt8 tof_left_msg_out;
 973              		.loc 1 301 3 view .LVU182
ARM GAS  /tmp/cczGdM5e.s 			page 34


 302:Core/Src/freertos.cpp ****   std_msgs__msg__UInt8 tof_right_msg_out;
 974              		.loc 1 302 3 view .LVU183
 303:Core/Src/freertos.cpp ****   std_msgs__msg__UInt8 tof_back_msg_out;
 975              		.loc 1 303 3 view .LVU184
 304:Core/Src/freertos.cpp **** 
 976              		.loc 1 304 3 view .LVU185
 306:Core/Src/freertos.cpp **** 
 977              		.loc 1 306 3 view .LVU186
 306:Core/Src/freertos.cpp **** 
 978              		.loc 1 306 40 is_stmt 0 view .LVU187
 979 0038 02A8     		add	r0, sp, #8
 980 003a FFF7FEFF 		bl	rcutils_get_default_allocator
 981              	.LVL54:
 982 003e 0DF5927C 		add	ip, sp, #292
 983 0042 02AC     		add	r4, sp, #8
 984 0044 0FCC     		ldmia	r4!, {r0, r1, r2, r3}
 985 0046 ACE80F00 		stmia	ip!, {r0, r1, r2, r3}
 986 004a 2368     		ldr	r3, [r4]
 987 004c CCF80030 		str	r3, [ip]
 309:Core/Src/freertos.cpp **** 
 988              		.loc 1 309 3 is_stmt 1 view .LVU188
 309:Core/Src/freertos.cpp **** 
 989              		.loc 1 309 20 is_stmt 0 view .LVU189
 990 0050 49AB     		add	r3, sp, #292
 991 0052 0022     		movs	r2, #0
 992 0054 1146     		mov	r1, r2
 993 0056 4EA8     		add	r0, sp, #312
 994 0058 FFF7FEFF 		bl	rclc_support_init
 995              	.LVL55:
 312:Core/Src/freertos.cpp **** 
 996              		.loc 1 312 3 is_stmt 1 view .LVU190
 312:Core/Src/freertos.cpp **** 
 997              		.loc 1 312 25 is_stmt 0 view .LVU191
 998 005c 4EAB     		add	r3, sp, #312
 999 005e A74A     		ldr	r2, .L76+68
 1000 0060 A749     		ldr	r1, .L76+72
 1001 0062 47A8     		add	r0, sp, #284
 1002 0064 FFF7FEFF 		bl	rclc_node_init_default
 1003              	.LVL56:
 315:Core/Src/freertos.cpp ****       ROSIDL_GET_MSG_TYPE_SUPPORT(std_msgs, msg, Float32), "automobile/encoder/speed");
 1004              		.loc 1 315 3 is_stmt 1 view .LVU192
 315:Core/Src/freertos.cpp ****       ROSIDL_GET_MSG_TYPE_SUPPORT(std_msgs, msg, Float32), "automobile/encoder/speed");
 1005              		.loc 1 315 30 is_stmt 0 view .LVU193
 1006 0068 FFF7FEFF 		bl	rosidl_typesupport_c__get_message_type_support_handle__std_msgs__msg__Float32
 1007              	.LVL57:
 1008 006c 0246     		mov	r2, r0
 315:Core/Src/freertos.cpp ****       ROSIDL_GET_MSG_TYPE_SUPPORT(std_msgs, msg, Float32), "automobile/encoder/speed");
 1009              		.loc 1 315 30 discriminator 1 view .LVU194
 1010 006e A54B     		ldr	r3, .L76+76
 1011 0070 47A9     		add	r1, sp, #284
 1012 0072 21A8     		add	r0, sp, #132
 1013 0074 FFF7FEFF 		bl	rclc_publisher_init_default
 1014              	.LVL58:
 317:Core/Src/freertos.cpp ****       ROSIDL_GET_MSG_TYPE_SUPPORT(std_msgs, msg, Float32), "automobile/encoder/distance");
 1015              		.loc 1 317 3 is_stmt 1 view .LVU195
 317:Core/Src/freertos.cpp ****       ROSIDL_GET_MSG_TYPE_SUPPORT(std_msgs, msg, Float32), "automobile/encoder/distance");
 1016              		.loc 1 317 30 is_stmt 0 view .LVU196
ARM GAS  /tmp/cczGdM5e.s 			page 35


 1017 0078 FFF7FEFF 		bl	rosidl_typesupport_c__get_message_type_support_handle__std_msgs__msg__Float32
 1018              	.LVL59:
 1019 007c 0246     		mov	r2, r0
 317:Core/Src/freertos.cpp ****       ROSIDL_GET_MSG_TYPE_SUPPORT(std_msgs, msg, Float32), "automobile/encoder/distance");
 1020              		.loc 1 317 30 discriminator 1 view .LVU197
 1021 007e A24B     		ldr	r3, .L76+80
 1022 0080 47A9     		add	r1, sp, #284
 1023 0082 20A8     		add	r0, sp, #128
 1024 0084 FFF7FEFF 		bl	rclc_publisher_init_default
 1025              	.LVL60:
 319:Core/Src/freertos.cpp ****           ROSIDL_GET_MSG_TYPE_SUPPORT(std_msgs, msg, Bool), "automobile/feedback/position");
 1026              		.loc 1 319 3 is_stmt 1 view .LVU198
 319:Core/Src/freertos.cpp ****           ROSIDL_GET_MSG_TYPE_SUPPORT(std_msgs, msg, Bool), "automobile/feedback/position");
 1027              		.loc 1 319 30 is_stmt 0 view .LVU199
 1028 0088 FFF7FEFF 		bl	rosidl_typesupport_c__get_message_type_support_handle__std_msgs__msg__Bool
 1029              	.LVL61:
 1030 008c 0246     		mov	r2, r0
 319:Core/Src/freertos.cpp ****           ROSIDL_GET_MSG_TYPE_SUPPORT(std_msgs, msg, Bool), "automobile/feedback/position");
 1031              		.loc 1 319 30 discriminator 1 view .LVU200
 1032 008e 9F4B     		ldr	r3, .L76+84
 1033 0090 47A9     		add	r1, sp, #284
 1034 0092 1EA8     		add	r0, sp, #120
 1035 0094 FFF7FEFF 		bl	rclc_publisher_init_default
 1036              	.LVL62:
 321:Core/Src/freertos.cpp ****             ROSIDL_GET_MSG_TYPE_SUPPORT(std_msgs, msg, UInt8), "automobile/tof/front");
 1037              		.loc 1 321 3 is_stmt 1 view .LVU201
 321:Core/Src/freertos.cpp ****             ROSIDL_GET_MSG_TYPE_SUPPORT(std_msgs, msg, UInt8), "automobile/tof/front");
 1038              		.loc 1 321 30 is_stmt 0 view .LVU202
 1039 0098 FFF7FEFF 		bl	rosidl_typesupport_c__get_message_type_support_handle__std_msgs__msg__UInt8
 1040              	.LVL63:
 1041 009c 0246     		mov	r2, r0
 321:Core/Src/freertos.cpp ****             ROSIDL_GET_MSG_TYPE_SUPPORT(std_msgs, msg, UInt8), "automobile/tof/front");
 1042              		.loc 1 321 30 discriminator 1 view .LVU203
 1043 009e 9C4B     		ldr	r3, .L76+88
 1044 00a0 47A9     		add	r1, sp, #284
 1045 00a2 1DA8     		add	r0, sp, #116
 1046 00a4 FFF7FEFF 		bl	rclc_publisher_init_default
 1047              	.LVL64:
 323:Core/Src/freertos.cpp ****             ROSIDL_GET_MSG_TYPE_SUPPORT(std_msgs, msg, UInt8), "automobile/tof/left");
 1048              		.loc 1 323 3 is_stmt 1 view .LVU204
 323:Core/Src/freertos.cpp ****             ROSIDL_GET_MSG_TYPE_SUPPORT(std_msgs, msg, UInt8), "automobile/tof/left");
 1049              		.loc 1 323 30 is_stmt 0 view .LVU205
 1050 00a8 FFF7FEFF 		bl	rosidl_typesupport_c__get_message_type_support_handle__std_msgs__msg__UInt8
 1051              	.LVL65:
 1052 00ac 0246     		mov	r2, r0
 323:Core/Src/freertos.cpp ****             ROSIDL_GET_MSG_TYPE_SUPPORT(std_msgs, msg, UInt8), "automobile/tof/left");
 1053              		.loc 1 323 30 discriminator 1 view .LVU206
 1054 00ae 994B     		ldr	r3, .L76+92
 1055 00b0 47A9     		add	r1, sp, #284
 1056 00b2 1CA8     		add	r0, sp, #112
 1057 00b4 FFF7FEFF 		bl	rclc_publisher_init_default
 1058              	.LVL66:
 325:Core/Src/freertos.cpp ****             ROSIDL_GET_MSG_TYPE_SUPPORT(std_msgs, msg, UInt8), "automobile/tof/right");
 1059              		.loc 1 325 3 is_stmt 1 view .LVU207
 325:Core/Src/freertos.cpp ****             ROSIDL_GET_MSG_TYPE_SUPPORT(std_msgs, msg, UInt8), "automobile/tof/right");
 1060              		.loc 1 325 30 is_stmt 0 view .LVU208
 1061 00b8 FFF7FEFF 		bl	rosidl_typesupport_c__get_message_type_support_handle__std_msgs__msg__UInt8
ARM GAS  /tmp/cczGdM5e.s 			page 36


 1062              	.LVL67:
 1063 00bc 0246     		mov	r2, r0
 325:Core/Src/freertos.cpp ****             ROSIDL_GET_MSG_TYPE_SUPPORT(std_msgs, msg, UInt8), "automobile/tof/right");
 1064              		.loc 1 325 30 discriminator 1 view .LVU209
 1065 00be 964B     		ldr	r3, .L76+96
 1066 00c0 47A9     		add	r1, sp, #284
 1067 00c2 1BA8     		add	r0, sp, #108
 1068 00c4 FFF7FEFF 		bl	rclc_publisher_init_default
 1069              	.LVL68:
 327:Core/Src/freertos.cpp ****             ROSIDL_GET_MSG_TYPE_SUPPORT(std_msgs, msg, UInt8), "automobile/tof/back");
 1070              		.loc 1 327 3 is_stmt 1 view .LVU210
 327:Core/Src/freertos.cpp ****             ROSIDL_GET_MSG_TYPE_SUPPORT(std_msgs, msg, UInt8), "automobile/tof/back");
 1071              		.loc 1 327 30 is_stmt 0 view .LVU211
 1072 00c8 FFF7FEFF 		bl	rosidl_typesupport_c__get_message_type_support_handle__std_msgs__msg__UInt8
 1073              	.LVL69:
 1074 00cc 0246     		mov	r2, r0
 327:Core/Src/freertos.cpp ****             ROSIDL_GET_MSG_TYPE_SUPPORT(std_msgs, msg, UInt8), "automobile/tof/back");
 1075              		.loc 1 327 30 discriminator 1 view .LVU212
 1076 00ce 934B     		ldr	r3, .L76+100
 1077 00d0 47A9     		add	r1, sp, #284
 1078 00d2 1AA8     		add	r0, sp, #104
 1079 00d4 FFF7FEFF 		bl	rclc_publisher_init_default
 1080              	.LVL70:
 329:Core/Src/freertos.cpp ****       ROSIDL_GET_MSG_TYPE_SUPPORT(std_msgs, msg, Float32),"automobile/encoder/acceleration");
 1081              		.loc 1 329 3 is_stmt 1 view .LVU213
 329:Core/Src/freertos.cpp ****       ROSIDL_GET_MSG_TYPE_SUPPORT(std_msgs, msg, Float32),"automobile/encoder/acceleration");
 1082              		.loc 1 329 30 is_stmt 0 view .LVU214
 1083 00d8 FFF7FEFF 		bl	rosidl_typesupport_c__get_message_type_support_handle__std_msgs__msg__Float32
 1084              	.LVL71:
 1085 00dc 0246     		mov	r2, r0
 329:Core/Src/freertos.cpp ****       ROSIDL_GET_MSG_TYPE_SUPPORT(std_msgs, msg, Float32),"automobile/encoder/acceleration");
 1086              		.loc 1 329 30 discriminator 1 view .LVU215
 1087 00de 904B     		ldr	r3, .L76+104
 1088 00e0 47A9     		add	r1, sp, #284
 1089 00e2 1FA8     		add	r0, sp, #124
 1090 00e4 FFF7FEFF 		bl	rclc_publisher_init_default
 1091              	.LVL72:
 333:Core/Src/freertos.cpp ****       ROSIDL_GET_MSG_TYPE_SUPPORT(std_msgs, msg, Float32), "automobile/command/speed");
 1092              		.loc 1 333 3 is_stmt 1 view .LVU216
 333:Core/Src/freertos.cpp ****       ROSIDL_GET_MSG_TYPE_SUPPORT(std_msgs, msg, Float32), "automobile/command/speed");
 1093              		.loc 1 333 33 is_stmt 0 view .LVU217
 1094 00e8 FFF7FEFF 		bl	rosidl_typesupport_c__get_message_type_support_handle__std_msgs__msg__Float32
 1095              	.LVL73:
 1096 00ec 0246     		mov	r2, r0
 333:Core/Src/freertos.cpp ****       ROSIDL_GET_MSG_TYPE_SUPPORT(std_msgs, msg, Float32), "automobile/command/speed");
 1097              		.loc 1 333 33 discriminator 1 view .LVU218
 1098 00ee 8D4B     		ldr	r3, .L76+108
 1099 00f0 47A9     		add	r1, sp, #284
 1100 00f2 19A8     		add	r0, sp, #100
 1101 00f4 FFF7FEFF 		bl	rclc_subscription_init_default
 1102              	.LVL74:
 335:Core/Src/freertos.cpp ****       ROSIDL_GET_MSG_TYPE_SUPPORT(std_msgs, msg, Float32), "automobile/command/steer");
 1103              		.loc 1 335 3 is_stmt 1 view .LVU219
 335:Core/Src/freertos.cpp ****       ROSIDL_GET_MSG_TYPE_SUPPORT(std_msgs, msg, Float32), "automobile/command/steer");
 1104              		.loc 1 335 33 is_stmt 0 view .LVU220
 1105 00f8 FFF7FEFF 		bl	rosidl_typesupport_c__get_message_type_support_handle__std_msgs__msg__Float32
 1106              	.LVL75:
ARM GAS  /tmp/cczGdM5e.s 			page 37


 1107 00fc 0246     		mov	r2, r0
 335:Core/Src/freertos.cpp ****       ROSIDL_GET_MSG_TYPE_SUPPORT(std_msgs, msg, Float32), "automobile/command/steer");
 1108              		.loc 1 335 33 discriminator 1 view .LVU221
 1109 00fe 8A4B     		ldr	r3, .L76+112
 1110 0100 47A9     		add	r1, sp, #284
 1111 0102 18A8     		add	r0, sp, #96
 1112 0104 FFF7FEFF 		bl	rclc_subscription_init_default
 1113              	.LVL76:
 337:Core/Src/freertos.cpp ****        ROSIDL_GET_MSG_TYPE_SUPPORT(std_msgs, msg, Float32), "automobile/command/position");
 1114              		.loc 1 337 3 is_stmt 1 view .LVU222
 337:Core/Src/freertos.cpp ****        ROSIDL_GET_MSG_TYPE_SUPPORT(std_msgs, msg, Float32), "automobile/command/position");
 1115              		.loc 1 337 33 is_stmt 0 view .LVU223
 1116 0108 FFF7FEFF 		bl	rosidl_typesupport_c__get_message_type_support_handle__std_msgs__msg__Float32
 1117              	.LVL77:
 1118 010c 0246     		mov	r2, r0
 337:Core/Src/freertos.cpp ****        ROSIDL_GET_MSG_TYPE_SUPPORT(std_msgs, msg, Float32), "automobile/command/position");
 1119              		.loc 1 337 33 discriminator 1 view .LVU224
 1120 010e 874B     		ldr	r3, .L76+116
 1121 0110 47A9     		add	r1, sp, #284
 1122 0112 17A8     		add	r0, sp, #92
 1123 0114 FFF7FEFF 		bl	rclc_subscription_init_default
 1124              	.LVL78:
 339:Core/Src/freertos.cpp ****        ROSIDL_GET_MSG_TYPE_SUPPORT(std_msgs, msg, Float32), "automobile/command/stop");
 1125              		.loc 1 339 3 is_stmt 1 view .LVU225
 339:Core/Src/freertos.cpp ****        ROSIDL_GET_MSG_TYPE_SUPPORT(std_msgs, msg, Float32), "automobile/command/stop");
 1126              		.loc 1 339 33 is_stmt 0 view .LVU226
 1127 0118 FFF7FEFF 		bl	rosidl_typesupport_c__get_message_type_support_handle__std_msgs__msg__Float32
 1128              	.LVL79:
 1129 011c 0246     		mov	r2, r0
 339:Core/Src/freertos.cpp ****        ROSIDL_GET_MSG_TYPE_SUPPORT(std_msgs, msg, Float32), "automobile/command/stop");
 1130              		.loc 1 339 33 discriminator 1 view .LVU227
 1131 011e 844B     		ldr	r3, .L76+120
 1132 0120 47A9     		add	r1, sp, #284
 1133 0122 16A8     		add	r0, sp, #88
 1134 0124 FFF7FEFF 		bl	rclc_subscription_init_default
 1135              	.LVL80:
 343:Core/Src/freertos.cpp ****        ROSIDL_GET_MSG_TYPE_SUPPORT(std_msgs, msg, Bool), "automobile/led");
 1136              		.loc 1 343 3 is_stmt 1 view .LVU228
 343:Core/Src/freertos.cpp ****        ROSIDL_GET_MSG_TYPE_SUPPORT(std_msgs, msg, Bool), "automobile/led");
 1137              		.loc 1 343 33 is_stmt 0 view .LVU229
 1138 0128 FFF7FEFF 		bl	rosidl_typesupport_c__get_message_type_support_handle__std_msgs__msg__Bool
 1139              	.LVL81:
 1140 012c 0246     		mov	r2, r0
 343:Core/Src/freertos.cpp ****        ROSIDL_GET_MSG_TYPE_SUPPORT(std_msgs, msg, Bool), "automobile/led");
 1141              		.loc 1 343 33 discriminator 1 view .LVU230
 1142 012e 814B     		ldr	r3, .L76+124
 1143 0130 47A9     		add	r1, sp, #284
 1144 0132 15A8     		add	r0, sp, #84
 1145 0134 FFF7FEFF 		bl	rclc_subscription_init_default
 1146              	.LVL82:
 346:Core/Src/freertos.cpp **** 
 1147              		.loc 1 346 3 is_stmt 1 view .LVU231
 346:Core/Src/freertos.cpp **** 
 1148              		.loc 1 346 21 is_stmt 0 view .LVU232
 1149 0138 49AB     		add	r3, sp, #292
 1150 013a 0522     		movs	r2, #5
 1151 013c 4EA9     		add	r1, sp, #312
ARM GAS  /tmp/cczGdM5e.s 			page 38


 1152 013e 22A8     		add	r0, sp, #136
 1153 0140 FFF7FEFF 		bl	rclc_executor_init
 1154              	.LVL83:
 348:Core/Src/freertos.cpp ****   rclc_executor_add_subscription(&executor, &steer_sub, &steer_msg_in, &steer_callback, ON_NEW_DATA
 1155              		.loc 1 348 3 is_stmt 1 view .LVU233
 348:Core/Src/freertos.cpp ****   rclc_executor_add_subscription(&executor, &steer_sub, &steer_msg_in, &steer_callback, ON_NEW_DATA
 1156              		.loc 1 348 33 is_stmt 0 view .LVU234
 1157 0144 0024     		movs	r4, #0
 1158 0146 0094     		str	r4, [sp]
 1159 0148 7B4B     		ldr	r3, .L76+128
 1160 014a 14AA     		add	r2, sp, #80
 1161 014c 19A9     		add	r1, sp, #100
 1162 014e 22A8     		add	r0, sp, #136
 1163 0150 FFF7FEFF 		bl	rclc_executor_add_subscription
 1164              	.LVL84:
 349:Core/Src/freertos.cpp ****   rclc_executor_add_subscription(&executor, &pos_sub, &pos_msg_in, &pos_callback, ON_NEW_DATA);
 1165              		.loc 1 349 3 is_stmt 1 view .LVU235
 349:Core/Src/freertos.cpp ****   rclc_executor_add_subscription(&executor, &pos_sub, &pos_msg_in, &pos_callback, ON_NEW_DATA);
 1166              		.loc 1 349 33 is_stmt 0 view .LVU236
 1167 0154 0094     		str	r4, [sp]
 1168 0156 794B     		ldr	r3, .L76+132
 1169 0158 13AA     		add	r2, sp, #76
 1170 015a 18A9     		add	r1, sp, #96
 1171 015c 22A8     		add	r0, sp, #136
 1172 015e FFF7FEFF 		bl	rclc_executor_add_subscription
 1173              	.LVL85:
 350:Core/Src/freertos.cpp ****   rclc_executor_add_subscription(&executor, &stop_sub, &stop_msg_in, &stop_callback, ON_NEW_DATA);
 1174              		.loc 1 350 3 is_stmt 1 view .LVU237
 350:Core/Src/freertos.cpp ****   rclc_executor_add_subscription(&executor, &stop_sub, &stop_msg_in, &stop_callback, ON_NEW_DATA);
 1175              		.loc 1 350 33 is_stmt 0 view .LVU238
 1176 0162 0094     		str	r4, [sp]
 1177 0164 764B     		ldr	r3, .L76+136
 1178 0166 12AA     		add	r2, sp, #72
 1179 0168 17A9     		add	r1, sp, #92
 1180 016a 22A8     		add	r0, sp, #136
 1181 016c FFF7FEFF 		bl	rclc_executor_add_subscription
 1182              	.LVL86:
 351:Core/Src/freertos.cpp ****   //rclc_executor_add_subscription(&executor, &checkEmergencyBrakeArena_sub, &checkEmergencyBrakeAr
 1183              		.loc 1 351 3 is_stmt 1 view .LVU239
 351:Core/Src/freertos.cpp ****   //rclc_executor_add_subscription(&executor, &checkEmergencyBrakeArena_sub, &checkEmergencyBrakeAr
 1184              		.loc 1 351 33 is_stmt 0 view .LVU240
 1185 0170 0094     		str	r4, [sp]
 1186 0172 744B     		ldr	r3, .L76+140
 1187 0174 11AA     		add	r2, sp, #68
 1188 0176 16A9     		add	r1, sp, #88
 1189 0178 22A8     		add	r0, sp, #136
 1190 017a FFF7FEFF 		bl	rclc_executor_add_subscription
 1191              	.LVL87:
 353:Core/Src/freertos.cpp **** 
 1192              		.loc 1 353 3 is_stmt 1 view .LVU241
 353:Core/Src/freertos.cpp **** 
 1193              		.loc 1 353 33 is_stmt 0 view .LVU242
 1194 017e 0094     		str	r4, [sp]
 1195 0180 714B     		ldr	r3, .L76+144
 1196 0182 10AA     		add	r2, sp, #64
 1197 0184 15A9     		add	r1, sp, #84
 1198 0186 22A8     		add	r0, sp, #136
ARM GAS  /tmp/cczGdM5e.s 			page 39


 1199 0188 FFF7FEFF 		bl	rclc_executor_add_subscription
 1200              	.LVL88:
 356:Core/Src/freertos.cpp ****   std_msgs__msg__Float32__init(&steer_msg_in);
 1201              		.loc 1 356 3 is_stmt 1 view .LVU243
 356:Core/Src/freertos.cpp ****   std_msgs__msg__Float32__init(&steer_msg_in);
 1202              		.loc 1 356 31 is_stmt 0 view .LVU244
 1203 018c 14A8     		add	r0, sp, #80
 1204 018e FFF7FEFF 		bl	std_msgs__msg__Float32__init
 1205              	.LVL89:
 357:Core/Src/freertos.cpp ****   std_msgs__msg__Float32__init(&pos_msg_in);
 1206              		.loc 1 357 3 is_stmt 1 view .LVU245
 357:Core/Src/freertos.cpp ****   std_msgs__msg__Float32__init(&pos_msg_in);
 1207              		.loc 1 357 31 is_stmt 0 view .LVU246
 1208 0192 13A8     		add	r0, sp, #76
 1209 0194 FFF7FEFF 		bl	std_msgs__msg__Float32__init
 1210              	.LVL90:
 358:Core/Src/freertos.cpp ****   std_msgs__msg__Float32__init(&stop_msg_in);
 1211              		.loc 1 358 3 is_stmt 1 view .LVU247
 358:Core/Src/freertos.cpp ****   std_msgs__msg__Float32__init(&stop_msg_in);
 1212              		.loc 1 358 31 is_stmt 0 view .LVU248
 1213 0198 12A8     		add	r0, sp, #72
 1214 019a FFF7FEFF 		bl	std_msgs__msg__Float32__init
 1215              	.LVL91:
 359:Core/Src/freertos.cpp ****   //std_msgs__msg__Bool__init(&checkEmergencyBrakeArena_msg_in);
 1216              		.loc 1 359 3 is_stmt 1 view .LVU249
 359:Core/Src/freertos.cpp ****   //std_msgs__msg__Bool__init(&checkEmergencyBrakeArena_msg_in);
 1217              		.loc 1 359 31 is_stmt 0 view .LVU250
 1218 019e 11A8     		add	r0, sp, #68
 1219 01a0 FFF7FEFF 		bl	std_msgs__msg__Float32__init
 1220              	.LVL92:
 361:Core/Src/freertos.cpp **** 
 1221              		.loc 1 361 3 is_stmt 1 view .LVU251
 361:Core/Src/freertos.cpp **** 
 1222              		.loc 1 361 28 is_stmt 0 view .LVU252
 1223 01a4 10A8     		add	r0, sp, #64
 1224 01a6 FFF7FEFF 		bl	std_msgs__msg__Bool__init
 1225              	.LVL93:
 363:Core/Src/freertos.cpp ****   SpeedController.SetOutputLimits(-0.009, 0.0119);// PWM Output limits
 1226              		.loc 1 363 3 is_stmt 1 view .LVU253
 363:Core/Src/freertos.cpp ****   SpeedController.SetOutputLimits(-0.009, 0.0119);// PWM Output limits
 1227              		.loc 1 363 26 is_stmt 0 view .LVU254
 1228 01aa 684D     		ldr	r5, .L76+148
 1229 01ac 0121     		movs	r1, #1
 1230 01ae 2846     		mov	r0, r5
 1231 01b0 FFF7FEFF 		bl	_ZN3PID7SetModeE15PIDMode_TypeDef
 1232              	.LVL94:
 364:Core/Src/freertos.cpp ****   SpeedController.SetSampleTime(samplingPID);// set sample time in [ms]
 1233              		.loc 1 364 3 is_stmt 1 view .LVU255
 364:Core/Src/freertos.cpp ****   SpeedController.SetSampleTime(samplingPID);// set sample time in [ms]
 1234              		.loc 1 364 34 is_stmt 0 view .LVU256
 1235 01b4 9FED401B 		vldr.64	d1, .L76
 1236 01b8 9FED410B 		vldr.64	d0, .L76+8
 1237 01bc 2846     		mov	r0, r5
 1238 01be FFF7FEFF 		bl	_ZN3PID15SetOutputLimitsEdd
 1239              	.LVL95:
 365:Core/Src/freertos.cpp ****   SpeedController.EnableProportionalFilter(true);
 1240              		.loc 1 365 3 is_stmt 1 view .LVU257
ARM GAS  /tmp/cczGdM5e.s 			page 40


 365:Core/Src/freertos.cpp ****   SpeedController.EnableProportionalFilter(true);
 1241              		.loc 1 365 32 is_stmt 0 view .LVU258
 1242 01c2 634F     		ldr	r7, .L76+152
 1243 01c4 3978     		ldrb	r1, [r7]	@ zero_extendqisi2
 1244 01c6 2846     		mov	r0, r5
 1245 01c8 FFF7FEFF 		bl	_ZN3PID13SetSampleTimeEl
 1246              	.LVL96:
 366:Core/Src/freertos.cpp ****   SpeedController.UseIFilter(true);
 1247              		.loc 1 366 3 is_stmt 1 view .LVU259
 1248              	.LBB18:
 1249              	.LBI18:
 1250              		.file 2 "Core/Inc/pid.h"
   1:Core/Inc/pid.h ****  /*
   2:Core/Inc/pid.h **** ------------------------------------------------------------------------------
   3:Core/Inc/pid.h **** ~ File   : pid.h
   4:Core/Inc/pid.h **** ~ Author : Majid Derhambakhsh
   5:Core/Inc/pid.h **** ~ Version: V1.0.0
   6:Core/Inc/pid.h **** ~ Created: 06/12/2021 05:00:00 PM
   7:Core/Inc/pid.h **** ~ Brief  :
   8:Core/Inc/pid.h **** ~ Support:
   9:Core/Inc/pid.h **** 		   E-Mail : Majid.do16@gmail.com (subject : Embedded Library Support)
  10:Core/Inc/pid.h **** 
  11:Core/Inc/pid.h **** 		   Github : https://github.com/Majid-Derhambakhsh
  12:Core/Inc/pid.h **** ------------------------------------------------------------------------------
  13:Core/Inc/pid.h **** ~ Description:      CPP version
  14:Core/Inc/pid.h **** 
  15:Core/Inc/pid.h **** ~ Attention  :
  16:Core/Inc/pid.h **** 
  17:Core/Inc/pid.h **** ~ Changes    :
  18:Core/Inc/pid.h **** ------------------------------------------------------------------------------
  19:Core/Inc/pid.h **** */
  20:Core/Inc/pid.h **** 
  21:Core/Inc/pid.h **** #ifndef __PID_H_
  22:Core/Inc/pid.h **** #define __PID_H_
  23:Core/Inc/pid.h **** 
  24:Core/Inc/pid.h **** /* ~~~~~~~~~~~~~~~~~~~~~~~~~~~~~~~~~~~~~~~~~~~~~~~~~~~~~~~~~~ Include ~~~~~~~~~~~~~~~~~~~~~~~~~~~~~
  25:Core/Inc/pid.h **** #include <stdint.h>
  26:Core/Inc/pid.h **** #include <string.h>
  27:Core/Inc/pid.h **** 
  28:Core/Inc/pid.h **** /* ------------------------------------------------------------------ */
  29:Core/Inc/pid.h **** 
  30:Core/Inc/pid.h **** #ifdef __CODEVISIONAVR__  /* Check compiler */
  31:Core/Inc/pid.h **** 
  32:Core/Inc/pid.h **** #pragma warn_unref_func- /* Disable 'unused function' warning */
  33:Core/Inc/pid.h **** 
  34:Core/Inc/pid.h **** /* ------------------------------------------------------------------ */
  35:Core/Inc/pid.h **** 
  36:Core/Inc/pid.h **** #elif defined(__GNUC__) && !defined(USE_HAL_DRIVER)  /* Check compiler */
  37:Core/Inc/pid.h **** 
  38:Core/Inc/pid.h **** #pragma GCC diagnostic ignored "-Wunused-function" /* Disable 'unused function' warning */
  39:Core/Inc/pid.h **** 
  40:Core/Inc/pid.h **** /* ------------------------------------------------------------------ */
  41:Core/Inc/pid.h **** 
  42:Core/Inc/pid.h **** #elif defined(USE_HAL_DRIVER)  /* Check driver */
  43:Core/Inc/pid.h **** 
  44:Core/Inc/pid.h **** 	#include "main.h"
  45:Core/Inc/pid.h **** 
ARM GAS  /tmp/cczGdM5e.s 			page 41


  46:Core/Inc/pid.h **** 	/* --------------- Check Mainstream series --------------- */
  47:Core/Inc/pid.h **** 
  48:Core/Inc/pid.h **** 	#ifdef STM32F0
  49:Core/Inc/pid.h **** 		#include "stm32f0xx_hal.h"       /* Import HAL library */
  50:Core/Inc/pid.h **** 	#elif defined(STM32F1)
  51:Core/Inc/pid.h **** 		#include "stm32f1xx_hal.h"       /* Import HAL library */
  52:Core/Inc/pid.h **** 	#elif defined(STM32F2)
  53:Core/Inc/pid.h **** 		#include "stm32f2xx_hal.h"       /* Import HAL library */
  54:Core/Inc/pid.h **** 	#elif defined(STM32F3)
  55:Core/Inc/pid.h **** 		#include "stm32f3xx_hal.h"       /* Import HAL library */
  56:Core/Inc/pid.h **** 	#elif defined(STM32F4)
  57:Core/Inc/pid.h **** 		#include "stm32f4xx_hal.h"       /* Import HAL library */
  58:Core/Inc/pid.h **** 	#elif defined(STM32F7)
  59:Core/Inc/pid.h **** 		#include "stm32f7xx_hal.h"       /* Import HAL library */
  60:Core/Inc/pid.h **** 	#elif defined(STM32G0)
  61:Core/Inc/pid.h **** 		#include "stm32g0xx_hal.h"       /* Import HAL library */
  62:Core/Inc/pid.h **** 	#elif defined(STM32G4)
  63:Core/Inc/pid.h **** 		#include "stm32g4xx_hal.h"       /* Import HAL library */
  64:Core/Inc/pid.h **** 
  65:Core/Inc/pid.h **** 	/* ------------ Check High Performance series ------------ */
  66:Core/Inc/pid.h **** 
  67:Core/Inc/pid.h **** 	#elif defined(STM32H7)
  68:Core/Inc/pid.h **** 		#include "stm32h7xx_hal.h"       /* Import HAL library */
  69:Core/Inc/pid.h **** 
  70:Core/Inc/pid.h **** 	/* ------------ Check Ultra low power series ------------- */
  71:Core/Inc/pid.h **** 
  72:Core/Inc/pid.h **** 	#elif defined(STM32L0)
  73:Core/Inc/pid.h **** 		#include "stm32l0xx_hal.h"       /* Import HAL library */
  74:Core/Inc/pid.h **** 	#elif defined(STM32L1)
  75:Core/Inc/pid.h **** 		#include "stm32l1xx_hal.h"       /* Import HAL library */
  76:Core/Inc/pid.h **** 	#elif defined(STM32L5)
  77:Core/Inc/pid.h **** 		#include "stm32l5xx_hal.h"       /* Import HAL library */
  78:Core/Inc/pid.h **** 	#elif defined(STM32L4)
  79:Core/Inc/pid.h **** 		#include "stm32l4xx_hal.h"       /* Import HAL library */
  80:Core/Inc/pid.h **** 	#elif defined(STM32H7)
  81:Core/Inc/pid.h **** 		#include "stm32h7xx_hal.h"       /* Import HAL library */
  82:Core/Inc/pid.h **** 	#else
  83:Core/Inc/pid.h **** 	#endif /* STM32F1 */
  84:Core/Inc/pid.h **** 
  85:Core/Inc/pid.h **** 	/* ------------------------------------------------------- */
  86:Core/Inc/pid.h **** 
  87:Core/Inc/pid.h **** 	#if defined ( __ICCARM__ ) /* ICCARM Compiler */
  88:Core/Inc/pid.h **** 
  89:Core/Inc/pid.h **** 	#pragma diag_suppress=Pe177   /* Disable 'unused function' warning */
  90:Core/Inc/pid.h **** 
  91:Core/Inc/pid.h **** 	#elif defined   (  __GNUC__  ) /* GNU Compiler */
  92:Core/Inc/pid.h **** 
  93:Core/Inc/pid.h **** 	#pragma diag_suppress 177     /* Disable 'unused function' warning */
  94:Core/Inc/pid.h **** 
  95:Core/Inc/pid.h **** 	#endif /* __ICCARM__ */
  96:Core/Inc/pid.h **** 
  97:Core/Inc/pid.h **** /* ------------------------------------------------------------------ */
  98:Core/Inc/pid.h **** 
  99:Core/Inc/pid.h **** #else                     /* Compiler not found */
 100:Core/Inc/pid.h **** 
 101:Core/Inc/pid.h **** #error Chip or Library not supported  /* Send error */
 102:Core/Inc/pid.h **** 
ARM GAS  /tmp/cczGdM5e.s 			page 42


 103:Core/Inc/pid.h **** #endif /* __CODEVISIONAVR__ */
 104:Core/Inc/pid.h **** 
 105:Core/Inc/pid.h **** /* ------------------------------------------------------------------ */
 106:Core/Inc/pid.h **** 
 107:Core/Inc/pid.h **** /* ~~~~~~~~~~~~~~~~~~~~~~~~~~~~~~~~~~~~~~~~~~~~~~~~~~~~~~~~~~ Defines ~~~~~~~~~~~~~~~~~~~~~~~~~~~~~
 108:Core/Inc/pid.h **** /* ------------------------ Library ------------------------ */
 109:Core/Inc/pid.h **** #define _PID_LIBRARY_VERSION    1.0.0
 110:Core/Inc/pid.h **** 
 111:Core/Inc/pid.h **** /* ------------------------ Public ------------------------- */
 112:Core/Inc/pid.h **** #define _PID_8BIT_PWM_MAX       UINT8_MAX
 113:Core/Inc/pid.h **** #define _PID_SAMPLE_TIME_MS_DEF 100
 114:Core/Inc/pid.h **** 
 115:Core/Inc/pid.h **** #ifndef _FALSE
 116:Core/Inc/pid.h **** 
 117:Core/Inc/pid.h **** 	#define _FALSE 0
 118:Core/Inc/pid.h **** 
 119:Core/Inc/pid.h **** #endif
 120:Core/Inc/pid.h **** 
 121:Core/Inc/pid.h **** #ifndef _TRUE
 122:Core/Inc/pid.h **** 
 123:Core/Inc/pid.h **** 	#define _TRUE 1
 124:Core/Inc/pid.h **** 
 125:Core/Inc/pid.h **** #endif
 126:Core/Inc/pid.h **** 
 127:Core/Inc/pid.h **** /* ---------------------- By compiler ---------------------- */
 128:Core/Inc/pid.h **** #ifndef GetTime
 129:Core/Inc/pid.h **** 
 130:Core/Inc/pid.h **** 	/* ---------------------- By compiler ---------------------- */
 131:Core/Inc/pid.h **** 
 132:Core/Inc/pid.h **** 	#ifdef __CODEVISIONAVR__  /* Check compiler */
 133:Core/Inc/pid.h **** 
 134:Core/Inc/pid.h **** 		#define GetTime()   0
 135:Core/Inc/pid.h **** 
 136:Core/Inc/pid.h **** 	/* ------------------------------------------------------------------ */
 137:Core/Inc/pid.h **** 
 138:Core/Inc/pid.h **** 	#elif defined(__GNUC__) && !defined(USE_HAL_DRIVER)  /* Check compiler */
 139:Core/Inc/pid.h **** 
 140:Core/Inc/pid.h **** 		#define GetTime()   0
 141:Core/Inc/pid.h **** 
 142:Core/Inc/pid.h **** 	/* ------------------------------------------------------------------ */
 143:Core/Inc/pid.h **** 
 144:Core/Inc/pid.h **** 	#elif defined(USE_HAL_DRIVER)  /* Check driver */
 145:Core/Inc/pid.h **** 
 146:Core/Inc/pid.h **** 		#define GetTime()   HAL_GetTick()
 147:Core/Inc/pid.h **** 
 148:Core/Inc/pid.h **** 	/* ------------------------------------------------------------------ */
 149:Core/Inc/pid.h **** 
 150:Core/Inc/pid.h **** 	#else
 151:Core/Inc/pid.h **** 	#endif /* __CODEVISIONAVR__ */
 152:Core/Inc/pid.h **** 	/* ------------------------------------------------------------------ */
 153:Core/Inc/pid.h **** 
 154:Core/Inc/pid.h **** #endif
 155:Core/Inc/pid.h **** 
 156:Core/Inc/pid.h **** /* --------------------------------------------------------- */
 157:Core/Inc/pid.h **** 
 158:Core/Inc/pid.h **** /* ~~~~~~~~~~~~~~~~~~~~~~~~~~~~~~~~~~~~~~~~~~~~~~~~~~~~~~~~~~~ Types ~~~~~~~~~~~~~~~~~~~~~~~~~~~~~~
 159:Core/Inc/pid.h **** /* PID Mode */
ARM GAS  /tmp/cczGdM5e.s 			page 43


 160:Core/Inc/pid.h **** typedef enum
 161:Core/Inc/pid.h **** {
 162:Core/Inc/pid.h **** 	
 163:Core/Inc/pid.h **** 	_PID_MODE_MANUAL    = 0,
 164:Core/Inc/pid.h **** 	_PID_MODE_AUTOMATIC = 1
 165:Core/Inc/pid.h **** 	
 166:Core/Inc/pid.h **** }PIDMode_TypeDef;
 167:Core/Inc/pid.h **** 
 168:Core/Inc/pid.h **** /* PID P On x */
 169:Core/Inc/pid.h **** typedef enum
 170:Core/Inc/pid.h **** {
 171:Core/Inc/pid.h **** 	
 172:Core/Inc/pid.h **** 	_PID_P_ON_M = 0, /* Proportional on Measurement */
 173:Core/Inc/pid.h **** 	_PID_P_ON_E = 1
 174:Core/Inc/pid.h **** 	
 175:Core/Inc/pid.h **** }PIDPON_TypeDef;
 176:Core/Inc/pid.h **** 
 177:Core/Inc/pid.h **** /* PID Control direction */
 178:Core/Inc/pid.h **** typedef enum
 179:Core/Inc/pid.h **** {
 180:Core/Inc/pid.h **** 	
 181:Core/Inc/pid.h **** 	_PID_CD_DIRECT  = 0,
 182:Core/Inc/pid.h **** 	_PID_CD_REVERSE = 1
 183:Core/Inc/pid.h **** 	
 184:Core/Inc/pid.h **** }PIDCD_TypeDef;
 185:Core/Inc/pid.h **** 
 186:Core/Inc/pid.h **** /* ~~~~~~~~~~~~~~~~~~~~~~~~~~~~~~~~~~~~~~~~~~~~~~~~~~~~~~~~~ Variables ~~~~~~~~~~~~~~~~~~~~~~~~~~~~
 187:Core/Inc/pid.h **** /* ~~~~~~~~~~~~~~~~~~~~~~~~~~~~~~~~~~~~~~~~~~~~~~~~~~~~~~~~~~~ Enum ~~~~~~~~~~~~~~~~~~~~~~~~~~~~~~~
 188:Core/Inc/pid.h **** /* ~~~~~~~~~~~~~~~~~~~~~~~~~~~~~~~~~~~~~~~~~~~~~~~~~~~~~~~~~~ Struct ~~~~~~~~~~~~~~~~~~~~~~~~~~~~~~
 189:Core/Inc/pid.h **** /* ~~~~~~~~~~~~~~~~~~~~~~~~~~~~~~~~~~~~~~~~~~~~~~~~~~~~~~~~~~~ Class ~~~~~~~~~~~~~~~~~~~~~~~~~~~~~~
 190:Core/Inc/pid.h **** class PID
 191:Core/Inc/pid.h **** {
 192:Core/Inc/pid.h **** 	
 193:Core/Inc/pid.h **** 	private:
 194:Core/Inc/pid.h **** 	
 195:Core/Inc/pid.h **** 	PIDPON_TypeDef  _pOnE;
 196:Core/Inc/pid.h **** 	PIDMode_TypeDef _inAuto;
 197:Core/Inc/pid.h **** 
 198:Core/Inc/pid.h **** 	PIDPON_TypeDef  _pOn;
 199:Core/Inc/pid.h **** 	PIDCD_TypeDef   _controllerDirection;
 200:Core/Inc/pid.h **** 
 201:Core/Inc/pid.h **** 	uint32_t        _lastTime;
 202:Core/Inc/pid.h **** 	uint32_t        _sampleTime;
 203:Core/Inc/pid.h **** 
 204:Core/Inc/pid.h **** 	double          _dispKp;
 205:Core/Inc/pid.h **** 	double          _dispKi;
 206:Core/Inc/pid.h **** 	double          _dispKd;
 207:Core/Inc/pid.h **** 
 208:Core/Inc/pid.h **** 	double          _kp;
 209:Core/Inc/pid.h **** 	double          _ki;
 210:Core/Inc/pid.h **** 	double          _kd;
 211:Core/Inc/pid.h **** 
 212:Core/Inc/pid.h **** 	double          *_myInput;
 213:Core/Inc/pid.h **** 	double          *_myOutput;
 214:Core/Inc/pid.h **** 	double          *_mySetpoint;
 215:Core/Inc/pid.h **** 
 216:Core/Inc/pid.h **** 	double          _outputSum;
ARM GAS  /tmp/cczGdM5e.s 			page 44


 217:Core/Inc/pid.h **** 	double          _lastInput;
 218:Core/Inc/pid.h **** 
 219:Core/Inc/pid.h **** 	double          _outMin;
 220:Core/Inc/pid.h **** 	double          _outMax;
 221:Core/Inc/pid.h **** 	
 222:Core/Inc/pid.h ****     static const uint16_t  _P_FILTER_WINDOW = 3000;  // Fixed window size
 223:Core/Inc/pid.h ****     double          _pBuffer[_P_FILTER_WINDOW];      // Storage for P-term history
 224:Core/Inc/pid.h ****     uint16_t        _pBufferIndex;                   // Current position in buffer
 225:Core/Inc/pid.h ****     double          _pSum;                           // Running sum of buffer
 226:Core/Inc/pid.h ****     bool            _usePFilter;					 // Flag to enable/disable filtering
 227:Core/Inc/pid.h **** 
 228:Core/Inc/pid.h ****     /* Integral Filter */
 229:Core/Inc/pid.h ****     #define _I_FILTER_WINDOW 100
 230:Core/Inc/pid.h **** 
 231:Core/Inc/pid.h ****     double _iBuffer[_I_FILTER_WINDOW];
 232:Core/Inc/pid.h ****     uint8_t _iBufferIndex;
 233:Core/Inc/pid.h ****     double _iSum;
 234:Core/Inc/pid.h ****     bool _useIFilter;
 235:Core/Inc/pid.h **** 
 236:Core/Inc/pid.h **** 
 237:Core/Inc/pid.h **** 
 238:Core/Inc/pid.h **** 	public:
 239:Core/Inc/pid.h ****     void UseIFilter(bool enable);
 240:Core/Inc/pid.h **** 	
 241:Core/Inc/pid.h **** 	/* :::::::::: Constructor :::::::::: */
 242:Core/Inc/pid.h **** 	PID();
 243:Core/Inc/pid.h **** 	PID(double *Input, double *Output, double *Setpoint, double Kp, double Ki, double Kd, PIDPON_TypeD
 244:Core/Inc/pid.h **** 	PID(double *Input, double *Output, double *Setpoint, double Kp, double Ki, double Kd, PIDCD_TypeDe
 245:Core/Inc/pid.h **** 
 246:Core/Inc/pid.h **** 	/* :::::::::::::: Init ::::::::::::: */
 247:Core/Inc/pid.h **** 	void Init(void);
 248:Core/Inc/pid.h **** 	void Init(double *Input, double *Output, double *Setpoint, double Kp, double Ki, double Kd, PIDPON
 249:Core/Inc/pid.h **** 	void Init(double *Input, double *Output, double *Setpoint, double Kp, double Ki, double Kd, PIDCD_
 250:Core/Inc/pid.h **** 
 251:Core/Inc/pid.h **** 	/* ::::::::::: Computing ::::::::::: */
 252:Core/Inc/pid.h **** 	uint8_t Compute(void);
 253:Core/Inc/pid.h **** 
 254:Core/Inc/pid.h **** 	/* ::::::::::: PID Mode :::::::::::: */
 255:Core/Inc/pid.h **** 	void            SetMode(PIDMode_TypeDef Mode);
 256:Core/Inc/pid.h **** 	PIDMode_TypeDef GetMode(void);
 257:Core/Inc/pid.h **** 
 258:Core/Inc/pid.h **** 	/* :::::::::: PID Limits ::::::::::: */
 259:Core/Inc/pid.h **** 	void SetOutputLimits(double Min, double Max);
 260:Core/Inc/pid.h **** 
 261:Core/Inc/pid.h **** 	/* :::::::::: PID Tunings :::::::::: */
 262:Core/Inc/pid.h **** 	void SetTunings(double Kp, double Ki, double Kd);
 263:Core/Inc/pid.h **** 	void SetTunings(double Kp, double Ki, double Kd, PIDPON_TypeDef POn);
 264:Core/Inc/pid.h **** 
 265:Core/Inc/pid.h **** 	/* ::::::::: PID Direction ::::::::: */
 266:Core/Inc/pid.h **** 	void          SetControllerDirection(PIDCD_TypeDef Direction);
 267:Core/Inc/pid.h **** 	PIDCD_TypeDef GetDirection(void);
 268:Core/Inc/pid.h **** 
 269:Core/Inc/pid.h **** 	/* ::::::::: PID Sampling :::::::::: */
 270:Core/Inc/pid.h **** 	void SetSampleTime(int32_t NewSampleTime);
 271:Core/Inc/pid.h **** 
 272:Core/Inc/pid.h **** 	/* ::::::: Get Tunings Param ::::::: */
 273:Core/Inc/pid.h **** 	double GetKp(void);
ARM GAS  /tmp/cczGdM5e.s 			page 45


 274:Core/Inc/pid.h **** 	double GetKi(void);
 275:Core/Inc/pid.h **** 	double GetKd(void);
 276:Core/Inc/pid.h **** 	
 277:Core/Inc/pid.h **** 	/* ::::::: Proportional Filter ::::::: */
 278:Core/Inc/pid.h **** 	void EnableProportionalFilter(bool enable) { _usePFilter = enable; }
 1251              		.loc 2 278 7 view .LVU260
 1252              	.LBB19:
 1253              		.loc 2 278 47 view .LVU261
 1254              		.loc 2 278 59 is_stmt 0 view .LVU262
 1255 01cc 05F5A043 		add	r3, r5, #20480
 1256 01d0 0126     		movs	r6, #1
 1257 01d2 83F8406E 		strb	r6, [r3, #3648]
 1258              	.LVL97:
 1259              		.loc 2 278 59 view .LVU263
 1260              	.LBE19:
 1261              	.LBE18:
 367:Core/Src/freertos.cpp ****   //SpeedController.SetProportionalFilterWindow(0);
 1262              		.loc 1 367 3 is_stmt 1 view .LVU264
 367:Core/Src/freertos.cpp ****   //SpeedController.SetProportionalFilterWindow(0);
 1263              		.loc 1 367 29 is_stmt 0 view .LVU265
 1264 01d6 3146     		mov	r1, r6
 1265 01d8 2846     		mov	r0, r5
 1266 01da FFF7FEFF 		bl	_ZN3PID10UseIFilterEb
 1267              	.LVL98:
 371:Core/Src/freertos.cpp ****   PositionController.SetOutputLimits(-0.2, 0.2);// Speed Output limits [m/s]
 1268              		.loc 1 371 3 is_stmt 1 view .LVU266
 371:Core/Src/freertos.cpp ****   PositionController.SetOutputLimits(-0.2, 0.2);// Speed Output limits [m/s]
 1269              		.loc 1 371 29 is_stmt 0 view .LVU267
 1270 01de 5D4D     		ldr	r5, .L76+156
 1271 01e0 3146     		mov	r1, r6
 1272 01e2 2846     		mov	r0, r5
 1273 01e4 FFF7FEFF 		bl	_ZN3PID7SetModeE15PIDMode_TypeDef
 1274              	.LVL99:
 372:Core/Src/freertos.cpp ****   PositionController.SetSampleTime(samplingPID);// set sample time in [ms]
 1275              		.loc 1 372 3 is_stmt 1 view .LVU268
 372:Core/Src/freertos.cpp ****   PositionController.SetSampleTime(samplingPID);// set sample time in [ms]
 1276              		.loc 1 372 37 is_stmt 0 view .LVU269
 1277 01e8 9FED371B 		vldr.64	d1, .L76+16
 1278 01ec 9FED380B 		vldr.64	d0, .L76+24
 1279 01f0 2846     		mov	r0, r5
 1280 01f2 FFF7FEFF 		bl	_ZN3PID15SetOutputLimitsEdd
 1281              	.LVL100:
 373:Core/Src/freertos.cpp ****   PositionController.EnableProportionalFilter(false);
 1282              		.loc 1 373 3 is_stmt 1 view .LVU270
 373:Core/Src/freertos.cpp ****   PositionController.EnableProportionalFilter(false);
 1283              		.loc 1 373 35 is_stmt 0 view .LVU271
 1284 01f6 3978     		ldrb	r1, [r7]	@ zero_extendqisi2
 1285 01f8 2846     		mov	r0, r5
 1286 01fa FFF7FEFF 		bl	_ZN3PID13SetSampleTimeEl
 1287              	.LVL101:
 374:Core/Src/freertos.cpp **** 
 1288              		.loc 1 374 3 is_stmt 1 view .LVU272
 1289              	.LBB20:
 1290              	.LBI20:
 1291              		.loc 2 278 7 view .LVU273
 1292              	.LBB21:
 1293              		.loc 2 278 47 view .LVU274
ARM GAS  /tmp/cczGdM5e.s 			page 46


 1294              		.loc 2 278 59 is_stmt 0 view .LVU275
 1295 01fe 05F5A045 		add	r5, r5, #20480
 1296 0202 85F8404E 		strb	r4, [r5, #3648]
 1297              	.LVL102:
 1298              		.loc 2 278 59 view .LVU276
 1299              	.LBE21:
 1300              	.LBE20:
 378:Core/Src/freertos.cpp ****   tof_addr_mask_debug = TOF_GetAddressMask();
 1301              		.loc 1 378 3 is_stmt 1 view .LVU277
 378:Core/Src/freertos.cpp ****   tof_addr_mask_debug = TOF_GetAddressMask();
 1302              		.loc 1 378 30 is_stmt 0 view .LVU278
 1303 0206 FFF7FEFF 		bl	TOF_Init
 1304              	.LVL103:
 378:Core/Src/freertos.cpp ****   tof_addr_mask_debug = TOF_GetAddressMask();
 1305              		.loc 1 378 20 discriminator 1 view .LVU279
 1306 020a 534B     		ldr	r3, .L76+160
 1307 020c 1870     		strb	r0, [r3]
 379:Core/Src/freertos.cpp **** 
 1308              		.loc 1 379 3 is_stmt 1 view .LVU280
 379:Core/Src/freertos.cpp **** 
 1309              		.loc 1 379 43 is_stmt 0 view .LVU281
 1310 020e FFF7FEFF 		bl	TOF_GetAddressMask
 1311              	.LVL104:
 379:Core/Src/freertos.cpp **** 
 1312              		.loc 1 379 23 discriminator 1 view .LVU282
 1313 0212 524B     		ldr	r3, .L76+164
 1314 0214 1870     		strb	r0, [r3]
 383:Core/Src/freertos.cpp ****   TIM2->PSC = 41;
 1315              		.loc 1 383 3 is_stmt 1 view .LVU283
 383:Core/Src/freertos.cpp ****   TIM2->PSC = 41;
 1316              		.loc 1 383 13 is_stmt 0 view .LVU284
 1317 0216 4FF08043 		mov	r3, #1073741824
 1318 021a 49F63F42 		movw	r2, #39999
 1319 021e DA62     		str	r2, [r3, #44]
 384:Core/Src/freertos.cpp ****   TIM2->EGR = TIM_EGR_UG; // Update registers
 1320              		.loc 1 384 3 is_stmt 1 view .LVU285
 384:Core/Src/freertos.cpp ****   TIM2->EGR = TIM_EGR_UG; // Update registers
 1321              		.loc 1 384 13 is_stmt 0 view .LVU286
 1322 0220 2922     		movs	r2, #41
 1323 0222 9A62     		str	r2, [r3, #40]
 385:Core/Src/freertos.cpp **** 
 1324              		.loc 1 385 3 is_stmt 1 view .LVU287
 385:Core/Src/freertos.cpp **** 
 1325              		.loc 1 385 13 is_stmt 0 view .LVU288
 1326 0224 5E61     		str	r6, [r3, #20]
 387:Core/Src/freertos.cpp ****   HAL_TIM_PWM_Start(&htim2, TIM_CHANNEL_1); // SERVO PWM
 1327              		.loc 1 387 3 is_stmt 1 view .LVU289
 387:Core/Src/freertos.cpp ****   HAL_TIM_PWM_Start(&htim2, TIM_CHANNEL_1); // SERVO PWM
 1328              		.loc 1 387 20 is_stmt 0 view .LVU290
 1329 0226 4E4D     		ldr	r5, .L76+168
 1330 0228 0821     		movs	r1, #8
 1331 022a 2846     		mov	r0, r5
 1332 022c FFF7FEFF 		bl	HAL_TIM_PWM_Start
 1333              	.LVL105:
 388:Core/Src/freertos.cpp ****   HAL_TIM_Base_Start(&htim4); // LED and SPEAKERS
 1334              		.loc 1 388 3 is_stmt 1 view .LVU291
 388:Core/Src/freertos.cpp ****   HAL_TIM_Base_Start(&htim4); // LED and SPEAKERS
ARM GAS  /tmp/cczGdM5e.s 			page 47


 1335              		.loc 1 388 20 is_stmt 0 view .LVU292
 1336 0230 2146     		mov	r1, r4
 1337 0232 2846     		mov	r0, r5
 1338 0234 FFF7FEFF 		bl	HAL_TIM_PWM_Start
 1339              	.LVL106:
 389:Core/Src/freertos.cpp ****   Encoder_Init(&htim3);
 1340              		.loc 1 389 3 is_stmt 1 view .LVU293
 389:Core/Src/freertos.cpp ****   Encoder_Init(&htim3);
 1341              		.loc 1 389 21 is_stmt 0 view .LVU294
 1342 0238 4A48     		ldr	r0, .L76+172
 1343 023a FFF7FEFF 		bl	HAL_TIM_Base_Start
 1344              	.LVL107:
 390:Core/Src/freertos.cpp ****   HAL_TIM_Base_Start_IT(&htim11); // PID SPEED CONTROL
 1345              		.loc 1 390 3 is_stmt 1 view .LVU295
 390:Core/Src/freertos.cpp ****   HAL_TIM_Base_Start_IT(&htim11); // PID SPEED CONTROL
 1346              		.loc 1 390 15 is_stmt 0 view .LVU296
 1347 023e 4A48     		ldr	r0, .L76+176
 1348 0240 FFF7FEFF 		bl	Encoder_Init
 1349              	.LVL108:
 391:Core/Src/freertos.cpp ****   HAL_TIM_Base_Start_IT(&htim10); // PUBLISH TIMER
 1350              		.loc 1 391 3 is_stmt 1 view .LVU297
 391:Core/Src/freertos.cpp ****   HAL_TIM_Base_Start_IT(&htim10); // PUBLISH TIMER
 1351              		.loc 1 391 24 is_stmt 0 view .LVU298
 1352 0244 4948     		ldr	r0, .L76+180
 1353 0246 FFF7FEFF 		bl	HAL_TIM_Base_Start_IT
 1354              	.LVL109:
 392:Core/Src/freertos.cpp **** 
 1355              		.loc 1 392 3 is_stmt 1 view .LVU299
 392:Core/Src/freertos.cpp **** 
 1356              		.loc 1 392 24 is_stmt 0 view .LVU300
 1357 024a 4948     		ldr	r0, .L76+184
 1358 024c FFF7FEFF 		bl	HAL_TIM_Base_Start_IT
 1359              	.LVL110:
 395:Core/Src/freertos.cpp ****   speedRef 	= 0.0;
 1360              		.loc 1 395 3 is_stmt 1 view .LVU301
 395:Core/Src/freertos.cpp ****   speedRef 	= 0.0;
 1361              		.loc 1 395 15 is_stmt 0 view .LVU302
 1362 0250 0022     		movs	r2, #0
 1363 0252 0023     		movs	r3, #0
 1364 0254 4749     		ldr	r1, .L76+188
 1365 0256 C1E90023 		strd	r2, [r1]
 396:Core/Src/freertos.cpp ****   steerRef 	= 0.0;
 1366              		.loc 1 396 3 is_stmt 1 view .LVU303
 396:Core/Src/freertos.cpp ****   steerRef 	= 0.0;
 1367              		.loc 1 396 13 is_stmt 0 view .LVU304
 1368 025a 4749     		ldr	r1, .L76+192
 1369 025c C1E90023 		strd	r2, [r1]
 397:Core/Src/freertos.cpp ****   //added
 1370              		.loc 1 397 3 is_stmt 1 view .LVU305
 397:Core/Src/freertos.cpp ****   //added
 1371              		.loc 1 397 13 is_stmt 0 view .LVU306
 1372 0260 4649     		ldr	r1, .L76+196
 1373 0262 C1E90023 		strd	r2, [r1]
 399:Core/Src/freertos.cpp ****   drive_pwm(0);
 1374              		.loc 1 399 3 is_stmt 1 view .LVU307
 399:Core/Src/freertos.cpp ****   drive_pwm(0);
 1375              		.loc 1 399 8 is_stmt 0 view .LVU308
ARM GAS  /tmp/cczGdM5e.s 			page 48


 1376 0266 9FED468A 		vldr.32	s16, .L76+200
 1377 026a B0EE480A 		vmov.f32	s0, s16
 1378 026e FFF7FEFF 		bl	steer
 1379              	.LVL111:
 400:Core/Src/freertos.cpp **** 
 1380              		.loc 1 400 3 is_stmt 1 view .LVU309
 400:Core/Src/freertos.cpp **** 
 1381              		.loc 1 400 12 is_stmt 0 view .LVU310
 1382 0272 B0EE480A 		vmov.f32	s0, s16
 1383 0276 FFF7FEFF 		bl	drive_pwm
 1384              	.LVL112:
 1385 027a AEE0     		b	.L73
 1386              	.LVL113:
 1387              	.L75:
 1388              	.LBB22:
 1389              	.LBB23:
 1390              	.LBB24:
 1391              	.LBB25:
 417:Core/Src/freertos.cpp **** 
 1392              		.loc 1 417 17 is_stmt 1 view .LVU311
 417:Core/Src/freertos.cpp **** 
 1393              		.loc 1 417 29 is_stmt 0 view .LVU312
 1394 027c 0024     		movs	r4, #0
 1395 027e 1470     		strb	r4, [r2]
 419:Core/Src/freertos.cpp **** 
 1396              		.loc 1 419 17 is_stmt 1 view .LVU313
 419:Core/Src/freertos.cpp **** 
 1397              		.loc 1 419 28 is_stmt 0 view .LVU314
 1398 0280 4048     		ldr	r0, .L76+204
 1399              	.LVL114:
 419:Core/Src/freertos.cpp **** 
 1400              		.loc 1 419 28 view .LVU315
 1401 0282 FFF7FEFF 		bl	TOF_ReadAll
 1402              	.LVL115:
 421:Core/Src/freertos.cpp **** 
 1403              		.loc 1 421 17 is_stmt 1 view .LVU316
 421:Core/Src/freertos.cpp **** 
 1404              		.loc 1 421 57 is_stmt 0 view .LVU317
 1405 0286 FFF7FEFF 		bl	TOF_GetAddressMask
 1406              	.LVL116:
 421:Core/Src/freertos.cpp **** 
 1407              		.loc 1 421 37 discriminator 1 view .LVU318
 1408 028a 344B     		ldr	r3, .L76+164
 1409 028c 1870     		strb	r0, [r3]
 423:Core/Src/freertos.cpp **** 	        	      tof_range_status_debug[1] = TOF_GetLastRangeStatus(1);
 1410              		.loc 1 423 17 is_stmt 1 view .LVU319
 423:Core/Src/freertos.cpp **** 	        	      tof_range_status_debug[1] = TOF_GetLastRangeStatus(1);
 1411              		.loc 1 423 67 is_stmt 0 view .LVU320
 1412 028e 2046     		mov	r0, r4
 1413 0290 FFF7FEFF 		bl	TOF_GetLastRangeStatus
 1414              	.LVL117:
 423:Core/Src/freertos.cpp **** 	        	      tof_range_status_debug[1] = TOF_GetLastRangeStatus(1);
 1415              		.loc 1 423 43 discriminator 1 view .LVU321
 1416 0294 3C4C     		ldr	r4, .L76+208
 1417 0296 2070     		strb	r0, [r4]
 424:Core/Src/freertos.cpp **** 	        	      tof_range_status_debug[2] = TOF_GetLastRangeStatus(2);
 1418              		.loc 1 424 17 is_stmt 1 view .LVU322
ARM GAS  /tmp/cczGdM5e.s 			page 49


 424:Core/Src/freertos.cpp **** 	        	      tof_range_status_debug[2] = TOF_GetLastRangeStatus(2);
 1419              		.loc 1 424 67 is_stmt 0 view .LVU323
 1420 0298 0120     		movs	r0, #1
 1421 029a FFF7FEFF 		bl	TOF_GetLastRangeStatus
 1422              	.LVL118:
 424:Core/Src/freertos.cpp **** 	        	      tof_range_status_debug[2] = TOF_GetLastRangeStatus(2);
 1423              		.loc 1 424 43 discriminator 1 view .LVU324
 1424 029e 6070     		strb	r0, [r4, #1]
 425:Core/Src/freertos.cpp **** 	        	      tof_range_status_debug[3] = TOF_GetLastRangeStatus(3);
 1425              		.loc 1 425 17 is_stmt 1 view .LVU325
 425:Core/Src/freertos.cpp **** 	        	      tof_range_status_debug[3] = TOF_GetLastRangeStatus(3);
 1426              		.loc 1 425 67 is_stmt 0 view .LVU326
 1427 02a0 0220     		movs	r0, #2
 1428 02a2 FFF7FEFF 		bl	TOF_GetLastRangeStatus
 1429              	.LVL119:
 425:Core/Src/freertos.cpp **** 	        	      tof_range_status_debug[3] = TOF_GetLastRangeStatus(3);
 1430              		.loc 1 425 43 discriminator 1 view .LVU327
 1431 02a6 A070     		strb	r0, [r4, #2]
 426:Core/Src/freertos.cpp **** 	        	  }
 1432              		.loc 1 426 17 is_stmt 1 view .LVU328
 426:Core/Src/freertos.cpp **** 	        	  }
 1433              		.loc 1 426 67 is_stmt 0 view .LVU329
 1434 02a8 0320     		movs	r0, #3
 1435 02aa FFF7FEFF 		bl	TOF_GetLastRangeStatus
 1436              	.LVL120:
 426:Core/Src/freertos.cpp **** 	        	  }
 1437              		.loc 1 426 43 discriminator 1 view .LVU330
 1438 02ae E070     		strb	r0, [r4, #3]
 1439 02b0 A6E0     		b	.L71
 1440              	.L77:
 1441 02b2 00BFAFF3 		.align	3
 1441      0080
 1442              	.L76:
 1443 02b8 744694F6 		.word	-158054796
 1444 02bc 065F883F 		.word	1065901830
 1445 02c0 3BDF4F8D 		.word	-1924145349
 1446 02c4 976E82BF 		.word	-1081971049
 1447 02c8 9A999999 		.word	-1717986918
 1448 02cc 9999C93F 		.word	1070176665
 1449 02d0 9A999999 		.word	-1717986918
 1450 02d4 9999C9BF 		.word	-1077306983
 1451 02d8 00000000 		.word	cubemx_transport_read
 1452 02dc 00000000 		.word	cubemx_transport_write
 1453 02e0 00000000 		.word	cubemx_transport_close
 1454 02e4 00000000 		.word	cubemx_transport_open
 1455 02e8 00000000 		.word	huart2
 1456 02ec 00000000 		.word	microros_allocate
 1457 02f0 00000000 		.word	microros_deallocate
 1458 02f4 00000000 		.word	microros_reallocate
 1459 02f8 00000000 		.word	microros_zero_allocate
 1460 02fc 00000000 		.word	.LC0
 1461 0300 04000000 		.word	.LC1
 1462 0304 14000000 		.word	.LC2
 1463 0308 30000000 		.word	.LC3
 1464 030c 4C000000 		.word	.LC4
 1465 0310 6C000000 		.word	.LC5
 1466 0314 84000000 		.word	.LC6
ARM GAS  /tmp/cczGdM5e.s 			page 50


 1467 0318 98000000 		.word	.LC7
 1468 031c B0000000 		.word	.LC8
 1469 0320 C4000000 		.word	.LC9
 1470 0324 E4000000 		.word	.LC10
 1471 0328 00010000 		.word	.LC11
 1472 032c 1C010000 		.word	.LC12
 1473 0330 38010000 		.word	.LC13
 1474 0334 50010000 		.word	.LC14
 1475 0338 00000000 		.word	speed_callback
 1476 033c 00000000 		.word	steer_callback
 1477 0340 00000000 		.word	pos_callback
 1478 0344 00000000 		.word	stop_callback
 1479 0348 00000000 		.word	leds_callback
 1480 034c 00000000 		.word	SpeedController
 1481 0350 00000000 		.word	samplingPID
 1482 0354 00000000 		.word	PositionController
 1483 0358 00000000 		.word	tof_status_debug
 1484 035c 00000000 		.word	tof_addr_mask_debug
 1485 0360 00000000 		.word	htim2
 1486 0364 00000000 		.word	htim4
 1487 0368 00000000 		.word	htim3
 1488 036c 00000000 		.word	htim11
 1489 0370 00000000 		.word	htim10
 1490 0374 00000000 		.word	speedTarget
 1491 0378 00000000 		.word	speedRef
 1492 037c 00000000 		.word	steerRef
 1493 0380 00000000 		.word	0
 1494 0384 00000000 		.word	tof_distances
 1495 0388 00000000 		.word	tof_range_status_debug
 1496              	.L72:
 446:Core/Src/freertos.cpp **** 				  rcl_publish(&tof_front_pub, &tof_front_msg_out, NULL);
 1497              		.loc 1 446 7 is_stmt 1 view .LVU331
 446:Core/Src/freertos.cpp **** 				  rcl_publish(&tof_front_pub, &tof_front_msg_out, NULL);
 1498              		.loc 1 446 47 is_stmt 0 view .LVU332
 1499 038c 364C     		ldr	r4, .L78
 1500 038e 2378     		ldrb	r3, [r4]	@ zero_extendqisi2
 446:Core/Src/freertos.cpp **** 				  rcl_publish(&tof_front_pub, &tof_front_msg_out, NULL);
 1501              		.loc 1 446 30 view .LVU333
 1502 0390 8DF82C30 		strb	r3, [sp, #44]
 447:Core/Src/freertos.cpp **** 
 1503              		.loc 1 447 7 is_stmt 1 view .LVU334
 447:Core/Src/freertos.cpp **** 
 1504              		.loc 1 447 18 is_stmt 0 view .LVU335
 1505 0394 0022     		movs	r2, #0
 1506 0396 0BA9     		add	r1, sp, #44
 1507 0398 1DA8     		add	r0, sp, #116
 1508 039a FFF7FEFF 		bl	rcl_publish
 1509              	.LVL121:
 449:Core/Src/freertos.cpp **** 				  rcl_publish(&tof_left_pub, &tof_left_msg_out, NULL);
 1510              		.loc 1 449 7 is_stmt 1 view .LVU336
 449:Core/Src/freertos.cpp **** 				  rcl_publish(&tof_left_pub, &tof_left_msg_out, NULL);
 1511              		.loc 1 449 46 is_stmt 0 view .LVU337
 1512 039e 6378     		ldrb	r3, [r4, #1]	@ zero_extendqisi2
 449:Core/Src/freertos.cpp **** 				  rcl_publish(&tof_left_pub, &tof_left_msg_out, NULL);
 1513              		.loc 1 449 29 view .LVU338
 1514 03a0 8DF82830 		strb	r3, [sp, #40]
 450:Core/Src/freertos.cpp **** 
ARM GAS  /tmp/cczGdM5e.s 			page 51


 1515              		.loc 1 450 7 is_stmt 1 view .LVU339
 450:Core/Src/freertos.cpp **** 
 1516              		.loc 1 450 18 is_stmt 0 view .LVU340
 1517 03a4 0022     		movs	r2, #0
 1518 03a6 0AA9     		add	r1, sp, #40
 1519 03a8 1CA8     		add	r0, sp, #112
 1520 03aa FFF7FEFF 		bl	rcl_publish
 1521              	.LVL122:
 452:Core/Src/freertos.cpp **** 				  rcl_publish(&tof_right_pub, &tof_right_msg_out, NULL);
 1522              		.loc 1 452 7 is_stmt 1 view .LVU341
 452:Core/Src/freertos.cpp **** 				  rcl_publish(&tof_right_pub, &tof_right_msg_out, NULL);
 1523              		.loc 1 452 47 is_stmt 0 view .LVU342
 1524 03ae A378     		ldrb	r3, [r4, #2]	@ zero_extendqisi2
 452:Core/Src/freertos.cpp **** 				  rcl_publish(&tof_right_pub, &tof_right_msg_out, NULL);
 1525              		.loc 1 452 30 view .LVU343
 1526 03b0 8DF82430 		strb	r3, [sp, #36]
 453:Core/Src/freertos.cpp **** 
 1527              		.loc 1 453 7 is_stmt 1 view .LVU344
 453:Core/Src/freertos.cpp **** 
 1528              		.loc 1 453 18 is_stmt 0 view .LVU345
 1529 03b4 0022     		movs	r2, #0
 1530 03b6 09A9     		add	r1, sp, #36
 1531 03b8 1BA8     		add	r0, sp, #108
 1532 03ba FFF7FEFF 		bl	rcl_publish
 1533              	.LVL123:
 455:Core/Src/freertos.cpp **** 				  rcl_publish(&tof_back_pub, &tof_back_msg_out, NULL);
 1534              		.loc 1 455 7 is_stmt 1 view .LVU346
 455:Core/Src/freertos.cpp **** 				  rcl_publish(&tof_back_pub, &tof_back_msg_out, NULL);
 1535              		.loc 1 455 46 is_stmt 0 view .LVU347
 1536 03be E378     		ldrb	r3, [r4, #3]	@ zero_extendqisi2
 455:Core/Src/freertos.cpp **** 				  rcl_publish(&tof_back_pub, &tof_back_msg_out, NULL);
 1537              		.loc 1 455 29 view .LVU348
 1538 03c0 8DF82030 		strb	r3, [sp, #32]
 456:Core/Src/freertos.cpp **** 
 1539              		.loc 1 456 7 is_stmt 1 view .LVU349
 456:Core/Src/freertos.cpp **** 
 1540              		.loc 1 456 18 is_stmt 0 view .LVU350
 1541 03c4 0022     		movs	r2, #0
 1542 03c6 08A9     		add	r1, sp, #32
 1543 03c8 1AA8     		add	r0, sp, #104
 1544 03ca FFF7FEFF 		bl	rcl_publish
 1545              	.LVL124:
 459:Core/Src/freertos.cpp **** 
 1546              		.loc 1 459 7 is_stmt 1 view .LVU351
 459:Core/Src/freertos.cpp **** 
 1547              		.loc 1 459 16 is_stmt 0 view .LVU352
 1548 03ce 274B     		ldr	r3, .L78+4
 1549 03d0 0022     		movs	r2, #0
 1550 03d2 1A70     		strb	r2, [r3]
 1551              	.L70:
 1552              	.LBE25:
 1553              	.LBE24:
 1554              	.LBE23:
 464:Core/Src/freertos.cpp ****   }
 1555              		.loc 1 464 4 is_stmt 1 view .LVU353
 464:Core/Src/freertos.cpp ****   }
 1556              		.loc 1 464 11 is_stmt 0 view .LVU354
ARM GAS  /tmp/cczGdM5e.s 			page 52


 1557 03d4 0120     		movs	r0, #1
 1558 03d6 FFF7FEFF 		bl	osDelay
 1559              	.LVL125:
 1560              	.L73:
 464:Core/Src/freertos.cpp ****   }
 1561              		.loc 1 464 11 view .LVU355
 1562              	.LBE22:
 403:Core/Src/freertos.cpp ****   {
 1563              		.loc 1 403 3 is_stmt 1 view .LVU356
 1564              	.LBB30:
 405:Core/Src/freertos.cpp **** 
 1565              		.loc 1 405 4 view .LVU357
 405:Core/Src/freertos.cpp **** 
 1566              		.loc 1 405 43 is_stmt 0 view .LVU358
 1567 03da 254A     		ldr	r2, .L78+8
 1568 03dc 0023     		movs	r3, #0
 1569 03de 22A8     		add	r0, sp, #136
 1570 03e0 FFF7FEFF 		bl	rclc_executor_spin_some
 1571              	.LVL126:
 407:Core/Src/freertos.cpp **** 
 1572              		.loc 1 407 8 is_stmt 1 view .LVU359
 1573              	.LBB28:
 1574 03e4 0028     		cmp	r0, #0
 1575 03e6 F5D1     		bne	.L70
 1576              	.LBE28:
 1577              	.LBE30:
 409:Core/Src/freertos.cpp **** 
 1578              		.loc 1 409 12 view .LVU360
 1579              	.LBB31:
 1580              	.LBB29:
 1581              	.LBB27:
 409:Core/Src/freertos.cpp **** 
 1582              		.loc 1 409 16 is_stmt 0 view .LVU361
 1583 03e8 204B     		ldr	r3, .L78+4
 1584 03ea 1B78     		ldrb	r3, [r3]	@ zero_extendqisi2
 409:Core/Src/freertos.cpp **** 
 1585              		.loc 1 409 12 view .LVU362
 1586 03ec 002B     		cmp	r3, #0
 1587 03ee F1D0     		beq	.L70
 1588              	.LBB26:
 411:Core/Src/freertos.cpp **** 
 1589              		.loc 1 411 13 is_stmt 1 view .LVU363
 413:Core/Src/freertos.cpp **** 
 1590              		.loc 1 413 13 view .LVU364
 413:Core/Src/freertos.cpp **** 
 1591              		.loc 1 413 24 is_stmt 0 view .LVU365
 1592 03f0 204A     		ldr	r2, .L78+12
 1593 03f2 1378     		ldrb	r3, [r2]	@ zero_extendqisi2
 1594 03f4 0133     		adds	r3, r3, #1
 1595 03f6 DBB2     		uxtb	r3, r3
 1596 03f8 1370     		strb	r3, [r2]
 415:Core/Src/freertos.cpp **** 	        	  {
 1597              		.loc 1 415 13 is_stmt 1 view .LVU366
 1598 03fa 092B     		cmp	r3, #9
 1599 03fc 3FF63EAF 		bhi	.L75
 1600              	.LVL127:
 1601              	.L71:
ARM GAS  /tmp/cczGdM5e.s 			page 53


 429:Core/Src/freertos.cpp **** 				  rcl_publish(&carSpeed_pub, &carSpeed_msg_out, NULL);
 1602              		.loc 1 429 13 view .LVU367
 429:Core/Src/freertos.cpp **** 				  rcl_publish(&carSpeed_pub, &carSpeed_msg_out, NULL);
 1603              		.loc 1 429 37 is_stmt 0 view .LVU368
 1604 0400 1D4B     		ldr	r3, .L78+16
 1605 0402 D3E90001 		ldrd	r0, [r3]
 1606 0406 FFF7FEFF 		bl	__aeabi_d2f
 1607              	.LVL128:
 429:Core/Src/freertos.cpp **** 				  rcl_publish(&carSpeed_pub, &carSpeed_msg_out, NULL);
 1608              		.loc 1 429 35 view .LVU369
 1609 040a 0F90     		str	r0, [sp, #60]	@ float
 430:Core/Src/freertos.cpp **** 
 1610              		.loc 1 430 7 is_stmt 1 view .LVU370
 430:Core/Src/freertos.cpp **** 
 1611              		.loc 1 430 18 is_stmt 0 view .LVU371
 1612 040c 0022     		movs	r2, #0
 1613 040e 0FA9     		add	r1, sp, #60
 1614 0410 21A8     		add	r0, sp, #132
 1615 0412 FFF7FEFF 		bl	rcl_publish
 1616              	.LVL129:
 433:Core/Src/freertos.cpp **** 				  rcl_publish(&globalDistance_pub, &dist_msg_out, NULL);
 1617              		.loc 1 433 7 is_stmt 1 view .LVU372
 433:Core/Src/freertos.cpp **** 				  rcl_publish(&globalDistance_pub, &dist_msg_out, NULL);
 1618              		.loc 1 433 27 is_stmt 0 view .LVU373
 1619 0416 194B     		ldr	r3, .L78+20
 1620 0418 D3E90001 		ldrd	r0, [r3]
 1621 041c FFF7FEFF 		bl	__aeabi_d2f
 1622              	.LVL130:
 433:Core/Src/freertos.cpp **** 				  rcl_publish(&globalDistance_pub, &dist_msg_out, NULL);
 1623              		.loc 1 433 25 view .LVU374
 1624 0420 0E90     		str	r0, [sp, #56]	@ float
 434:Core/Src/freertos.cpp **** 
 1625              		.loc 1 434 7 is_stmt 1 view .LVU375
 434:Core/Src/freertos.cpp **** 
 1626              		.loc 1 434 18 is_stmt 0 view .LVU376
 1627 0422 0022     		movs	r2, #0
 1628 0424 0EA9     		add	r1, sp, #56
 1629 0426 20A8     		add	r0, sp, #128
 1630 0428 FFF7FEFF 		bl	rcl_publish
 1631              	.LVL131:
 436:Core/Src/freertos.cpp **** 				  rcl_publish(&acceleration_pub, &accel_msg_out, NULL);
 1632              		.loc 1 436 7 is_stmt 1 view .LVU377
 436:Core/Src/freertos.cpp **** 				  rcl_publish(&acceleration_pub, &accel_msg_out, NULL);
 1633              		.loc 1 436 28 is_stmt 0 view .LVU378
 1634 042c 144B     		ldr	r3, .L78+24
 1635 042e D3E90001 		ldrd	r0, [r3]
 1636 0432 FFF7FEFF 		bl	__aeabi_d2f
 1637              	.LVL132:
 436:Core/Src/freertos.cpp **** 				  rcl_publish(&acceleration_pub, &accel_msg_out, NULL);
 1638              		.loc 1 436 26 view .LVU379
 1639 0436 0D90     		str	r0, [sp, #52]	@ float
 436:Core/Src/freertos.cpp **** 				  rcl_publish(&acceleration_pub, &accel_msg_out, NULL);
 1640              		.loc 1 436 55 is_stmt 1 view .LVU380
 437:Core/Src/freertos.cpp **** 
 1641              		.loc 1 437 7 view .LVU381
 437:Core/Src/freertos.cpp **** 
 1642              		.loc 1 437 18 is_stmt 0 view .LVU382
ARM GAS  /tmp/cczGdM5e.s 			page 54


 1643 0438 0022     		movs	r2, #0
 1644 043a 0DA9     		add	r1, sp, #52
 1645 043c 1FA8     		add	r0, sp, #124
 1646 043e FFF7FEFF 		bl	rcl_publish
 1647              	.LVL133:
 439:Core/Src/freertos.cpp **** 					  posFeedback_msg_out.data = true;
 1648              		.loc 1 439 7 is_stmt 1 view .LVU383
 439:Core/Src/freertos.cpp **** 					  posFeedback_msg_out.data = true;
 1649              		.loc 1 439 11 is_stmt 0 view .LVU384
 1650 0442 104B     		ldr	r3, .L78+28
 1651 0444 1B78     		ldrb	r3, [r3]	@ zero_extendqisi2
 439:Core/Src/freertos.cpp **** 					  posFeedback_msg_out.data = true;
 1652              		.loc 1 439 27 view .LVU385
 1653 0446 002B     		cmp	r3, #0
 1654 0448 A0D0     		beq	.L72
 439:Core/Src/freertos.cpp **** 					  posFeedback_msg_out.data = true;
 1655              		.loc 1 439 31 discriminator 1 view .LVU386
 1656 044a 0F4B     		ldr	r3, .L78+32
 1657 044c 1B78     		ldrb	r3, [r3]	@ zero_extendqisi2
 439:Core/Src/freertos.cpp **** 					  posFeedback_msg_out.data = true;
 1658              		.loc 1 439 27 discriminator 1 view .LVU387
 1659 044e 002B     		cmp	r3, #0
 1660 0450 9CD1     		bne	.L72
 440:Core/Src/freertos.cpp **** 					  rcl_publish(&posFeedback_pub, &posFeedback_msg_out, NULL);
 1661              		.loc 1 440 8 is_stmt 1 view .LVU388
 440:Core/Src/freertos.cpp **** 					  rcl_publish(&posFeedback_pub, &posFeedback_msg_out, NULL);
 1662              		.loc 1 440 33 is_stmt 0 view .LVU389
 1663 0452 0124     		movs	r4, #1
 1664 0454 8DF83040 		strb	r4, [sp, #48]
 441:Core/Src/freertos.cpp **** 					  posAckDone = true;
 1665              		.loc 1 441 8 is_stmt 1 view .LVU390
 441:Core/Src/freertos.cpp **** 					  posAckDone = true;
 1666              		.loc 1 441 19 is_stmt 0 view .LVU391
 1667 0458 0022     		movs	r2, #0
 1668 045a 0CA9     		add	r1, sp, #48
 1669 045c 1EA8     		add	r0, sp, #120
 1670 045e FFF7FEFF 		bl	rcl_publish
 1671              	.LVL134:
 442:Core/Src/freertos.cpp **** 				  }
 1672              		.loc 1 442 8 is_stmt 1 view .LVU392
 442:Core/Src/freertos.cpp **** 				  }
 1673              		.loc 1 442 19 is_stmt 0 view .LVU393
 1674 0462 094B     		ldr	r3, .L78+32
 1675 0464 1C70     		strb	r4, [r3]
 1676 0466 91E7     		b	.L72
 1677              	.L79:
 1678              		.align	2
 1679              	.L78:
 1680 0468 00000000 		.word	tof_distances
 1681 046c 00000000 		.word	pub_flag
 1682 0470 80969800 		.word	10000000
 1683 0474 00000000 		.word	_ZZ16StartDefaultTaskE11tof_counter
 1684 0478 00000000 		.word	carSpeedfiltered
 1685 047c 00000000 		.word	globalDistance
 1686 0480 00000000 		.word	encoderAcceleration
 1687 0484 00000000 		.word	reachedPosition
 1688 0488 00000000 		.word	posAckDone
ARM GAS  /tmp/cczGdM5e.s 			page 55


 1689              	.LBE26:
 1690              	.LBE27:
 1691              	.LBE29:
 1692              	.LBE31:
 1693              		.cfi_endproc
 1694              	.LFE1162:
 1695              		.fnend
 1697              		.global	__aeabi_dsub
 1698              		.global	__aeabi_dcmplt
 1699              		.section	.text.isClose,"ax",%progbits
 1700              		.align	1
 1701              		.global	isClose
 1702              		.syntax unified
 1703              		.thumb
 1704              		.thumb_func
 1706              	isClose:
 1707              		.fnstart
 1708              	.LVL135:
 1709              	.LFB1174:
 589:Core/Src/freertos.cpp **** 	double diff = A - B;
 1710              		.loc 1 589 1 is_stmt 1 view -0
 1711              		.cfi_startproc
 1712              		@ args = 0, pretend = 0, frame = 0
 1713              		@ frame_needed = 0, uses_anonymous_args = 0
 589:Core/Src/freertos.cpp **** 	double diff = A - B;
 1714              		.loc 1 589 1 is_stmt 0 view .LVU395
 1715 0000 10B5     		push	{r4, lr}
 1716              	.LCFI19:
 1717              		.cfi_def_cfa_offset 8
 1718              		.cfi_offset 4, -8
 1719              		.cfi_offset 14, -4
 1720 0002 51EC100B 		vmov	r0, r1, d0
 1721 0006 53EC112B 		vmov	r2, r3, d1
 590:Core/Src/freertos.cpp **** 	return (abs(diff) < 0.001) ;//&& (abs(last_diff-diff) < EPSILON_DIFF) ;
 1722              		.loc 1 590 2 is_stmt 1 view .LVU396
 590:Core/Src/freertos.cpp **** 	return (abs(diff) < 0.001) ;//&& (abs(last_diff-diff) < EPSILON_DIFF) ;
 1723              		.loc 1 590 9 is_stmt 0 view .LVU397
 1724 000a FFF7FEFF 		bl	__aeabi_dsub
 1725              	.LVL136:
 591:Core/Src/freertos.cpp **** 	//last_diff = diff;
 1726              		.loc 1 591 2 is_stmt 1 view .LVU398
 1727              	.LBB32:
 1728              	.LBI32:
 1729              		.file 3 "/usr/include/newlib/c++/13.2.1/bits/std_abs.h"
   1:/usr/include/newlib/c++/13.2.1/bits/std_abs.h **** // -*- C++ -*- C library enhancements header.
   2:/usr/include/newlib/c++/13.2.1/bits/std_abs.h **** 
   3:/usr/include/newlib/c++/13.2.1/bits/std_abs.h **** // Copyright (C) 2016-2023 Free Software Foundation, Inc.
   4:/usr/include/newlib/c++/13.2.1/bits/std_abs.h **** //
   5:/usr/include/newlib/c++/13.2.1/bits/std_abs.h **** // This file is part of the GNU ISO C++ Library.  This library is free
   6:/usr/include/newlib/c++/13.2.1/bits/std_abs.h **** // software; you can redistribute it and/or modify it under the
   7:/usr/include/newlib/c++/13.2.1/bits/std_abs.h **** // terms of the GNU General Public License as published by the
   8:/usr/include/newlib/c++/13.2.1/bits/std_abs.h **** // Free Software Foundation; either version 3, or (at your option)
   9:/usr/include/newlib/c++/13.2.1/bits/std_abs.h **** // any later version.
  10:/usr/include/newlib/c++/13.2.1/bits/std_abs.h **** 
  11:/usr/include/newlib/c++/13.2.1/bits/std_abs.h **** // This library is distributed in the hope that it will be useful,
  12:/usr/include/newlib/c++/13.2.1/bits/std_abs.h **** // but WITHOUT ANY WARRANTY; without even the implied warranty of
  13:/usr/include/newlib/c++/13.2.1/bits/std_abs.h **** // MERCHANTABILITY or FITNESS FOR A PARTICULAR PURPOSE.  See the
ARM GAS  /tmp/cczGdM5e.s 			page 56


  14:/usr/include/newlib/c++/13.2.1/bits/std_abs.h **** // GNU General Public License for more details.
  15:/usr/include/newlib/c++/13.2.1/bits/std_abs.h **** 
  16:/usr/include/newlib/c++/13.2.1/bits/std_abs.h **** // Under Section 7 of GPL version 3, you are granted additional
  17:/usr/include/newlib/c++/13.2.1/bits/std_abs.h **** // permissions described in the GCC Runtime Library Exception, version
  18:/usr/include/newlib/c++/13.2.1/bits/std_abs.h **** // 3.1, as published by the Free Software Foundation.
  19:/usr/include/newlib/c++/13.2.1/bits/std_abs.h **** 
  20:/usr/include/newlib/c++/13.2.1/bits/std_abs.h **** // You should have received a copy of the GNU General Public License and
  21:/usr/include/newlib/c++/13.2.1/bits/std_abs.h **** // a copy of the GCC Runtime Library Exception along with this program;
  22:/usr/include/newlib/c++/13.2.1/bits/std_abs.h **** // see the files COPYING3 and COPYING.RUNTIME respectively.  If not, see
  23:/usr/include/newlib/c++/13.2.1/bits/std_abs.h **** // <http://www.gnu.org/licenses/>.
  24:/usr/include/newlib/c++/13.2.1/bits/std_abs.h **** 
  25:/usr/include/newlib/c++/13.2.1/bits/std_abs.h **** /** @file include/bits/std_abs.h
  26:/usr/include/newlib/c++/13.2.1/bits/std_abs.h ****  *  This is an internal header file, included by other library headers.
  27:/usr/include/newlib/c++/13.2.1/bits/std_abs.h ****  *  Do not attempt to use it directly. @headername{cmath, cstdlib}
  28:/usr/include/newlib/c++/13.2.1/bits/std_abs.h ****  */
  29:/usr/include/newlib/c++/13.2.1/bits/std_abs.h **** 
  30:/usr/include/newlib/c++/13.2.1/bits/std_abs.h **** #ifndef _GLIBCXX_BITS_STD_ABS_H
  31:/usr/include/newlib/c++/13.2.1/bits/std_abs.h **** #define _GLIBCXX_BITS_STD_ABS_H
  32:/usr/include/newlib/c++/13.2.1/bits/std_abs.h **** 
  33:/usr/include/newlib/c++/13.2.1/bits/std_abs.h **** #pragma GCC system_header
  34:/usr/include/newlib/c++/13.2.1/bits/std_abs.h **** 
  35:/usr/include/newlib/c++/13.2.1/bits/std_abs.h **** #include <bits/c++config.h>
  36:/usr/include/newlib/c++/13.2.1/bits/std_abs.h **** 
  37:/usr/include/newlib/c++/13.2.1/bits/std_abs.h **** #define _GLIBCXX_INCLUDE_NEXT_C_HEADERS
  38:/usr/include/newlib/c++/13.2.1/bits/std_abs.h **** #include <stdlib.h>
  39:/usr/include/newlib/c++/13.2.1/bits/std_abs.h **** #ifdef __CORRECT_ISO_CPP_MATH_H_PROTO
  40:/usr/include/newlib/c++/13.2.1/bits/std_abs.h **** # include <math.h>
  41:/usr/include/newlib/c++/13.2.1/bits/std_abs.h **** #endif
  42:/usr/include/newlib/c++/13.2.1/bits/std_abs.h **** #undef _GLIBCXX_INCLUDE_NEXT_C_HEADERS
  43:/usr/include/newlib/c++/13.2.1/bits/std_abs.h **** 
  44:/usr/include/newlib/c++/13.2.1/bits/std_abs.h **** #undef abs
  45:/usr/include/newlib/c++/13.2.1/bits/std_abs.h **** 
  46:/usr/include/newlib/c++/13.2.1/bits/std_abs.h **** extern "C++"
  47:/usr/include/newlib/c++/13.2.1/bits/std_abs.h **** {
  48:/usr/include/newlib/c++/13.2.1/bits/std_abs.h **** namespace std _GLIBCXX_VISIBILITY(default)
  49:/usr/include/newlib/c++/13.2.1/bits/std_abs.h **** {
  50:/usr/include/newlib/c++/13.2.1/bits/std_abs.h **** _GLIBCXX_BEGIN_NAMESPACE_VERSION
  51:/usr/include/newlib/c++/13.2.1/bits/std_abs.h **** 
  52:/usr/include/newlib/c++/13.2.1/bits/std_abs.h ****   using ::abs;
  53:/usr/include/newlib/c++/13.2.1/bits/std_abs.h **** 
  54:/usr/include/newlib/c++/13.2.1/bits/std_abs.h **** #ifndef __CORRECT_ISO_CPP_STDLIB_H_PROTO
  55:/usr/include/newlib/c++/13.2.1/bits/std_abs.h ****   inline long
  56:/usr/include/newlib/c++/13.2.1/bits/std_abs.h ****   abs(long __i) { return __builtin_labs(__i); }
  57:/usr/include/newlib/c++/13.2.1/bits/std_abs.h **** #endif
  58:/usr/include/newlib/c++/13.2.1/bits/std_abs.h **** 
  59:/usr/include/newlib/c++/13.2.1/bits/std_abs.h **** #ifdef _GLIBCXX_USE_LONG_LONG
  60:/usr/include/newlib/c++/13.2.1/bits/std_abs.h ****   inline long long
  61:/usr/include/newlib/c++/13.2.1/bits/std_abs.h ****   abs(long long __x) { return __builtin_llabs (__x); }
  62:/usr/include/newlib/c++/13.2.1/bits/std_abs.h **** #endif
  63:/usr/include/newlib/c++/13.2.1/bits/std_abs.h **** 
  64:/usr/include/newlib/c++/13.2.1/bits/std_abs.h **** // _GLIBCXX_RESOLVE_LIB_DEFECTS
  65:/usr/include/newlib/c++/13.2.1/bits/std_abs.h **** // 2192. Validity and return type of std::abs(0u) is unclear
  66:/usr/include/newlib/c++/13.2.1/bits/std_abs.h **** // 2294. <cstdlib> should declare abs(double)
  67:/usr/include/newlib/c++/13.2.1/bits/std_abs.h **** // 2735. std::abs(short), std::abs(signed char) and others should return int
  68:/usr/include/newlib/c++/13.2.1/bits/std_abs.h **** 
  69:/usr/include/newlib/c++/13.2.1/bits/std_abs.h **** #ifndef __CORRECT_ISO_CPP_MATH_H_PROTO
  70:/usr/include/newlib/c++/13.2.1/bits/std_abs.h ****   inline _GLIBCXX_CONSTEXPR double
ARM GAS  /tmp/cczGdM5e.s 			page 57


  71:/usr/include/newlib/c++/13.2.1/bits/std_abs.h ****   abs(double __x)
 1730              		.loc 3 71 3 view .LVU399
 1731              	.LBB33:
  72:/usr/include/newlib/c++/13.2.1/bits/std_abs.h ****   { return __builtin_fabs(__x); }
 1732              		.loc 3 72 5 view .LVU400
 1733              		.loc 3 72 30 is_stmt 0 view .LVU401
 1734 000e 21F00041 		bic	r1, r1, #-2147483648
 1735              	.LBE33:
 1736              	.LBE32:
 591:Core/Src/freertos.cpp **** 	//last_diff = diff;
 1737              		.loc 1 591 27 discriminator 1 view .LVU402
 1738 0012 4FF00104 		mov	r4, #1
 1739 0016 06A3     		adr	r3, .L83
 1740 0018 D3E90023 		ldrd	r2, [r3]
 1741 001c FFF7FEFF 		bl	__aeabi_dcmplt
 1742              	.LVL137:
 1743 0020 08B9     		cbnz	r0, .L81
 1744 0022 4FF00004 		mov	r4, #0
 1745              	.L81:
 593:Core/Src/freertos.cpp **** 
 1746              		.loc 1 593 1 view .LVU403
 1747 0026 04F00100 		and	r0, r4, #1
 1748 002a 10BD     		pop	{r4, pc}
 1749              	.L84:
 1750 002c AFF30080 		.align	3
 1751              	.L83:
 1752 0030 FCA9F1D2 		.word	-755914244
 1753 0034 4D62503F 		.word	1062232653
 1754              		.cfi_endproc
 1755              	.LFE1174:
 1756              		.cantunwind
 1757              		.fnend
 1759              		.section	.text.readADC,"ax",%progbits
 1760              		.align	1
 1761              		.global	readADC
 1762              		.syntax unified
 1763              		.thumb
 1764              		.thumb_func
 1766              	readADC:
 1767              		.fnstart
 1768              	.LFB1175:
 596:Core/Src/freertos.cpp **** 	uint32_t  adc_value;
 1769              		.loc 1 596 1 is_stmt 1 view -0
 1770              		.cfi_startproc
 1771              		@ args = 0, pretend = 0, frame = 0
 1772              		@ frame_needed = 0, uses_anonymous_args = 0
 1773 0000 10B5     		push	{r4, lr}
 1774              		.save {r4, lr}
 1775              	.LCFI20:
 1776              		.cfi_def_cfa_offset 8
 1777              		.cfi_offset 4, -8
 1778              		.cfi_offset 14, -4
 1779 0002 2DED028B 		vpush.64	{d8}
 1780              		.vsave {d8}
 1781              	.LCFI21:
 1782              		.cfi_def_cfa_offset 16
 1783              		.cfi_offset 80, -16
ARM GAS  /tmp/cczGdM5e.s 			page 58


 1784              		.cfi_offset 81, -12
 597:Core/Src/freertos.cpp **** 	float scaled_value;
 1785              		.loc 1 597 2 view .LVU405
 598:Core/Src/freertos.cpp **** 
 1786              		.loc 1 598 2 view .LVU406
 600:Core/Src/freertos.cpp **** 	if (HAL_ADC_PollForConversion(&hadc1, HAL_MAX_DELAY) == HAL_OK)
 1787              		.loc 1 600 2 view .LVU407
 600:Core/Src/freertos.cpp **** 	if (HAL_ADC_PollForConversion(&hadc1, HAL_MAX_DELAY) == HAL_OK)
 1788              		.loc 1 600 15 is_stmt 0 view .LVU408
 1789 0006 0D4C     		ldr	r4, .L89
 1790 0008 2046     		mov	r0, r4
 1791 000a FFF7FEFF 		bl	HAL_ADC_Start
 1792              	.LVL138:
 601:Core/Src/freertos.cpp **** 	{ // Wait for conversion
 1793              		.loc 1 601 2 is_stmt 1 view .LVU409
 601:Core/Src/freertos.cpp **** 	{ // Wait for conversion
 1794              		.loc 1 601 31 is_stmt 0 view .LVU410
 1795 000e 4FF0FF31 		mov	r1, #-1
 1796 0012 2046     		mov	r0, r4
 1797 0014 FFF7FEFF 		bl	HAL_ADC_PollForConversion
 1798              	.LVL139:
 601:Core/Src/freertos.cpp **** 	{ // Wait for conversion
 1799              		.loc 1 601 2 discriminator 1 view .LVU411
 1800 0018 38B1     		cbz	r0, .L88
 1801              	.L86:
 1802              	.LVL140:
 606:Core/Src/freertos.cpp **** 
 1803              		.loc 1 606 2 is_stmt 1 view .LVU412
 606:Core/Src/freertos.cpp **** 
 1804              		.loc 1 606 14 is_stmt 0 view .LVU413
 1805 001a 0848     		ldr	r0, .L89
 1806 001c FFF7FEFF 		bl	HAL_ADC_Stop
 1807              	.LVL141:
 608:Core/Src/freertos.cpp **** }
 1808              		.loc 1 608 2 is_stmt 1 view .LVU414
 609:Core/Src/freertos.cpp **** 
 1809              		.loc 1 609 1 is_stmt 0 view .LVU415
 1810 0020 B0EE480A 		vmov.f32	s0, s16
 1811 0024 BDEC028B 		vldm	sp!, {d8}
 1812              	.LCFI22:
 1813              		.cfi_remember_state
 1814              		.cfi_restore 80
 1815              		.cfi_restore 81
 1816              		.cfi_def_cfa_offset 8
 1817              	.LVL142:
 609:Core/Src/freertos.cpp **** 
 1818              		.loc 1 609 1 view .LVU416
 1819 0028 10BD     		pop	{r4, pc}
 1820              	.LVL143:
 1821              	.L88:
 1822              	.LCFI23:
 1823              		.cfi_restore_state
 603:Core/Src/freertos.cpp **** 		scaled_value = (float)adc_value;// / 7358.54; // Scale ADC value
 1824              		.loc 1 603 3 is_stmt 1 view .LVU417
 603:Core/Src/freertos.cpp **** 		scaled_value = (float)adc_value;// / 7358.54; // Scale ADC value
 1825              		.loc 1 603 31 is_stmt 0 view .LVU418
 1826 002a 2046     		mov	r0, r4
ARM GAS  /tmp/cczGdM5e.s 			page 59


 1827 002c FFF7FEFF 		bl	HAL_ADC_GetValue
 1828              	.LVL144:
 1829 0030 08EE100A 		vmov	s16, r0	@ int
 1830              	.LVL145:
 604:Core/Src/freertos.cpp **** 	}
 1831              		.loc 1 604 3 is_stmt 1 view .LVU419
 604:Core/Src/freertos.cpp **** 	}
 1832              		.loc 1 604 16 is_stmt 0 view .LVU420
 1833 0034 B8EE488A 		vcvt.f32.u32	s16, s16
 1834              	.LVL146:
 604:Core/Src/freertos.cpp **** 	}
 1835              		.loc 1 604 16 view .LVU421
 1836 0038 EFE7     		b	.L86
 1837              	.L90:
 1838 003a 00BF     		.align	2
 1839              	.L89:
 1840 003c 00000000 		.word	hadc1
 1841              		.cfi_endproc
 1842              	.LFE1175:
 1843              		.fnend
 1845              		.section	.text.HAL_GPIO_EXTI_Callback,"ax",%progbits
 1846              		.align	1
 1847              		.global	HAL_GPIO_EXTI_Callback
 1848              		.syntax unified
 1849              		.thumb
 1850              		.thumb_func
 1852              	HAL_GPIO_EXTI_Callback:
 1853              		.fnstart
 1854              	.LVL147:
 1855              	.LFB1176:
 611:Core/Src/freertos.cpp **** 
 1856              		.loc 1 611 47 is_stmt 1 view -0
 1857              		.cfi_startproc
 1858              		@ args = 0, pretend = 0, frame = 0
 1859              		@ frame_needed = 0, uses_anonymous_args = 0
 611:Core/Src/freertos.cpp **** 
 1860              		.loc 1 611 47 is_stmt 0 view .LVU423
 1861 0000 10B5     		push	{r4, lr}
 1862              		.save {r4, lr}
 1863              	.LCFI24:
 1864              		.cfi_def_cfa_offset 8
 1865              		.cfi_offset 4, -8
 1866              		.cfi_offset 14, -4
 1867 0002 0446     		mov	r4, r0
 614:Core/Src/freertos.cpp **** 
 1868              		.loc 1 614 2 is_stmt 1 view .LVU424
 1869 0004 B0F5005F 		cmp	r0, #8192
 1870 0008 02D0     		beq	.L95
 1871              	.LVL148:
 1872              	.L92:
 620:Core/Src/freertos.cpp ****     {
 1873              		.loc 1 620 5 view .LVU425
 1874 000a 012C     		cmp	r4, #1
 1875 000c 05D0     		beq	.L96
 1876              	.L91:
 624:Core/Src/freertos.cpp **** 
 1877              		.loc 1 624 1 is_stmt 0 view .LVU426
ARM GAS  /tmp/cczGdM5e.s 			page 60


 1878 000e 10BD     		pop	{r4, pc}
 1879              	.LVL149:
 1880              	.L95:
 616:Core/Src/freertos.cpp **** 
 1881              		.loc 1 616 3 is_stmt 1 view .LVU427
 616:Core/Src/freertos.cpp **** 
 1882              		.loc 1 616 7 is_stmt 0 view .LVU428
 1883 0010 9FED030A 		vldr.32	s0, .L97
 1884 0014 FFF7FEFF 		bl	stop
 1885              	.LVL150:
 616:Core/Src/freertos.cpp **** 
 1886              		.loc 1 616 7 view .LVU429
 1887 0018 F7E7     		b	.L92
 1888              	.L96:
 622:Core/Src/freertos.cpp ****     }
 1889              		.loc 1 622 9 is_stmt 1 view .LVU430
 622:Core/Src/freertos.cpp ****     }
 1890              		.loc 1 622 22 is_stmt 0 view .LVU431
 1891 001a FFF7FEFF 		bl	Encoder_Z_ISR
 1892              	.LVL151:
 624:Core/Src/freertos.cpp **** 
 1893              		.loc 1 624 1 view .LVU432
 1894 001e F6E7     		b	.L91
 1895              	.L98:
 1896              		.align	2
 1897              	.L97:
 1898 0020 00000000 		.word	0
 1899              		.cfi_endproc
 1900              	.LFE1176:
 1901              		.fnend
 1903              		.global	__aeabi_dcmpeq
 1904              		.section	.text.HAL_TIM_PeriodElapsedCallback,"ax",%progbits
 1905              		.align	1
 1906              		.global	HAL_TIM_PeriodElapsedCallback
 1907              		.syntax unified
 1908              		.thumb
 1909              		.thumb_func
 1911              	HAL_TIM_PeriodElapsedCallback:
 1912              		.fnstart
 1913              	.LVL152:
 1914              	.LFB1177:
 627:Core/Src/freertos.cpp ****   /* USER CODE BEGIN Callback 0 */
 1915              		.loc 1 627 1 is_stmt 1 view -0
 1916              		.cfi_startproc
 1917              		@ args = 0, pretend = 0, frame = 40
 1918              		@ frame_needed = 0, uses_anonymous_args = 0
 627:Core/Src/freertos.cpp ****   /* USER CODE BEGIN Callback 0 */
 1919              		.loc 1 627 1 is_stmt 0 view .LVU434
 1920 0000 D0B5     		push	{r4, r6, r7, lr}
 1921              		.save {r4, r6, r7, lr}
 1922              	.LCFI25:
 1923              		.cfi_def_cfa_offset 16
 1924              		.cfi_offset 4, -16
 1925              		.cfi_offset 6, -12
 1926              		.cfi_offset 7, -8
 1927              		.cfi_offset 14, -4
 1928              		.pad #40
ARM GAS  /tmp/cczGdM5e.s 			page 61


 1929 0002 8AB0     		sub	sp, sp, #40
 1930              	.LCFI26:
 1931              		.cfi_def_cfa_offset 56
 1932 0004 0446     		mov	r4, r0
 631:Core/Src/freertos.cpp ****   {
 1933              		.loc 1 631 3 is_stmt 1 view .LVU435
 631:Core/Src/freertos.cpp ****   {
 1934              		.loc 1 631 13 is_stmt 0 view .LVU436
 1935 0006 0268     		ldr	r2, [r0]
 631:Core/Src/freertos.cpp ****   {
 1936              		.loc 1 631 3 view .LVU437
 1937 0008 614B     		ldr	r3, .L119+8
 1938 000a 9A42     		cmp	r2, r3
 1939 000c 08D0     		beq	.L114
 1940              	.LVL153:
 1941              	.L100:
 636:Core/Src/freertos.cpp **** 
 1942              		.loc 1 636 2 is_stmt 1 view .LVU438
 1943              	.LBB34:
 1944 000e 614B     		ldr	r3, .L119+12
 1945 0010 9C42     		cmp	r4, r3
 1946 0012 08D0     		beq	.L115
 1947              	.L101:
 1948              	.LBE34:
 703:Core/Src/freertos.cpp **** 		pub_flag = true;
 1949              		.loc 1 703 2 view .LVU439
 1950 0014 604B     		ldr	r3, .L119+16
 1951 0016 9C42     		cmp	r4, r3
 1952 0018 00F0B080 		beq	.L116
 1953              	.L99:
 710:Core/Src/freertos.cpp **** #ifdef __cplusplus
 1954              		.loc 1 710 1 is_stmt 0 view .LVU440
 1955 001c 0AB0     		add	sp, sp, #40
 1956              	.LCFI27:
 1957              		.cfi_remember_state
 1958              		.cfi_def_cfa_offset 16
 1959              		@ sp needed
 1960 001e D0BD     		pop	{r4, r6, r7, pc}
 1961              	.LVL154:
 1962              	.L114:
 1963              	.LCFI28:
 1964              		.cfi_restore_state
 633:Core/Src/freertos.cpp ****   }
 1965              		.loc 1 633 5 is_stmt 1 view .LVU441
 633:Core/Src/freertos.cpp ****   }
 1966              		.loc 1 633 16 is_stmt 0 view .LVU442
 1967 0020 FFF7FEFF 		bl	HAL_IncTick
 1968              	.LVL155:
 633:Core/Src/freertos.cpp ****   }
 1969              		.loc 1 633 16 view .LVU443
 1970 0024 F3E7     		b	.L100
 1971              	.L115:
 1972              	.LBB39:
 1973              	.LBB35:
 638:Core/Src/freertos.cpp **** 
 1974              		.loc 1 638 3 is_stmt 1 view .LVU444
 638:Core/Src/freertos.cpp **** 
ARM GAS  /tmp/cczGdM5e.s 			page 62


 1975              		.loc 1 638 21 is_stmt 0 view .LVU445
 1976 0026 FFF7FEFF 		bl	Encoder_Update_ISR
 1977              	.LVL156:
 640:Core/Src/freertos.cpp **** 
 1978              		.loc 1 640 3 is_stmt 1 view .LVU446
 640:Core/Src/freertos.cpp **** 
 1979              		.loc 1 640 41 is_stmt 0 view .LVU447
 1980 002a 6846     		mov	r0, sp
 1981 002c FFF7FEFF 		bl	Encoder_GetState
 1982              	.LVL157:
 642:Core/Src/freertos.cpp **** 		encoderTotal = enc.total_counts_corrected;
 1983              		.loc 1 642 3 is_stmt 1 view .LVU448
 642:Core/Src/freertos.cpp **** 		encoderTotal = enc.total_counts_corrected;
 1984              		.loc 1 642 22 is_stmt 0 view .LVU449
 1985 0030 BDF90020 		ldrsh	r2, [sp]
 642:Core/Src/freertos.cpp **** 		encoderTotal = enc.total_counts_corrected;
 1986              		.loc 1 642 16 view .LVU450
 1987 0034 594B     		ldr	r3, .L119+20
 1988 0036 1A60     		str	r2, [r3]
 643:Core/Src/freertos.cpp **** 
 1989              		.loc 1 643 3 is_stmt 1 view .LVU451
 643:Core/Src/freertos.cpp **** 
 1990              		.loc 1 643 16 is_stmt 0 view .LVU452
 1991 0038 029A     		ldr	r2, [sp, #8]
 1992 003a 594B     		ldr	r3, .L119+24
 1993 003c 1A60     		str	r2, [r3]
 645:Core/Src/freertos.cpp **** 		carSpeedfiltered = enc.velocity_mps_filtered;
 1994              		.loc 1 645 3 is_stmt 1 view .LVU453
 645:Core/Src/freertos.cpp **** 		carSpeedfiltered = enc.velocity_mps_filtered;
 1995              		.loc 1 645 18 is_stmt 0 view .LVU454
 1996 003e 0598     		ldr	r0, [sp, #20]	@ float
 1997 0040 FFF7FEFF 		bl	__aeabi_f2d
 1998              	.LVL158:
 645:Core/Src/freertos.cpp **** 		carSpeedfiltered = enc.velocity_mps_filtered;
 1999              		.loc 1 645 12 view .LVU455
 2000 0044 574B     		ldr	r3, .L119+28
 2001 0046 C3E90001 		strd	r0, [r3]
 646:Core/Src/freertos.cpp **** 		globalDistance = enc.distance_m_filtered;
 2002              		.loc 1 646 3 is_stmt 1 view .LVU456
 646:Core/Src/freertos.cpp **** 		globalDistance = enc.distance_m_filtered;
 2003              		.loc 1 646 26 is_stmt 0 view .LVU457
 2004 004a 0698     		ldr	r0, [sp, #24]	@ float
 2005 004c FFF7FEFF 		bl	__aeabi_f2d
 2006              	.LVL159:
 646:Core/Src/freertos.cpp **** 		globalDistance = enc.distance_m_filtered;
 2007              		.loc 1 646 20 view .LVU458
 2008 0050 554B     		ldr	r3, .L119+32
 2009 0052 C3E90001 		strd	r0, [r3]
 647:Core/Src/freertos.cpp **** 		encoderAcceleration = enc.acceleration_mps2;
 2010              		.loc 1 647 3 is_stmt 1 view .LVU459
 647:Core/Src/freertos.cpp **** 		encoderAcceleration = enc.acceleration_mps2;
 2011              		.loc 1 647 24 is_stmt 0 view .LVU460
 2012 0056 0498     		ldr	r0, [sp, #16]	@ float
 2013 0058 FFF7FEFF 		bl	__aeabi_f2d
 2014              	.LVL160:
 2015 005c 0646     		mov	r6, r0
 2016 005e 0F46     		mov	r7, r1
ARM GAS  /tmp/cczGdM5e.s 			page 63


 647:Core/Src/freertos.cpp **** 		encoderAcceleration = enc.acceleration_mps2;
 2017              		.loc 1 647 18 view .LVU461
 2018 0060 524B     		ldr	r3, .L119+36
 2019 0062 C3E90067 		strd	r6, [r3]
 648:Core/Src/freertos.cpp **** 		localDistance = globalDistance - localDistanceOrigin;
 2020              		.loc 1 648 3 is_stmt 1 view .LVU462
 648:Core/Src/freertos.cpp **** 		localDistance = globalDistance - localDistanceOrigin;
 2021              		.loc 1 648 29 is_stmt 0 view .LVU463
 2022 0066 0798     		ldr	r0, [sp, #28]	@ float
 2023 0068 FFF7FEFF 		bl	__aeabi_f2d
 2024              	.LVL161:
 648:Core/Src/freertos.cpp **** 		localDistance = globalDistance - localDistanceOrigin;
 2025              		.loc 1 648 23 view .LVU464
 2026 006c 504B     		ldr	r3, .L119+40
 2027 006e C3E90001 		strd	r0, [r3]
 649:Core/Src/freertos.cpp **** 
 2028              		.loc 1 649 3 is_stmt 1 view .LVU465
 649:Core/Src/freertos.cpp **** 
 2029              		.loc 1 649 34 is_stmt 0 view .LVU466
 2030 0072 504B     		ldr	r3, .L119+44
 2031 0074 D3E90023 		ldrd	r2, [r3]
 2032 0078 3046     		mov	r0, r6
 2033 007a 3946     		mov	r1, r7
 2034 007c FFF7FEFF 		bl	__aeabi_dsub
 2035              	.LVL162:
 2036 0080 41EC100B 		vmov	d0, r0, r1
 649:Core/Src/freertos.cpp **** 
 2037              		.loc 1 649 17 view .LVU467
 2038 0084 4C4B     		ldr	r3, .L119+48
 2039 0086 C3E90001 		strd	r0, [r3]
 652:Core/Src/freertos.cpp **** 			inRangeForEmergencyBrakeArena = true;
 2040              		.loc 1 652 3 is_stmt 1 view .LVU468
 652:Core/Src/freertos.cpp **** 			inRangeForEmergencyBrakeArena = true;
 2041              		.loc 1 652 22 is_stmt 0 view .LVU469
 2042 008a 4C4B     		ldr	r3, .L119+52
 2043 008c 1B78     		ldrb	r3, [r3]	@ zero_extendqisi2
 2044 008e DBB2     		uxtb	r3, r3
 652:Core/Src/freertos.cpp **** 			inRangeForEmergencyBrakeArena = true;
 2045              		.loc 1 652 28 view .LVU470
 2046 0090 052B     		cmp	r3, #5
 2047 0092 07D9     		bls	.L102
 652:Core/Src/freertos.cpp **** 			inRangeForEmergencyBrakeArena = true;
 2048              		.loc 1 652 46 discriminator 1 view .LVU471
 2049 0094 494B     		ldr	r3, .L119+52
 2050 0096 1B78     		ldrb	r3, [r3]	@ zero_extendqisi2
 2051 0098 DBB2     		uxtb	r3, r3
 652:Core/Src/freertos.cpp **** 			inRangeForEmergencyBrakeArena = true;
 2052              		.loc 1 652 28 discriminator 1 view .LVU472
 2053 009a 4F2B     		cmp	r3, #79
 2054 009c 02D8     		bhi	.L102
 653:Core/Src/freertos.cpp **** 		}
 2055              		.loc 1 653 4 is_stmt 1 view .LVU473
 653:Core/Src/freertos.cpp **** 		}
 2056              		.loc 1 653 34 is_stmt 0 view .LVU474
 2057 009e 484B     		ldr	r3, .L119+56
 2058 00a0 0122     		movs	r2, #1
 2059 00a2 1A70     		strb	r2, [r3]
ARM GAS  /tmp/cczGdM5e.s 			page 64


 2060              	.L102:
 655:Core/Src/freertos.cpp **** 			inRangeForEmergencyBrakeArena = false;
 2061              		.loc 1 655 3 is_stmt 1 view .LVU475
 655:Core/Src/freertos.cpp **** 			inRangeForEmergencyBrakeArena = false;
 2062              		.loc 1 655 37 is_stmt 0 view .LVU476
 2063 00a4 464B     		ldr	r3, .L119+56
 2064 00a6 1B78     		ldrb	r3, [r3]	@ zero_extendqisi2
 655:Core/Src/freertos.cpp **** 			inRangeForEmergencyBrakeArena = false;
 2065              		.loc 1 655 45 view .LVU477
 2066 00a8 3BB1     		cbz	r3, .L103
 655:Core/Src/freertos.cpp **** 			inRangeForEmergencyBrakeArena = false;
 2067              		.loc 1 655 63 discriminator 1 view .LVU478
 2068 00aa 444B     		ldr	r3, .L119+52
 2069 00ac 1B78     		ldrb	r3, [r3]	@ zero_extendqisi2
 2070 00ae DBB2     		uxtb	r3, r3
 655:Core/Src/freertos.cpp **** 			inRangeForEmergencyBrakeArena = false;
 2071              		.loc 1 655 45 discriminator 1 view .LVU479
 2072 00b0 642B     		cmp	r3, #100
 2073 00b2 02D9     		bls	.L103
 656:Core/Src/freertos.cpp **** 		}
 2074              		.loc 1 656 4 is_stmt 1 view .LVU480
 656:Core/Src/freertos.cpp **** 		}
 2075              		.loc 1 656 34 is_stmt 0 view .LVU481
 2076 00b4 424B     		ldr	r3, .L119+56
 2077 00b6 0022     		movs	r2, #0
 2078 00b8 1A70     		strb	r2, [r3]
 2079              	.L103:
 659:Core/Src/freertos.cpp **** 
 2080              		.loc 1 659 3 is_stmt 1 view .LVU482
 659:Core/Src/freertos.cpp **** 
 2081              		.loc 1 659 8 is_stmt 0 view .LVU483
 2082 00ba 424B     		ldr	r3, .L119+60
 2083 00bc 1B78     		ldrb	r3, [r3]	@ zero_extendqisi2
 659:Core/Src/freertos.cpp **** 
 2084              		.loc 1 659 33 view .LVU484
 2085 00be 1BB1     		cbz	r3, .L104
 659:Core/Src/freertos.cpp **** 
 2086              		.loc 1 659 36 discriminator 2 view .LVU485
 2087 00c0 3F4B     		ldr	r3, .L119+56
 2088 00c2 1B78     		ldrb	r3, [r3]	@ zero_extendqisi2
 659:Core/Src/freertos.cpp **** 
 2089              		.loc 1 659 33 discriminator 2 view .LVU486
 2090 00c4 002B     		cmp	r3, #0
 2091 00c6 3ED1     		bne	.L117
 2092              	.L104:
 663:Core/Src/freertos.cpp **** 
 2093              		.loc 1 663 4 is_stmt 1 view .LVU487
 2094 00c8 3F4B     		ldr	r3, .L119+64
 2095 00ca 1B78     		ldrb	r3, [r3]	@ zero_extendqisi2
 2096 00cc ABB1     		cbz	r3, .L106
 665:Core/Src/freertos.cpp **** 					reachedPosition = true;
 2097              		.loc 1 665 5 view .LVU488
 665:Core/Src/freertos.cpp **** 					reachedPosition = true;
 2098              		.loc 1 665 15 is_stmt 0 view .LVU489
 2099 00ce 3F4B     		ldr	r3, .L119+68
 2100 00d0 93ED001B 		vldr.64	d1, [r3]
 2101 00d4 FFF7FEFF 		bl	isClose
ARM GAS  /tmp/cczGdM5e.s 			page 65


 2102              	.LVL163:
 665:Core/Src/freertos.cpp **** 					reachedPosition = true;
 2103              		.loc 1 665 49 discriminator 1 view .LVU490
 2104 00d8 18B1     		cbz	r0, .L107
 665:Core/Src/freertos.cpp **** 					reachedPosition = true;
 2105              		.loc 1 665 54 discriminator 1 view .LVU491
 2106 00da 3D4B     		ldr	r3, .L119+72
 2107 00dc 1B78     		ldrb	r3, [r3]	@ zero_extendqisi2
 665:Core/Src/freertos.cpp **** 					reachedPosition = true;
 2108              		.loc 1 665 49 discriminator 1 view .LVU492
 2109 00de 002B     		cmp	r3, #0
 2110 00e0 36D0     		beq	.L108
 2111              	.L107:
 671:Core/Src/freertos.cpp **** 					PositionController.Compute();
 2112              		.loc 1 671 6 is_stmt 1 view .LVU493
 671:Core/Src/freertos.cpp **** 					PositionController.Compute();
 2113              		.loc 1 671 22 is_stmt 0 view .LVU494
 2114 00e2 3C4B     		ldr	r3, .L119+76
 2115 00e4 0022     		movs	r2, #0
 2116 00e6 1A70     		strb	r2, [r3]
 672:Core/Src/freertos.cpp **** 					speedTarget = speedTargetPos;
 2117              		.loc 1 672 6 is_stmt 1 view .LVU495
 672:Core/Src/freertos.cpp **** 					speedTarget = speedTargetPos;
 2118              		.loc 1 672 32 is_stmt 0 view .LVU496
 2119 00e8 3B48     		ldr	r0, .L119+80
 2120 00ea FFF7FEFF 		bl	_ZN3PID7ComputeEv
 2121              	.LVL164:
 673:Core/Src/freertos.cpp **** 				}
 2122              		.loc 1 673 6 is_stmt 1 view .LVU497
 673:Core/Src/freertos.cpp **** 				}
 2123              		.loc 1 673 18 is_stmt 0 view .LVU498
 2124 00ee 3B4B     		ldr	r3, .L119+84
 2125 00f0 D3E90001 		ldrd	r0, [r3]
 2126 00f4 3A4B     		ldr	r3, .L119+88
 2127 00f6 C3E90001 		strd	r0, [r3]
 2128              	.L106:
 678:Core/Src/freertos.cpp **** 
 2129              		.loc 1 678 4 is_stmt 1 view .LVU499
 2130 00fa 3A4B     		ldr	r3, .L119+92
 2131 00fc 1B78     		ldrb	r3, [r3]	@ zero_extendqisi2
 2132 00fe 002B     		cmp	r3, #0
 2133 0100 32D1     		bne	.L118
 2134              	.L109:
 687:Core/Src/freertos.cpp **** 				drive_pwm(0);
 2135              		.loc 1 687 4 view .LVU500
 687:Core/Src/freertos.cpp **** 				drive_pwm(0);
 2136              		.loc 1 687 29 is_stmt 0 discriminator 1 view .LVU501
 2137 0102 0022     		movs	r2, #0
 2138 0104 0023     		movs	r3, #0
 2139 0106 3849     		ldr	r1, .L119+96
 2140 0108 D1E90001 		ldrd	r0, [r1]
 2141 010c FFF7FEFF 		bl	__aeabi_dcmpeq
 2142              	.LVL165:
 2143 0110 58B9     		cbnz	r0, .L110
 687:Core/Src/freertos.cpp **** 				drive_pwm(0);
 2144              		.loc 1 687 35 discriminator 2 view .LVU502
 2145 0112 364B     		ldr	r3, .L119+100
ARM GAS  /tmp/cczGdM5e.s 			page 66


 2146 0114 D3E90023 		ldrd	r2, [r3]
 2147              	.LVL166:
 2148              	.LBB36:
 2149              	.LBI36:
  71:/usr/include/newlib/c++/13.2.1/bits/std_abs.h ****   { return __builtin_fabs(__x); }
 2150              		.loc 3 71 3 is_stmt 1 view .LVU503
 2151              	.LBB37:
 2152              		.loc 3 72 5 view .LVU504
 2153              		.loc 3 72 30 is_stmt 0 view .LVU505
 2154 0118 1046     		mov	r0, r2
 2155 011a 23F00041 		bic	r1, r3, #-2147483648
 2156              	.LVL167:
 2157              		.loc 3 72 30 view .LVU506
 2158              	.LBE37:
 2159              	.LBE36:
 687:Core/Src/freertos.cpp **** 				drive_pwm(0);
 2160              		.loc 1 687 29 discriminator 1 view .LVU507
 2161 011e 1AA3     		adr	r3, .L119
 2162 0120 D3E90023 		ldrd	r2, [r3]
 2163 0124 FFF7FEFF 		bl	__aeabi_dcmplt
 2164              	.LVL168:
 2165 0128 18B1     		cbz	r0, .L105
 2166              	.L110:
 688:Core/Src/freertos.cpp **** 			else
 2167              		.loc 1 688 5 is_stmt 1 view .LVU508
 688:Core/Src/freertos.cpp **** 			else
 2168              		.loc 1 688 14 is_stmt 0 view .LVU509
 2169 012a 9FED310A 		vldr.32	s0, .L119+104
 2170 012e FFF7FEFF 		bl	drive_pwm
 2171              	.LVL169:
 2172              	.L105:
 697:Core/Src/freertos.cpp **** 
 2173              		.loc 1 697 3 is_stmt 1 view .LVU510
 697:Core/Src/freertos.cpp **** 
 2174              		.loc 1 697 12 is_stmt 0 view .LVU511
 2175 0132 2B4B     		ldr	r3, .L119+88
 2176 0134 D3E90001 		ldrd	r0, [r3]
 2177 0138 FFF7FEFF 		bl	__aeabi_d2f
 2178              	.LVL170:
 2179 013c 00EE100A 		vmov	s0, r0
 2180 0140 FFF7FEFF 		bl	drive_pwm
 2181              	.LVL171:
 2182              	.LBE35:
 2183 0144 66E7     		b	.L101
 2184              	.L117:
 2185              	.LBB38:
 694:Core/Src/freertos.cpp **** 		}
 2186              		.loc 1 694 4 is_stmt 1 view .LVU512
 694:Core/Src/freertos.cpp **** 		}
 2187              		.loc 1 694 13 is_stmt 0 view .LVU513
 2188 0146 9FED2A0A 		vldr.32	s0, .L119+104
 2189 014a FFF7FEFF 		bl	drive_pwm
 2190              	.LVL172:
 2191 014e F0E7     		b	.L105
 2192              	.L108:
 666:Core/Src/freertos.cpp **** 					speedTarget = 0.0;
 2193              		.loc 1 666 6 is_stmt 1 view .LVU514
ARM GAS  /tmp/cczGdM5e.s 			page 67


 666:Core/Src/freertos.cpp **** 					speedTarget = 0.0;
 2194              		.loc 1 666 22 is_stmt 0 view .LVU515
 2195 0150 204B     		ldr	r3, .L119+76
 2196 0152 0122     		movs	r2, #1
 2197 0154 1A70     		strb	r2, [r3]
 667:Core/Src/freertos.cpp **** 					isPositionControl = false; //just added
 2198              		.loc 1 667 6 is_stmt 1 view .LVU516
 667:Core/Src/freertos.cpp **** 					isPositionControl = false; //just added
 2199              		.loc 1 667 18 is_stmt 0 view .LVU517
 2200 0156 224B     		ldr	r3, .L119+88
 2201 0158 0020     		movs	r0, #0
 2202 015a 0021     		movs	r1, #0
 2203 015c C3E90001 		strd	r0, [r3]
 668:Core/Src/freertos.cpp **** 				}
 2204              		.loc 1 668 6 is_stmt 1 view .LVU518
 668:Core/Src/freertos.cpp **** 				}
 2205              		.loc 1 668 24 is_stmt 0 view .LVU519
 2206 0160 194B     		ldr	r3, .L119+64
 2207 0162 0022     		movs	r2, #0
 2208 0164 1A70     		strb	r2, [r3]
 2209 0166 C8E7     		b	.L106
 2210              	.L118:
 680:Core/Src/freertos.cpp **** 				SpeedController.Compute();// SPEED control action
 2211              		.loc 1 680 5 is_stmt 1 view .LVU520
 680:Core/Src/freertos.cpp **** 				SpeedController.Compute();// SPEED control action
 2212              		.loc 1 680 14 is_stmt 0 view .LVU521
 2213 0168 1D4B     		ldr	r3, .L119+88
 2214 016a D3E90001 		ldrd	r0, [r3]
 2215 016e 1E4B     		ldr	r3, .L119+96
 2216 0170 C3E90001 		strd	r0, [r3]
 681:Core/Src/freertos.cpp **** 			}
 2217              		.loc 1 681 5 is_stmt 1 view .LVU522
 681:Core/Src/freertos.cpp **** 			}
 2218              		.loc 1 681 28 is_stmt 0 view .LVU523
 2219 0174 1F48     		ldr	r0, .L119+108
 2220 0176 FFF7FEFF 		bl	_ZN3PID7ComputeEv
 2221              	.LVL173:
 2222 017a C2E7     		b	.L109
 2223              	.L116:
 681:Core/Src/freertos.cpp **** 			}
 2224              		.loc 1 681 28 view .LVU524
 2225              	.LBE38:
 2226              	.LBE39:
 704:Core/Src/freertos.cpp **** 
 2227              		.loc 1 704 3 is_stmt 1 view .LVU525
 704:Core/Src/freertos.cpp **** 
 2228              		.loc 1 704 12 is_stmt 0 view .LVU526
 2229 017c 1E4B     		ldr	r3, .L119+112
 2230 017e 0122     		movs	r2, #1
 2231 0180 1A70     		strb	r2, [r3]
 710:Core/Src/freertos.cpp **** #ifdef __cplusplus
 2232              		.loc 1 710 1 view .LVU527
 2233 0182 4BE7     		b	.L99
 2234              	.L120:
 2235 0184 AFF30080 		.align	3
 2236              	.L119:
 2237 0188 F168E388 		.word	-1998362383
ARM GAS  /tmp/cczGdM5e.s 			page 68


 2238 018c B5F8E43E 		.word	1055193269
 2239 0190 00000140 		.word	1073807360
 2240 0194 00000000 		.word	htim11
 2241 0198 00000000 		.word	htim10
 2242 019c 00000000 		.word	encoderCount
 2243 01a0 00000000 		.word	encoderTotal
 2244 01a4 00000000 		.word	carSpeed
 2245 01a8 00000000 		.word	carSpeedfiltered
 2246 01ac 00000000 		.word	globalDistance
 2247 01b0 00000000 		.word	encoderAcceleration
 2248 01b4 00000000 		.word	localDistanceOrigin
 2249 01b8 00000000 		.word	localDistance
 2250 01bc 00000000 		.word	tof_distances
 2251 01c0 00000000 		.word	inRangeForEmergencyBrakeArena
 2252 01c4 00000000 		.word	checkEmergencyBrakeArena
 2253 01c8 00000000 		.word	isPositionControl
 2254 01cc 00000000 		.word	localDistanceRef
 2255 01d0 00000000 		.word	posAckDone
 2256 01d4 00000000 		.word	reachedPosition
 2257 01d8 00000000 		.word	PositionController
 2258 01dc 00000000 		.word	speedTargetPos
 2259 01e0 00000000 		.word	speedTarget
 2260 01e4 00000000 		.word	isSpeedControl
 2261 01e8 00000000 		.word	speedRef
 2262 01ec 00000000 		.word	motorPWM
 2263 01f0 00000000 		.word	0
 2264 01f4 00000000 		.word	SpeedController
 2265 01f8 00000000 		.word	pub_flag
 2266              		.cfi_endproc
 2267              	.LFE1177:
 2268              		.fnend
 2270              		.section	.text._GLOBAL__sub_I_speedTarget,"ax",%progbits
 2271              		.align	1
 2272              		.syntax unified
 2273              		.thumb
 2274              		.thumb_func
 2276              	_GLOBAL__sub_I_speedTarget:
 2277              		.fnstart
 2278              	.LFB1293:
 2279              		.loc 1 712 1 is_stmt 1 view -0
 2280              		.cfi_startproc
 2281              		@ args = 0, pretend = 0, frame = 0
 2282              		@ frame_needed = 0, uses_anonymous_args = 0
 2283 0000 08B5     		push	{r3, lr}
 2284              	.LCFI29:
 2285              		.cfi_def_cfa_offset 8
 2286              		.cfi_offset 3, -8
 2287              		.cfi_offset 14, -4
 2288              		.loc 1 712 1 is_stmt 0 view .LVU529
 2289 0002 FFF7FEFF 		bl	_Z41__static_initialization_and_destruction_0v
 2290              	.LVL174:
 2291 0006 08BD     		pop	{r3, pc}
 2292              		.cfi_endproc
 2293              	.LFE1293:
 2294              		.cantunwind
 2295              		.fnend
 2297              		.section	.init_array,"aw",%init_array
ARM GAS  /tmp/cczGdM5e.s 			page 69


 2298              		.align	2
 2299 0000 00000000 		.word	_GLOBAL__sub_I_speedTarget(target1)
 2300              		.section	.bss._ZZ16StartDefaultTaskE11tof_counter,"aw",%nobits
 2303              	_ZZ16StartDefaultTaskE11tof_counter:
 2304 0000 00       		.space	1
 2305              		.global	last_diff
 2306              		.section	.bss.last_diff,"aw",%nobits
 2307              		.align	3
 2310              	last_diff:
 2311 0000 00000000 		.space	8
 2311      00000000 
 2312              		.section	.rodata.str1.4,"aMS",%progbits,1
 2313              		.align	2
 2314              	.LC15:
 2315 0000 64656661 		.ascii	"defaultTask\000"
 2315      756C7454 
 2315      61736B00 
 2316              		.section	.rodata._ZL22defaultTask_attributes,"a"
 2317              		.align	2
 2320              	_ZL22defaultTask_attributes:
 2321 0000 00000000 		.word	.LC15
 2322 0004 00000000 		.space	4
 2323 0008 00000000 		.word	defaultTaskControlBlock
 2324 000c 5C000000 		.word	92
 2325 0010 00000000 		.word	defaultTaskBuffer
 2326 0014 A00F0000 		.word	4000
 2327 0018 18000000 		.word	24
 2328 001c 00000000 		.space	8
 2328      00000000 
 2329              		.global	defaultTaskControlBlock
 2330              		.section	.bss.defaultTaskControlBlock,"aw",%nobits
 2331              		.align	2
 2334              	defaultTaskControlBlock:
 2335 0000 00000000 		.space	92
 2335      00000000 
 2335      00000000 
 2335      00000000 
 2335      00000000 
 2336              		.global	defaultTaskBuffer
 2337              		.section	.bss.defaultTaskBuffer,"aw",%nobits
 2338              		.align	2
 2341              	defaultTaskBuffer:
 2342 0000 00000000 		.space	4000
 2342      00000000 
 2342      00000000 
 2342      00000000 
 2342      00000000 
 2343              		.global	defaultTaskHandle
 2344              		.section	.bss.defaultTaskHandle,"aw",%nobits
 2345              		.align	2
 2348              	defaultTaskHandle:
 2349 0000 00000000 		.space	4
 2350              		.global	PositionController
 2351              		.section	.bss.PositionController,"aw",%nobits
 2352              		.align	3
 2355              	PositionController:
 2356 0000 00000000 		.space	24960
ARM GAS  /tmp/cczGdM5e.s 			page 70


 2356      00000000 
 2356      00000000 
 2356      00000000 
 2356      00000000 
 2357              		.global	SpeedController
 2358              		.section	.bss.SpeedController,"aw",%nobits
 2359              		.align	3
 2362              	SpeedController:
 2363 0000 00000000 		.space	24960
 2363      00000000 
 2363      00000000 
 2363      00000000 
 2363      00000000 
 2364              		.global	samplingPID
 2365              		.section	.data.samplingPID,"aw"
 2368              	samplingPID:
 2369 0000 14       		.byte	20
 2370              		.global	tof_range_status_debug
 2371              		.section	.bss.tof_range_status_debug,"aw",%nobits
 2372              		.align	2
 2375              	tof_range_status_debug:
 2376 0000 00000000 		.space	4
 2377              		.global	tof_addr_mask_debug
 2378              		.section	.bss.tof_addr_mask_debug,"aw",%nobits
 2381              	tof_addr_mask_debug:
 2382 0000 00       		.space	1
 2383              		.global	tof_status_debug
 2384              		.section	.bss.tof_status_debug,"aw",%nobits
 2387              	tof_status_debug:
 2388 0000 00       		.space	1
 2389              		.global	tof_distances
 2390              		.section	.bss.tof_distances,"aw",%nobits
 2391              		.align	2
 2394              	tof_distances:
 2395 0000 00000000 		.space	4
 2396              		.global	flagLed
 2397              		.section	.bss.flagLed,"aw",%nobits
 2400              	flagLed:
 2401 0000 00       		.space	1
 2402              		.global	inRangeForEmergencyBrakeArena
 2403              		.section	.bss.inRangeForEmergencyBrakeArena,"aw",%nobits
 2406              	inRangeForEmergencyBrakeArena:
 2407 0000 00       		.space	1
 2408              		.global	checkEmergencyBrakeArena
 2409              		.section	.bss.checkEmergencyBrakeArena,"aw",%nobits
 2412              	checkEmergencyBrakeArena:
 2413 0000 00       		.space	1
 2414              		.global	pub_flag
 2415              		.section	.bss.pub_flag,"aw",%nobits
 2418              	pub_flag:
 2419 0000 00       		.space	1
 2420              		.global	reachedPosition
 2421              		.section	.bss.reachedPosition,"aw",%nobits
 2424              	reachedPosition:
 2425 0000 00       		.space	1
 2426              		.global	posAckDone
 2427              		.section	.bss.posAckDone,"aw",%nobits
ARM GAS  /tmp/cczGdM5e.s 			page 71


 2430              	posAckDone:
 2431 0000 00       		.space	1
 2432              		.global	isPositionControl
 2433              		.section	.bss.isPositionControl,"aw",%nobits
 2436              	isPositionControl:
 2437 0000 00       		.space	1
 2438              		.global	isSpeedControl
 2439              		.section	.data.isSpeedControl,"aw"
 2442              	isSpeedControl:
 2443 0000 01       		.byte	1
 2444              		.global	servoPWM
 2445              		.section	.bss.servoPWM,"aw",%nobits
 2446              		.align	3
 2449              	servoPWM:
 2450 0000 00000000 		.space	8
 2450      00000000 
 2451              		.global	motorPWM
 2452              		.section	.bss.motorPWM,"aw",%nobits
 2453              		.align	3
 2456              	motorPWM:
 2457 0000 00000000 		.space	8
 2457      00000000 
 2458              		.global	encoderTotal
 2459              		.section	.bss.encoderTotal,"aw",%nobits
 2460              		.align	2
 2463              	encoderTotal:
 2464 0000 00000000 		.space	4
 2465              		.global	encoderCount
 2466              		.section	.bss.encoderCount,"aw",%nobits
 2467              		.align	2
 2470              	encoderCount:
 2471 0000 00000000 		.space	4
 2472              		.global	localDistanceRef
 2473              		.section	.bss.localDistanceRef,"aw",%nobits
 2474              		.align	3
 2477              	localDistanceRef:
 2478 0000 00000000 		.space	8
 2478      00000000 
 2479              		.global	localDistanceOrigin
 2480              		.section	.bss.localDistanceOrigin,"aw",%nobits
 2481              		.align	3
 2484              	localDistanceOrigin:
 2485 0000 00000000 		.space	8
 2485      00000000 
 2486              		.global	localDistance
 2487              		.section	.bss.localDistance,"aw",%nobits
 2488              		.align	3
 2491              	localDistance:
 2492 0000 00000000 		.space	8
 2492      00000000 
 2493              		.global	globalDistance
 2494              		.section	.bss.globalDistance,"aw",%nobits
 2495              		.align	3
 2498              	globalDistance:
 2499 0000 00000000 		.space	8
 2499      00000000 
 2500              		.global	encoderAcceleration
ARM GAS  /tmp/cczGdM5e.s 			page 72


 2501              		.section	.bss.encoderAcceleration,"aw",%nobits
 2502              		.align	3
 2505              	encoderAcceleration:
 2506 0000 00000000 		.space	8
 2506      00000000 
 2507              		.global	carSpeedfiltered
 2508              		.section	.bss.carSpeedfiltered,"aw",%nobits
 2509              		.align	3
 2512              	carSpeedfiltered:
 2513 0000 00000000 		.space	8
 2513      00000000 
 2514              		.global	carSpeed
 2515              		.section	.bss.carSpeed,"aw",%nobits
 2516              		.align	3
 2519              	carSpeed:
 2520 0000 00000000 		.space	8
 2520      00000000 
 2521              		.global	steerRef
 2522              		.section	.bss.steerRef,"aw",%nobits
 2523              		.align	3
 2526              	steerRef:
 2527 0000 00000000 		.space	8
 2527      00000000 
 2528              		.global	speedRef
 2529              		.section	.bss.speedRef,"aw",%nobits
 2530              		.align	3
 2533              	speedRef:
 2534 0000 00000000 		.space	8
 2534      00000000 
 2535              		.global	speedTargetPos
 2536              		.section	.bss.speedTargetPos,"aw",%nobits
 2537              		.align	3
 2540              	speedTargetPos:
 2541 0000 00000000 		.space	8
 2541      00000000 
 2542              		.global	speedTarget
 2543              		.section	.bss.speedTarget,"aw",%nobits
 2544              		.align	3
 2547              	speedTarget:
 2548 0000 00000000 		.space	8
 2548      00000000 
 2549              		.text
 2550              	.Letext0:
 2551              		.file 4 "/usr/lib/gcc/arm-none-eabi/13.2.1/include/stddef.h"
 2552              		.file 5 "/usr/lib/gcc/arm-none-eabi/13.2.1/include/stdint.h"
 2553              		.file 6 "Middlewares/Third_Party/FreeRTOS/Source/portable/GCC/ARM_CM4F/portmacro.h"
 2554              		.file 7 "Middlewares/Third_Party/FreeRTOS/Source/include/FreeRTOS.h"
 2555              		.file 8 "Drivers/CMSIS/Device/ST/STM32F4xx/Include/stm32f401xe.h"
 2556              		.file 9 "Drivers/CMSIS/Device/ST/STM32F4xx/Include/stm32f4xx.h"
 2557              		.file 10 "Drivers/STM32F4xx_HAL_Driver/Inc/stm32f4xx_hal_def.h"
 2558              		.file 11 "Drivers/STM32F4xx_HAL_Driver/Inc/stm32f4xx_hal_gpio.h"
 2559              		.file 12 "Drivers/STM32F4xx_HAL_Driver/Inc/stm32f4xx_hal_dma.h"
 2560              		.file 13 "Drivers/STM32F4xx_HAL_Driver/Inc/stm32f4xx_hal_adc.h"
 2561              		.file 14 "Drivers/STM32F4xx_HAL_Driver/Inc/stm32f4xx_hal_tim.h"
 2562              		.file 15 "Drivers/STM32F4xx_HAL_Driver/Inc/stm32f4xx_hal_uart.h"
 2563              		.file 16 "Middlewares/Third_Party/FreeRTOS/Source/CMSIS_RTOS_V2/cmsis_os2.h"
 2564              		.file 17 "Core/Inc/encoder.h"
ARM GAS  /tmp/cczGdM5e.s 			page 73


 2565              		.file 18 "Core/Inc/tim.h"
 2566              		.file 19 "/usr/include/newlib/c++/13.2.1/cmath"
 2567              		.file 20 "/usr/include/newlib/c++/13.2.1/type_traits"
 2568              		.file 21 "/usr/include/newlib/c++/13.2.1/debug/debug.h"
 2569              		.file 22 "/usr/include/newlib/c++/13.2.1/cstdlib"
 2570              		.file 23 "/usr/include/newlib/c++/13.2.1/arm-none-eabi/thumb/v7e-m+fp/hard/bits/c++config.h"
 2571              		.file 24 "/usr/include/newlib/c++/13.2.1/bits/predefined_ops.h"
 2572              		.file 25 "/usr/include/newlib/math.h"
 2573              		.file 26 "/usr/include/newlib/stdlib.h"
 2574              		.file 27 "micro_ros_stm32cubemx_utils/microros_static_library/libmicroros/microros_include/rcutils
 2575              		.file 28 "micro_ros_stm32cubemx_utils/microros_static_library/libmicroros/microros_include/rcl/all
 2576              		.file 29 "micro_ros_stm32cubemx_utils/microros_static_library/libmicroros/microros_include/rmw/ret
 2577              		.file 30 "/usr/include/newlib/c++/13.2.1/stdlib.h"
 2578              		.file 31 "micro_ros_stm32cubemx_utils/microros_static_library/libmicroros/microros_include/rcutils
 2579              		.file 32 "micro_ros_stm32cubemx_utils/microros_static_library/libmicroros/microros_include/rmw/tim
 2580              		.file 33 "micro_ros_stm32cubemx_utils/microros_static_library/libmicroros/microros_include/rmw/typ
 2581              		.file 34 "micro_ros_stm32cubemx_utils/microros_static_library/libmicroros/microros_include/rcl/typ
 2582              		.file 35 "micro_ros_stm32cubemx_utils/microros_static_library/libmicroros/microros_include/rcl/con
 2583              		.file 36 "micro_ros_stm32cubemx_utils/microros_static_library/libmicroros/microros_include/rcl/gua
 2584              		.file 37 "micro_ros_stm32cubemx_utils/microros_static_library/libmicroros/microros_include/rosidl_
 2585              		.file 38 "micro_ros_stm32cubemx_utils/microros_static_library/libmicroros/microros_include/builtin
 2586              		.file 39 "micro_ros_stm32cubemx_utils/microros_static_library/libmicroros/microros_include/rosidl_
 2587              		.file 40 "micro_ros_stm32cubemx_utils/microros_static_library/libmicroros/microros_include/rosidl_
 2588              		.file 41 "micro_ros_stm32cubemx_utils/microros_static_library/libmicroros/microros_include/rosidl_
 2589              		.file 42 "micro_ros_stm32cubemx_utils/microros_static_library/libmicroros/microros_include/rosidl_
 2590              		.file 43 "micro_ros_stm32cubemx_utils/microros_static_library/libmicroros/microros_include/rosidl_
 2591              		.file 44 "micro_ros_stm32cubemx_utils/microros_static_library/libmicroros/microros_include/rosidl_
 2592              		.file 45 "micro_ros_stm32cubemx_utils/microros_static_library/libmicroros/microros_include/rosidl_
 2593              		.file 46 "micro_ros_stm32cubemx_utils/microros_static_library/libmicroros/microros_include/rcl/nod
 2594              		.file 47 "micro_ros_stm32cubemx_utils/microros_static_library/libmicroros/microros_include/rcl/ser
 2595              		.file 48 "micro_ros_stm32cubemx_utils/microros_static_library/libmicroros/microros_include/rcl/tim
 2596              		.file 49 "micro_ros_stm32cubemx_utils/microros_static_library/libmicroros/microros_include/rcl/pub
 2597              		.file 50 "micro_ros_stm32cubemx_utils/microros_static_library/libmicroros/microros_include/rcl/sub
 2598              		.file 51 "micro_ros_stm32cubemx_utils/microros_static_library/libmicroros/microros_include/rcl/cli
 2599              		.file 52 "micro_ros_stm32cubemx_utils/microros_static_library/libmicroros/microros_include/rmw/qos
 2600              		.file 53 "micro_ros_stm32cubemx_utils/microros_static_library/libmicroros/microros_include/rcl/tim
 2601              		.file 54 "micro_ros_stm32cubemx_utils/microros_static_library/libmicroros/microros_include/rcl/eve
 2602              		.file 55 "micro_ros_stm32cubemx_utils/microros_static_library/libmicroros/microros_include/rcl/wai
 2603              		.file 56 "micro_ros_stm32cubemx_utils/microros_static_library/libmicroros/microros_include/rclc/ty
 2604              		.file 57 "micro_ros_stm32cubemx_utils/microros_static_library/libmicroros/microros_include/unique_
 2605              		.file 58 "micro_ros_stm32cubemx_utils/microros_static_library/libmicroros/microros_include/action_
 2606              		.file 59 "micro_ros_stm32cubemx_utils/microros_static_library/libmicroros/microros_include/action_
 2607              		.file 60 "micro_ros_stm32cubemx_utils/microros_static_library/libmicroros/microros_include/rcl_act
 2608              		.file 61 "micro_ros_stm32cubemx_utils/microros_static_library/libmicroros/microros_include/rcl_act
 2609              		.file 62 "micro_ros_stm32cubemx_utils/microros_static_library/libmicroros/microros_include/rcl_act
 2610              		.file 63 "micro_ros_stm32cubemx_utils/microros_static_library/libmicroros/microros_include/rcl_act
 2611              		.file 64 "micro_ros_stm32cubemx_utils/microros_static_library/libmicroros/microros_include/rclc/ac
 2612              		.file 65 "micro_ros_stm32cubemx_utils/microros_static_library/libmicroros/microros_include/rclc/ac
 2613              		.file 66 "micro_ros_stm32cubemx_utils/microros_static_library/libmicroros/microros_include/rclc/ac
 2614              		.file 67 "micro_ros_stm32cubemx_utils/microros_static_library/libmicroros/microros_include/rclc/ex
 2615              		.file 68 "micro_ros_stm32cubemx_utils/microros_static_library/libmicroros/microros_include/rclc/ex
 2616              		.file 69 "micro_ros_stm32cubemx_utils/microros_static_library/libmicroros/microros_include/uxr/cli
 2617              		.file 70 "micro_ros_stm32cubemx_utils/microros_static_library/libmicroros/microros_include/uxr/cli
 2618              		.file 71 "micro_ros_stm32cubemx_utils/microros_static_library/libmicroros/microros_include/uxr/cli
 2619              		.file 72 "micro_ros_stm32cubemx_utils/microros_static_library/libmicroros/microros_include/std_msg
 2620              		.file 73 "micro_ros_stm32cubemx_utils/microros_static_library/libmicroros/microros_include/std_msg
 2621              		.file 74 "micro_ros_stm32cubemx_utils/microros_static_library/libmicroros/microros_include/std_msg
ARM GAS  /tmp/cczGdM5e.s 			page 74


 2622              		.file 75 "Core/Inc/usart.h"
 2623              		.file 76 "Drivers/STM32F4xx_HAL_Driver/Inc/stm32f4xx_hal.h"
 2624              		.file 77 "Core/Inc/tof.h"
 2625              		.file 78 "micro_ros_stm32cubemx_utils/microros_static_library/libmicroros/microros_include/std_msg
 2626              		.file 79 "micro_ros_stm32cubemx_utils/microros_static_library/libmicroros/microros_include/std_msg
 2627              		.file 80 "micro_ros_stm32cubemx_utils/microros_static_library/libmicroros/microros_include/rclc/su
 2628              		.file 81 "micro_ros_stm32cubemx_utils/microros_static_library/libmicroros/microros_include/std_msg
 2629              		.file 82 "micro_ros_stm32cubemx_utils/microros_static_library/libmicroros/microros_include/std_msg
 2630              		.file 83 "micro_ros_stm32cubemx_utils/microros_static_library/libmicroros/microros_include/rclc/pu
 2631              		.file 84 "micro_ros_stm32cubemx_utils/microros_static_library/libmicroros/microros_include/std_msg
 2632              		.file 85 "micro_ros_stm32cubemx_utils/microros_static_library/libmicroros/microros_include/rclc/no
 2633              		.file 86 "micro_ros_stm32cubemx_utils/microros_static_library/libmicroros/microros_include/rclc/in
 2634              		.file 87 "micro_ros_stm32cubemx_utils/microros_static_library/libmicroros/microros_include/rmw_mic
 2635              		.file 88 "Core/Inc/main.h"
ARM GAS  /tmp/cczGdM5e.s 			page 75


DEFINED SYMBOLS
                            *ABS*:00000000 freertos.cpp
     /tmp/cczGdM5e.s:21     .text.leds_callback:00000000 $t
     /tmp/cczGdM5e.s:27     .text.leds_callback:00000000 leds_callback
     /tmp/cczGdM5e.s:80     .text.leds_callback:00000024 $d
     /tmp/cczGdM5e.s:2400   .bss.flagLed:00000000 flagLed
    .ARM.extab.text.leds_callback:00000000 $d
    .ARM.exidx.text.leds_callback:00000000 $d
     /tmp/cczGdM5e.s:87     .text._Z41__static_initialization_and_destruction_0v:00000000 $t
     /tmp/cczGdM5e.s:92     .text._Z41__static_initialization_and_destruction_0v:00000000 _Z41__static_initialization_and_destruction_0v
     /tmp/cczGdM5e.s:156    .text._Z41__static_initialization_and_destruction_0v:00000058 $d
     /tmp/cczGdM5e.s:2533   .bss.speedRef:00000000 speedRef
     /tmp/cczGdM5e.s:2456   .bss.motorPWM:00000000 motorPWM
     /tmp/cczGdM5e.s:2512   .bss.carSpeedfiltered:00000000 carSpeedfiltered
     /tmp/cczGdM5e.s:2362   .bss.SpeedController:00000000 SpeedController
     /tmp/cczGdM5e.s:2477   .bss.localDistanceRef:00000000 localDistanceRef
     /tmp/cczGdM5e.s:2540   .bss.speedTargetPos:00000000 speedTargetPos
     /tmp/cczGdM5e.s:2491   .bss.localDistance:00000000 localDistance
     /tmp/cczGdM5e.s:2355   .bss.PositionController:00000000 PositionController
.ARM.exidx.text._Z41__static_initialization_and_destruction_0v:00000000 $d
     /tmp/cczGdM5e.s:180    .text.MX_FREERTOS_Init:00000000 $t
     /tmp/cczGdM5e.s:186    .text.MX_FREERTOS_Init:00000000 MX_FREERTOS_Init
     /tmp/cczGdM5e.s:224    .text.MX_FREERTOS_Init:0000001c $d
     /tmp/cczGdM5e.s:2320   .rodata._ZL22defaultTask_attributes:00000000 _ZL22defaultTask_attributes
     /tmp/cczGdM5e.s:879    .text.StartDefaultTask:00000000 StartDefaultTask
     /tmp/cczGdM5e.s:2348   .bss.defaultTaskHandle:00000000 defaultTaskHandle
 .ARM.extab.text.MX_FREERTOS_Init:00000000 $d
 .ARM.exidx.text.MX_FREERTOS_Init:00000000 $d
     /tmp/cczGdM5e.s:232    .text.checkEmergencyBrakeArena__callback:00000000 $t
     /tmp/cczGdM5e.s:238    .text.checkEmergencyBrakeArena__callback:00000000 checkEmergencyBrakeArena__callback
     /tmp/cczGdM5e.s:259    .text.checkEmergencyBrakeArena__callback:00000008 $d
     /tmp/cczGdM5e.s:2412   .bss.checkEmergencyBrakeArena:00000000 checkEmergencyBrakeArena
.ARM.exidx.text.checkEmergencyBrakeArena__callback:00000000 $d
     /tmp/cczGdM5e.s:267    .text.speed:00000000 $t
     /tmp/cczGdM5e.s:273    .text.speed:00000000 speed
     /tmp/cczGdM5e.s:339    .text.speed:00000054 $d
     /tmp/cczGdM5e.s:2547   .bss.speedTarget:00000000 speedTarget
     /tmp/cczGdM5e.s:2442   .data.isSpeedControl:00000000 isSpeedControl
     /tmp/cczGdM5e.s:2436   .bss.isPositionControl:00000000 isPositionControl
            .ARM.exidx.text.speed:00000000 $d
     /tmp/cczGdM5e.s:350    .text.speed_callback:00000000 $t
     /tmp/cczGdM5e.s:356    .text.speed_callback:00000000 speed_callback
   .ARM.exidx.text.speed_callback:00000000 $d
     /tmp/cczGdM5e.s:388    .text.steer:00000000 $t
     /tmp/cczGdM5e.s:394    .text.steer:00000000 steer
     /tmp/cczGdM5e.s:480    .text.steer:00000080 $d
     /tmp/cczGdM5e.s:2526   .bss.steerRef:00000000 steerRef
     /tmp/cczGdM5e.s:2449   .bss.servoPWM:00000000 servoPWM
            .ARM.exidx.text.steer:00000000 $d
     /tmp/cczGdM5e.s:497    .text.steer_callback:00000000 $t
     /tmp/cczGdM5e.s:503    .text.steer_callback:00000000 steer_callback
   .ARM.exidx.text.steer_callback:00000000 $d
     /tmp/cczGdM5e.s:532    .text.stop:00000000 $t
     /tmp/cczGdM5e.s:538    .text.stop:00000000 stop
     /tmp/cczGdM5e.s:588    .text.stop:00000030 $d
             .ARM.exidx.text.stop:00000000 $d
     /tmp/cczGdM5e.s:600    .text.stop_callback:00000000 $t
ARM GAS  /tmp/cczGdM5e.s 			page 76


     /tmp/cczGdM5e.s:606    .text.stop_callback:00000000 stop_callback
    .ARM.exidx.text.stop_callback:00000000 $d
     /tmp/cczGdM5e.s:635    .text.position:00000000 $t
     /tmp/cczGdM5e.s:641    .text.position:00000000 position
     /tmp/cczGdM5e.s:692    .text.position:00000034 $d
     /tmp/cczGdM5e.s:2498   .bss.globalDistance:00000000 globalDistance
     /tmp/cczGdM5e.s:2484   .bss.localDistanceOrigin:00000000 localDistanceOrigin
     /tmp/cczGdM5e.s:2430   .bss.posAckDone:00000000 posAckDone
     /tmp/cczGdM5e.s:2424   .bss.reachedPosition:00000000 reachedPosition
         .ARM.exidx.text.position:00000000 $d
     /tmp/cczGdM5e.s:705    .text.pos_callback:00000000 $t
     /tmp/cczGdM5e.s:711    .text.pos_callback:00000000 pos_callback
     .ARM.exidx.text.pos_callback:00000000 $d
     /tmp/cczGdM5e.s:741    .text.drive_pwm:00000000 $t
     /tmp/cczGdM5e.s:747    .text.drive_pwm:00000000 drive_pwm
     /tmp/cczGdM5e.s:813    .text.drive_pwm:00000058 $d
        .ARM.exidx.text.drive_pwm:00000000 $d
     /tmp/cczGdM5e.s:827    .rodata.StartDefaultTask.str1.4:00000000 $d
     /tmp/cczGdM5e.s:873    .text.StartDefaultTask:00000000 $t
     /tmp/cczGdM5e.s:1443   .text.StartDefaultTask:000002b8 $d
     /tmp/cczGdM5e.s:2368   .data.samplingPID:00000000 samplingPID
     /tmp/cczGdM5e.s:2387   .bss.tof_status_debug:00000000 tof_status_debug
     /tmp/cczGdM5e.s:2381   .bss.tof_addr_mask_debug:00000000 tof_addr_mask_debug
     /tmp/cczGdM5e.s:2394   .bss.tof_distances:00000000 tof_distances
     /tmp/cczGdM5e.s:2375   .bss.tof_range_status_debug:00000000 tof_range_status_debug
     /tmp/cczGdM5e.s:1499   .text.StartDefaultTask:0000038c $t
     /tmp/cczGdM5e.s:1680   .text.StartDefaultTask:00000468 $d
     /tmp/cczGdM5e.s:2418   .bss.pub_flag:00000000 pub_flag
     /tmp/cczGdM5e.s:2303   .bss._ZZ16StartDefaultTaskE11tof_counter:00000000 _ZZ16StartDefaultTaskE11tof_counter
     /tmp/cczGdM5e.s:2505   .bss.encoderAcceleration:00000000 encoderAcceleration
 .ARM.extab.text.StartDefaultTask:00000000 $d
 .ARM.exidx.text.StartDefaultTask:00000000 $d
     /tmp/cczGdM5e.s:1700   .text.isClose:00000000 $t
     /tmp/cczGdM5e.s:1706   .text.isClose:00000000 isClose
     /tmp/cczGdM5e.s:1752   .text.isClose:00000030 $d
          .ARM.exidx.text.isClose:00000000 $d
     /tmp/cczGdM5e.s:1760   .text.readADC:00000000 $t
     /tmp/cczGdM5e.s:1766   .text.readADC:00000000 readADC
     /tmp/cczGdM5e.s:1840   .text.readADC:0000003c $d
          .ARM.exidx.text.readADC:00000000 $d
     /tmp/cczGdM5e.s:1846   .text.HAL_GPIO_EXTI_Callback:00000000 $t
     /tmp/cczGdM5e.s:1852   .text.HAL_GPIO_EXTI_Callback:00000000 HAL_GPIO_EXTI_Callback
     /tmp/cczGdM5e.s:1898   .text.HAL_GPIO_EXTI_Callback:00000020 $d
.ARM.exidx.text.HAL_GPIO_EXTI_Callback:00000000 $d
     /tmp/cczGdM5e.s:1905   .text.HAL_TIM_PeriodElapsedCallback:00000000 $t
     /tmp/cczGdM5e.s:1911   .text.HAL_TIM_PeriodElapsedCallback:00000000 HAL_TIM_PeriodElapsedCallback
     /tmp/cczGdM5e.s:2237   .text.HAL_TIM_PeriodElapsedCallback:00000188 $d
     /tmp/cczGdM5e.s:2470   .bss.encoderCount:00000000 encoderCount
     /tmp/cczGdM5e.s:2463   .bss.encoderTotal:00000000 encoderTotal
     /tmp/cczGdM5e.s:2519   .bss.carSpeed:00000000 carSpeed
     /tmp/cczGdM5e.s:2406   .bss.inRangeForEmergencyBrakeArena:00000000 inRangeForEmergencyBrakeArena
.ARM.exidx.text.HAL_TIM_PeriodElapsedCallback:00000000 $d
     /tmp/cczGdM5e.s:2271   .text._GLOBAL__sub_I_speedTarget:00000000 $t
     /tmp/cczGdM5e.s:2276   .text._GLOBAL__sub_I_speedTarget:00000000 _GLOBAL__sub_I_speedTarget
.ARM.exidx.text._GLOBAL__sub_I_speedTarget:00000000 $d
     /tmp/cczGdM5e.s:2298   .init_array:00000000 $d
     /tmp/cczGdM5e.s:2304   .bss._ZZ16StartDefaultTaskE11tof_counter:00000000 $d
ARM GAS  /tmp/cczGdM5e.s 			page 77


     /tmp/cczGdM5e.s:2310   .bss.last_diff:00000000 last_diff
     /tmp/cczGdM5e.s:2307   .bss.last_diff:00000000 $d
     /tmp/cczGdM5e.s:2313   .rodata.str1.4:00000000 $d
     /tmp/cczGdM5e.s:2317   .rodata._ZL22defaultTask_attributes:00000000 $d
     /tmp/cczGdM5e.s:2334   .bss.defaultTaskControlBlock:00000000 defaultTaskControlBlock
     /tmp/cczGdM5e.s:2341   .bss.defaultTaskBuffer:00000000 defaultTaskBuffer
     /tmp/cczGdM5e.s:2331   .bss.defaultTaskControlBlock:00000000 $d
     /tmp/cczGdM5e.s:2338   .bss.defaultTaskBuffer:00000000 $d
     /tmp/cczGdM5e.s:2345   .bss.defaultTaskHandle:00000000 $d
     /tmp/cczGdM5e.s:2352   .bss.PositionController:00000000 $d
     /tmp/cczGdM5e.s:2359   .bss.SpeedController:00000000 $d
     /tmp/cczGdM5e.s:2372   .bss.tof_range_status_debug:00000000 $d
     /tmp/cczGdM5e.s:2382   .bss.tof_addr_mask_debug:00000000 $d
     /tmp/cczGdM5e.s:2388   .bss.tof_status_debug:00000000 $d
     /tmp/cczGdM5e.s:2391   .bss.tof_distances:00000000 $d
     /tmp/cczGdM5e.s:2401   .bss.flagLed:00000000 $d
     /tmp/cczGdM5e.s:2407   .bss.inRangeForEmergencyBrakeArena:00000000 $d
     /tmp/cczGdM5e.s:2413   .bss.checkEmergencyBrakeArena:00000000 $d
     /tmp/cczGdM5e.s:2419   .bss.pub_flag:00000000 $d
     /tmp/cczGdM5e.s:2425   .bss.reachedPosition:00000000 $d
     /tmp/cczGdM5e.s:2431   .bss.posAckDone:00000000 $d
     /tmp/cczGdM5e.s:2437   .bss.isPositionControl:00000000 $d
     /tmp/cczGdM5e.s:2446   .bss.servoPWM:00000000 $d
     /tmp/cczGdM5e.s:2453   .bss.motorPWM:00000000 $d
     /tmp/cczGdM5e.s:2460   .bss.encoderTotal:00000000 $d
     /tmp/cczGdM5e.s:2467   .bss.encoderCount:00000000 $d
     /tmp/cczGdM5e.s:2474   .bss.localDistanceRef:00000000 $d
     /tmp/cczGdM5e.s:2481   .bss.localDistanceOrigin:00000000 $d
     /tmp/cczGdM5e.s:2488   .bss.localDistance:00000000 $d
     /tmp/cczGdM5e.s:2495   .bss.globalDistance:00000000 $d
     /tmp/cczGdM5e.s:2502   .bss.encoderAcceleration:00000000 $d
     /tmp/cczGdM5e.s:2509   .bss.carSpeedfiltered:00000000 $d
     /tmp/cczGdM5e.s:2516   .bss.carSpeed:00000000 $d
     /tmp/cczGdM5e.s:2523   .bss.steerRef:00000000 $d
     /tmp/cczGdM5e.s:2530   .bss.speedRef:00000000 $d
     /tmp/cczGdM5e.s:2537   .bss.speedTargetPos:00000000 $d
     /tmp/cczGdM5e.s:2544   .bss.speedTarget:00000000 $d

UNDEFINED SYMBOLS
HAL_GPIO_WritePin
__aeabi_unwind_cpp_pr1
_ZN3PIDC1EPdS0_S0_ddd14PIDPON_TypeDef13PIDCD_TypeDef
osThreadNew
Error_Handler
__aeabi_f2d
__aeabi_dmul
__aeabi_dadd
__aeabi_d2uiz
htim2
__aeabi_d2f
rmw_uros_set_custom_transport
rcutils_get_zero_initialized_allocator
rcutils_set_default_allocator
rcutils_get_default_allocator
rclc_support_init
rclc_node_init_default
rosidl_typesupport_c__get_message_type_support_handle__std_msgs__msg__Float32
ARM GAS  /tmp/cczGdM5e.s 			page 78


rclc_publisher_init_default
rosidl_typesupport_c__get_message_type_support_handle__std_msgs__msg__Bool
rosidl_typesupport_c__get_message_type_support_handle__std_msgs__msg__UInt8
rclc_subscription_init_default
rclc_executor_init
rclc_executor_add_subscription
std_msgs__msg__Float32__init
std_msgs__msg__Bool__init
_ZN3PID7SetModeE15PIDMode_TypeDef
_ZN3PID15SetOutputLimitsEdd
_ZN3PID13SetSampleTimeEl
_ZN3PID10UseIFilterEb
TOF_Init
TOF_GetAddressMask
HAL_TIM_PWM_Start
HAL_TIM_Base_Start
Encoder_Init
HAL_TIM_Base_Start_IT
TOF_ReadAll
TOF_GetLastRangeStatus
cubemx_transport_read
cubemx_transport_write
cubemx_transport_close
cubemx_transport_open
huart2
microros_allocate
microros_deallocate
microros_reallocate
microros_zero_allocate
htim4
htim3
htim11
htim10
rcl_publish
osDelay
rclc_executor_spin_some
__aeabi_dsub
__aeabi_dcmplt
HAL_ADC_Start
HAL_ADC_PollForConversion
HAL_ADC_Stop
HAL_ADC_GetValue
hadc1
__aeabi_unwind_cpp_pr0
Encoder_Z_ISR
__aeabi_dcmpeq
HAL_IncTick
Encoder_Update_ISR
Encoder_GetState
_ZN3PID7ComputeEv
