ARM GAS  /tmp/ccqaLwcO.s 			page 1


   1              		.cpu cortex-m4
   2              		.arch armv7e-m
   3              		.fpu fpv4-sp-d16
   4              		.eabi_attribute 27, 1
   5              		.eabi_attribute 28, 1
   6              		.eabi_attribute 20, 1
   7              		.eabi_attribute 21, 1
   8              		.eabi_attribute 23, 3
   9              		.eabi_attribute 24, 1
  10              		.eabi_attribute 25, 1
  11              		.eabi_attribute 26, 1
  12              		.eabi_attribute 30, 1
  13              		.eabi_attribute 34, 1
  14              		.eabi_attribute 18, 4
  15              		.file	"pid.cpp"
  16              		.text
  17              	.Ltext0:
  18              		.cfi_sections	.debug_frame
  19              		.file 1 "Core/Src/pid.cpp"
  20              		.section	.text._ZN3PIDC2Ev,"ax",%progbits
  21              		.align	1
  22              		.global	_ZN3PIDC2Ev
  23              		.syntax unified
  24              		.thumb
  25              		.thumb_func
  27              	_ZN3PIDC2Ev:
  28              		.fnstart
  29              	.LVL0:
  30              	.LFB1178:
   1:Core/Src/pid.cpp **** ﻿/*
   2:Core/Src/pid.cpp **** ------------------------------------------------------------------------------
   3:Core/Src/pid.cpp **** ~ File   : pid.cpp
   4:Core/Src/pid.cpp **** ~ Author : Majid Derhambakhsh
   5:Core/Src/pid.cpp **** ~ Version: V1.0.0
   6:Core/Src/pid.cpp **** ~ Created: 06/12/2021 05:00:00 PM
   7:Core/Src/pid.cpp **** ~ Brief  :
   8:Core/Src/pid.cpp **** ~ Support:
   9:Core/Src/pid.cpp **** 		   E-Mail : Majid.do16@gmail.com (subject : Embedded Library Support)
  10:Core/Src/pid.cpp **** 
  11:Core/Src/pid.cpp **** 		   Github : https://github.com/Majid-Derhambakhsh
  12:Core/Src/pid.cpp **** ------------------------------------------------------------------------------
  13:Core/Src/pid.cpp **** ~ Description:      CPP version
  14:Core/Src/pid.cpp **** 
  15:Core/Src/pid.cpp **** ~ Attention  :
  16:Core/Src/pid.cpp **** 
  17:Core/Src/pid.cpp **** ~ Changes    :
  18:Core/Src/pid.cpp **** ------------------------------------------------------------------------------
  19:Core/Src/pid.cpp ****  */
  20:Core/Src/pid.cpp **** 
  21:Core/Src/pid.cpp **** #include "pid.h"
  22:Core/Src/pid.cpp **** 
  23:Core/Src/pid.cpp **** #include "string.h"
  24:Core/Src/pid.cpp **** #include <stdio.h>
  25:Core/Src/pid.cpp **** #include <stdbool.h>
  26:Core/Src/pid.cpp **** #include <stdlib.h>
  27:Core/Src/pid.cpp **** #include <cmath>
  28:Core/Src/pid.cpp **** 
ARM GAS  /tmp/ccqaLwcO.s 			page 2


  29:Core/Src/pid.cpp **** /* ~~~~~~~~~~~~~~~~~~~~~~~~~~~~~~~~~~~~ Functions ~~~~~~~~~~~~~~~~~~~~~~~~~~~~~~~~~~~~ */
  30:Core/Src/pid.cpp **** /* ~~~~~~~~~~~~~~~~ Constructor ~~~~~~~~~~~~~~~~ */
  31:Core/Src/pid.cpp **** PID::PID() :
  31              		.loc 1 31 1 view -0
  32              		.cfi_startproc
  33              		@ args = 0, pretend = 0, frame = 0
  34              		@ frame_needed = 0, uses_anonymous_args = 0
  35              		.loc 1 31 1 is_stmt 0 view .LVU1
  36 0000 10B5     		push	{r4, lr}
  37              	.LCFI0:
  38              		.cfi_def_cfa_offset 8
  39              		.cfi_offset 4, -8
  40              		.cfi_offset 14, -4
  41 0002 0446     		mov	r4, r0
  42              	.LBB13:
  32:Core/Src/pid.cpp **** _pBufferIndex(0),
  43              		.loc 1 32 1 view .LVU2
  44 0004 00F5A042 		add	r2, r0, #20480
  45 0008 0021     		movs	r1, #0
  46 000a A2F8301E 		strh	r1, [r2, #3632]	@ movhi
  33:Core/Src/pid.cpp **** _pSum(0.0),
  47              		.loc 1 33 1 view .LVU3
  48 000e 00F5BC43 		add	r3, r0, #24064
  49 0012 9FED077B 		vldr.64	d7, .L3
  50 0016 83ED0E7B 		vstr.64	d7, [r3, #56]
  34:Core/Src/pid.cpp **** _usePFilter(false)
  51              		.loc 1 34 1 view .LVU4
  52 001a 82F8401E 		strb	r1, [r2, #3648]
  35:Core/Src/pid.cpp **** {
  36:Core/Src/pid.cpp **** 	memset(_pBuffer, 0, sizeof(_pBuffer));  // Initialize buffer to 0
  53              		.loc 1 36 2 is_stmt 1 view .LVU5
  54              		.loc 1 36 8 is_stmt 0 view .LVU6
  55 001e 45F6C052 		movw	r2, #24000
  56 0022 7030     		adds	r0, r0, #112
  57              	.LVL1:
  58              		.loc 1 36 8 view .LVU7
  59 0024 FFF7FEFF 		bl	memset
  60              	.LVL2:
  61              	.LBE13:
  37:Core/Src/pid.cpp **** }
  62              		.loc 1 37 1 view .LVU8
  63 0028 2046     		mov	r0, r4
  64 002a 10BD     		pop	{r4, pc}
  65              	.LVL3:
  66              	.L4:
  67              		.loc 1 37 1 view .LVU9
  68 002c AFF30080 		.align	3
  69              	.L3:
  70 0030 00000000 		.word	0
  71 0034 00000000 		.word	0
  72              		.cfi_endproc
  73              	.LFE1178:
  74              		.cantunwind
  75              		.fnend
  77              		.global	_ZN3PIDC1Ev
  78              		.thumb_set _ZN3PIDC1Ev,_ZN3PIDC2Ev
  79              		.section	.text._ZN3PID4InitEv,"ax",%progbits
ARM GAS  /tmp/ccqaLwcO.s 			page 3


  80              		.align	1
  81              		.global	_ZN3PID4InitEv
  82              		.syntax unified
  83              		.thumb
  84              		.thumb_func
  86              	_ZN3PID4InitEv:
  87              		.fnstart
  88              	.LVL4:
  89              	.LFB1186:
  38:Core/Src/pid.cpp **** 
  39:Core/Src/pid.cpp **** PID::PID(double *Input, double *Output, double *Setpoint, double Kp, double Ki, double Kd, PIDPON_T
  40:Core/Src/pid.cpp ****     			_pBufferIndex(0),
  41:Core/Src/pid.cpp **** 				_pSum(0.0),
  42:Core/Src/pid.cpp **** 				_usePFilter(false)
  43:Core/Src/pid.cpp **** {
  44:Core/Src/pid.cpp **** 
  45:Core/Src/pid.cpp **** 	/* ~~~~~~~~~~ Set parameter ~~~~~~~~~~ */
  46:Core/Src/pid.cpp **** 	_myOutput   = Output;
  47:Core/Src/pid.cpp **** 	_myInput    = Input;
  48:Core/Src/pid.cpp **** 	_mySetpoint = Setpoint;
  49:Core/Src/pid.cpp **** 	_inAuto     = (PIDMode_TypeDef)_FALSE;
  50:Core/Src/pid.cpp **** 
  51:Core/Src/pid.cpp **** 	PID::SetOutputLimits(0, _PID_8BIT_PWM_MAX);
  52:Core/Src/pid.cpp **** 
  53:Core/Src/pid.cpp **** 	_sampleTime = _PID_SAMPLE_TIME_MS_DEF; /* default Controller Sample Time is 0.1 seconds */
  54:Core/Src/pid.cpp **** 
  55:Core/Src/pid.cpp **** 	PID::SetControllerDirection(ControllerDirection);
  56:Core/Src/pid.cpp **** 	PID::SetTunings(Kp, Ki, Kd, POn);
  57:Core/Src/pid.cpp **** 
  58:Core/Src/pid.cpp **** 	_lastTime = GetTime() - _sampleTime;
  59:Core/Src/pid.cpp **** 
  60:Core/Src/pid.cpp **** 	memset(_pBuffer, 0, sizeof(_pBuffer));  // Initialize buffer
  61:Core/Src/pid.cpp **** 	_iBufferIndex = 0;
  62:Core/Src/pid.cpp **** 	_iSum = 0.0;
  63:Core/Src/pid.cpp **** 	_useIFilter = false;
  64:Core/Src/pid.cpp **** 	memset(_iBuffer, 0, sizeof(_iBuffer));
  65:Core/Src/pid.cpp **** 
  66:Core/Src/pid.cpp **** 
  67:Core/Src/pid.cpp **** }
  68:Core/Src/pid.cpp **** 
  69:Core/Src/pid.cpp **** PID::PID(double *Input, double *Output, double *Setpoint, double Kp, double Ki, double Kd, PIDCD_Ty
  70:Core/Src/pid.cpp **** 
  71:Core/Src/pid.cpp **** /* ~~~~~~~~~~~~~~~~~ Initialize ~~~~~~~~~~~~~~~~ */
  72:Core/Src/pid.cpp **** void PID::Init(void)
  73:Core/Src/pid.cpp **** {
  90              		.loc 1 73 1 is_stmt 1 view -0
  91              		.cfi_startproc
  92              		@ args = 0, pretend = 0, frame = 0
  93              		@ frame_needed = 0, uses_anonymous_args = 0
  94              		.loc 1 73 1 is_stmt 0 view .LVU11
  95 0000 2DE9D043 		push	{r4, r6, r7, r8, r9, lr}
  96              	.LCFI1:
  97              		.cfi_def_cfa_offset 24
  98              		.cfi_offset 4, -24
  99              		.cfi_offset 6, -20
 100              		.cfi_offset 7, -16
 101              		.cfi_offset 8, -12
ARM GAS  /tmp/ccqaLwcO.s 			page 4


 102              		.cfi_offset 9, -8
 103              		.cfi_offset 14, -4
 104 0004 0446     		mov	r4, r0
  74:Core/Src/pid.cpp **** 	/* ~~~~~~~~~~ Set parameter ~~~~~~~~~~ */
  75:Core/Src/pid.cpp **** 	_outputSum = *_myOutput;
 105              		.loc 1 75 2 is_stmt 1 view .LVU12
 106              		.loc 1 75 16 is_stmt 0 view .LVU13
 107 0006 436C     		ldr	r3, [r0, #68]
 108              		.loc 1 75 15 view .LVU14
 109 0008 D3E90067 		ldrd	r6, [r3]
 110              		.loc 1 75 13 view .LVU15
 111 000c C0E91467 		strd	r6, [r0, #80]
  76:Core/Src/pid.cpp **** 	_lastInput = *_myInput;
 112              		.loc 1 76 2 is_stmt 1 view .LVU16
 113              		.loc 1 76 16 is_stmt 0 view .LVU17
 114 0010 036C     		ldr	r3, [r0, #64]
 115              		.loc 1 76 15 view .LVU18
 116 0012 D3E90023 		ldrd	r2, [r3]
 117              		.loc 1 76 13 view .LVU19
 118 0016 C0E91623 		strd	r2, [r0, #88]
  77:Core/Src/pid.cpp **** 
  78:Core/Src/pid.cpp **** 	if (_outputSum > _outMax)
 119              		.loc 1 78 2 is_stmt 1 view .LVU20
 120              		.loc 1 78 19 is_stmt 0 view .LVU21
 121 001a D0E91A89 		ldrd	r8, [r0, #104]
 122              		.loc 1 78 2 view .LVU22
 123 001e 4246     		mov	r2, r8
 124 0020 4B46     		mov	r3, r9
 125 0022 3046     		mov	r0, r6
 126              	.LVL5:
 127              		.loc 1 78 2 view .LVU23
 128 0024 3946     		mov	r1, r7
 129 0026 FFF7FEFF 		bl	__aeabi_dcmpgt
 130              	.LVL6:
 131 002a 30B3     		cbz	r0, .L12
  79:Core/Src/pid.cpp **** 	{
  80:Core/Src/pid.cpp **** 		_outputSum = _outMax;
 132              		.loc 1 80 3 is_stmt 1 view .LVU24
 133              		.loc 1 80 14 is_stmt 0 view .LVU25
 134 002c C4E91489 		strd	r8, [r4, #80]
 135              	.L8:
  81:Core/Src/pid.cpp **** 	}
  82:Core/Src/pid.cpp **** 	else if (_outputSum < _outMin)
  83:Core/Src/pid.cpp **** 	{
  84:Core/Src/pid.cpp **** 		_outputSum = _outMin;
  85:Core/Src/pid.cpp **** 	}
  86:Core/Src/pid.cpp **** 	else { }
  87:Core/Src/pid.cpp **** 
  88:Core/Src/pid.cpp **** 	// Reset filter buffer when initializing
  89:Core/Src/pid.cpp **** 	memset(_pBuffer, 0, sizeof(_pBuffer));
 136              		.loc 1 89 2 is_stmt 1 view .LVU26
 137              		.loc 1 89 8 is_stmt 0 view .LVU27
 138 0030 45F6C052 		movw	r2, #24000
 139 0034 0021     		movs	r1, #0
 140 0036 04F17000 		add	r0, r4, #112
 141 003a FFF7FEFF 		bl	memset
 142              	.LVL7:
ARM GAS  /tmp/ccqaLwcO.s 			page 5


  90:Core/Src/pid.cpp **** 	_pSum = 0.0;
 143              		.loc 1 90 2 is_stmt 1 view .LVU28
 144              		.loc 1 90 8 is_stmt 0 view .LVU29
 145 003e 04F5BC43 		add	r3, r4, #24064
 146 0042 0026     		movs	r6, #0
 147 0044 0027     		movs	r7, #0
 148 0046 C3E90E67 		strd	r6, [r3, #56]
  91:Core/Src/pid.cpp **** 	_pBufferIndex = 0;
 149              		.loc 1 91 2 is_stmt 1 view .LVU30
 150              		.loc 1 91 16 is_stmt 0 view .LVU31
 151 004a 04F5A043 		add	r3, r4, #20480
 152 004e 0021     		movs	r1, #0
 153 0050 A3F8301E 		strh	r1, [r3, #3632]	@ movhi
  92:Core/Src/pid.cpp **** 
  93:Core/Src/pid.cpp **** 	_iBufferIndex = 0;
 154              		.loc 1 93 2 is_stmt 1 view .LVU32
 155              		.loc 1 93 16 is_stmt 0 view .LVU33
 156 0054 04F5C042 		add	r2, r4, #24576
 157 0058 82F86811 		strb	r1, [r2, #360]
  94:Core/Src/pid.cpp **** 	_iSum = 0.0;
 158              		.loc 1 94 2 is_stmt 1 view .LVU34
 159              		.loc 1 94 8 is_stmt 0 view .LVU35
 160 005c 04F5C243 		add	r3, r4, #24832
 161 0060 C3E91C67 		strd	r6, [r3, #112]
  95:Core/Src/pid.cpp **** 	_useIFilter = false;
 162              		.loc 1 95 2 is_stmt 1 view .LVU36
 163              		.loc 1 95 14 is_stmt 0 view .LVU37
 164 0064 82F87811 		strb	r1, [r2, #376]
  96:Core/Src/pid.cpp **** 	memset(_iBuffer, 0, sizeof(_iBuffer));
 165              		.loc 1 96 2 is_stmt 1 view .LVU38
 166              		.loc 1 96 8 is_stmt 0 view .LVU39
 167 0068 4FF44872 		mov	r2, #800
 168 006c 04F5BC40 		add	r0, r4, #24064
 169 0070 4830     		adds	r0, r0, #72
 170 0072 FFF7FEFF 		bl	memset
 171              	.LVL8:
  97:Core/Src/pid.cpp **** 
  98:Core/Src/pid.cpp **** 
  99:Core/Src/pid.cpp **** }
 172              		.loc 1 99 1 view .LVU40
 173 0076 BDE8D083 		pop	{r4, r6, r7, r8, r9, pc}
 174              	.LVL9:
 175              	.L12:
  82:Core/Src/pid.cpp **** 	{
 176              		.loc 1 82 7 is_stmt 1 view .LVU41
  82:Core/Src/pid.cpp **** 	{
 177              		.loc 1 82 24 is_stmt 0 view .LVU42
 178 007a D4E91889 		ldrd	r8, [r4, #96]
  82:Core/Src/pid.cpp **** 	{
 179              		.loc 1 82 7 view .LVU43
 180 007e 4246     		mov	r2, r8
 181 0080 4B46     		mov	r3, r9
 182 0082 3046     		mov	r0, r6
 183 0084 3946     		mov	r1, r7
 184 0086 FFF7FEFF 		bl	__aeabi_dcmplt
 185              	.LVL10:
 186 008a 0028     		cmp	r0, #0
ARM GAS  /tmp/ccqaLwcO.s 			page 6


 187 008c D0D0     		beq	.L8
  84:Core/Src/pid.cpp **** 	}
 188              		.loc 1 84 3 is_stmt 1 view .LVU44
  84:Core/Src/pid.cpp **** 	}
 189              		.loc 1 84 14 is_stmt 0 view .LVU45
 190 008e C4E91489 		strd	r8, [r4, #80]
 191 0092 CDE7     		b	.L8
 192              		.cfi_endproc
 193              	.LFE1186:
 194              		.cantunwind
 195              		.fnend
 197              		.section	.text._ZN3PID7ComputeEv,"ax",%progbits
 198              		.align	1
 199              		.global	_ZN3PID7ComputeEv
 200              		.syntax unified
 201              		.thumb
 202              		.thumb_func
 204              	_ZN3PID7ComputeEv:
 205              		.fnstart
 206              	.LVL11:
 207              	.LFB1189:
 100:Core/Src/pid.cpp **** 
 101:Core/Src/pid.cpp **** void PID::Init(double *Input, double *Output, double *Setpoint, double Kp, double Ki, double Kd, PI
 102:Core/Src/pid.cpp **** {
 103:Core/Src/pid.cpp **** 	/* ~~~~~~~~~~ Set parameter ~~~~~~~~~~ */
 104:Core/Src/pid.cpp **** 	_myOutput   = Output;
 105:Core/Src/pid.cpp **** 	_myInput    = Input;
 106:Core/Src/pid.cpp **** 	_mySetpoint = Setpoint;
 107:Core/Src/pid.cpp **** 	_inAuto     = (PIDMode_TypeDef)_FALSE;
 108:Core/Src/pid.cpp **** 
 109:Core/Src/pid.cpp **** 	PID::SetOutputLimits(0, _PID_8BIT_PWM_MAX);
 110:Core/Src/pid.cpp **** 
 111:Core/Src/pid.cpp **** 	_sampleTime = _PID_SAMPLE_TIME_MS_DEF; /* default Controller Sample Time is 0.1 seconds */
 112:Core/Src/pid.cpp **** 
 113:Core/Src/pid.cpp **** 	PID::SetControllerDirection(ControllerDirection);
 114:Core/Src/pid.cpp **** 	PID::SetTunings(Kp, Ki, Kd, POn);
 115:Core/Src/pid.cpp **** 
 116:Core/Src/pid.cpp **** 	_lastTime = GetTime() - _sampleTime;
 117:Core/Src/pid.cpp **** 
 118:Core/Src/pid.cpp **** 	// Reset filter buffer when initializing
 119:Core/Src/pid.cpp **** 	memset(_pBuffer, 0, sizeof(_pBuffer));
 120:Core/Src/pid.cpp **** 	_pSum = 0.0;
 121:Core/Src/pid.cpp **** 	_pBufferIndex = 0;
 122:Core/Src/pid.cpp **** 
 123:Core/Src/pid.cpp **** 	_iBufferIndex = 0;
 124:Core/Src/pid.cpp **** 	_iSum = 0.0;
 125:Core/Src/pid.cpp **** 	_useIFilter = false;
 126:Core/Src/pid.cpp **** 	memset(_iBuffer, 0, sizeof(_iBuffer));
 127:Core/Src/pid.cpp **** 
 128:Core/Src/pid.cpp **** 
 129:Core/Src/pid.cpp **** }
 130:Core/Src/pid.cpp **** 
 131:Core/Src/pid.cpp **** void PID::Init(double *Input, double *Output, double *Setpoint, double Kp, double Ki, double Kd, PI
 132:Core/Src/pid.cpp **** {
 133:Core/Src/pid.cpp **** 	PID::Init(Input, Output, Setpoint, Kp, Ki, Kd, _PID_P_ON_E, ControllerDirection);
 134:Core/Src/pid.cpp **** }
 135:Core/Src/pid.cpp **** 
ARM GAS  /tmp/ccqaLwcO.s 			page 7


 136:Core/Src/pid.cpp **** /* ~~~~~~~~~~~~~~~~~ Computing ~~~~~~~~~~~~~~~~~ */
 137:Core/Src/pid.cpp **** uint8_t PID::Compute(void)
 138:Core/Src/pid.cpp **** {
 208              		.loc 1 138 1 is_stmt 1 view -0
 209              		.cfi_startproc
 210              		@ args = 0, pretend = 0, frame = 8
 211              		@ frame_needed = 0, uses_anonymous_args = 0
 212              		.loc 1 138 1 is_stmt 0 view .LVU47
 213 0000 2DE9F04F 		push	{r4, r5, r6, r7, r8, r9, r10, fp, lr}
 214              		.save {r4, r5, r6, r7, r8, r9, r10, fp, lr}
 215              	.LCFI2:
 216              		.cfi_def_cfa_offset 36
 217              		.cfi_offset 4, -36
 218              		.cfi_offset 5, -32
 219              		.cfi_offset 6, -28
 220              		.cfi_offset 7, -24
 221              		.cfi_offset 8, -20
 222              		.cfi_offset 9, -16
 223              		.cfi_offset 10, -12
 224              		.cfi_offset 11, -8
 225              		.cfi_offset 14, -4
 226 0004 2DED068B 		vpush.64	{d8, d9, d10}
 227              		.vsave {d8, d9, d10}
 228              	.LCFI3:
 229              		.cfi_def_cfa_offset 60
 230              		.cfi_offset 80, -60
 231              		.cfi_offset 81, -56
 232              		.cfi_offset 82, -52
 233              		.cfi_offset 83, -48
 234              		.cfi_offset 84, -44
 235              		.cfi_offset 85, -40
 236              		.pad #12
 237 0008 83B0     		sub	sp, sp, #12
 238              	.LCFI4:
 239              		.cfi_def_cfa_offset 72
 240 000a 0446     		mov	r4, r0
 139:Core/Src/pid.cpp **** 
 140:Core/Src/pid.cpp **** 	uint32_t now;
 241              		.loc 1 140 2 is_stmt 1 view .LVU48
 141:Core/Src/pid.cpp **** 	uint32_t timeChange;
 242              		.loc 1 141 2 view .LVU49
 142:Core/Src/pid.cpp **** 
 143:Core/Src/pid.cpp **** 	double input;
 243              		.loc 1 143 2 view .LVU50
 144:Core/Src/pid.cpp **** 	double error;
 244              		.loc 1 144 2 view .LVU51
 145:Core/Src/pid.cpp **** 	double dInput;
 245              		.loc 1 145 2 view .LVU52
 146:Core/Src/pid.cpp **** 	double output;
 246              		.loc 1 146 2 view .LVU53
 147:Core/Src/pid.cpp **** 
 148:Core/Src/pid.cpp **** 	/* ~~~~~~~~~~ Check PID mode ~~~~~~~~~~ */
 149:Core/Src/pid.cpp **** 	if (!_inAuto)
 247              		.loc 1 149 2 view .LVU54
 248              		.loc 1 149 7 is_stmt 0 view .LVU55
 249 000c 4078     		ldrb	r0, [r0, #1]	@ zero_extendqisi2
 250              	.LVL12:
ARM GAS  /tmp/ccqaLwcO.s 			page 8


 251              		.loc 1 149 2 view .LVU56
 252 000e 20B9     		cbnz	r0, .L37
 253              	.L15:
 150:Core/Src/pid.cpp **** 	{
 151:Core/Src/pid.cpp **** 		return _FALSE;
 152:Core/Src/pid.cpp **** 	}
 153:Core/Src/pid.cpp **** 
 154:Core/Src/pid.cpp **** 	/* ~~~~~~~~~~ Calculate time ~~~~~~~~~~ */
 155:Core/Src/pid.cpp **** 	now        = GetTime();
 156:Core/Src/pid.cpp **** 	timeChange = (now - _lastTime);
 157:Core/Src/pid.cpp **** 
 158:Core/Src/pid.cpp **** 	if (timeChange >= _sampleTime)
 159:Core/Src/pid.cpp **** 	{
 160:Core/Src/pid.cpp **** 		/* ..... Compute all the working error variables ..... */
 161:Core/Src/pid.cpp **** 		input   = *_myInput;
 162:Core/Src/pid.cpp **** 		error   = *_mySetpoint - input;
 163:Core/Src/pid.cpp **** 		dInput  = (input - _lastInput);
 164:Core/Src/pid.cpp **** 
 165:Core/Src/pid.cpp **** 		if (_useIFilter)
 166:Core/Src/pid.cpp **** 		{
 167:Core/Src/pid.cpp **** 			// Moving average filter for the integral input
 168:Core/Src/pid.cpp **** 			_iSum -= _iBuffer[_iBufferIndex];
 169:Core/Src/pid.cpp **** 			_iBuffer[_iBufferIndex] = error;
 170:Core/Src/pid.cpp **** 			_iSum += error;
 171:Core/Src/pid.cpp **** 			_iBufferIndex = (_iBufferIndex + 1) % _I_FILTER_WINDOW;
 172:Core/Src/pid.cpp **** 
 173:Core/Src/pid.cpp **** 			double avgIError = _iSum / _I_FILTER_WINDOW;
 174:Core/Src/pid.cpp **** 			_outputSum += (_ki * avgIError);
 175:Core/Src/pid.cpp **** 		}
 176:Core/Src/pid.cpp **** 		else
 177:Core/Src/pid.cpp **** 		{
 178:Core/Src/pid.cpp **** 			_outputSum += (_ki * error);
 179:Core/Src/pid.cpp **** 		}
 180:Core/Src/pid.cpp **** 
 181:Core/Src/pid.cpp **** 
 182:Core/Src/pid.cpp **** 		// Reset integral sum when stationary
 183:Core/Src/pid.cpp **** 		if (abs(*_mySetpoint) < 0.01 && abs(*_myInput) < 0.01)
 184:Core/Src/pid.cpp **** 		{
 185:Core/Src/pid.cpp **** 			_outputSum = 0.0;  // Clear accumulated integral term
 186:Core/Src/pid.cpp **** 		}
 187:Core/Src/pid.cpp **** 
 188:Core/Src/pid.cpp **** 		/* ..... Add Proportional on Measurement, if P_ON_M is specified ..... */
 189:Core/Src/pid.cpp **** 		if (!_pOnE)
 190:Core/Src/pid.cpp **** 		{
 191:Core/Src/pid.cpp **** 			_outputSum -= _kp * dInput;
 192:Core/Src/pid.cpp **** 		}
 193:Core/Src/pid.cpp **** 
 194:Core/Src/pid.cpp **** 		if (_outputSum > _outMax)
 195:Core/Src/pid.cpp **** 		{
 196:Core/Src/pid.cpp **** 			_outputSum = _outMax;
 197:Core/Src/pid.cpp **** 		}
 198:Core/Src/pid.cpp **** 		else if (_outputSum < _outMin)
 199:Core/Src/pid.cpp **** 		{
 200:Core/Src/pid.cpp **** 			_outputSum = _outMin;
 201:Core/Src/pid.cpp **** 		}
 202:Core/Src/pid.cpp **** 		else { }
 203:Core/Src/pid.cpp **** 
ARM GAS  /tmp/ccqaLwcO.s 			page 9


 204:Core/Src/pid.cpp **** 		/* ..... Add Proportional on Error, if P_ON_E is specified ..... */
 205:Core/Src/pid.cpp **** 		/*
 206:Core/Src/pid.cpp **** 		if (_pOnE)
 207:Core/Src/pid.cpp **** 		{
 208:Core/Src/pid.cpp **** 			output = _kp * error;
 209:Core/Src/pid.cpp **** 		}
 210:Core/Src/pid.cpp **** 		 */
 211:Core/Src/pid.cpp **** 		if (_pOnE)  // Proportional-on-Error + Average windows
 212:Core/Src/pid.cpp **** 		{
 213:Core/Src/pid.cpp **** 			//double rawP = _kp * error;
 214:Core/Src/pid.cpp **** 
 215:Core/Src/pid.cpp **** 			if(_usePFilter)  // Only filter if enabled
 216:Core/Src/pid.cpp **** 			{
 217:Core/Src/pid.cpp **** 				// Update moving average buffer
 218:Core/Src/pid.cpp **** 				_pSum -= _pBuffer[_pBufferIndex];
 219:Core/Src/pid.cpp **** 				_pBuffer[_pBufferIndex] = error;  // Store raw error
 220:Core/Src/pid.cpp **** 				_pSum += error;
 221:Core/Src/pid.cpp **** 				_pBufferIndex = (_pBufferIndex + 1) % _P_FILTER_WINDOW;
 222:Core/Src/pid.cpp **** 
 223:Core/Src/pid.cpp **** 				double avgError = _pSum / _P_FILTER_WINDOW;
 224:Core/Src/pid.cpp **** 				output = _kp * avgError;
 225:Core/Src/pid.cpp **** 				/*
 226:Core/Src/pid.cpp **** 				if(fabs(avgError) >= 0.2) {
 227:Core/Src/pid.cpp **** 					output = _kp * avgError;
 228:Core/Src/pid.cpp **** 					//printf("AvgError: %.3f", avgError);
 229:Core/Src/pid.cpp **** 				}
 230:Core/Src/pid.cpp **** 				else
 231:Core/Src/pid.cpp **** 					output = 0;*/
 232:Core/Src/pid.cpp **** 			}
 233:Core/Src/pid.cpp **** 			else{
 234:Core/Src/pid.cpp **** 				output = _kp * error;
 235:Core/Src/pid.cpp **** 			}
 236:Core/Src/pid.cpp **** 		}
 237:Core/Src/pid.cpp **** 		else
 238:Core/Src/pid.cpp **** 		{
 239:Core/Src/pid.cpp **** 			output = 0;
 240:Core/Src/pid.cpp **** 		}
 241:Core/Src/pid.cpp **** 
 242:Core/Src/pid.cpp **** 		/* ..... Compute Rest of PID Output ..... */
 243:Core/Src/pid.cpp **** 		output += _outputSum - _kd * dInput;
 244:Core/Src/pid.cpp **** 
 245:Core/Src/pid.cpp **** 		if (output > _outMax)
 246:Core/Src/pid.cpp **** 		{
 247:Core/Src/pid.cpp **** 			output = _outMax;
 248:Core/Src/pid.cpp **** 		}
 249:Core/Src/pid.cpp **** 		else if (output < _outMin)
 250:Core/Src/pid.cpp **** 		{
 251:Core/Src/pid.cpp **** 			output = _outMin;
 252:Core/Src/pid.cpp **** 		}
 253:Core/Src/pid.cpp **** 		else { }
 254:Core/Src/pid.cpp **** 
 255:Core/Src/pid.cpp **** 		*_myOutput = output;
 256:Core/Src/pid.cpp **** 
 257:Core/Src/pid.cpp **** 		/* ..... Remember some variables for next time ..... */
 258:Core/Src/pid.cpp **** 		_lastInput = input;
 259:Core/Src/pid.cpp **** 		_lastTime  = now;
 260:Core/Src/pid.cpp **** 
ARM GAS  /tmp/ccqaLwcO.s 			page 10


 261:Core/Src/pid.cpp **** 		return _TRUE;
 262:Core/Src/pid.cpp **** 
 263:Core/Src/pid.cpp **** 	}
 264:Core/Src/pid.cpp **** 	else
 265:Core/Src/pid.cpp **** 	{
 266:Core/Src/pid.cpp **** 		return _FALSE;
 267:Core/Src/pid.cpp **** 	}
 268:Core/Src/pid.cpp **** 
 269:Core/Src/pid.cpp **** }
 254              		.loc 1 269 1 view .LVU57
 255 0010 03B0     		add	sp, sp, #12
 256              	.LCFI5:
 257              		.cfi_remember_state
 258              		.cfi_def_cfa_offset 60
 259              		@ sp needed
 260 0012 BDEC068B 		vldm	sp!, {d8-d10}
 261              	.LCFI6:
 262              		.cfi_restore 84
 263              		.cfi_restore 85
 264              		.cfi_restore 82
 265              		.cfi_restore 83
 266              		.cfi_restore 80
 267              		.cfi_restore 81
 268              		.cfi_def_cfa_offset 36
 269 0016 BDE8F08F 		pop	{r4, r5, r6, r7, r8, r9, r10, fp, pc}
 270              	.LVL13:
 271              	.L37:
 272              	.LCFI7:
 273              		.cfi_restore_state
 155:Core/Src/pid.cpp **** 	timeChange = (now - _lastTime);
 274              		.loc 1 155 2 is_stmt 1 view .LVU58
 155:Core/Src/pid.cpp **** 	timeChange = (now - _lastTime);
 275              		.loc 1 155 15 is_stmt 0 view .LVU59
 276 001a FFF7FEFF 		bl	HAL_GetTick
 277              	.LVL14:
 278 001e 0546     		mov	r5, r0
 279              	.LVL15:
 156:Core/Src/pid.cpp **** 
 280              		.loc 1 156 2 is_stmt 1 view .LVU60
 156:Core/Src/pid.cpp **** 
 281              		.loc 1 156 22 is_stmt 0 view .LVU61
 282 0020 6368     		ldr	r3, [r4, #4]
 156:Core/Src/pid.cpp **** 
 283              		.loc 1 156 13 view .LVU62
 284 0022 C31A     		subs	r3, r0, r3
 285              	.LVL16:
 158:Core/Src/pid.cpp **** 	{
 286              		.loc 1 158 2 is_stmt 1 view .LVU63
 287              	.LBB14:
 158:Core/Src/pid.cpp **** 	{
 288              		.loc 1 158 20 is_stmt 0 view .LVU64
 289 0024 A268     		ldr	r2, [r4, #8]
 158:Core/Src/pid.cpp **** 	{
 290              		.loc 1 158 2 view .LVU65
 291 0026 9A42     		cmp	r2, r3
 292 0028 00F22881 		bhi	.L29
 293              	.LBB15:
ARM GAS  /tmp/ccqaLwcO.s 			page 11


 161:Core/Src/pid.cpp **** 		error   = *_mySetpoint - input;
 294              		.loc 1 161 3 is_stmt 1 view .LVU66
 161:Core/Src/pid.cpp **** 		error   = *_mySetpoint - input;
 295              		.loc 1 161 14 is_stmt 0 view .LVU67
 296 002c D4F84090 		ldr	r9, [r4, #64]
 161:Core/Src/pid.cpp **** 		error   = *_mySetpoint - input;
 297              		.loc 1 161 11 view .LVU68
 298 0030 99ED009B 		vldr.64	d9, [r9]
 299              	.LVL17:
 162:Core/Src/pid.cpp **** 		dInput  = (input - _lastInput);
 300              		.loc 1 162 3 is_stmt 1 view .LVU69
 162:Core/Src/pid.cpp **** 		dInput  = (input - _lastInput);
 301              		.loc 1 162 14 is_stmt 0 view .LVU70
 302 0034 A66C     		ldr	r6, [r4, #72]
 162:Core/Src/pid.cpp **** 		dInput  = (input - _lastInput);
 303              		.loc 1 162 11 view .LVU71
 304 0036 53EC192B 		vmov	r2, r3, d9
 305 003a D6E90001 		ldrd	r0, [r6]
 306              	.LVL18:
 162:Core/Src/pid.cpp **** 		dInput  = (input - _lastInput);
 307              		.loc 1 162 11 view .LVU72
 308 003e FFF7FEFF 		bl	__aeabi_dsub
 309              	.LVL19:
 162:Core/Src/pid.cpp **** 		dInput  = (input - _lastInput);
 310              		.loc 1 162 11 view .LVU73
 311 0042 41EC180B 		vmov	d8, r0, r1
 312              	.LVL20:
 163:Core/Src/pid.cpp **** 
 313              		.loc 1 163 3 is_stmt 1 view .LVU74
 163:Core/Src/pid.cpp **** 
 314              		.loc 1 163 11 is_stmt 0 view .LVU75
 315 0046 D4E91623 		ldrd	r2, [r4, #88]
 316 004a 51EC190B 		vmov	r0, r1, d9
 317              	.LVL21:
 163:Core/Src/pid.cpp **** 
 318              		.loc 1 163 11 view .LVU76
 319 004e FFF7FEFF 		bl	__aeabi_dsub
 320              	.LVL22:
 321 0052 CDE90001 		strd	r0, [sp]
 322              	.LVL23:
 165:Core/Src/pid.cpp **** 		{
 323              		.loc 1 165 3 is_stmt 1 view .LVU77
 324              	.LBB16:
 165:Core/Src/pid.cpp **** 		{
 325              		.loc 1 165 7 is_stmt 0 view .LVU78
 326 0056 04F5C043 		add	r3, r4, #24576
 327 005a 93F87831 		ldrb	r3, [r3, #376]	@ zero_extendqisi2
 165:Core/Src/pid.cpp **** 		{
 328              		.loc 1 165 3 view .LVU79
 329 005e 002B     		cmp	r3, #0
 330 0060 00F0B580 		beq	.L16
 331              	.LBB17:
 168:Core/Src/pid.cpp **** 			_iBuffer[_iBufferIndex] = error;
 332              		.loc 1 168 4 is_stmt 1 view .LVU80
 333 0064 04F5C248 		add	r8, r4, #24832
 168:Core/Src/pid.cpp **** 			_iBuffer[_iBufferIndex] = error;
 334              		.loc 1 168 22 is_stmt 0 view .LVU81
ARM GAS  /tmp/ccqaLwcO.s 			page 12


 335 0068 04F5C04B 		add	fp, r4, #24576
 336 006c 9BF86871 		ldrb	r7, [fp, #360]	@ zero_extendqisi2
 168:Core/Src/pid.cpp **** 			_iBuffer[_iBufferIndex] = error;
 337              		.loc 1 168 35 view .LVU82
 338 0070 07F6C93A 		addw	r10, r7, #3017
 339 0074 04EBCA0A 		add	r10, r4, r10, lsl #3
 168:Core/Src/pid.cpp **** 			_iBuffer[_iBufferIndex] = error;
 340              		.loc 1 168 10 view .LVU83
 341 0078 DAE90023 		ldrd	r2, [r10]
 342 007c D8E91C01 		ldrd	r0, [r8, #112]
 343              	.LVL24:
 168:Core/Src/pid.cpp **** 			_iBuffer[_iBufferIndex] = error;
 344              		.loc 1 168 10 view .LVU84
 345 0080 FFF7FEFF 		bl	__aeabi_dsub
 346              	.LVL25:
 347 0084 0246     		mov	r2, r0
 348 0086 0B46     		mov	r3, r1
 349 0088 C8E91C23 		strd	r2, [r8, #112]
 169:Core/Src/pid.cpp **** 			_iSum += error;
 350              		.loc 1 169 4 is_stmt 1 view .LVU85
 169:Core/Src/pid.cpp **** 			_iSum += error;
 351              		.loc 1 169 28 is_stmt 0 view .LVU86
 352 008c 8AED008B 		vstr.64	d8, [r10]
 170:Core/Src/pid.cpp **** 			_iBufferIndex = (_iBufferIndex + 1) % _I_FILTER_WINDOW;
 353              		.loc 1 170 4 is_stmt 1 view .LVU87
 170:Core/Src/pid.cpp **** 			_iBufferIndex = (_iBufferIndex + 1) % _I_FILTER_WINDOW;
 354              		.loc 1 170 10 is_stmt 0 view .LVU88
 355 0090 53EC182B 		vmov	r2, r3, d8
 356 0094 FFF7FEFF 		bl	__aeabi_dadd
 357              	.LVL26:
 358 0098 0246     		mov	r2, r0
 359 009a 0B46     		mov	r3, r1
 360 009c C8E91C23 		strd	r2, [r8, #112]
 171:Core/Src/pid.cpp **** 
 361              		.loc 1 171 4 is_stmt 1 view .LVU89
 171:Core/Src/pid.cpp **** 
 362              		.loc 1 171 35 is_stmt 0 view .LVU90
 363 00a0 0137     		adds	r7, r7, #1
 171:Core/Src/pid.cpp **** 
 364              		.loc 1 171 40 view .LVU91
 365 00a2 7B4B     		ldr	r3, .L38+16
 366 00a4 83FB0723 		smull	r2, r3, r3, r7
 367 00a8 5B11     		asrs	r3, r3, #5
 368 00aa 6422     		movs	r2, #100
 369 00ac 02FB1373 		mls	r3, r2, r3, r7
 171:Core/Src/pid.cpp **** 
 370              		.loc 1 171 18 view .LVU92
 371 00b0 8BF86831 		strb	r3, [fp, #360]
 173:Core/Src/pid.cpp **** 			_outputSum += (_ki * avgIError);
 372              		.loc 1 173 4 is_stmt 1 view .LVU93
 173:Core/Src/pid.cpp **** 			_outputSum += (_ki * avgIError);
 373              		.loc 1 173 11 is_stmt 0 view .LVU94
 374 00b4 0022     		movs	r2, #0
 375 00b6 774B     		ldr	r3, .L38+20
 376 00b8 FFF7FEFF 		bl	__aeabi_ddiv
 377              	.LVL27:
 378 00bc 0246     		mov	r2, r0
ARM GAS  /tmp/ccqaLwcO.s 			page 13


 379 00be 0B46     		mov	r3, r1
 380              	.LVL28:
 174:Core/Src/pid.cpp **** 		}
 381              		.loc 1 174 4 is_stmt 1 view .LVU95
 382 00c0 D4E914AB 		ldrd	r10, [r4, #80]
 174:Core/Src/pid.cpp **** 		}
 383              		.loc 1 174 23 is_stmt 0 view .LVU96
 384 00c4 D4E90C01 		ldrd	r0, [r4, #48]
 385 00c8 FFF7FEFF 		bl	__aeabi_dmul
 386              	.LVL29:
 174:Core/Src/pid.cpp **** 		}
 387              		.loc 1 174 23 view .LVU97
 388 00cc 0246     		mov	r2, r0
 389 00ce 0B46     		mov	r3, r1
 174:Core/Src/pid.cpp **** 		}
 390              		.loc 1 174 15 view .LVU98
 391 00d0 5046     		mov	r0, r10
 392 00d2 5946     		mov	r1, fp
 393 00d4 FFF7FEFF 		bl	__aeabi_dadd
 394              	.LVL30:
 395 00d8 C4E91401 		strd	r0, [r4, #80]
 396              	.LVL31:
 397              	.L17:
 174:Core/Src/pid.cpp **** 		}
 398              		.loc 1 174 15 view .LVU99
 399              	.LBE17:
 400              	.LBE16:
 183:Core/Src/pid.cpp **** 		{
 401              		.loc 1 183 3 is_stmt 1 view .LVU100
 183:Core/Src/pid.cpp **** 		{
 402              		.loc 1 183 10 is_stmt 0 view .LVU101
 403 00dc D6E90067 		ldrd	r6, [r6]
 404              	.LVL32:
 405              	.LBB18:
 406              	.LBI18:
 407              		.file 2 "/opt/st/stm32cubeide_2.1.1/plugins/com.st.stm32cube.ide.mcu.externaltools.gnu-tools-for-s
   1:/opt/st/stm32cubeide_2.1.1/plugins/com.st.stm32cube.ide.mcu.externaltools.gnu-tools-for-stm32.14.3.rel1.linux64_1.0.100.202602081740/tools/arm-none-eabi/include/c++/14.3.1/bits/std_abs.h **** // -*- C++ -*- C library enhancements header.
   2:/opt/st/stm32cubeide_2.1.1/plugins/com.st.stm32cube.ide.mcu.externaltools.gnu-tools-for-stm32.14.3.rel1.linux64_1.0.100.202602081740/tools/arm-none-eabi/include/c++/14.3.1/bits/std_abs.h **** 
   3:/opt/st/stm32cubeide_2.1.1/plugins/com.st.stm32cube.ide.mcu.externaltools.gnu-tools-for-stm32.14.3.rel1.linux64_1.0.100.202602081740/tools/arm-none-eabi/include/c++/14.3.1/bits/std_abs.h **** // Copyright (C) 2016-2024 Free Software Foundation, Inc.
   4:/opt/st/stm32cubeide_2.1.1/plugins/com.st.stm32cube.ide.mcu.externaltools.gnu-tools-for-stm32.14.3.rel1.linux64_1.0.100.202602081740/tools/arm-none-eabi/include/c++/14.3.1/bits/std_abs.h **** //
   5:/opt/st/stm32cubeide_2.1.1/plugins/com.st.stm32cube.ide.mcu.externaltools.gnu-tools-for-stm32.14.3.rel1.linux64_1.0.100.202602081740/tools/arm-none-eabi/include/c++/14.3.1/bits/std_abs.h **** // This file is part of the GNU ISO C++ Library.  This library is free
   6:/opt/st/stm32cubeide_2.1.1/plugins/com.st.stm32cube.ide.mcu.externaltools.gnu-tools-for-stm32.14.3.rel1.linux64_1.0.100.202602081740/tools/arm-none-eabi/include/c++/14.3.1/bits/std_abs.h **** // software; you can redistribute it and/or modify it under the
   7:/opt/st/stm32cubeide_2.1.1/plugins/com.st.stm32cube.ide.mcu.externaltools.gnu-tools-for-stm32.14.3.rel1.linux64_1.0.100.202602081740/tools/arm-none-eabi/include/c++/14.3.1/bits/std_abs.h **** // terms of the GNU General Public License as published by the
   8:/opt/st/stm32cubeide_2.1.1/plugins/com.st.stm32cube.ide.mcu.externaltools.gnu-tools-for-stm32.14.3.rel1.linux64_1.0.100.202602081740/tools/arm-none-eabi/include/c++/14.3.1/bits/std_abs.h **** // Free Software Foundation; either version 3, or (at your option)
   9:/opt/st/stm32cubeide_2.1.1/plugins/com.st.stm32cube.ide.mcu.externaltools.gnu-tools-for-stm32.14.3.rel1.linux64_1.0.100.202602081740/tools/arm-none-eabi/include/c++/14.3.1/bits/std_abs.h **** // any later version.
  10:/opt/st/stm32cubeide_2.1.1/plugins/com.st.stm32cube.ide.mcu.externaltools.gnu-tools-for-stm32.14.3.rel1.linux64_1.0.100.202602081740/tools/arm-none-eabi/include/c++/14.3.1/bits/std_abs.h **** 
  11:/opt/st/stm32cubeide_2.1.1/plugins/com.st.stm32cube.ide.mcu.externaltools.gnu-tools-for-stm32.14.3.rel1.linux64_1.0.100.202602081740/tools/arm-none-eabi/include/c++/14.3.1/bits/std_abs.h **** // This library is distributed in the hope that it will be useful,
  12:/opt/st/stm32cubeide_2.1.1/plugins/com.st.stm32cube.ide.mcu.externaltools.gnu-tools-for-stm32.14.3.rel1.linux64_1.0.100.202602081740/tools/arm-none-eabi/include/c++/14.3.1/bits/std_abs.h **** // but WITHOUT ANY WARRANTY; without even the implied warranty of
  13:/opt/st/stm32cubeide_2.1.1/plugins/com.st.stm32cube.ide.mcu.externaltools.gnu-tools-for-stm32.14.3.rel1.linux64_1.0.100.202602081740/tools/arm-none-eabi/include/c++/14.3.1/bits/std_abs.h **** // MERCHANTABILITY or FITNESS FOR A PARTICULAR PURPOSE.  See the
  14:/opt/st/stm32cubeide_2.1.1/plugins/com.st.stm32cube.ide.mcu.externaltools.gnu-tools-for-stm32.14.3.rel1.linux64_1.0.100.202602081740/tools/arm-none-eabi/include/c++/14.3.1/bits/std_abs.h **** // GNU General Public License for more details.
  15:/opt/st/stm32cubeide_2.1.1/plugins/com.st.stm32cube.ide.mcu.externaltools.gnu-tools-for-stm32.14.3.rel1.linux64_1.0.100.202602081740/tools/arm-none-eabi/include/c++/14.3.1/bits/std_abs.h **** 
  16:/opt/st/stm32cubeide_2.1.1/plugins/com.st.stm32cube.ide.mcu.externaltools.gnu-tools-for-stm32.14.3.rel1.linux64_1.0.100.202602081740/tools/arm-none-eabi/include/c++/14.3.1/bits/std_abs.h **** // Under Section 7 of GPL version 3, you are granted additional
  17:/opt/st/stm32cubeide_2.1.1/plugins/com.st.stm32cube.ide.mcu.externaltools.gnu-tools-for-stm32.14.3.rel1.linux64_1.0.100.202602081740/tools/arm-none-eabi/include/c++/14.3.1/bits/std_abs.h **** // permissions described in the GCC Runtime Library Exception, version
  18:/opt/st/stm32cubeide_2.1.1/plugins/com.st.stm32cube.ide.mcu.externaltools.gnu-tools-for-stm32.14.3.rel1.linux64_1.0.100.202602081740/tools/arm-none-eabi/include/c++/14.3.1/bits/std_abs.h **** // 3.1, as published by the Free Software Foundation.
  19:/opt/st/stm32cubeide_2.1.1/plugins/com.st.stm32cube.ide.mcu.externaltools.gnu-tools-for-stm32.14.3.rel1.linux64_1.0.100.202602081740/tools/arm-none-eabi/include/c++/14.3.1/bits/std_abs.h **** 
  20:/opt/st/stm32cubeide_2.1.1/plugins/com.st.stm32cube.ide.mcu.externaltools.gnu-tools-for-stm32.14.3.rel1.linux64_1.0.100.202602081740/tools/arm-none-eabi/include/c++/14.3.1/bits/std_abs.h **** // You should have received a copy of the GNU General Public License and
  21:/opt/st/stm32cubeide_2.1.1/plugins/com.st.stm32cube.ide.mcu.externaltools.gnu-tools-for-stm32.14.3.rel1.linux64_1.0.100.202602081740/tools/arm-none-eabi/include/c++/14.3.1/bits/std_abs.h **** // a copy of the GCC Runtime Library Exception along with this program;
ARM GAS  /tmp/ccqaLwcO.s 			page 14


  22:/opt/st/stm32cubeide_2.1.1/plugins/com.st.stm32cube.ide.mcu.externaltools.gnu-tools-for-stm32.14.3.rel1.linux64_1.0.100.202602081740/tools/arm-none-eabi/include/c++/14.3.1/bits/std_abs.h **** // see the files COPYING3 and COPYING.RUNTIME respectively.  If not, see
  23:/opt/st/stm32cubeide_2.1.1/plugins/com.st.stm32cube.ide.mcu.externaltools.gnu-tools-for-stm32.14.3.rel1.linux64_1.0.100.202602081740/tools/arm-none-eabi/include/c++/14.3.1/bits/std_abs.h **** // <http://www.gnu.org/licenses/>.
  24:/opt/st/stm32cubeide_2.1.1/plugins/com.st.stm32cube.ide.mcu.externaltools.gnu-tools-for-stm32.14.3.rel1.linux64_1.0.100.202602081740/tools/arm-none-eabi/include/c++/14.3.1/bits/std_abs.h **** 
  25:/opt/st/stm32cubeide_2.1.1/plugins/com.st.stm32cube.ide.mcu.externaltools.gnu-tools-for-stm32.14.3.rel1.linux64_1.0.100.202602081740/tools/arm-none-eabi/include/c++/14.3.1/bits/std_abs.h **** /** @file include/bits/std_abs.h
  26:/opt/st/stm32cubeide_2.1.1/plugins/com.st.stm32cube.ide.mcu.externaltools.gnu-tools-for-stm32.14.3.rel1.linux64_1.0.100.202602081740/tools/arm-none-eabi/include/c++/14.3.1/bits/std_abs.h ****  *  This is an internal header file, included by other library headers.
  27:/opt/st/stm32cubeide_2.1.1/plugins/com.st.stm32cube.ide.mcu.externaltools.gnu-tools-for-stm32.14.3.rel1.linux64_1.0.100.202602081740/tools/arm-none-eabi/include/c++/14.3.1/bits/std_abs.h ****  *  Do not attempt to use it directly. @headername{cmath, cstdlib}
  28:/opt/st/stm32cubeide_2.1.1/plugins/com.st.stm32cube.ide.mcu.externaltools.gnu-tools-for-stm32.14.3.rel1.linux64_1.0.100.202602081740/tools/arm-none-eabi/include/c++/14.3.1/bits/std_abs.h ****  */
  29:/opt/st/stm32cubeide_2.1.1/plugins/com.st.stm32cube.ide.mcu.externaltools.gnu-tools-for-stm32.14.3.rel1.linux64_1.0.100.202602081740/tools/arm-none-eabi/include/c++/14.3.1/bits/std_abs.h **** 
  30:/opt/st/stm32cubeide_2.1.1/plugins/com.st.stm32cube.ide.mcu.externaltools.gnu-tools-for-stm32.14.3.rel1.linux64_1.0.100.202602081740/tools/arm-none-eabi/include/c++/14.3.1/bits/std_abs.h **** #ifndef _GLIBCXX_BITS_STD_ABS_H
  31:/opt/st/stm32cubeide_2.1.1/plugins/com.st.stm32cube.ide.mcu.externaltools.gnu-tools-for-stm32.14.3.rel1.linux64_1.0.100.202602081740/tools/arm-none-eabi/include/c++/14.3.1/bits/std_abs.h **** #define _GLIBCXX_BITS_STD_ABS_H
  32:/opt/st/stm32cubeide_2.1.1/plugins/com.st.stm32cube.ide.mcu.externaltools.gnu-tools-for-stm32.14.3.rel1.linux64_1.0.100.202602081740/tools/arm-none-eabi/include/c++/14.3.1/bits/std_abs.h **** 
  33:/opt/st/stm32cubeide_2.1.1/plugins/com.st.stm32cube.ide.mcu.externaltools.gnu-tools-for-stm32.14.3.rel1.linux64_1.0.100.202602081740/tools/arm-none-eabi/include/c++/14.3.1/bits/std_abs.h **** #pragma GCC system_header
  34:/opt/st/stm32cubeide_2.1.1/plugins/com.st.stm32cube.ide.mcu.externaltools.gnu-tools-for-stm32.14.3.rel1.linux64_1.0.100.202602081740/tools/arm-none-eabi/include/c++/14.3.1/bits/std_abs.h **** 
  35:/opt/st/stm32cubeide_2.1.1/plugins/com.st.stm32cube.ide.mcu.externaltools.gnu-tools-for-stm32.14.3.rel1.linux64_1.0.100.202602081740/tools/arm-none-eabi/include/c++/14.3.1/bits/std_abs.h **** #include <bits/c++config.h>
  36:/opt/st/stm32cubeide_2.1.1/plugins/com.st.stm32cube.ide.mcu.externaltools.gnu-tools-for-stm32.14.3.rel1.linux64_1.0.100.202602081740/tools/arm-none-eabi/include/c++/14.3.1/bits/std_abs.h **** 
  37:/opt/st/stm32cubeide_2.1.1/plugins/com.st.stm32cube.ide.mcu.externaltools.gnu-tools-for-stm32.14.3.rel1.linux64_1.0.100.202602081740/tools/arm-none-eabi/include/c++/14.3.1/bits/std_abs.h **** #define _GLIBCXX_INCLUDE_NEXT_C_HEADERS
  38:/opt/st/stm32cubeide_2.1.1/plugins/com.st.stm32cube.ide.mcu.externaltools.gnu-tools-for-stm32.14.3.rel1.linux64_1.0.100.202602081740/tools/arm-none-eabi/include/c++/14.3.1/bits/std_abs.h **** #include_next <stdlib.h>
  39:/opt/st/stm32cubeide_2.1.1/plugins/com.st.stm32cube.ide.mcu.externaltools.gnu-tools-for-stm32.14.3.rel1.linux64_1.0.100.202602081740/tools/arm-none-eabi/include/c++/14.3.1/bits/std_abs.h **** #ifdef __CORRECT_ISO_CPP_MATH_H_PROTO
  40:/opt/st/stm32cubeide_2.1.1/plugins/com.st.stm32cube.ide.mcu.externaltools.gnu-tools-for-stm32.14.3.rel1.linux64_1.0.100.202602081740/tools/arm-none-eabi/include/c++/14.3.1/bits/std_abs.h **** # include_next <math.h>
  41:/opt/st/stm32cubeide_2.1.1/plugins/com.st.stm32cube.ide.mcu.externaltools.gnu-tools-for-stm32.14.3.rel1.linux64_1.0.100.202602081740/tools/arm-none-eabi/include/c++/14.3.1/bits/std_abs.h **** #endif
  42:/opt/st/stm32cubeide_2.1.1/plugins/com.st.stm32cube.ide.mcu.externaltools.gnu-tools-for-stm32.14.3.rel1.linux64_1.0.100.202602081740/tools/arm-none-eabi/include/c++/14.3.1/bits/std_abs.h **** #undef _GLIBCXX_INCLUDE_NEXT_C_HEADERS
  43:/opt/st/stm32cubeide_2.1.1/plugins/com.st.stm32cube.ide.mcu.externaltools.gnu-tools-for-stm32.14.3.rel1.linux64_1.0.100.202602081740/tools/arm-none-eabi/include/c++/14.3.1/bits/std_abs.h **** 
  44:/opt/st/stm32cubeide_2.1.1/plugins/com.st.stm32cube.ide.mcu.externaltools.gnu-tools-for-stm32.14.3.rel1.linux64_1.0.100.202602081740/tools/arm-none-eabi/include/c++/14.3.1/bits/std_abs.h **** #undef abs
  45:/opt/st/stm32cubeide_2.1.1/plugins/com.st.stm32cube.ide.mcu.externaltools.gnu-tools-for-stm32.14.3.rel1.linux64_1.0.100.202602081740/tools/arm-none-eabi/include/c++/14.3.1/bits/std_abs.h **** 
  46:/opt/st/stm32cubeide_2.1.1/plugins/com.st.stm32cube.ide.mcu.externaltools.gnu-tools-for-stm32.14.3.rel1.linux64_1.0.100.202602081740/tools/arm-none-eabi/include/c++/14.3.1/bits/std_abs.h **** extern "C++"
  47:/opt/st/stm32cubeide_2.1.1/plugins/com.st.stm32cube.ide.mcu.externaltools.gnu-tools-for-stm32.14.3.rel1.linux64_1.0.100.202602081740/tools/arm-none-eabi/include/c++/14.3.1/bits/std_abs.h **** {
  48:/opt/st/stm32cubeide_2.1.1/plugins/com.st.stm32cube.ide.mcu.externaltools.gnu-tools-for-stm32.14.3.rel1.linux64_1.0.100.202602081740/tools/arm-none-eabi/include/c++/14.3.1/bits/std_abs.h **** namespace std _GLIBCXX_VISIBILITY(default)
  49:/opt/st/stm32cubeide_2.1.1/plugins/com.st.stm32cube.ide.mcu.externaltools.gnu-tools-for-stm32.14.3.rel1.linux64_1.0.100.202602081740/tools/arm-none-eabi/include/c++/14.3.1/bits/std_abs.h **** {
  50:/opt/st/stm32cubeide_2.1.1/plugins/com.st.stm32cube.ide.mcu.externaltools.gnu-tools-for-stm32.14.3.rel1.linux64_1.0.100.202602081740/tools/arm-none-eabi/include/c++/14.3.1/bits/std_abs.h **** _GLIBCXX_BEGIN_NAMESPACE_VERSION
  51:/opt/st/stm32cubeide_2.1.1/plugins/com.st.stm32cube.ide.mcu.externaltools.gnu-tools-for-stm32.14.3.rel1.linux64_1.0.100.202602081740/tools/arm-none-eabi/include/c++/14.3.1/bits/std_abs.h **** 
  52:/opt/st/stm32cubeide_2.1.1/plugins/com.st.stm32cube.ide.mcu.externaltools.gnu-tools-for-stm32.14.3.rel1.linux64_1.0.100.202602081740/tools/arm-none-eabi/include/c++/14.3.1/bits/std_abs.h ****   using ::abs;
  53:/opt/st/stm32cubeide_2.1.1/plugins/com.st.stm32cube.ide.mcu.externaltools.gnu-tools-for-stm32.14.3.rel1.linux64_1.0.100.202602081740/tools/arm-none-eabi/include/c++/14.3.1/bits/std_abs.h **** 
  54:/opt/st/stm32cubeide_2.1.1/plugins/com.st.stm32cube.ide.mcu.externaltools.gnu-tools-for-stm32.14.3.rel1.linux64_1.0.100.202602081740/tools/arm-none-eabi/include/c++/14.3.1/bits/std_abs.h **** #ifndef __CORRECT_ISO_CPP_STDLIB_H_PROTO
  55:/opt/st/stm32cubeide_2.1.1/plugins/com.st.stm32cube.ide.mcu.externaltools.gnu-tools-for-stm32.14.3.rel1.linux64_1.0.100.202602081740/tools/arm-none-eabi/include/c++/14.3.1/bits/std_abs.h ****   inline long
  56:/opt/st/stm32cubeide_2.1.1/plugins/com.st.stm32cube.ide.mcu.externaltools.gnu-tools-for-stm32.14.3.rel1.linux64_1.0.100.202602081740/tools/arm-none-eabi/include/c++/14.3.1/bits/std_abs.h ****   abs(long __i) { return __builtin_labs(__i); }
  57:/opt/st/stm32cubeide_2.1.1/plugins/com.st.stm32cube.ide.mcu.externaltools.gnu-tools-for-stm32.14.3.rel1.linux64_1.0.100.202602081740/tools/arm-none-eabi/include/c++/14.3.1/bits/std_abs.h **** #endif
  58:/opt/st/stm32cubeide_2.1.1/plugins/com.st.stm32cube.ide.mcu.externaltools.gnu-tools-for-stm32.14.3.rel1.linux64_1.0.100.202602081740/tools/arm-none-eabi/include/c++/14.3.1/bits/std_abs.h **** 
  59:/opt/st/stm32cubeide_2.1.1/plugins/com.st.stm32cube.ide.mcu.externaltools.gnu-tools-for-stm32.14.3.rel1.linux64_1.0.100.202602081740/tools/arm-none-eabi/include/c++/14.3.1/bits/std_abs.h **** #ifdef _GLIBCXX_USE_LONG_LONG
  60:/opt/st/stm32cubeide_2.1.1/plugins/com.st.stm32cube.ide.mcu.externaltools.gnu-tools-for-stm32.14.3.rel1.linux64_1.0.100.202602081740/tools/arm-none-eabi/include/c++/14.3.1/bits/std_abs.h ****   inline long long
  61:/opt/st/stm32cubeide_2.1.1/plugins/com.st.stm32cube.ide.mcu.externaltools.gnu-tools-for-stm32.14.3.rel1.linux64_1.0.100.202602081740/tools/arm-none-eabi/include/c++/14.3.1/bits/std_abs.h ****   abs(long long __x) { return __builtin_llabs (__x); }
  62:/opt/st/stm32cubeide_2.1.1/plugins/com.st.stm32cube.ide.mcu.externaltools.gnu-tools-for-stm32.14.3.rel1.linux64_1.0.100.202602081740/tools/arm-none-eabi/include/c++/14.3.1/bits/std_abs.h **** #endif
  63:/opt/st/stm32cubeide_2.1.1/plugins/com.st.stm32cube.ide.mcu.externaltools.gnu-tools-for-stm32.14.3.rel1.linux64_1.0.100.202602081740/tools/arm-none-eabi/include/c++/14.3.1/bits/std_abs.h **** 
  64:/opt/st/stm32cubeide_2.1.1/plugins/com.st.stm32cube.ide.mcu.externaltools.gnu-tools-for-stm32.14.3.rel1.linux64_1.0.100.202602081740/tools/arm-none-eabi/include/c++/14.3.1/bits/std_abs.h **** // _GLIBCXX_RESOLVE_LIB_DEFECTS
  65:/opt/st/stm32cubeide_2.1.1/plugins/com.st.stm32cube.ide.mcu.externaltools.gnu-tools-for-stm32.14.3.rel1.linux64_1.0.100.202602081740/tools/arm-none-eabi/include/c++/14.3.1/bits/std_abs.h **** // 2192. Validity and return type of std::abs(0u) is unclear
  66:/opt/st/stm32cubeide_2.1.1/plugins/com.st.stm32cube.ide.mcu.externaltools.gnu-tools-for-stm32.14.3.rel1.linux64_1.0.100.202602081740/tools/arm-none-eabi/include/c++/14.3.1/bits/std_abs.h **** // 2294. <cstdlib> should declare abs(double)
  67:/opt/st/stm32cubeide_2.1.1/plugins/com.st.stm32cube.ide.mcu.externaltools.gnu-tools-for-stm32.14.3.rel1.linux64_1.0.100.202602081740/tools/arm-none-eabi/include/c++/14.3.1/bits/std_abs.h **** // 2735. std::abs(short), std::abs(signed char) and others should return int
  68:/opt/st/stm32cubeide_2.1.1/plugins/com.st.stm32cube.ide.mcu.externaltools.gnu-tools-for-stm32.14.3.rel1.linux64_1.0.100.202602081740/tools/arm-none-eabi/include/c++/14.3.1/bits/std_abs.h **** 
  69:/opt/st/stm32cubeide_2.1.1/plugins/com.st.stm32cube.ide.mcu.externaltools.gnu-tools-for-stm32.14.3.rel1.linux64_1.0.100.202602081740/tools/arm-none-eabi/include/c++/14.3.1/bits/std_abs.h **** #ifndef __CORRECT_ISO_CPP_MATH_H_PROTO
  70:/opt/st/stm32cubeide_2.1.1/plugins/com.st.stm32cube.ide.mcu.externaltools.gnu-tools-for-stm32.14.3.rel1.linux64_1.0.100.202602081740/tools/arm-none-eabi/include/c++/14.3.1/bits/std_abs.h ****   inline _GLIBCXX_CONSTEXPR double
  71:/opt/st/stm32cubeide_2.1.1/plugins/com.st.stm32cube.ide.mcu.externaltools.gnu-tools-for-stm32.14.3.rel1.linux64_1.0.100.202602081740/tools/arm-none-eabi/include/c++/14.3.1/bits/std_abs.h ****   abs(double __x)
 408              		.loc 2 71 3 is_stmt 1 view .LVU102
 409              	.LBB19:
  72:/opt/st/stm32cubeide_2.1.1/plugins/com.st.stm32cube.ide.mcu.externaltools.gnu-tools-for-stm32.14.3.rel1.linux64_1.0.100.202602081740/tools/arm-none-eabi/include/c++/14.3.1/bits/std_abs.h ****   { return __builtin_fabs(__x); }
 410              		.loc 2 72 5 view .LVU103
 411              		.loc 2 72 30 is_stmt 0 view .LVU104
 412 00e0 3046     		mov	r0, r6
 413 00e2 27F00041 		bic	r1, r7, #-2147483648
ARM GAS  /tmp/ccqaLwcO.s 			page 15


 414              	.LVL33:
 415              		.loc 2 72 30 view .LVU105
 416              	.LBE19:
 417              	.LBE18:
 183:Core/Src/pid.cpp **** 		{
 418              		.loc 1 183 32 discriminator 1 view .LVU106
 419 00e6 66A3     		adr	r3, .L38
 420 00e8 D3E90023 		ldrd	r2, [r3]
 421 00ec FFF7FEFF 		bl	__aeabi_dcmplt
 422              	.LVL34:
 423 00f0 70B1     		cbz	r0, .L18
 183:Core/Src/pid.cpp **** 		{
 424              		.loc 1 183 38 discriminator 1 view .LVU107
 425 00f2 D9E90067 		ldrd	r6, [r9]
 426              	.LVL35:
 427              	.LBB20:
 428              	.LBI20:
  71:/opt/st/stm32cubeide_2.1.1/plugins/com.st.stm32cube.ide.mcu.externaltools.gnu-tools-for-stm32.14.3.rel1.linux64_1.0.100.202602081740/tools/arm-none-eabi/include/c++/14.3.1/bits/std_abs.h ****   { return __builtin_fabs(__x); }
 429              		.loc 2 71 3 is_stmt 1 view .LVU108
 430              	.LBB21:
 431              		.loc 2 72 5 view .LVU109
 432              		.loc 2 72 30 is_stmt 0 view .LVU110
 433 00f6 3046     		mov	r0, r6
 434 00f8 27F00041 		bic	r1, r7, #-2147483648
 435              	.LVL36:
 436              		.loc 2 72 30 view .LVU111
 437              	.LBE21:
 438              	.LBE20:
 183:Core/Src/pid.cpp **** 		{
 439              		.loc 1 183 32 discriminator 1 view .LVU112
 440 00fc 60A3     		adr	r3, .L38
 441 00fe D3E90023 		ldrd	r2, [r3]
 442 0102 FFF7FEFF 		bl	__aeabi_dcmplt
 443              	.LVL37:
 444 0106 18B1     		cbz	r0, .L18
 185:Core/Src/pid.cpp **** 		}
 445              		.loc 1 185 4 is_stmt 1 view .LVU113
 185:Core/Src/pid.cpp **** 		}
 446              		.loc 1 185 15 is_stmt 0 view .LVU114
 447 0108 0022     		movs	r2, #0
 448 010a 0023     		movs	r3, #0
 449 010c C4E91423 		strd	r2, [r4, #80]
 450              	.L18:
 189:Core/Src/pid.cpp **** 		{
 451              		.loc 1 189 3 is_stmt 1 view .LVU115
 189:Core/Src/pid.cpp **** 		{
 452              		.loc 1 189 8 is_stmt 0 view .LVU116
 453 0110 2678     		ldrb	r6, [r4]	@ zero_extendqisi2
 189:Core/Src/pid.cpp **** 		{
 454              		.loc 1 189 3 view .LVU117
 455 0112 7EB9     		cbnz	r6, .L21
 191:Core/Src/pid.cpp **** 		}
 456              		.loc 1 191 4 is_stmt 1 view .LVU118
 457 0114 D4E91489 		ldrd	r8, [r4, #80]
 191:Core/Src/pid.cpp **** 		}
 458              		.loc 1 191 22 is_stmt 0 view .LVU119
 459 0118 DDE90023 		ldrd	r2, [sp]
ARM GAS  /tmp/ccqaLwcO.s 			page 16


 460 011c D4E90A01 		ldrd	r0, [r4, #40]
 461 0120 FFF7FEFF 		bl	__aeabi_dmul
 462              	.LVL38:
 463 0124 0246     		mov	r2, r0
 464 0126 0B46     		mov	r3, r1
 191:Core/Src/pid.cpp **** 		}
 465              		.loc 1 191 15 view .LVU120
 466 0128 4046     		mov	r0, r8
 467 012a 4946     		mov	r1, r9
 468 012c FFF7FEFF 		bl	__aeabi_dsub
 469              	.LVL39:
 470 0130 C4E91401 		strd	r0, [r4, #80]
 471              	.L21:
 194:Core/Src/pid.cpp **** 		{
 472              		.loc 1 194 3 is_stmt 1 view .LVU121
 194:Core/Src/pid.cpp **** 		{
 473              		.loc 1 194 7 is_stmt 0 view .LVU122
 474 0134 D4E91489 		ldrd	r8, [r4, #80]
 194:Core/Src/pid.cpp **** 		{
 475              		.loc 1 194 20 view .LVU123
 476 0138 D4E91AAB 		ldrd	r10, [r4, #104]
 194:Core/Src/pid.cpp **** 		{
 477              		.loc 1 194 3 view .LVU124
 478 013c 5246     		mov	r2, r10
 479 013e 5B46     		mov	r3, fp
 480 0140 4046     		mov	r0, r8
 481 0142 4946     		mov	r1, r9
 482 0144 FFF7FEFF 		bl	__aeabi_dcmpgt
 483              	.LVL40:
 484 0148 0028     		cmp	r0, #0
 485 014a 51D0     		beq	.L35
 196:Core/Src/pid.cpp **** 		}
 486              		.loc 1 196 4 is_stmt 1 view .LVU125
 196:Core/Src/pid.cpp **** 		}
 487              		.loc 1 196 15 is_stmt 0 view .LVU126
 488 014c C4E914AB 		strd	r10, [r4, #80]
 489              	.L24:
 211:Core/Src/pid.cpp **** 		{
 490              		.loc 1 211 3 is_stmt 1 view .LVU127
 491              	.LBB22:
 492 0150 002E     		cmp	r6, #0
 493 0152 63D0     		beq	.L30
 494              	.LBE22:
 495              	.LBE15:
 496              	.LBE14:
 215:Core/Src/pid.cpp **** 			{
 497              		.loc 1 215 4 view .LVU128
 498              	.LBB30:
 499              	.LBB29:
 500              	.LBB26:
 501              	.LBB23:
 215:Core/Src/pid.cpp **** 			{
 502              		.loc 1 215 7 is_stmt 0 view .LVU129
 503 0154 04F5A043 		add	r3, r4, #20480
 504 0158 93F8403E 		ldrb	r3, [r3, #3648]	@ zero_extendqisi2
 215:Core/Src/pid.cpp **** 			{
 505              		.loc 1 215 4 view .LVU130
ARM GAS  /tmp/ccqaLwcO.s 			page 17


 506 015c 002B     		cmp	r3, #0
 507 015e 54D0     		beq	.L27
 508              	.LBB24:
 218:Core/Src/pid.cpp **** 				_pBuffer[_pBufferIndex] = error;  // Store raw error
 509              		.loc 1 218 5 is_stmt 1 view .LVU131
 510 0160 04F5BC47 		add	r7, r4, #24064
 218:Core/Src/pid.cpp **** 				_pBuffer[_pBufferIndex] = error;  // Store raw error
 511              		.loc 1 218 23 is_stmt 0 view .LVU132
 512 0164 04F5A049 		add	r9, r4, #20480
 513 0168 B9F8306E 		ldrh	r6, [r9, #3632]
 218:Core/Src/pid.cpp **** 				_pBuffer[_pBufferIndex] = error;  // Store raw error
 514              		.loc 1 218 36 view .LVU133
 515 016c 06F10E08 		add	r8, r6, #14
 516 0170 04EBC808 		add	r8, r4, r8, lsl #3
 218:Core/Src/pid.cpp **** 				_pBuffer[_pBufferIndex] = error;  // Store raw error
 517              		.loc 1 218 11 view .LVU134
 518 0174 D8E90023 		ldrd	r2, [r8]
 519 0178 D7E90E01 		ldrd	r0, [r7, #56]
 520 017c FFF7FEFF 		bl	__aeabi_dsub
 521              	.LVL41:
 522 0180 0246     		mov	r2, r0
 523 0182 0B46     		mov	r3, r1
 524 0184 C7E90E23 		strd	r2, [r7, #56]
 219:Core/Src/pid.cpp **** 				_pSum += error;
 525              		.loc 1 219 5 is_stmt 1 view .LVU135
 219:Core/Src/pid.cpp **** 				_pSum += error;
 526              		.loc 1 219 29 is_stmt 0 view .LVU136
 527 0188 88ED008B 		vstr.64	d8, [r8]
 220:Core/Src/pid.cpp **** 				_pBufferIndex = (_pBufferIndex + 1) % _P_FILTER_WINDOW;
 528              		.loc 1 220 5 is_stmt 1 view .LVU137
 220:Core/Src/pid.cpp **** 				_pBufferIndex = (_pBufferIndex + 1) % _P_FILTER_WINDOW;
 529              		.loc 1 220 11 is_stmt 0 view .LVU138
 530 018c 53EC182B 		vmov	r2, r3, d8
 531 0190 FFF7FEFF 		bl	__aeabi_dadd
 532              	.LVL42:
 533 0194 0246     		mov	r2, r0
 534 0196 0B46     		mov	r3, r1
 535 0198 C7E90E23 		strd	r2, [r7, #56]
 221:Core/Src/pid.cpp **** 
 536              		.loc 1 221 5 is_stmt 1 view .LVU139
 221:Core/Src/pid.cpp **** 
 537              		.loc 1 221 36 is_stmt 0 view .LVU140
 538 019c 0136     		adds	r6, r6, #1
 221:Core/Src/pid.cpp **** 
 539              		.loc 1 221 41 view .LVU141
 540 019e 3E4B     		ldr	r3, .L38+24
 541 01a0 83FB0623 		smull	r2, r3, r3, r6
 542 01a4 9B11     		asrs	r3, r3, #6
 543 01a6 40F6B832 		movw	r2, #3000
 544 01aa 02FB1363 		mls	r3, r2, r3, r6
 221:Core/Src/pid.cpp **** 
 545              		.loc 1 221 19 view .LVU142
 546 01ae A9F8303E 		strh	r3, [r9, #3632]	@ movhi
 223:Core/Src/pid.cpp **** 				output = _kp * avgError;
 547              		.loc 1 223 5 is_stmt 1 view .LVU143
 223:Core/Src/pid.cpp **** 				output = _kp * avgError;
 548              		.loc 1 223 12 is_stmt 0 view .LVU144
ARM GAS  /tmp/ccqaLwcO.s 			page 18


 549 01b2 35A3     		adr	r3, .L38+8
 550 01b4 D3E90023 		ldrd	r2, [r3]
 551 01b8 FFF7FEFF 		bl	__aeabi_ddiv
 552              	.LVL43:
 553 01bc 0246     		mov	r2, r0
 554 01be 0B46     		mov	r3, r1
 555              	.LVL44:
 224:Core/Src/pid.cpp **** 				/*
 556              		.loc 1 224 5 is_stmt 1 view .LVU145
 224:Core/Src/pid.cpp **** 				/*
 557              		.loc 1 224 12 is_stmt 0 view .LVU146
 558 01c0 D4E90A01 		ldrd	r0, [r4, #40]
 559 01c4 FFF7FEFF 		bl	__aeabi_dmul
 560              	.LVL45:
 224:Core/Src/pid.cpp **** 				/*
 561              		.loc 1 224 12 view .LVU147
 562 01c8 0646     		mov	r6, r0
 563 01ca 0F46     		mov	r7, r1
 564              	.LVL46:
 224:Core/Src/pid.cpp **** 				/*
 565              		.loc 1 224 12 view .LVU148
 566              	.LBE24:
 567 01cc 28E0     		b	.L26
 568              	.LVL47:
 569              	.L16:
 224:Core/Src/pid.cpp **** 				/*
 570              		.loc 1 224 12 view .LVU149
 571              	.LBE23:
 572              	.LBE26:
 573              	.LBB27:
 178:Core/Src/pid.cpp **** 		}
 574              		.loc 1 178 4 is_stmt 1 view .LVU150
 575 01ce D4E914AB 		ldrd	r10, [r4, #80]
 178:Core/Src/pid.cpp **** 		}
 576              		.loc 1 178 23 is_stmt 0 view .LVU151
 577 01d2 53EC182B 		vmov	r2, r3, d8
 578 01d6 D4E90C01 		ldrd	r0, [r4, #48]
 579              	.LVL48:
 178:Core/Src/pid.cpp **** 		}
 580              		.loc 1 178 23 view .LVU152
 581 01da FFF7FEFF 		bl	__aeabi_dmul
 582              	.LVL49:
 583 01de 0246     		mov	r2, r0
 584 01e0 0B46     		mov	r3, r1
 178:Core/Src/pid.cpp **** 		}
 585              		.loc 1 178 15 view .LVU153
 586 01e2 5046     		mov	r0, r10
 587 01e4 5946     		mov	r1, fp
 588 01e6 FFF7FEFF 		bl	__aeabi_dadd
 589              	.LVL50:
 590 01ea C4E91401 		strd	r0, [r4, #80]
 591 01ee 75E7     		b	.L17
 592              	.L35:
 178:Core/Src/pid.cpp **** 		}
 593              		.loc 1 178 15 view .LVU154
 594              	.LBE27:
 198:Core/Src/pid.cpp **** 		{
ARM GAS  /tmp/ccqaLwcO.s 			page 19


 595              		.loc 1 198 8 is_stmt 1 view .LVU155
 198:Core/Src/pid.cpp **** 		{
 596              		.loc 1 198 25 is_stmt 0 view .LVU156
 597 01f0 94ED18AB 		vldr.64	d10, [r4, #96]
 198:Core/Src/pid.cpp **** 		{
 598              		.loc 1 198 8 view .LVU157
 599 01f4 53EC1A2B 		vmov	r2, r3, d10
 600 01f8 4046     		mov	r0, r8
 601 01fa 4946     		mov	r1, r9
 602 01fc FFF7FEFF 		bl	__aeabi_dcmplt
 603              	.LVL51:
 604 0200 0028     		cmp	r0, #0
 605 0202 A5D0     		beq	.L24
 200:Core/Src/pid.cpp **** 		}
 606              		.loc 1 200 4 is_stmt 1 view .LVU158
 200:Core/Src/pid.cpp **** 		}
 607              		.loc 1 200 15 is_stmt 0 view .LVU159
 608 0204 84ED14AB 		vstr.64	d10, [r4, #80]
 609 0208 A2E7     		b	.L24
 610              	.L27:
 611              	.LBB28:
 612              	.LBB25:
 234:Core/Src/pid.cpp **** 			}
 613              		.loc 1 234 5 is_stmt 1 view .LVU160
 234:Core/Src/pid.cpp **** 			}
 614              		.loc 1 234 12 is_stmt 0 view .LVU161
 615 020a 53EC182B 		vmov	r2, r3, d8
 616 020e D4E90A01 		ldrd	r0, [r4, #40]
 617 0212 FFF7FEFF 		bl	__aeabi_dmul
 618              	.LVL52:
 619 0216 0646     		mov	r6, r0
 620 0218 0F46     		mov	r7, r1
 621              	.LVL53:
 234:Core/Src/pid.cpp **** 			}
 622              		.loc 1 234 12 view .LVU162
 623 021a 01E0     		b	.L26
 624              	.LVL54:
 625              	.L30:
 234:Core/Src/pid.cpp **** 			}
 626              		.loc 1 234 12 view .LVU163
 627              	.LBE25:
 239:Core/Src/pid.cpp **** 		}
 628              		.loc 1 239 11 view .LVU164
 629 021c 0026     		movs	r6, #0
 630 021e 0027     		movs	r7, #0
 631              	.L26:
 632              	.LVL55:
 239:Core/Src/pid.cpp **** 		}
 633              		.loc 1 239 11 view .LVU165
 634              	.LBE28:
 243:Core/Src/pid.cpp **** 
 635              		.loc 1 243 3 is_stmt 1 view .LVU166
 243:Core/Src/pid.cpp **** 
 636              		.loc 1 243 13 is_stmt 0 view .LVU167
 637 0220 D4E91489 		ldrd	r8, [r4, #80]
 243:Core/Src/pid.cpp **** 
 638              		.loc 1 243 30 view .LVU168
ARM GAS  /tmp/ccqaLwcO.s 			page 20


 639 0224 DDE90023 		ldrd	r2, [sp]
 640 0228 D4E90E01 		ldrd	r0, [r4, #56]
 641 022c FFF7FEFF 		bl	__aeabi_dmul
 642              	.LVL56:
 643 0230 0246     		mov	r2, r0
 644 0232 0B46     		mov	r3, r1
 243:Core/Src/pid.cpp **** 
 645              		.loc 1 243 24 view .LVU169
 646 0234 4046     		mov	r0, r8
 647 0236 4946     		mov	r1, r9
 648 0238 FFF7FEFF 		bl	__aeabi_dsub
 649              	.LVL57:
 243:Core/Src/pid.cpp **** 
 650              		.loc 1 243 10 view .LVU170
 651 023c 3246     		mov	r2, r6
 652 023e 3B46     		mov	r3, r7
 653 0240 FFF7FEFF 		bl	__aeabi_dadd
 654              	.LVL58:
 655 0244 0646     		mov	r6, r0
 656              	.LVL59:
 243:Core/Src/pid.cpp **** 
 657              		.loc 1 243 10 view .LVU171
 658 0246 0F46     		mov	r7, r1
 659              	.LVL60:
 245:Core/Src/pid.cpp **** 		{
 660              		.loc 1 245 3 is_stmt 1 view .LVU172
 661 0248 0246     		mov	r2, r0
 662 024a 0B46     		mov	r3, r1
 663 024c 5046     		mov	r0, r10
 664 024e 5946     		mov	r1, fp
 665 0250 FFF7FEFF 		bl	__aeabi_dcmplt
 666              	.LVL61:
 667 0254 50B9     		cbnz	r0, .L28
 249:Core/Src/pid.cpp **** 		{
 668              		.loc 1 249 8 view .LVU173
 249:Core/Src/pid.cpp **** 		{
 669              		.loc 1 249 21 is_stmt 0 view .LVU174
 670 0256 D4E918AB 		ldrd	r10, [r4, #96]
 249:Core/Src/pid.cpp **** 		{
 671              		.loc 1 249 8 view .LVU175
 672 025a 3246     		mov	r2, r6
 673 025c 3B46     		mov	r3, r7
 674 025e 5046     		mov	r0, r10
 675 0260 5946     		mov	r1, fp
 676 0262 FFF7FEFF 		bl	__aeabi_dcmpgt
 677              	.LVL62:
 678 0266 08B9     		cbnz	r0, .L28
 243:Core/Src/pid.cpp **** 
 679              		.loc 1 243 10 view .LVU176
 680 0268 B246     		mov	r10, r6
 681 026a BB46     		mov	fp, r7
 682              	.L28:
 683              	.LVL63:
 255:Core/Src/pid.cpp **** 
 684              		.loc 1 255 3 is_stmt 1 view .LVU177
 255:Core/Src/pid.cpp **** 
 685              		.loc 1 255 4 is_stmt 0 view .LVU178
ARM GAS  /tmp/ccqaLwcO.s 			page 21


 686 026c 636C     		ldr	r3, [r4, #68]
 255:Core/Src/pid.cpp **** 
 687              		.loc 1 255 14 view .LVU179
 688 026e C3E900AB 		strd	r10, [r3]
 258:Core/Src/pid.cpp **** 		_lastTime  = now;
 689              		.loc 1 258 3 is_stmt 1 view .LVU180
 258:Core/Src/pid.cpp **** 		_lastTime  = now;
 690              		.loc 1 258 14 is_stmt 0 view .LVU181
 691 0272 84ED169B 		vstr.64	d9, [r4, #88]
 259:Core/Src/pid.cpp **** 
 692              		.loc 1 259 3 is_stmt 1 view .LVU182
 259:Core/Src/pid.cpp **** 
 693              		.loc 1 259 14 is_stmt 0 view .LVU183
 694 0276 6560     		str	r5, [r4, #4]
 261:Core/Src/pid.cpp **** 
 695              		.loc 1 261 3 is_stmt 1 view .LVU184
 261:Core/Src/pid.cpp **** 
 696              		.loc 1 261 10 is_stmt 0 view .LVU185
 697 0278 0120     		movs	r0, #1
 698 027a C9E6     		b	.L15
 699              	.LVL64:
 700              	.L29:
 261:Core/Src/pid.cpp **** 
 701              		.loc 1 261 10 view .LVU186
 702              	.LBE29:
 266:Core/Src/pid.cpp **** 	}
 703              		.loc 1 266 10 view .LVU187
 704 027c 0020     		movs	r0, #0
 705              	.LVL65:
 266:Core/Src/pid.cpp **** 	}
 706              		.loc 1 266 10 view .LVU188
 707 027e C7E6     		b	.L15
 708              	.L39:
 709              		.align	3
 710              	.L38:
 711 0280 7B14AE47 		.word	1202590843
 712 0284 E17A843F 		.word	1065646817
 713 0288 00000000 		.word	0
 714 028c 0070A740 		.word	1084715008
 715 0290 1F85EB51 		.word	1374389535
 716 0294 00005940 		.word	1079574528
 717 0298 F1197605 		.word	91625969
 718              	.LBE30:
 719              		.cfi_endproc
 720              	.LFE1189:
 721              		.fnend
 723              		.section	.text._ZN3PID7SetModeE15PIDMode_TypeDef,"ax",%progbits
 724              		.align	1
 725              		.global	_ZN3PID7SetModeE15PIDMode_TypeDef
 726              		.syntax unified
 727              		.thumb
 728              		.thumb_func
 730              	_ZN3PID7SetModeE15PIDMode_TypeDef:
 731              		.fnstart
 732              	.LVL66:
 733              	.LFB1190:
 270:Core/Src/pid.cpp **** 
ARM GAS  /tmp/ccqaLwcO.s 			page 22


 271:Core/Src/pid.cpp **** /* ~~~~~~~~~~~~~~~~~ PID Mode ~~~~~~~~~~~~~~~~~~ */
 272:Core/Src/pid.cpp **** void PID::SetMode(PIDMode_TypeDef Mode)
 273:Core/Src/pid.cpp **** {
 734              		.loc 1 273 1 is_stmt 1 view -0
 735              		.cfi_startproc
 736              		@ args = 0, pretend = 0, frame = 0
 737              		@ frame_needed = 0, uses_anonymous_args = 0
 738              		.loc 1 273 1 is_stmt 0 view .LVU190
 739 0000 38B5     		push	{r3, r4, r5, lr}
 740              	.LCFI8:
 741              		.cfi_def_cfa_offset 16
 742              		.cfi_offset 3, -16
 743              		.cfi_offset 4, -12
 744              		.cfi_offset 5, -8
 745              		.cfi_offset 14, -4
 746 0002 0446     		mov	r4, r0
 274:Core/Src/pid.cpp **** 
 275:Core/Src/pid.cpp **** 	uint8_t newAuto = (Mode == _PID_MODE_AUTOMATIC);
 747              		.loc 1 275 2 is_stmt 1 view .LVU191
 748              		.loc 1 275 26 is_stmt 0 view .LVU192
 749 0004 0129     		cmp	r1, #1
 750 0006 0CBF     		ite	eq
 751 0008 0125     		moveq	r5, #1
 752 000a 0025     		movne	r5, #0
 753              	.LVL67:
 276:Core/Src/pid.cpp **** 
 277:Core/Src/pid.cpp **** 	/* ~~~~~~~~~~ Initialize the PID ~~~~~~~~~~ */
 278:Core/Src/pid.cpp **** 	if (newAuto && !_inAuto)
 754              		.loc 1 278 2 is_stmt 1 view .LVU193
 755 000c 01D0     		beq	.L43
 756              	.LVL68:
 757              	.L41:
 279:Core/Src/pid.cpp **** 	{
 280:Core/Src/pid.cpp **** 		Init();
 281:Core/Src/pid.cpp **** 	}
 282:Core/Src/pid.cpp **** 
 283:Core/Src/pid.cpp **** 	_inAuto = (PIDMode_TypeDef)newAuto;
 758              		.loc 1 283 2 view .LVU194
 759              		.loc 1 283 10 is_stmt 0 view .LVU195
 760 000e 6570     		strb	r5, [r4, #1]
 284:Core/Src/pid.cpp **** 
 285:Core/Src/pid.cpp **** }
 761              		.loc 1 285 1 view .LVU196
 762 0010 38BD     		pop	{r3, r4, r5, pc}
 763              	.LVL69:
 764              	.L43:
 278:Core/Src/pid.cpp **** 	{
 765              		.loc 1 278 18 discriminator 1 view .LVU197
 766 0012 4378     		ldrb	r3, [r0, #1]	@ zero_extendqisi2
 278:Core/Src/pid.cpp **** 	{
 767              		.loc 1 278 14 discriminator 1 view .LVU198
 768 0014 002B     		cmp	r3, #0
 769 0016 FAD1     		bne	.L41
 280:Core/Src/pid.cpp **** 	}
 770              		.loc 1 280 3 is_stmt 1 view .LVU199
 280:Core/Src/pid.cpp **** 	}
 771              		.loc 1 280 7 is_stmt 0 view .LVU200
ARM GAS  /tmp/ccqaLwcO.s 			page 23


 772 0018 FFF7FEFF 		bl	_ZN3PID4InitEv
 773              	.LVL70:
 280:Core/Src/pid.cpp **** 	}
 774              		.loc 1 280 7 view .LVU201
 775 001c F7E7     		b	.L41
 776              		.cfi_endproc
 777              	.LFE1190:
 778              		.cantunwind
 779              		.fnend
 781              		.section	.text._ZN3PID7GetModeEv,"ax",%progbits
 782              		.align	1
 783              		.global	_ZN3PID7GetModeEv
 784              		.syntax unified
 785              		.thumb
 786              		.thumb_func
 788              	_ZN3PID7GetModeEv:
 789              		.fnstart
 790              	.LVL71:
 791              	.LFB1191:
 286:Core/Src/pid.cpp **** PIDMode_TypeDef PID::GetMode(void)
 287:Core/Src/pid.cpp **** {
 792              		.loc 1 287 1 is_stmt 1 view -0
 793              		.cfi_startproc
 794              		@ args = 0, pretend = 0, frame = 0
 795              		@ frame_needed = 0, uses_anonymous_args = 0
 796              		@ link register save eliminated.
 288:Core/Src/pid.cpp **** 	return _inAuto ? _PID_MODE_AUTOMATIC : _PID_MODE_MANUAL;
 797              		.loc 1 288 2 view .LVU203
 798              		.loc 1 288 9 is_stmt 0 view .LVU204
 799 0000 4078     		ldrb	r0, [r0, #1]	@ zero_extendqisi2
 800              	.LVL72:
 801              		.loc 1 288 17 view .LVU205
 802 0002 00B1     		cbz	r0, .L45
 803              		.loc 1 288 17 discriminator 1 view .LVU206
 804 0004 0120     		movs	r0, #1
 805              	.L45:
 289:Core/Src/pid.cpp **** }
 806              		.loc 1 289 1 view .LVU207
 807 0006 7047     		bx	lr
 808              		.cfi_endproc
 809              	.LFE1191:
 810              		.cantunwind
 811              		.fnend
 813              		.section	.text._ZN3PID15SetOutputLimitsEdd,"ax",%progbits
 814              		.align	1
 815              		.global	_ZN3PID15SetOutputLimitsEdd
 816              		.syntax unified
 817              		.thumb
 818              		.thumb_func
 820              	_ZN3PID15SetOutputLimitsEdd:
 821              		.fnstart
 822              	.LVL73:
 823              	.LFB1192:
 290:Core/Src/pid.cpp **** 
 291:Core/Src/pid.cpp **** /* ~~~~~~~~~~~~~~~~ PID Limits ~~~~~~~~~~~~~~~~~ */
 292:Core/Src/pid.cpp **** void PID::SetOutputLimits(double Min, double Max)
 293:Core/Src/pid.cpp **** {
ARM GAS  /tmp/ccqaLwcO.s 			page 24


 824              		.loc 1 293 1 is_stmt 1 view -0
 825              		.cfi_startproc
 826              		@ args = 0, pretend = 0, frame = 0
 827              		@ frame_needed = 0, uses_anonymous_args = 0
 828              		.loc 1 293 1 is_stmt 0 view .LVU209
 829 0000 2DE9F84F 		push	{r3, r4, r5, r6, r7, r8, r9, r10, fp, lr}
 830              	.LCFI9:
 831              		.cfi_def_cfa_offset 40
 832              		.cfi_offset 3, -40
 833              		.cfi_offset 4, -36
 834              		.cfi_offset 5, -32
 835              		.cfi_offset 6, -28
 836              		.cfi_offset 7, -24
 837              		.cfi_offset 8, -20
 838              		.cfi_offset 9, -16
 839              		.cfi_offset 10, -12
 840              		.cfi_offset 11, -8
 841              		.cfi_offset 14, -4
 842 0004 0446     		mov	r4, r0
 843 0006 59EC108B 		vmov	r8, r9, d0
 844 000a 57EC116B 		vmov	r6, r7, d1
 294:Core/Src/pid.cpp **** 	/* ~~~~~~~~~~ Check value ~~~~~~~~~~ */
 295:Core/Src/pid.cpp **** 	if (Min >= Max)
 845              		.loc 1 295 2 is_stmt 1 view .LVU210
 846 000e 3246     		mov	r2, r6
 847 0010 3B46     		mov	r3, r7
 848 0012 4046     		mov	r0, r8
 849              	.LVL74:
 850              		.loc 1 295 2 is_stmt 0 view .LVU211
 851 0014 4946     		mov	r1, r9
 852 0016 FFF7FEFF 		bl	__aeabi_dcmpge
 853              	.LVL75:
 854              		.loc 1 295 2 view .LVU212
 855 001a F0B9     		cbnz	r0, .L46
 296:Core/Src/pid.cpp **** 	{
 297:Core/Src/pid.cpp **** 		return;
 298:Core/Src/pid.cpp **** 	}
 299:Core/Src/pid.cpp **** 
 300:Core/Src/pid.cpp **** 	_outMin = Min;
 856              		.loc 1 300 2 is_stmt 1 view .LVU213
 857              		.loc 1 300 10 is_stmt 0 view .LVU214
 858 001c C4E91889 		strd	r8, [r4, #96]
 301:Core/Src/pid.cpp **** 	_outMax = Max;
 859              		.loc 1 301 2 is_stmt 1 view .LVU215
 860              		.loc 1 301 10 is_stmt 0 view .LVU216
 861 0020 C4E91A67 		strd	r6, [r4, #104]
 302:Core/Src/pid.cpp **** 
 303:Core/Src/pid.cpp **** 	/* ~~~~~~~~~~ Check PID Mode ~~~~~~~~~~ */
 304:Core/Src/pid.cpp **** 	if (_inAuto)
 862              		.loc 1 304 2 is_stmt 1 view .LVU217
 863              		.loc 1 304 6 is_stmt 0 view .LVU218
 864 0024 6378     		ldrb	r3, [r4, #1]	@ zero_extendqisi2
 865              		.loc 1 304 2 view .LVU219
 866 0026 C3B1     		cbz	r3, .L46
 305:Core/Src/pid.cpp **** 	{
 306:Core/Src/pid.cpp **** 
 307:Core/Src/pid.cpp **** 		/* ..... Check out value ..... */
ARM GAS  /tmp/ccqaLwcO.s 			page 25


 308:Core/Src/pid.cpp **** 		if (*_myOutput > _outMax)
 867              		.loc 1 308 3 is_stmt 1 view .LVU220
 868              		.loc 1 308 8 is_stmt 0 view .LVU221
 869 0028 656C     		ldr	r5, [r4, #68]
 870              		.loc 1 308 7 view .LVU222
 871 002a D5E900AB 		ldrd	r10, [r5]
 872              		.loc 1 308 3 view .LVU223
 873 002e 3246     		mov	r2, r6
 874 0030 3B46     		mov	r3, r7
 875 0032 5046     		mov	r0, r10
 876 0034 5946     		mov	r1, fp
 877 0036 FFF7FEFF 		bl	__aeabi_dcmpgt
 878              	.LVL76:
 879 003a 80B1     		cbz	r0, .L59
 309:Core/Src/pid.cpp **** 		{
 310:Core/Src/pid.cpp **** 			*_myOutput = _outMax;
 880              		.loc 1 310 4 is_stmt 1 view .LVU224
 881              		.loc 1 310 15 is_stmt 0 view .LVU225
 882 003c C5E90067 		strd	r6, [r5]
 883              	.L50:
 311:Core/Src/pid.cpp **** 		}
 312:Core/Src/pid.cpp **** 		else if (*_myOutput < _outMin)
 313:Core/Src/pid.cpp **** 		{
 314:Core/Src/pid.cpp **** 			*_myOutput = _outMin;
 315:Core/Src/pid.cpp **** 		}
 316:Core/Src/pid.cpp **** 		else { }
 317:Core/Src/pid.cpp **** 
 318:Core/Src/pid.cpp **** 		/* ..... Check out value ..... */
 319:Core/Src/pid.cpp **** 		if (_outputSum > _outMax)
 884              		.loc 1 319 3 is_stmt 1 view .LVU226
 885              		.loc 1 319 7 is_stmt 0 view .LVU227
 886 0040 D4E91467 		ldrd	r6, [r4, #80]
 887              	.LVL77:
 888              		.loc 1 319 20 view .LVU228
 889 0044 D4E91A89 		ldrd	r8, [r4, #104]
 890              	.LVL78:
 891              		.loc 1 319 3 view .LVU229
 892 0048 4246     		mov	r2, r8
 893 004a 4B46     		mov	r3, r9
 894 004c 3046     		mov	r0, r6
 895 004e 3946     		mov	r1, r7
 896 0050 FFF7FEFF 		bl	__aeabi_dcmpgt
 897              	.LVL79:
 898 0054 70B1     		cbz	r0, .L60
 320:Core/Src/pid.cpp **** 		{
 321:Core/Src/pid.cpp **** 			_outputSum = _outMax;
 899              		.loc 1 321 4 is_stmt 1 view .LVU230
 900              		.loc 1 321 15 is_stmt 0 view .LVU231
 901 0056 C4E91489 		strd	r8, [r4, #80]
 902              	.L46:
 322:Core/Src/pid.cpp **** 		}
 323:Core/Src/pid.cpp **** 		else if (_outputSum < _outMin)
 324:Core/Src/pid.cpp **** 		{
 325:Core/Src/pid.cpp **** 			_outputSum = _outMin;
 326:Core/Src/pid.cpp **** 		}
 327:Core/Src/pid.cpp **** 		else { }
 328:Core/Src/pid.cpp **** 
ARM GAS  /tmp/ccqaLwcO.s 			page 26


 329:Core/Src/pid.cpp **** 	}
 330:Core/Src/pid.cpp **** 
 331:Core/Src/pid.cpp **** }
 903              		.loc 1 331 1 view .LVU232
 904 005a BDE8F88F 		pop	{r3, r4, r5, r6, r7, r8, r9, r10, fp, pc}
 905              	.LVL80:
 906              	.L59:
 312:Core/Src/pid.cpp **** 		{
 907              		.loc 1 312 8 is_stmt 1 view .LVU233
 908 005e 4246     		mov	r2, r8
 909 0060 4B46     		mov	r3, r9
 910 0062 5046     		mov	r0, r10
 911 0064 5946     		mov	r1, fp
 912 0066 FFF7FEFF 		bl	__aeabi_dcmplt
 913              	.LVL81:
 914 006a 0028     		cmp	r0, #0
 915 006c E8D0     		beq	.L50
 314:Core/Src/pid.cpp **** 		}
 916              		.loc 1 314 4 view .LVU234
 314:Core/Src/pid.cpp **** 		}
 917              		.loc 1 314 15 is_stmt 0 view .LVU235
 918 006e C5E90089 		strd	r8, [r5]
 919 0072 E5E7     		b	.L50
 920              	.LVL82:
 921              	.L60:
 323:Core/Src/pid.cpp **** 		{
 922              		.loc 1 323 8 is_stmt 1 view .LVU236
 323:Core/Src/pid.cpp **** 		{
 923              		.loc 1 323 25 is_stmt 0 view .LVU237
 924 0074 D4E91889 		ldrd	r8, [r4, #96]
 323:Core/Src/pid.cpp **** 		{
 925              		.loc 1 323 8 view .LVU238
 926 0078 4246     		mov	r2, r8
 927 007a 4B46     		mov	r3, r9
 928 007c 3046     		mov	r0, r6
 929 007e 3946     		mov	r1, r7
 930 0080 FFF7FEFF 		bl	__aeabi_dcmplt
 931              	.LVL83:
 932 0084 0028     		cmp	r0, #0
 933 0086 E8D0     		beq	.L46
 325:Core/Src/pid.cpp **** 		}
 934              		.loc 1 325 4 is_stmt 1 view .LVU239
 325:Core/Src/pid.cpp **** 		}
 935              		.loc 1 325 15 is_stmt 0 view .LVU240
 936 0088 C4E91489 		strd	r8, [r4, #80]
 937 008c E5E7     		b	.L46
 938              		.cfi_endproc
 939              	.LFE1192:
 940              		.cantunwind
 941              		.fnend
 943              		.section	.text._ZN3PID10SetTuningsEddd14PIDPON_TypeDef,"ax",%progbits
 944              		.align	1
 945              		.global	_ZN3PID10SetTuningsEddd14PIDPON_TypeDef
 946              		.syntax unified
 947              		.thumb
 948              		.thumb_func
 950              	_ZN3PID10SetTuningsEddd14PIDPON_TypeDef:
ARM GAS  /tmp/ccqaLwcO.s 			page 27


 951              		.fnstart
 952              	.LVL84:
 953              	.LFB1194:
 332:Core/Src/pid.cpp **** 
 333:Core/Src/pid.cpp **** /* ~~~~~~~~~~~~~~~~ PID Tunings ~~~~~~~~~~~~~~~~ */
 334:Core/Src/pid.cpp **** void PID::SetTunings(double Kp, double Ki, double Kd)
 335:Core/Src/pid.cpp **** {
 336:Core/Src/pid.cpp **** 	PID::SetTunings(Kp, Ki, Kd, _pOn);
 337:Core/Src/pid.cpp **** }
 338:Core/Src/pid.cpp **** void PID::SetTunings(double Kp, double Ki, double Kd, PIDPON_TypeDef POn)
 339:Core/Src/pid.cpp **** {
 954              		.loc 1 339 1 is_stmt 1 view -0
 955              		.cfi_startproc
 956              		@ args = 0, pretend = 0, frame = 0
 957              		@ frame_needed = 0, uses_anonymous_args = 0
 958              		.loc 1 339 1 is_stmt 0 view .LVU242
 959 0000 2DE9D04F 		push	{r4, r6, r7, r8, r9, r10, fp, lr}
 960              	.LCFI10:
 961              		.cfi_def_cfa_offset 32
 962              		.cfi_offset 4, -32
 963              		.cfi_offset 6, -28
 964              		.cfi_offset 7, -24
 965              		.cfi_offset 8, -20
 966              		.cfi_offset 9, -16
 967              		.cfi_offset 10, -12
 968              		.cfi_offset 11, -8
 969              		.cfi_offset 14, -4
 970 0004 2DED048B 		vpush.64	{d8, d9}
 971              	.LCFI11:
 972              		.cfi_def_cfa_offset 48
 973              		.cfi_offset 80, -48
 974              		.cfi_offset 81, -44
 975              		.cfi_offset 82, -40
 976              		.cfi_offset 83, -36
 977 0008 0446     		mov	r4, r0
 978 000a 5BEC10AB 		vmov	r10, fp, d0
 979 000e 57EC116B 		vmov	r6, r7, d1
 980 0012 B0EE428A 		vmov.f32	s16, s4
 981 0016 F0EE628A 		vmov.f32	s17, s5
 982 001a 8846     		mov	r8, r1
 340:Core/Src/pid.cpp **** 
 341:Core/Src/pid.cpp **** 	double SampleTimeInSec;
 983              		.loc 1 341 2 is_stmt 1 view .LVU243
 342:Core/Src/pid.cpp **** 
 343:Core/Src/pid.cpp **** 	/* ~~~~~~~~~~ Check value ~~~~~~~~~~ */
 344:Core/Src/pid.cpp **** 	if (Kp < 0 || Ki < 0 || Kd < 0)
 984              		.loc 1 344 2 view .LVU244
 985 001c 0022     		movs	r2, #0
 986 001e 0023     		movs	r3, #0
 987 0020 5046     		mov	r0, r10
 988              	.LVL85:
 989              		.loc 1 344 2 is_stmt 0 view .LVU245
 990 0022 5946     		mov	r1, fp
 991              	.LVL86:
 992              		.loc 1 344 2 view .LVU246
 993 0024 FFF7FEFF 		bl	__aeabi_dcmplt
 994              	.LVL87:
ARM GAS  /tmp/ccqaLwcO.s 			page 28


 995              		.loc 1 344 2 view .LVU247
 996 0028 0028     		cmp	r0, #0
 997 002a 4DD1     		bne	.L62
 998              		.loc 1 344 13 discriminator 1 view .LVU248
 999 002c 0022     		movs	r2, #0
 1000 002e 0023     		movs	r3, #0
 1001 0030 3046     		mov	r0, r6
 1002 0032 3946     		mov	r1, r7
 1003 0034 FFF7FEFF 		bl	__aeabi_dcmplt
 1004              	.LVL88:
 1005 0038 0028     		cmp	r0, #0
 1006 003a 45D1     		bne	.L62
 1007              		.loc 1 344 23 discriminator 2 view .LVU249
 1008 003c 0022     		movs	r2, #0
 1009 003e 0023     		movs	r3, #0
 1010 0040 51EC180B 		vmov	r0, r1, d8
 1011 0044 FFF7FEFF 		bl	__aeabi_dcmplt
 1012              	.LVL89:
 1013 0048 0028     		cmp	r0, #0
 1014 004a 3DD1     		bne	.L62
 345:Core/Src/pid.cpp **** 	{
 346:Core/Src/pid.cpp **** 		return;
 347:Core/Src/pid.cpp **** 	}
 348:Core/Src/pid.cpp **** 
 349:Core/Src/pid.cpp **** 	/* ~~~~~~~~~~~~~~~~~~~~~~~~~~~~~~~~~ */
 350:Core/Src/pid.cpp **** 	_pOn    = POn;
 1015              		.loc 1 350 2 is_stmt 1 view .LVU250
 1016              		.loc 1 350 10 is_stmt 0 view .LVU251
 1017 004c 84F80280 		strb	r8, [r4, #2]
 351:Core/Src/pid.cpp **** 	_pOnE   = (PIDPON_TypeDef)(POn == _PID_P_ON_E);
 1018              		.loc 1 351 2 is_stmt 1 view .LVU252
 1019              		.loc 1 351 12 is_stmt 0 view .LVU253
 1020 0050 B8F1010F 		cmp	r8, #1
 1021 0054 14BF     		ite	ne
 1022 0056 4FF00008 		movne	r8, #0
 1023              	.LVL90:
 1024              		.loc 1 351 12 view .LVU254
 1025 005a 4FF00108 		moveq	r8, #1
 1026              		.loc 1 351 10 view .LVU255
 1027 005e 84F80080 		strb	r8, [r4]
 352:Core/Src/pid.cpp **** 
 353:Core/Src/pid.cpp **** 	_dispKp = Kp;
 1028              		.loc 1 353 2 is_stmt 1 view .LVU256
 1029              		.loc 1 353 10 is_stmt 0 view .LVU257
 1030 0062 C4E904AB 		strd	r10, [r4, #16]
 354:Core/Src/pid.cpp **** 	_dispKi = Ki;
 1031              		.loc 1 354 2 is_stmt 1 view .LVU258
 1032              		.loc 1 354 10 is_stmt 0 view .LVU259
 1033 0066 C4E90667 		strd	r6, [r4, #24]
 355:Core/Src/pid.cpp **** 	_dispKd = Kd;
 1034              		.loc 1 355 2 is_stmt 1 view .LVU260
 1035              		.loc 1 355 10 is_stmt 0 view .LVU261
 1036 006a 84ED088B 		vstr.64	d8, [r4, #32]
 356:Core/Src/pid.cpp **** 
 357:Core/Src/pid.cpp **** 	/* ~~~~~~~~~ Calculate time ~~~~~~~~ */
 358:Core/Src/pid.cpp **** 	SampleTimeInSec = ((double)_sampleTime) / 1000;
 1037              		.loc 1 358 2 is_stmt 1 view .LVU262
ARM GAS  /tmp/ccqaLwcO.s 			page 29


 1038              		.loc 1 358 21 is_stmt 0 view .LVU263
 1039 006e A068     		ldr	r0, [r4, #8]
 1040 0070 FFF7FEFF 		bl	__aeabi_ui2d
 1041              	.LVL91:
 1042              		.loc 1 358 18 view .LVU264
 1043 0074 0022     		movs	r2, #0
 1044 0076 234B     		ldr	r3, .L69
 1045 0078 FFF7FEFF 		bl	__aeabi_ddiv
 1046              	.LVL92:
 1047 007c 8046     		mov	r8, r0
 1048 007e 8946     		mov	r9, r1
 1049              	.LVL93:
 359:Core/Src/pid.cpp **** 
 360:Core/Src/pid.cpp **** 	_kp = Kp;
 1050              		.loc 1 360 2 is_stmt 1 view .LVU265
 1051              		.loc 1 360 6 is_stmt 0 view .LVU266
 1052 0080 C4E90AAB 		strd	r10, [r4, #40]
 361:Core/Src/pid.cpp **** 	_ki = Ki * SampleTimeInSec;
 1053              		.loc 1 361 2 is_stmt 1 view .LVU267
 1054              		.loc 1 361 11 is_stmt 0 view .LVU268
 1055 0084 0246     		mov	r2, r0
 1056 0086 0B46     		mov	r3, r1
 1057 0088 3046     		mov	r0, r6
 1058 008a 3946     		mov	r1, r7
 1059 008c FFF7FEFF 		bl	__aeabi_dmul
 1060              	.LVL94:
 1061 0090 41EC190B 		vmov	d9, r0, r1
 1062              		.loc 1 361 6 view .LVU269
 1063 0094 C4E90C01 		strd	r0, [r4, #48]
 362:Core/Src/pid.cpp **** 	_kd = Kd / SampleTimeInSec;
 1064              		.loc 1 362 2 is_stmt 1 view .LVU270
 1065              		.loc 1 362 11 is_stmt 0 view .LVU271
 1066 0098 4246     		mov	r2, r8
 1067 009a 4B46     		mov	r3, r9
 1068 009c 51EC180B 		vmov	r0, r1, d8
 1069 00a0 FFF7FEFF 		bl	__aeabi_ddiv
 1070              	.LVL95:
 1071 00a4 8046     		mov	r8, r0
 1072              	.LVL96:
 1073              		.loc 1 362 11 view .LVU272
 1074 00a6 8946     		mov	r9, r1
 1075              		.loc 1 362 6 view .LVU273
 1076 00a8 C4E90E89 		strd	r8, [r4, #56]
 363:Core/Src/pid.cpp **** 
 364:Core/Src/pid.cpp **** 	// Reset integral sum when Ki is disabled
 365:Core/Src/pid.cpp **** 	if (Ki == 0.0)
 1077              		.loc 1 365 2 is_stmt 1 view .LVU274
 1078 00ac 0022     		movs	r2, #0
 1079 00ae 0023     		movs	r3, #0
 1080 00b0 3046     		mov	r0, r6
 1081 00b2 3946     		mov	r1, r7
 1082 00b4 FFF7FEFF 		bl	__aeabi_dcmpeq
 1083              	.LVL97:
 1084 00b8 18B1     		cbz	r0, .L64
 366:Core/Src/pid.cpp **** 	{
 367:Core/Src/pid.cpp **** 		_outputSum = 0.0;  // Clear accumulated integral term
 1085              		.loc 1 367 3 view .LVU275
ARM GAS  /tmp/ccqaLwcO.s 			page 30


 1086              		.loc 1 367 14 is_stmt 0 view .LVU276
 1087 00ba 0022     		movs	r2, #0
 1088 00bc 0023     		movs	r3, #0
 1089 00be C4E91423 		strd	r2, [r4, #80]
 1090              	.L64:
 368:Core/Src/pid.cpp **** 	}
 369:Core/Src/pid.cpp **** 
 370:Core/Src/pid.cpp **** 	/* ~~~~~~~~ Check direction ~~~~~~~~ */
 371:Core/Src/pid.cpp **** 	if (_controllerDirection == _PID_CD_REVERSE)
 1091              		.loc 1 371 2 is_stmt 1 view .LVU277
 1092              		.loc 1 371 6 is_stmt 0 view .LVU278
 1093 00c2 E378     		ldrb	r3, [r4, #3]	@ zero_extendqisi2
 1094              		.loc 1 371 2 view .LVU279
 1095 00c4 012B     		cmp	r3, #1
 1096 00c6 03D0     		beq	.L68
 1097              	.LVL98:
 1098              	.L62:
 372:Core/Src/pid.cpp **** 	{
 373:Core/Src/pid.cpp **** 
 374:Core/Src/pid.cpp **** 		_kp = (0 - _kp);
 375:Core/Src/pid.cpp **** 		_ki = (0 - _ki);
 376:Core/Src/pid.cpp **** 		_kd = (0 - _kd);
 377:Core/Src/pid.cpp **** 
 378:Core/Src/pid.cpp **** 	}
 379:Core/Src/pid.cpp **** 
 380:Core/Src/pid.cpp **** }
 1099              		.loc 1 380 1 view .LVU280
 1100 00c8 BDEC048B 		vldm	sp!, {d8-d9}
 1101              	.LCFI12:
 1102              		.cfi_remember_state
 1103              		.cfi_restore 82
 1104              		.cfi_restore 83
 1105              		.cfi_restore 80
 1106              		.cfi_restore 81
 1107              		.cfi_def_cfa_offset 32
 1108              	.LVL99:
 1109              		.loc 1 380 1 view .LVU281
 1110 00cc BDE8D08F 		pop	{r4, r6, r7, r8, r9, r10, fp, pc}
 1111              	.LVL100:
 1112              	.L68:
 1113              	.LCFI13:
 1114              		.cfi_restore_state
 374:Core/Src/pid.cpp **** 		_ki = (0 - _ki);
 1115              		.loc 1 374 3 is_stmt 1 view .LVU282
 374:Core/Src/pid.cpp **** 		_ki = (0 - _ki);
 1116              		.loc 1 374 12 is_stmt 0 view .LVU283
 1117 00d0 5246     		mov	r2, r10
 1118 00d2 5B46     		mov	r3, fp
 1119 00d4 0020     		movs	r0, #0
 1120 00d6 0021     		movs	r1, #0
 1121 00d8 FFF7FEFF 		bl	__aeabi_dsub
 1122              	.LVL101:
 374:Core/Src/pid.cpp **** 		_ki = (0 - _ki);
 1123              		.loc 1 374 7 view .LVU284
 1124 00dc C4E90A01 		strd	r0, [r4, #40]
 375:Core/Src/pid.cpp **** 		_kd = (0 - _kd);
 1125              		.loc 1 375 3 is_stmt 1 view .LVU285
ARM GAS  /tmp/ccqaLwcO.s 			page 31


 375:Core/Src/pid.cpp **** 		_kd = (0 - _kd);
 1126              		.loc 1 375 12 is_stmt 0 view .LVU286
 1127 00e0 53EC192B 		vmov	r2, r3, d9
 1128 00e4 0020     		movs	r0, #0
 1129 00e6 0021     		movs	r1, #0
 1130 00e8 FFF7FEFF 		bl	__aeabi_dsub
 1131              	.LVL102:
 375:Core/Src/pid.cpp **** 		_kd = (0 - _kd);
 1132              		.loc 1 375 7 view .LVU287
 1133 00ec C4E90C01 		strd	r0, [r4, #48]
 376:Core/Src/pid.cpp **** 
 1134              		.loc 1 376 3 is_stmt 1 view .LVU288
 376:Core/Src/pid.cpp **** 
 1135              		.loc 1 376 12 is_stmt 0 view .LVU289
 1136 00f0 4246     		mov	r2, r8
 1137 00f2 4B46     		mov	r3, r9
 1138 00f4 0020     		movs	r0, #0
 1139 00f6 0021     		movs	r1, #0
 1140 00f8 FFF7FEFF 		bl	__aeabi_dsub
 1141              	.LVL103:
 376:Core/Src/pid.cpp **** 
 1142              		.loc 1 376 7 view .LVU290
 1143 00fc C4E90E01 		strd	r0, [r4, #56]
 1144 0100 E2E7     		b	.L62
 1145              	.L70:
 1146 0102 00BF     		.align	2
 1147              	.L69:
 1148 0104 00408F40 		.word	1083129856
 1149              		.cfi_endproc
 1150              	.LFE1194:
 1151              		.cantunwind
 1152              		.fnend
 1154              		.section	.text._ZN3PID10SetTuningsEddd,"ax",%progbits
 1155              		.align	1
 1156              		.global	_ZN3PID10SetTuningsEddd
 1157              		.syntax unified
 1158              		.thumb
 1159              		.thumb_func
 1161              	_ZN3PID10SetTuningsEddd:
 1162              		.fnstart
 1163              	.LVL104:
 1164              	.LFB1193:
 335:Core/Src/pid.cpp **** 	PID::SetTunings(Kp, Ki, Kd, _pOn);
 1165              		.loc 1 335 1 is_stmt 1 view -0
 1166              		.cfi_startproc
 1167              		@ args = 0, pretend = 0, frame = 0
 1168              		@ frame_needed = 0, uses_anonymous_args = 0
 335:Core/Src/pid.cpp **** 	PID::SetTunings(Kp, Ki, Kd, _pOn);
 1169              		.loc 1 335 1 is_stmt 0 view .LVU292
 1170 0000 08B5     		push	{r3, lr}
 1171              	.LCFI14:
 1172              		.cfi_def_cfa_offset 8
 1173              		.cfi_offset 3, -8
 1174              		.cfi_offset 14, -4
 336:Core/Src/pid.cpp **** }
 1175              		.loc 1 336 2 is_stmt 1 view .LVU293
 336:Core/Src/pid.cpp **** }
ARM GAS  /tmp/ccqaLwcO.s 			page 32


 1176              		.loc 1 336 17 is_stmt 0 view .LVU294
 1177 0002 8178     		ldrb	r1, [r0, #2]	@ zero_extendqisi2
 1178 0004 FFF7FEFF 		bl	_ZN3PID10SetTuningsEddd14PIDPON_TypeDef
 1179              	.LVL105:
 337:Core/Src/pid.cpp **** void PID::SetTunings(double Kp, double Ki, double Kd, PIDPON_TypeDef POn)
 1180              		.loc 1 337 1 view .LVU295
 1181 0008 08BD     		pop	{r3, pc}
 1182              		.cfi_endproc
 1183              	.LFE1193:
 1184              		.cantunwind
 1185              		.fnend
 1187              		.section	.text._ZN3PID22SetControllerDirectionE13PIDCD_TypeDef,"ax",%progbits
 1188              		.align	1
 1189              		.global	_ZN3PID22SetControllerDirectionE13PIDCD_TypeDef
 1190              		.syntax unified
 1191              		.thumb
 1192              		.thumb_func
 1194              	_ZN3PID22SetControllerDirectionE13PIDCD_TypeDef:
 1195              		.fnstart
 1196              	.LVL106:
 1197              	.LFB1195:
 381:Core/Src/pid.cpp **** 
 382:Core/Src/pid.cpp **** /* ~~~~~~~~~~~~~~~ PID Direction ~~~~~~~~~~~~~~~ */
 383:Core/Src/pid.cpp **** void PID::SetControllerDirection(PIDCD_TypeDef Direction)
 384:Core/Src/pid.cpp **** {
 1198              		.loc 1 384 1 is_stmt 1 view -0
 1199              		.cfi_startproc
 1200              		@ args = 0, pretend = 0, frame = 0
 1201              		@ frame_needed = 0, uses_anonymous_args = 0
 1202              		.loc 1 384 1 is_stmt 0 view .LVU297
 1203 0000 38B5     		push	{r3, r4, r5, lr}
 1204              	.LCFI15:
 1205              		.cfi_def_cfa_offset 16
 1206              		.cfi_offset 3, -16
 1207              		.cfi_offset 4, -12
 1208              		.cfi_offset 5, -8
 1209              		.cfi_offset 14, -4
 1210 0002 0446     		mov	r4, r0
 1211 0004 0D46     		mov	r5, r1
 385:Core/Src/pid.cpp **** 	/* ~~~~~~~~~~ Check parameters ~~~~~~~~~~ */
 386:Core/Src/pid.cpp **** 	if ((_inAuto) && (Direction != _controllerDirection))
 1212              		.loc 1 386 2 is_stmt 1 view .LVU298
 1213              		.loc 1 386 7 is_stmt 0 view .LVU299
 1214 0006 4378     		ldrb	r3, [r0, #1]	@ zero_extendqisi2
 1215              		.loc 1 386 2 view .LVU300
 1216 0008 D3B1     		cbz	r3, .L74
 1217              		.loc 1 386 33 discriminator 1 view .LVU301
 1218 000a C378     		ldrb	r3, [r0, #3]	@ zero_extendqisi2
 1219              		.loc 1 386 16 discriminator 1 view .LVU302
 1220 000c 8B42     		cmp	r3, r1
 1221 000e 17D0     		beq	.L74
 387:Core/Src/pid.cpp **** 	{
 388:Core/Src/pid.cpp **** 
 389:Core/Src/pid.cpp **** 		_kp = (0 - _kp);
 1222              		.loc 1 389 3 is_stmt 1 view .LVU303
 1223              		.loc 1 389 12 is_stmt 0 view .LVU304
 1224 0010 D0E90A23 		ldrd	r2, [r0, #40]
ARM GAS  /tmp/ccqaLwcO.s 			page 33


 1225 0014 0020     		movs	r0, #0
 1226              	.LVL107:
 1227              		.loc 1 389 12 view .LVU305
 1228 0016 0021     		movs	r1, #0
 1229              	.LVL108:
 1230              		.loc 1 389 12 view .LVU306
 1231 0018 FFF7FEFF 		bl	__aeabi_dsub
 1232              	.LVL109:
 1233              		.loc 1 389 7 view .LVU307
 1234 001c C4E90A01 		strd	r0, [r4, #40]
 390:Core/Src/pid.cpp **** 		_ki = (0 - _ki);
 1235              		.loc 1 390 3 is_stmt 1 view .LVU308
 1236              		.loc 1 390 12 is_stmt 0 view .LVU309
 1237 0020 D4E90C23 		ldrd	r2, [r4, #48]
 1238 0024 0020     		movs	r0, #0
 1239 0026 0021     		movs	r1, #0
 1240 0028 FFF7FEFF 		bl	__aeabi_dsub
 1241              	.LVL110:
 1242              		.loc 1 390 7 view .LVU310
 1243 002c C4E90C01 		strd	r0, [r4, #48]
 391:Core/Src/pid.cpp **** 		_kd = (0 - _kd);
 1244              		.loc 1 391 3 is_stmt 1 view .LVU311
 1245              		.loc 1 391 12 is_stmt 0 view .LVU312
 1246 0030 D4E90E23 		ldrd	r2, [r4, #56]
 1247 0034 0020     		movs	r0, #0
 1248 0036 0021     		movs	r1, #0
 1249 0038 FFF7FEFF 		bl	__aeabi_dsub
 1250              	.LVL111:
 1251              		.loc 1 391 7 view .LVU313
 1252 003c C4E90E01 		strd	r0, [r4, #56]
 1253              	.L74:
 392:Core/Src/pid.cpp **** 
 393:Core/Src/pid.cpp **** 	}
 394:Core/Src/pid.cpp **** 
 395:Core/Src/pid.cpp **** 	_controllerDirection = Direction;
 1254              		.loc 1 395 2 is_stmt 1 view .LVU314
 1255              		.loc 1 395 23 is_stmt 0 view .LVU315
 1256 0040 E570     		strb	r5, [r4, #3]
 396:Core/Src/pid.cpp **** 
 397:Core/Src/pid.cpp **** }
 1257              		.loc 1 397 1 view .LVU316
 1258 0042 38BD     		pop	{r3, r4, r5, pc}
 1259              		.loc 1 397 1 view .LVU317
 1260              		.cfi_endproc
 1261              	.LFE1195:
 1262              		.cantunwind
 1263              		.fnend
 1265              		.section	.text._ZN3PIDC2EPdS0_S0_ddd14PIDPON_TypeDef13PIDCD_TypeDef,"ax",%progbits
 1266              		.align	1
 1267              		.global	_ZN3PIDC2EPdS0_S0_ddd14PIDPON_TypeDef13PIDCD_TypeDef
 1268              		.syntax unified
 1269              		.thumb
 1270              		.thumb_func
 1272              	_ZN3PIDC2EPdS0_S0_ddd14PIDPON_TypeDef13PIDCD_TypeDef:
 1273              		.fnstart
 1274              	.LVL112:
 1275              	.LFB1181:
ARM GAS  /tmp/ccqaLwcO.s 			page 34


  39:Core/Src/pid.cpp ****     			_pBufferIndex(0),
 1276              		.loc 1 39 1 is_stmt 1 view -0
 1277              		.cfi_startproc
 1278              		@ args = 8, pretend = 0, frame = 0
 1279              		@ frame_needed = 0, uses_anonymous_args = 0
  39:Core/Src/pid.cpp ****     			_pBufferIndex(0),
 1280              		.loc 1 39 1 is_stmt 0 view .LVU319
 1281 0000 38B5     		push	{r3, r4, r5, lr}
 1282              		.save {r3, r4, r5, lr}
 1283              	.LCFI16:
 1284              		.cfi_def_cfa_offset 16
 1285              		.cfi_offset 3, -16
 1286              		.cfi_offset 4, -12
 1287              		.cfi_offset 5, -8
 1288              		.cfi_offset 14, -4
 1289 0002 2DED088B 		vpush.64	{d8, d9, d10, d11}
 1290              		.vsave {d8, d9, d10, d11}
 1291              	.LCFI17:
 1292              		.cfi_def_cfa_offset 48
 1293              		.cfi_offset 80, -48
 1294              		.cfi_offset 81, -44
 1295              		.cfi_offset 82, -40
 1296              		.cfi_offset 83, -36
 1297              		.cfi_offset 84, -32
 1298              		.cfi_offset 85, -28
 1299              		.cfi_offset 86, -24
 1300              		.cfi_offset 87, -20
 1301 0006 0446     		mov	r4, r0
 1302 0008 B0EE409A 		vmov.f32	s18, s0
 1303 000c F0EE609A 		vmov.f32	s19, s1
 1304 0010 B0EE41AA 		vmov.f32	s20, s2
 1305 0014 F0EE61AA 		vmov.f32	s21, s3
 1306 0018 B0EE42BA 		vmov.f32	s22, s4
 1307 001c F0EE62BA 		vmov.f32	s23, s5
 1308              	.LBB31:
  40:Core/Src/pid.cpp **** 				_pSum(0.0),
 1309              		.loc 1 40 8 view .LVU320
 1310 0020 00F5A04E 		add	lr, r0, #20480
 1311 0024 0025     		movs	r5, #0
 1312 0026 AEF8305E 		strh	r5, [lr, #3632]	@ movhi
  41:Core/Src/pid.cpp **** 				_usePFilter(false)
 1313              		.loc 1 41 5 view .LVU321
 1314 002a 00F5BC4C 		add	ip, r0, #24064
 1315 002e 9FED268B 		vldr.64	d8, .L78
 1316 0032 8CED0E8B 		vstr.64	d8, [ip, #56]
  42:Core/Src/pid.cpp **** {
 1317              		.loc 1 42 5 view .LVU322
 1318 0036 8EF8405E 		strb	r5, [lr, #3648]
  46:Core/Src/pid.cpp **** 	_myInput    = Input;
 1319              		.loc 1 46 2 is_stmt 1 view .LVU323
  46:Core/Src/pid.cpp **** 	_myInput    = Input;
 1320              		.loc 1 46 14 is_stmt 0 view .LVU324
 1321 003a 4264     		str	r2, [r0, #68]
  47:Core/Src/pid.cpp **** 	_mySetpoint = Setpoint;
 1322              		.loc 1 47 2 is_stmt 1 view .LVU325
  47:Core/Src/pid.cpp **** 	_mySetpoint = Setpoint;
 1323              		.loc 1 47 14 is_stmt 0 view .LVU326
ARM GAS  /tmp/ccqaLwcO.s 			page 35


 1324 003c 0164     		str	r1, [r0, #64]
  48:Core/Src/pid.cpp **** 	_inAuto     = (PIDMode_TypeDef)_FALSE;
 1325              		.loc 1 48 2 is_stmt 1 view .LVU327
  48:Core/Src/pid.cpp **** 	_inAuto     = (PIDMode_TypeDef)_FALSE;
 1326              		.loc 1 48 14 is_stmt 0 view .LVU328
 1327 003e 8364     		str	r3, [r0, #72]
  49:Core/Src/pid.cpp **** 
 1328              		.loc 1 49 2 is_stmt 1 view .LVU329
  49:Core/Src/pid.cpp **** 
 1329              		.loc 1 49 14 is_stmt 0 view .LVU330
 1330 0040 4570     		strb	r5, [r0, #1]
  51:Core/Src/pid.cpp **** 
 1331              		.loc 1 51 2 is_stmt 1 view .LVU331
  51:Core/Src/pid.cpp **** 
 1332              		.loc 1 51 22 is_stmt 0 view .LVU332
 1333 0042 9FED231B 		vldr.64	d1, .L78+8
 1334              	.LVL113:
  51:Core/Src/pid.cpp **** 
 1335              		.loc 1 51 22 view .LVU333
 1336 0046 B0EE480A 		vmov.f32	s0, s16
 1337 004a F0EE680A 		vmov.f32	s1, s17
 1338              	.LVL114:
  51:Core/Src/pid.cpp **** 
 1339              		.loc 1 51 22 view .LVU334
 1340 004e FFF7FEFF 		bl	_ZN3PID15SetOutputLimitsEdd
 1341              	.LVL115:
  53:Core/Src/pid.cpp **** 
 1342              		.loc 1 53 2 is_stmt 1 view .LVU335
  53:Core/Src/pid.cpp **** 
 1343              		.loc 1 53 14 is_stmt 0 view .LVU336
 1344 0052 6423     		movs	r3, #100
 1345 0054 A360     		str	r3, [r4, #8]
  55:Core/Src/pid.cpp **** 	PID::SetTunings(Kp, Ki, Kd, POn);
 1346              		.loc 1 55 2 is_stmt 1 view .LVU337
  55:Core/Src/pid.cpp **** 	PID::SetTunings(Kp, Ki, Kd, POn);
 1347              		.loc 1 55 29 is_stmt 0 view .LVU338
 1348 0056 9DF83410 		ldrb	r1, [sp, #52]	@ zero_extendqisi2
 1349 005a 2046     		mov	r0, r4
 1350 005c FFF7FEFF 		bl	_ZN3PID22SetControllerDirectionE13PIDCD_TypeDef
 1351              	.LVL116:
  56:Core/Src/pid.cpp **** 
 1352              		.loc 1 56 2 is_stmt 1 view .LVU339
  56:Core/Src/pid.cpp **** 
 1353              		.loc 1 56 17 is_stmt 0 view .LVU340
 1354 0060 9DF83010 		ldrb	r1, [sp, #48]	@ zero_extendqisi2
 1355 0064 B0EE4B2A 		vmov.f32	s4, s22
 1356 0068 F0EE6B2A 		vmov.f32	s5, s23
 1357 006c B0EE4A1A 		vmov.f32	s2, s20
 1358 0070 F0EE6A1A 		vmov.f32	s3, s21
 1359 0074 B0EE490A 		vmov.f32	s0, s18
 1360 0078 F0EE690A 		vmov.f32	s1, s19
 1361 007c 2046     		mov	r0, r4
 1362 007e FFF7FEFF 		bl	_ZN3PID10SetTuningsEddd14PIDPON_TypeDef
 1363              	.LVL117:
  58:Core/Src/pid.cpp **** 
 1364              		.loc 1 58 2 is_stmt 1 view .LVU341
  58:Core/Src/pid.cpp **** 
ARM GAS  /tmp/ccqaLwcO.s 			page 36


 1365              		.loc 1 58 14 is_stmt 0 view .LVU342
 1366 0082 FFF7FEFF 		bl	HAL_GetTick
 1367              	.LVL118:
  58:Core/Src/pid.cpp **** 
 1368              		.loc 1 58 26 discriminator 1 view .LVU343
 1369 0086 A368     		ldr	r3, [r4, #8]
  58:Core/Src/pid.cpp **** 
 1370              		.loc 1 58 24 discriminator 1 view .LVU344
 1371 0088 C01A     		subs	r0, r0, r3
  58:Core/Src/pid.cpp **** 
 1372              		.loc 1 58 12 discriminator 1 view .LVU345
 1373 008a 6060     		str	r0, [r4, #4]
  60:Core/Src/pid.cpp **** 	_iBufferIndex = 0;
 1374              		.loc 1 60 2 is_stmt 1 view .LVU346
  60:Core/Src/pid.cpp **** 	_iBufferIndex = 0;
 1375              		.loc 1 60 8 is_stmt 0 view .LVU347
 1376 008c 45F6C052 		movw	r2, #24000
 1377 0090 2946     		mov	r1, r5
 1378 0092 04F17000 		add	r0, r4, #112
 1379 0096 FFF7FEFF 		bl	memset
 1380              	.LVL119:
  61:Core/Src/pid.cpp **** 	_iSum = 0.0;
 1381              		.loc 1 61 2 is_stmt 1 view .LVU348
  61:Core/Src/pid.cpp **** 	_iSum = 0.0;
 1382              		.loc 1 61 16 is_stmt 0 view .LVU349
 1383 009a 04F5C042 		add	r2, r4, #24576
 1384 009e 82F86851 		strb	r5, [r2, #360]
  62:Core/Src/pid.cpp **** 	_useIFilter = false;
 1385              		.loc 1 62 2 is_stmt 1 view .LVU350
  62:Core/Src/pid.cpp **** 	_useIFilter = false;
 1386              		.loc 1 62 8 is_stmt 0 view .LVU351
 1387 00a2 04F5C243 		add	r3, r4, #24832
 1388 00a6 83ED1C8B 		vstr.64	d8, [r3, #112]
  63:Core/Src/pid.cpp **** 	memset(_iBuffer, 0, sizeof(_iBuffer));
 1389              		.loc 1 63 2 is_stmt 1 view .LVU352
  63:Core/Src/pid.cpp **** 	memset(_iBuffer, 0, sizeof(_iBuffer));
 1390              		.loc 1 63 14 is_stmt 0 view .LVU353
 1391 00aa 82F87851 		strb	r5, [r2, #376]
  64:Core/Src/pid.cpp **** 
 1392              		.loc 1 64 2 is_stmt 1 view .LVU354
  64:Core/Src/pid.cpp **** 
 1393              		.loc 1 64 8 is_stmt 0 view .LVU355
 1394 00ae 4FF44872 		mov	r2, #800
 1395 00b2 2946     		mov	r1, r5
 1396 00b4 04F5BC40 		add	r0, r4, #24064
 1397 00b8 4830     		adds	r0, r0, #72
 1398 00ba FFF7FEFF 		bl	memset
 1399              	.LVL120:
 1400              	.LBE31:
  67:Core/Src/pid.cpp **** 
 1401              		.loc 1 67 1 view .LVU356
 1402 00be 2046     		mov	r0, r4
 1403 00c0 BDEC088B 		vldm	sp!, {d8-d11}
 1404              	.LCFI18:
 1405              		.cfi_restore 86
 1406              		.cfi_restore 87
 1407              		.cfi_restore 84
ARM GAS  /tmp/ccqaLwcO.s 			page 37


 1408              		.cfi_restore 85
 1409              		.cfi_restore 82
 1410              		.cfi_restore 83
 1411              		.cfi_restore 80
 1412              		.cfi_restore 81
 1413              		.cfi_def_cfa_offset 16
 1414              	.LVL121:
  67:Core/Src/pid.cpp **** 
 1415              		.loc 1 67 1 view .LVU357
 1416 00c4 38BD     		pop	{r3, r4, r5, pc}
 1417              	.LVL122:
 1418              	.L79:
  67:Core/Src/pid.cpp **** 
 1419              		.loc 1 67 1 view .LVU358
 1420 00c6 00BF     		.align	3
 1421              	.L78:
 1422 00c8 00000000 		.word	0
 1423 00cc 00000000 		.word	0
 1424 00d0 00000000 		.word	0
 1425 00d4 00E06F40 		.word	1081073664
 1426              		.cfi_endproc
 1427              	.LFE1181:
 1428              		.fnend
 1430              		.global	_ZN3PIDC1EPdS0_S0_ddd14PIDPON_TypeDef13PIDCD_TypeDef
 1431              		.thumb_set _ZN3PIDC1EPdS0_S0_ddd14PIDPON_TypeDef13PIDCD_TypeDef,_ZN3PIDC2EPdS0_S0_ddd14PIDPON_Type
 1432              		.section	.text._ZN3PIDC2EPdS0_S0_ddd13PIDCD_TypeDef,"ax",%progbits
 1433              		.align	1
 1434              		.global	_ZN3PIDC2EPdS0_S0_ddd13PIDCD_TypeDef
 1435              		.syntax unified
 1436              		.thumb
 1437              		.thumb_func
 1439              	_ZN3PIDC2EPdS0_S0_ddd13PIDCD_TypeDef:
 1440              		.fnstart
 1441              	.LVL123:
 1442              	.LFB1184:
  69:Core/Src/pid.cpp **** 
 1443              		.loc 1 69 1 is_stmt 1 view -0
 1444              		.cfi_startproc
 1445              		@ args = 4, pretend = 0, frame = 0
 1446              		@ frame_needed = 0, uses_anonymous_args = 0
  69:Core/Src/pid.cpp **** 
 1447              		.loc 1 69 1 is_stmt 0 view .LVU360
 1448 0000 30B5     		push	{r4, r5, lr}
 1449              		.save {r4, r5, lr}
 1450              	.LCFI19:
 1451              		.cfi_def_cfa_offset 12
 1452              		.cfi_offset 4, -12
 1453              		.cfi_offset 5, -8
 1454              		.cfi_offset 14, -4
 1455              		.pad #12
 1456 0002 83B0     		sub	sp, sp, #12
 1457              	.LCFI20:
 1458              		.cfi_def_cfa_offset 24
 1459 0004 0446     		mov	r4, r0
 1460              	.LBB32:
  69:Core/Src/pid.cpp **** 
 1461              		.loc 1 69 207 view .LVU361
ARM GAS  /tmp/ccqaLwcO.s 			page 38


 1462 0006 9DF81850 		ldrb	r5, [sp, #24]	@ zero_extendqisi2
 1463 000a 0195     		str	r5, [sp, #4]
 1464 000c 0125     		movs	r5, #1
 1465 000e 0095     		str	r5, [sp]
 1466 0010 FFF7FEFF 		bl	_ZN3PIDC1EPdS0_S0_ddd14PIDPON_TypeDef13PIDCD_TypeDef
 1467              	.LVL124:
  69:Core/Src/pid.cpp **** 
 1468              		.loc 1 69 207 view .LVU362
 1469              	.LBE32:
  69:Core/Src/pid.cpp **** 
 1470              		.loc 1 69 210 view .LVU363
 1471 0014 2046     		mov	r0, r4
 1472 0016 03B0     		add	sp, sp, #12
 1473              	.LCFI21:
 1474              		.cfi_def_cfa_offset 12
 1475              		@ sp needed
 1476 0018 30BD     		pop	{r4, r5, pc}
  69:Core/Src/pid.cpp **** 
 1477              		.loc 1 69 210 view .LVU364
 1478              		.cfi_endproc
 1479              	.LFE1184:
 1480              		.fnend
 1482              		.global	_ZN3PIDC1EPdS0_S0_ddd13PIDCD_TypeDef
 1483              		.thumb_set _ZN3PIDC1EPdS0_S0_ddd13PIDCD_TypeDef,_ZN3PIDC2EPdS0_S0_ddd13PIDCD_TypeDef
 1484              		.section	.text._ZN3PID4InitEPdS0_S0_ddd14PIDPON_TypeDef13PIDCD_TypeDef,"ax",%progbits
 1485              		.align	1
 1486              		.global	_ZN3PID4InitEPdS0_S0_ddd14PIDPON_TypeDef13PIDCD_TypeDef
 1487              		.syntax unified
 1488              		.thumb
 1489              		.thumb_func
 1491              	_ZN3PID4InitEPdS0_S0_ddd14PIDPON_TypeDef13PIDCD_TypeDef:
 1492              		.fnstart
 1493              	.LVL125:
 1494              	.LFB1187:
 102:Core/Src/pid.cpp **** 	/* ~~~~~~~~~~ Set parameter ~~~~~~~~~~ */
 1495              		.loc 1 102 1 is_stmt 1 view -0
 1496              		.cfi_startproc
 1497              		@ args = 8, pretend = 0, frame = 0
 1498              		@ frame_needed = 0, uses_anonymous_args = 0
 102:Core/Src/pid.cpp **** 	/* ~~~~~~~~~~ Set parameter ~~~~~~~~~~ */
 1499              		.loc 1 102 1 is_stmt 0 view .LVU366
 1500 0000 38B5     		push	{r3, r4, r5, lr}
 1501              		.save {r3, r4, r5, lr}
 1502              	.LCFI22:
 1503              		.cfi_def_cfa_offset 16
 1504              		.cfi_offset 3, -16
 1505              		.cfi_offset 4, -12
 1506              		.cfi_offset 5, -8
 1507              		.cfi_offset 14, -4
 1508 0002 2DED088B 		vpush.64	{d8, d9, d10, d11}
 1509              		.vsave {d8, d9, d10, d11}
 1510              	.LCFI23:
 1511              		.cfi_def_cfa_offset 48
 1512              		.cfi_offset 80, -48
 1513              		.cfi_offset 81, -44
 1514              		.cfi_offset 82, -40
 1515              		.cfi_offset 83, -36
ARM GAS  /tmp/ccqaLwcO.s 			page 39


 1516              		.cfi_offset 84, -32
 1517              		.cfi_offset 85, -28
 1518              		.cfi_offset 86, -24
 1519              		.cfi_offset 87, -20
 1520 0006 0446     		mov	r4, r0
 1521 0008 B0EE409A 		vmov.f32	s18, s0
 1522 000c F0EE609A 		vmov.f32	s19, s1
 1523 0010 B0EE41AA 		vmov.f32	s20, s2
 1524 0014 F0EE61AA 		vmov.f32	s21, s3
 1525 0018 B0EE42BA 		vmov.f32	s22, s4
 1526 001c F0EE62BA 		vmov.f32	s23, s5
 104:Core/Src/pid.cpp **** 	_myInput    = Input;
 1527              		.loc 1 104 2 is_stmt 1 view .LVU367
 104:Core/Src/pid.cpp **** 	_myInput    = Input;
 1528              		.loc 1 104 14 is_stmt 0 view .LVU368
 1529 0020 4264     		str	r2, [r0, #68]
 105:Core/Src/pid.cpp **** 	_mySetpoint = Setpoint;
 1530              		.loc 1 105 2 is_stmt 1 view .LVU369
 105:Core/Src/pid.cpp **** 	_mySetpoint = Setpoint;
 1531              		.loc 1 105 14 is_stmt 0 view .LVU370
 1532 0022 0164     		str	r1, [r0, #64]
 106:Core/Src/pid.cpp **** 	_inAuto     = (PIDMode_TypeDef)_FALSE;
 1533              		.loc 1 106 2 is_stmt 1 view .LVU371
 106:Core/Src/pid.cpp **** 	_inAuto     = (PIDMode_TypeDef)_FALSE;
 1534              		.loc 1 106 14 is_stmt 0 view .LVU372
 1535 0024 8364     		str	r3, [r0, #72]
 107:Core/Src/pid.cpp **** 
 1536              		.loc 1 107 2 is_stmt 1 view .LVU373
 107:Core/Src/pid.cpp **** 
 1537              		.loc 1 107 14 is_stmt 0 view .LVU374
 1538 0026 0025     		movs	r5, #0
 1539 0028 4570     		strb	r5, [r0, #1]
 109:Core/Src/pid.cpp **** 
 1540              		.loc 1 109 2 is_stmt 1 view .LVU375
 109:Core/Src/pid.cpp **** 
 1541              		.loc 1 109 22 is_stmt 0 view .LVU376
 1542 002a 9FED258B 		vldr.64	d8, .L84
 1543 002e 9FED261B 		vldr.64	d1, .L84+8
 1544              	.LVL126:
 109:Core/Src/pid.cpp **** 
 1545              		.loc 1 109 22 view .LVU377
 1546 0032 B0EE480A 		vmov.f32	s0, s16
 1547 0036 F0EE680A 		vmov.f32	s1, s17
 1548              	.LVL127:
 109:Core/Src/pid.cpp **** 
 1549              		.loc 1 109 22 view .LVU378
 1550 003a FFF7FEFF 		bl	_ZN3PID15SetOutputLimitsEdd
 1551              	.LVL128:
 111:Core/Src/pid.cpp **** 
 1552              		.loc 1 111 2 is_stmt 1 view .LVU379
 111:Core/Src/pid.cpp **** 
 1553              		.loc 1 111 14 is_stmt 0 view .LVU380
 1554 003e 6423     		movs	r3, #100
 1555 0040 A360     		str	r3, [r4, #8]
 113:Core/Src/pid.cpp **** 	PID::SetTunings(Kp, Ki, Kd, POn);
 1556              		.loc 1 113 2 is_stmt 1 view .LVU381
 113:Core/Src/pid.cpp **** 	PID::SetTunings(Kp, Ki, Kd, POn);
ARM GAS  /tmp/ccqaLwcO.s 			page 40


 1557              		.loc 1 113 29 is_stmt 0 view .LVU382
 1558 0042 9DF83410 		ldrb	r1, [sp, #52]	@ zero_extendqisi2
 1559 0046 2046     		mov	r0, r4
 1560 0048 FFF7FEFF 		bl	_ZN3PID22SetControllerDirectionE13PIDCD_TypeDef
 1561              	.LVL129:
 114:Core/Src/pid.cpp **** 
 1562              		.loc 1 114 2 is_stmt 1 view .LVU383
 114:Core/Src/pid.cpp **** 
 1563              		.loc 1 114 17 is_stmt 0 view .LVU384
 1564 004c 9DF83010 		ldrb	r1, [sp, #48]	@ zero_extendqisi2
 1565 0050 B0EE4B2A 		vmov.f32	s4, s22
 1566 0054 F0EE6B2A 		vmov.f32	s5, s23
 1567 0058 B0EE4A1A 		vmov.f32	s2, s20
 1568 005c F0EE6A1A 		vmov.f32	s3, s21
 1569 0060 B0EE490A 		vmov.f32	s0, s18
 1570 0064 F0EE690A 		vmov.f32	s1, s19
 1571 0068 2046     		mov	r0, r4
 1572 006a FFF7FEFF 		bl	_ZN3PID10SetTuningsEddd14PIDPON_TypeDef
 1573              	.LVL130:
 116:Core/Src/pid.cpp **** 
 1574              		.loc 1 116 2 is_stmt 1 view .LVU385
 116:Core/Src/pid.cpp **** 
 1575              		.loc 1 116 14 is_stmt 0 view .LVU386
 1576 006e FFF7FEFF 		bl	HAL_GetTick
 1577              	.LVL131:
 116:Core/Src/pid.cpp **** 
 1578              		.loc 1 116 26 discriminator 1 view .LVU387
 1579 0072 A368     		ldr	r3, [r4, #8]
 116:Core/Src/pid.cpp **** 
 1580              		.loc 1 116 24 discriminator 1 view .LVU388
 1581 0074 C01A     		subs	r0, r0, r3
 116:Core/Src/pid.cpp **** 
 1582              		.loc 1 116 12 discriminator 1 view .LVU389
 1583 0076 6060     		str	r0, [r4, #4]
 119:Core/Src/pid.cpp **** 	_pSum = 0.0;
 1584              		.loc 1 119 2 is_stmt 1 view .LVU390
 119:Core/Src/pid.cpp **** 	_pSum = 0.0;
 1585              		.loc 1 119 8 is_stmt 0 view .LVU391
 1586 0078 45F6C052 		movw	r2, #24000
 1587 007c 2946     		mov	r1, r5
 1588 007e 04F17000 		add	r0, r4, #112
 1589 0082 FFF7FEFF 		bl	memset
 1590              	.LVL132:
 120:Core/Src/pid.cpp **** 	_pBufferIndex = 0;
 1591              		.loc 1 120 2 is_stmt 1 view .LVU392
 120:Core/Src/pid.cpp **** 	_pBufferIndex = 0;
 1592              		.loc 1 120 8 is_stmt 0 view .LVU393
 1593 0086 04F5BC43 		add	r3, r4, #24064
 1594 008a 83ED0E8B 		vstr.64	d8, [r3, #56]
 121:Core/Src/pid.cpp **** 
 1595              		.loc 1 121 2 is_stmt 1 view .LVU394
 121:Core/Src/pid.cpp **** 
 1596              		.loc 1 121 16 is_stmt 0 view .LVU395
 1597 008e 04F5A043 		add	r3, r4, #20480
 1598 0092 A3F8305E 		strh	r5, [r3, #3632]	@ movhi
 123:Core/Src/pid.cpp **** 	_iSum = 0.0;
 1599              		.loc 1 123 2 is_stmt 1 view .LVU396
ARM GAS  /tmp/ccqaLwcO.s 			page 41


 123:Core/Src/pid.cpp **** 	_iSum = 0.0;
 1600              		.loc 1 123 16 is_stmt 0 view .LVU397
 1601 0096 04F5C042 		add	r2, r4, #24576
 1602 009a 82F86851 		strb	r5, [r2, #360]
 124:Core/Src/pid.cpp **** 	_useIFilter = false;
 1603              		.loc 1 124 2 is_stmt 1 view .LVU398
 124:Core/Src/pid.cpp **** 	_useIFilter = false;
 1604              		.loc 1 124 8 is_stmt 0 view .LVU399
 1605 009e 04F5C243 		add	r3, r4, #24832
 1606 00a2 83ED1C8B 		vstr.64	d8, [r3, #112]
 125:Core/Src/pid.cpp **** 	memset(_iBuffer, 0, sizeof(_iBuffer));
 1607              		.loc 1 125 2 is_stmt 1 view .LVU400
 125:Core/Src/pid.cpp **** 	memset(_iBuffer, 0, sizeof(_iBuffer));
 1608              		.loc 1 125 14 is_stmt 0 view .LVU401
 1609 00a6 82F87851 		strb	r5, [r2, #376]
 126:Core/Src/pid.cpp **** 
 1610              		.loc 1 126 2 is_stmt 1 view .LVU402
 126:Core/Src/pid.cpp **** 
 1611              		.loc 1 126 8 is_stmt 0 view .LVU403
 1612 00aa 4FF44872 		mov	r2, #800
 1613 00ae 2946     		mov	r1, r5
 1614 00b0 04F5BC40 		add	r0, r4, #24064
 1615 00b4 4830     		adds	r0, r0, #72
 1616 00b6 FFF7FEFF 		bl	memset
 1617              	.LVL133:
 129:Core/Src/pid.cpp **** 
 1618              		.loc 1 129 1 view .LVU404
 1619 00ba BDEC088B 		vldm	sp!, {d8-d11}
 1620              	.LCFI24:
 1621              		.cfi_restore 86
 1622              		.cfi_restore 87
 1623              		.cfi_restore 84
 1624              		.cfi_restore 85
 1625              		.cfi_restore 82
 1626              		.cfi_restore 83
 1627              		.cfi_restore 80
 1628              		.cfi_restore 81
 1629              		.cfi_def_cfa_offset 16
 1630              	.LVL134:
 129:Core/Src/pid.cpp **** 
 1631              		.loc 1 129 1 view .LVU405
 1632 00be 38BD     		pop	{r3, r4, r5, pc}
 1633              	.LVL135:
 1634              	.L85:
 129:Core/Src/pid.cpp **** 
 1635              		.loc 1 129 1 view .LVU406
 1636              		.align	3
 1637              	.L84:
 1638 00c0 00000000 		.word	0
 1639 00c4 00000000 		.word	0
 1640 00c8 00000000 		.word	0
 1641 00cc 00E06F40 		.word	1081073664
 1642              		.cfi_endproc
 1643              	.LFE1187:
 1644              		.fnend
 1646              		.section	.text._ZN3PID4InitEPdS0_S0_ddd13PIDCD_TypeDef,"ax",%progbits
 1647              		.align	1
ARM GAS  /tmp/ccqaLwcO.s 			page 42


 1648              		.global	_ZN3PID4InitEPdS0_S0_ddd13PIDCD_TypeDef
 1649              		.syntax unified
 1650              		.thumb
 1651              		.thumb_func
 1653              	_ZN3PID4InitEPdS0_S0_ddd13PIDCD_TypeDef:
 1654              		.fnstart
 1655              	.LVL136:
 1656              	.LFB1188:
 132:Core/Src/pid.cpp **** 	PID::Init(Input, Output, Setpoint, Kp, Ki, Kd, _PID_P_ON_E, ControllerDirection);
 1657              		.loc 1 132 1 is_stmt 1 view -0
 1658              		.cfi_startproc
 1659              		@ args = 4, pretend = 0, frame = 0
 1660              		@ frame_needed = 0, uses_anonymous_args = 0
 132:Core/Src/pid.cpp **** 	PID::Init(Input, Output, Setpoint, Kp, Ki, Kd, _PID_P_ON_E, ControllerDirection);
 1661              		.loc 1 132 1 is_stmt 0 view .LVU408
 1662 0000 10B5     		push	{r4, lr}
 1663              		.save {r4, lr}
 1664              	.LCFI25:
 1665              		.cfi_def_cfa_offset 8
 1666              		.cfi_offset 4, -8
 1667              		.cfi_offset 14, -4
 1668              		.pad #8
 1669 0002 82B0     		sub	sp, sp, #8
 1670              	.LCFI26:
 1671              		.cfi_def_cfa_offset 16
 133:Core/Src/pid.cpp **** }
 1672              		.loc 1 133 2 is_stmt 1 view .LVU409
 133:Core/Src/pid.cpp **** }
 1673              		.loc 1 133 11 is_stmt 0 view .LVU410
 1674 0004 9DF81040 		ldrb	r4, [sp, #16]	@ zero_extendqisi2
 1675 0008 0194     		str	r4, [sp, #4]
 1676 000a 0124     		movs	r4, #1
 1677 000c 0094     		str	r4, [sp]
 1678 000e FFF7FEFF 		bl	_ZN3PID4InitEPdS0_S0_ddd14PIDPON_TypeDef13PIDCD_TypeDef
 1679              	.LVL137:
 134:Core/Src/pid.cpp **** 
 1680              		.loc 1 134 1 view .LVU411
 1681 0012 02B0     		add	sp, sp, #8
 1682              	.LCFI27:
 1683              		.cfi_def_cfa_offset 8
 1684              		@ sp needed
 1685 0014 10BD     		pop	{r4, pc}
 134:Core/Src/pid.cpp **** 
 1686              		.loc 1 134 1 view .LVU412
 1687              		.cfi_endproc
 1688              	.LFE1188:
 1689              		.fnend
 1691              		.section	.text._ZN3PID12GetDirectionEv,"ax",%progbits
 1692              		.align	1
 1693              		.global	_ZN3PID12GetDirectionEv
 1694              		.syntax unified
 1695              		.thumb
 1696              		.thumb_func
 1698              	_ZN3PID12GetDirectionEv:
 1699              		.fnstart
 1700              	.LVL138:
 1701              	.LFB1196:
ARM GAS  /tmp/ccqaLwcO.s 			page 43


 398:Core/Src/pid.cpp **** PIDCD_TypeDef PID::GetDirection(void)
 399:Core/Src/pid.cpp **** {
 1702              		.loc 1 399 1 is_stmt 1 view -0
 1703              		.cfi_startproc
 1704              		@ args = 0, pretend = 0, frame = 0
 1705              		@ frame_needed = 0, uses_anonymous_args = 0
 1706              		@ link register save eliminated.
 400:Core/Src/pid.cpp **** 	return _controllerDirection;
 1707              		.loc 1 400 2 view .LVU414
 401:Core/Src/pid.cpp **** }
 1708              		.loc 1 401 1 is_stmt 0 view .LVU415
 1709 0000 C078     		ldrb	r0, [r0, #3]	@ zero_extendqisi2
 1710              	.LVL139:
 1711              		.loc 1 401 1 view .LVU416
 1712 0002 7047     		bx	lr
 1713              		.cfi_endproc
 1714              	.LFE1196:
 1715              		.cantunwind
 1716              		.fnend
 1718              		.section	.text._ZN3PID13SetSampleTimeEl,"ax",%progbits
 1719              		.align	1
 1720              		.global	_ZN3PID13SetSampleTimeEl
 1721              		.syntax unified
 1722              		.thumb
 1723              		.thumb_func
 1725              	_ZN3PID13SetSampleTimeEl:
 1726              		.fnstart
 1727              	.LVL140:
 1728              	.LFB1197:
 402:Core/Src/pid.cpp **** 
 403:Core/Src/pid.cpp **** /* ~~~~~~~~~~~~~~~ PID Sampling ~~~~~~~~~~~~~~~~ */
 404:Core/Src/pid.cpp **** void PID::SetSampleTime(int32_t NewSampleTime)
 405:Core/Src/pid.cpp **** {
 1729              		.loc 1 405 1 is_stmt 1 view -0
 1730              		.cfi_startproc
 1731              		@ args = 0, pretend = 0, frame = 0
 1732              		@ frame_needed = 0, uses_anonymous_args = 0
 1733              		.loc 1 405 1 is_stmt 0 view .LVU418
 1734 0000 F8B5     		push	{r3, r4, r5, r6, r7, lr}
 1735              	.LCFI28:
 1736              		.cfi_def_cfa_offset 24
 1737              		.cfi_offset 3, -24
 1738              		.cfi_offset 4, -20
 1739              		.cfi_offset 5, -16
 1740              		.cfi_offset 6, -12
 1741              		.cfi_offset 7, -8
 1742              		.cfi_offset 14, -4
 406:Core/Src/pid.cpp **** 
 407:Core/Src/pid.cpp **** 	double ratio;
 1743              		.loc 1 407 2 is_stmt 1 view .LVU419
 408:Core/Src/pid.cpp **** 
 409:Core/Src/pid.cpp **** 	/* ~~~~~~~~~~ Check value ~~~~~~~~~~ */
 410:Core/Src/pid.cpp **** 	if (NewSampleTime > 0)
 1744              		.loc 1 410 2 view .LVU420
 1745 0002 0D1E     		subs	r5, r1, #0
 1746 0004 21DD     		ble	.L89
 1747 0006 0446     		mov	r4, r0
ARM GAS  /tmp/ccqaLwcO.s 			page 44


 411:Core/Src/pid.cpp **** 	{
 412:Core/Src/pid.cpp **** 
 413:Core/Src/pid.cpp **** 		ratio = (double)NewSampleTime / (double)_sampleTime;
 1748              		.loc 1 413 3 view .LVU421
 1749              		.loc 1 413 11 is_stmt 0 view .LVU422
 1750 0008 2846     		mov	r0, r5
 1751              	.LVL141:
 1752              		.loc 1 413 11 view .LVU423
 1753 000a FFF7FEFF 		bl	__aeabi_i2d
 1754              	.LVL142:
 1755              		.loc 1 413 11 view .LVU424
 1756 000e 0646     		mov	r6, r0
 1757 0010 0F46     		mov	r7, r1
 1758              		.loc 1 413 35 view .LVU425
 1759 0012 A068     		ldr	r0, [r4, #8]
 1760 0014 FFF7FEFF 		bl	__aeabi_ui2d
 1761              	.LVL143:
 1762 0018 0246     		mov	r2, r0
 1763 001a 0B46     		mov	r3, r1
 1764              		.loc 1 413 9 view .LVU426
 1765 001c 3046     		mov	r0, r6
 1766 001e 3946     		mov	r1, r7
 1767 0020 FFF7FEFF 		bl	__aeabi_ddiv
 1768              	.LVL144:
 1769 0024 0646     		mov	r6, r0
 1770 0026 0F46     		mov	r7, r1
 1771              	.LVL145:
 414:Core/Src/pid.cpp **** 
 415:Core/Src/pid.cpp **** 		_ki *= ratio;
 1772              		.loc 1 415 3 is_stmt 1 view .LVU427
 1773              		.loc 1 415 7 is_stmt 0 view .LVU428
 1774 0028 0246     		mov	r2, r0
 1775 002a 0B46     		mov	r3, r1
 1776 002c D4E90C01 		ldrd	r0, [r4, #48]
 1777 0030 FFF7FEFF 		bl	__aeabi_dmul
 1778              	.LVL146:
 1779 0034 C4E90C01 		strd	r0, [r4, #48]
 416:Core/Src/pid.cpp **** 		_kd /= ratio;
 1780              		.loc 1 416 3 is_stmt 1 view .LVU429
 1781              		.loc 1 416 7 is_stmt 0 view .LVU430
 1782 0038 3246     		mov	r2, r6
 1783 003a 3B46     		mov	r3, r7
 1784 003c D4E90E01 		ldrd	r0, [r4, #56]
 1785 0040 FFF7FEFF 		bl	__aeabi_ddiv
 1786              	.LVL147:
 1787 0044 C4E90E01 		strd	r0, [r4, #56]
 417:Core/Src/pid.cpp **** 		_sampleTime = (uint32_t)NewSampleTime;
 1788              		.loc 1 417 3 is_stmt 1 view .LVU431
 1789              		.loc 1 417 15 is_stmt 0 view .LVU432
 1790 0048 A560     		str	r5, [r4, #8]
 1791              	.LVL148:
 1792              	.L89:
 418:Core/Src/pid.cpp **** 
 419:Core/Src/pid.cpp **** 	}
 420:Core/Src/pid.cpp **** 
 421:Core/Src/pid.cpp **** }
 1793              		.loc 1 421 1 view .LVU433
ARM GAS  /tmp/ccqaLwcO.s 			page 45


 1794 004a F8BD     		pop	{r3, r4, r5, r6, r7, pc}
 1795              		.loc 1 421 1 view .LVU434
 1796              		.cfi_endproc
 1797              	.LFE1197:
 1798              		.cantunwind
 1799              		.fnend
 1801              		.section	.text._ZN3PID5GetKpEv,"ax",%progbits
 1802              		.align	1
 1803              		.global	_ZN3PID5GetKpEv
 1804              		.syntax unified
 1805              		.thumb
 1806              		.thumb_func
 1808              	_ZN3PID5GetKpEv:
 1809              		.fnstart
 1810              	.LVL149:
 1811              	.LFB1198:
 422:Core/Src/pid.cpp **** 
 423:Core/Src/pid.cpp **** /* ~~~~~~~~~~~~~ Get Tunings Param ~~~~~~~~~~~~~ */
 424:Core/Src/pid.cpp **** double PID::GetKp(void)
 425:Core/Src/pid.cpp **** {
 1812              		.loc 1 425 1 is_stmt 1 view -0
 1813              		.cfi_startproc
 1814              		@ args = 0, pretend = 0, frame = 0
 1815              		@ frame_needed = 0, uses_anonymous_args = 0
 1816              		@ link register save eliminated.
 426:Core/Src/pid.cpp **** 	return _dispKp;
 1817              		.loc 1 426 2 view .LVU436
 427:Core/Src/pid.cpp **** }
 1818              		.loc 1 427 1 is_stmt 0 view .LVU437
 1819 0000 90ED040B 		vldr.64	d0, [r0, #16]
 1820 0004 7047     		bx	lr
 1821              		.cfi_endproc
 1822              	.LFE1198:
 1823              		.cantunwind
 1824              		.fnend
 1826              		.section	.text._ZN3PID5GetKiEv,"ax",%progbits
 1827              		.align	1
 1828              		.global	_ZN3PID5GetKiEv
 1829              		.syntax unified
 1830              		.thumb
 1831              		.thumb_func
 1833              	_ZN3PID5GetKiEv:
 1834              		.fnstart
 1835              	.LVL150:
 1836              	.LFB1199:
 428:Core/Src/pid.cpp **** double PID::GetKi(void)
 429:Core/Src/pid.cpp **** {
 1837              		.loc 1 429 1 is_stmt 1 view -0
 1838              		.cfi_startproc
 1839              		@ args = 0, pretend = 0, frame = 0
 1840              		@ frame_needed = 0, uses_anonymous_args = 0
 1841              		@ link register save eliminated.
 430:Core/Src/pid.cpp **** 	return _dispKi;
 1842              		.loc 1 430 2 view .LVU439
 431:Core/Src/pid.cpp **** }
 1843              		.loc 1 431 1 is_stmt 0 view .LVU440
 1844 0000 90ED060B 		vldr.64	d0, [r0, #24]
ARM GAS  /tmp/ccqaLwcO.s 			page 46


 1845 0004 7047     		bx	lr
 1846              		.cfi_endproc
 1847              	.LFE1199:
 1848              		.cantunwind
 1849              		.fnend
 1851              		.section	.text._ZN3PID5GetKdEv,"ax",%progbits
 1852              		.align	1
 1853              		.global	_ZN3PID5GetKdEv
 1854              		.syntax unified
 1855              		.thumb
 1856              		.thumb_func
 1858              	_ZN3PID5GetKdEv:
 1859              		.fnstart
 1860              	.LVL151:
 1861              	.LFB1200:
 432:Core/Src/pid.cpp **** double PID::GetKd(void)
 433:Core/Src/pid.cpp **** {
 1862              		.loc 1 433 1 is_stmt 1 view -0
 1863              		.cfi_startproc
 1864              		@ args = 0, pretend = 0, frame = 0
 1865              		@ frame_needed = 0, uses_anonymous_args = 0
 1866              		@ link register save eliminated.
 434:Core/Src/pid.cpp **** 	return _dispKd;
 1867              		.loc 1 434 2 view .LVU442
 435:Core/Src/pid.cpp **** }
 1868              		.loc 1 435 1 is_stmt 0 view .LVU443
 1869 0000 90ED080B 		vldr.64	d0, [r0, #32]
 1870 0004 7047     		bx	lr
 1871              		.cfi_endproc
 1872              	.LFE1200:
 1873              		.cantunwind
 1874              		.fnend
 1876              		.section	.text._ZN3PID10UseIFilterEb,"ax",%progbits
 1877              		.align	1
 1878              		.global	_ZN3PID10UseIFilterEb
 1879              		.syntax unified
 1880              		.thumb
 1881              		.thumb_func
 1883              	_ZN3PID10UseIFilterEb:
 1884              		.fnstart
 1885              	.LVL152:
 1886              	.LFB1201:
 436:Core/Src/pid.cpp **** 
 437:Core/Src/pid.cpp **** void PID::UseIFilter(bool enable)
 438:Core/Src/pid.cpp **** {
 1887              		.loc 1 438 1 is_stmt 1 view -0
 1888              		.cfi_startproc
 1889              		@ args = 0, pretend = 0, frame = 0
 1890              		@ frame_needed = 0, uses_anonymous_args = 0
 439:Core/Src/pid.cpp **** 	_useIFilter = enable;
 1891              		.loc 1 439 2 view .LVU445
 1892              		.loc 1 439 14 is_stmt 0 view .LVU446
 1893 0000 00F5C043 		add	r3, r0, #24576
 1894 0004 83F87811 		strb	r1, [r3, #376]
 440:Core/Src/pid.cpp **** 
 441:Core/Src/pid.cpp **** 	// Optional: clear buffer when enabling
 442:Core/Src/pid.cpp **** 	if (enable)
ARM GAS  /tmp/ccqaLwcO.s 			page 47


 1895              		.loc 1 442 2 is_stmt 1 view .LVU447
 1896 0008 01B9     		cbnz	r1, .L101
 1897 000a 7047     		bx	lr
 1898              	.L101:
 438:Core/Src/pid.cpp **** 	_useIFilter = enable;
 1899              		.loc 1 438 1 is_stmt 0 view .LVU448
 1900 000c 10B5     		push	{r4, lr}
 1901              	.LCFI29:
 1902              		.cfi_def_cfa_offset 8
 1903              		.cfi_offset 4, -8
 1904              		.cfi_offset 14, -4
 1905 000e 0446     		mov	r4, r0
 443:Core/Src/pid.cpp **** 	{
 444:Core/Src/pid.cpp **** 		memset(_iBuffer, 0, sizeof(_iBuffer));
 1906              		.loc 1 444 3 is_stmt 1 view .LVU449
 1907              		.loc 1 444 9 is_stmt 0 view .LVU450
 1908 0010 4FF44872 		mov	r2, #800
 1909 0014 0021     		movs	r1, #0
 1910              	.LVL153:
 1911              		.loc 1 444 9 view .LVU451
 1912 0016 00F5BC40 		add	r0, r0, #24064
 1913              	.LVL154:
 1914              		.loc 1 444 9 view .LVU452
 1915 001a 4830     		adds	r0, r0, #72
 1916 001c FFF7FEFF 		bl	memset
 1917              	.LVL155:
 445:Core/Src/pid.cpp **** 		_iSum = 0.0;
 1918              		.loc 1 445 3 is_stmt 1 view .LVU453
 1919              		.loc 1 445 9 is_stmt 0 view .LVU454
 1920 0020 04F5C243 		add	r3, r4, #24832
 1921 0024 0020     		movs	r0, #0
 1922 0026 0021     		movs	r1, #0
 1923 0028 C3E91C01 		strd	r0, [r3, #112]
 446:Core/Src/pid.cpp **** 		_iBufferIndex = 0;
 1924              		.loc 1 446 3 is_stmt 1 view .LVU455
 1925              		.loc 1 446 17 is_stmt 0 view .LVU456
 1926 002c 04F5C044 		add	r4, r4, #24576
 1927              	.LVL156:
 1928              		.loc 1 446 17 view .LVU457
 1929 0030 0023     		movs	r3, #0
 1930 0032 84F86831 		strb	r3, [r4, #360]
 447:Core/Src/pid.cpp **** 	}
 448:Core/Src/pid.cpp **** }
 1931              		.loc 1 448 1 view .LVU458
 1932 0036 10BD     		pop	{r4, pc}
 1933              		.loc 1 448 1 view .LVU459
 1934              		.cfi_endproc
 1935              	.LFE1201:
 1936              		.cantunwind
 1937              		.fnend
 1939              		.text
 1940              	.Letext0:
 1941              		.file 3 "/opt/st/stm32cubeide_2.1.1/plugins/com.st.stm32cube.ide.mcu.externaltools.gnu-tools-for-s
 1942              		.file 4 "/opt/st/stm32cubeide_2.1.1/plugins/com.st.stm32cube.ide.mcu.externaltools.gnu-tools-for-s
 1943              		.file 5 "/opt/st/stm32cubeide_2.1.1/plugins/com.st.stm32cube.ide.mcu.externaltools.gnu-tools-for-s
 1944              		.file 6 "Core/Inc/pid.h"
 1945              		.file 7 "/opt/st/stm32cubeide_2.1.1/plugins/com.st.stm32cube.ide.mcu.externaltools.gnu-tools-for-s
ARM GAS  /tmp/ccqaLwcO.s 			page 48


 1946              		.file 8 "/opt/st/stm32cubeide_2.1.1/plugins/com.st.stm32cube.ide.mcu.externaltools.gnu-tools-for-s
 1947              		.file 9 "/opt/st/stm32cubeide_2.1.1/plugins/com.st.stm32cube.ide.mcu.externaltools.gnu-tools-for-s
 1948              		.file 10 "/opt/st/stm32cubeide_2.1.1/plugins/com.st.stm32cube.ide.mcu.externaltools.gnu-tools-for-
 1949              		.file 11 "/opt/st/stm32cubeide_2.1.1/plugins/com.st.stm32cube.ide.mcu.externaltools.gnu-tools-for-
 1950              		.file 12 "/opt/st/stm32cubeide_2.1.1/plugins/com.st.stm32cube.ide.mcu.externaltools.gnu-tools-for-
 1951              		.file 13 "/opt/st/stm32cubeide_2.1.1/plugins/com.st.stm32cube.ide.mcu.externaltools.gnu-tools-for-
 1952              		.file 14 "/opt/st/stm32cubeide_2.1.1/plugins/com.st.stm32cube.ide.mcu.externaltools.gnu-tools-for-
 1953              		.file 15 "/opt/st/stm32cubeide_2.1.1/plugins/com.st.stm32cube.ide.mcu.externaltools.gnu-tools-for-
 1954              		.file 16 "Drivers/STM32F4xx_HAL_Driver/Inc/stm32f4xx_hal.h"
 1955              		.file 17 "/opt/st/stm32cubeide_2.1.1/plugins/com.st.stm32cube.ide.mcu.externaltools.gnu-tools-for-
ARM GAS  /tmp/ccqaLwcO.s 			page 49


DEFINED SYMBOLS
                            *ABS*:00000000 pid.cpp
     /tmp/ccqaLwcO.s:21     .text._ZN3PIDC2Ev:00000000 $t
     /tmp/ccqaLwcO.s:27     .text._ZN3PIDC2Ev:00000000 _ZN3PIDC2Ev
     /tmp/ccqaLwcO.s:70     .text._ZN3PIDC2Ev:00000030 $d
      .ARM.exidx.text._ZN3PIDC2Ev:00000000 $d
     /tmp/ccqaLwcO.s:27     .text._ZN3PIDC2Ev:00000000 _ZN3PIDC1Ev
     /tmp/ccqaLwcO.s:80     .text._ZN3PID4InitEv:00000000 $t
     /tmp/ccqaLwcO.s:86     .text._ZN3PID4InitEv:00000000 _ZN3PID4InitEv
   .ARM.exidx.text._ZN3PID4InitEv:00000000 $d
     /tmp/ccqaLwcO.s:198    .text._ZN3PID7ComputeEv:00000000 $t
     /tmp/ccqaLwcO.s:204    .text._ZN3PID7ComputeEv:00000000 _ZN3PID7ComputeEv
     /tmp/ccqaLwcO.s:711    .text._ZN3PID7ComputeEv:00000280 $d
.ARM.extab.text._ZN3PID7ComputeEv:00000000 $d
.ARM.exidx.text._ZN3PID7ComputeEv:00000000 $d
     /tmp/ccqaLwcO.s:724    .text._ZN3PID7SetModeE15PIDMode_TypeDef:00000000 $t
     /tmp/ccqaLwcO.s:730    .text._ZN3PID7SetModeE15PIDMode_TypeDef:00000000 _ZN3PID7SetModeE15PIDMode_TypeDef
.ARM.exidx.text._ZN3PID7SetModeE15PIDMode_TypeDef:00000000 $d
     /tmp/ccqaLwcO.s:782    .text._ZN3PID7GetModeEv:00000000 $t
     /tmp/ccqaLwcO.s:788    .text._ZN3PID7GetModeEv:00000000 _ZN3PID7GetModeEv
.ARM.exidx.text._ZN3PID7GetModeEv:00000000 $d
     /tmp/ccqaLwcO.s:814    .text._ZN3PID15SetOutputLimitsEdd:00000000 $t
     /tmp/ccqaLwcO.s:820    .text._ZN3PID15SetOutputLimitsEdd:00000000 _ZN3PID15SetOutputLimitsEdd
.ARM.exidx.text._ZN3PID15SetOutputLimitsEdd:00000000 $d
     /tmp/ccqaLwcO.s:944    .text._ZN3PID10SetTuningsEddd14PIDPON_TypeDef:00000000 $t
     /tmp/ccqaLwcO.s:950    .text._ZN3PID10SetTuningsEddd14PIDPON_TypeDef:00000000 _ZN3PID10SetTuningsEddd14PIDPON_TypeDef
     /tmp/ccqaLwcO.s:1148   .text._ZN3PID10SetTuningsEddd14PIDPON_TypeDef:00000104 $d
.ARM.exidx.text._ZN3PID10SetTuningsEddd14PIDPON_TypeDef:00000000 $d
     /tmp/ccqaLwcO.s:1155   .text._ZN3PID10SetTuningsEddd:00000000 $t
     /tmp/ccqaLwcO.s:1161   .text._ZN3PID10SetTuningsEddd:00000000 _ZN3PID10SetTuningsEddd
.ARM.exidx.text._ZN3PID10SetTuningsEddd:00000000 $d
     /tmp/ccqaLwcO.s:1188   .text._ZN3PID22SetControllerDirectionE13PIDCD_TypeDef:00000000 $t
     /tmp/ccqaLwcO.s:1194   .text._ZN3PID22SetControllerDirectionE13PIDCD_TypeDef:00000000 _ZN3PID22SetControllerDirectionE13PIDCD_TypeDef
.ARM.exidx.text._ZN3PID22SetControllerDirectionE13PIDCD_TypeDef:00000000 $d
     /tmp/ccqaLwcO.s:1266   .text._ZN3PIDC2EPdS0_S0_ddd14PIDPON_TypeDef13PIDCD_TypeDef:00000000 $t
     /tmp/ccqaLwcO.s:1272   .text._ZN3PIDC2EPdS0_S0_ddd14PIDPON_TypeDef13PIDCD_TypeDef:00000000 _ZN3PIDC2EPdS0_S0_ddd14PIDPON_TypeDef13PIDCD_TypeDef
     /tmp/ccqaLwcO.s:1422   .text._ZN3PIDC2EPdS0_S0_ddd14PIDPON_TypeDef13PIDCD_TypeDef:000000c8 $d
.ARM.extab.text._ZN3PIDC2EPdS0_S0_ddd14PIDPON_TypeDef13PIDCD_TypeDef:00000000 $d
.ARM.exidx.text._ZN3PIDC2EPdS0_S0_ddd14PIDPON_TypeDef13PIDCD_TypeDef:00000000 $d
     /tmp/ccqaLwcO.s:1272   .text._ZN3PIDC2EPdS0_S0_ddd14PIDPON_TypeDef13PIDCD_TypeDef:00000000 _ZN3PIDC1EPdS0_S0_ddd14PIDPON_TypeDef13PIDCD_TypeDef
     /tmp/ccqaLwcO.s:1433   .text._ZN3PIDC2EPdS0_S0_ddd13PIDCD_TypeDef:00000000 $t
     /tmp/ccqaLwcO.s:1439   .text._ZN3PIDC2EPdS0_S0_ddd13PIDCD_TypeDef:00000000 _ZN3PIDC2EPdS0_S0_ddd13PIDCD_TypeDef
.ARM.exidx.text._ZN3PIDC2EPdS0_S0_ddd13PIDCD_TypeDef:00000000 $d
     /tmp/ccqaLwcO.s:1439   .text._ZN3PIDC2EPdS0_S0_ddd13PIDCD_TypeDef:00000000 _ZN3PIDC1EPdS0_S0_ddd13PIDCD_TypeDef
     /tmp/ccqaLwcO.s:1485   .text._ZN3PID4InitEPdS0_S0_ddd14PIDPON_TypeDef13PIDCD_TypeDef:00000000 $t
     /tmp/ccqaLwcO.s:1491   .text._ZN3PID4InitEPdS0_S0_ddd14PIDPON_TypeDef13PIDCD_TypeDef:00000000 _ZN3PID4InitEPdS0_S0_ddd14PIDPON_TypeDef13PIDCD_TypeDef
     /tmp/ccqaLwcO.s:1638   .text._ZN3PID4InitEPdS0_S0_ddd14PIDPON_TypeDef13PIDCD_TypeDef:000000c0 $d
.ARM.extab.text._ZN3PID4InitEPdS0_S0_ddd14PIDPON_TypeDef13PIDCD_TypeDef:00000000 $d
.ARM.exidx.text._ZN3PID4InitEPdS0_S0_ddd14PIDPON_TypeDef13PIDCD_TypeDef:00000000 $d
     /tmp/ccqaLwcO.s:1647   .text._ZN3PID4InitEPdS0_S0_ddd13PIDCD_TypeDef:00000000 $t
     /tmp/ccqaLwcO.s:1653   .text._ZN3PID4InitEPdS0_S0_ddd13PIDCD_TypeDef:00000000 _ZN3PID4InitEPdS0_S0_ddd13PIDCD_TypeDef
.ARM.exidx.text._ZN3PID4InitEPdS0_S0_ddd13PIDCD_TypeDef:00000000 $d
     /tmp/ccqaLwcO.s:1692   .text._ZN3PID12GetDirectionEv:00000000 $t
     /tmp/ccqaLwcO.s:1698   .text._ZN3PID12GetDirectionEv:00000000 _ZN3PID12GetDirectionEv
.ARM.exidx.text._ZN3PID12GetDirectionEv:00000000 $d
     /tmp/ccqaLwcO.s:1719   .text._ZN3PID13SetSampleTimeEl:00000000 $t
     /tmp/ccqaLwcO.s:1725   .text._ZN3PID13SetSampleTimeEl:00000000 _ZN3PID13SetSampleTimeEl
ARM GAS  /tmp/ccqaLwcO.s 			page 50


.ARM.exidx.text._ZN3PID13SetSampleTimeEl:00000000 $d
     /tmp/ccqaLwcO.s:1802   .text._ZN3PID5GetKpEv:00000000 $t
     /tmp/ccqaLwcO.s:1808   .text._ZN3PID5GetKpEv:00000000 _ZN3PID5GetKpEv
  .ARM.exidx.text._ZN3PID5GetKpEv:00000000 $d
     /tmp/ccqaLwcO.s:1827   .text._ZN3PID5GetKiEv:00000000 $t
     /tmp/ccqaLwcO.s:1833   .text._ZN3PID5GetKiEv:00000000 _ZN3PID5GetKiEv
  .ARM.exidx.text._ZN3PID5GetKiEv:00000000 $d
     /tmp/ccqaLwcO.s:1852   .text._ZN3PID5GetKdEv:00000000 $t
     /tmp/ccqaLwcO.s:1858   .text._ZN3PID5GetKdEv:00000000 _ZN3PID5GetKdEv
  .ARM.exidx.text._ZN3PID5GetKdEv:00000000 $d
     /tmp/ccqaLwcO.s:1877   .text._ZN3PID10UseIFilterEb:00000000 $t
     /tmp/ccqaLwcO.s:1883   .text._ZN3PID10UseIFilterEb:00000000 _ZN3PID10UseIFilterEb
.ARM.exidx.text._ZN3PID10UseIFilterEb:00000000 $d

UNDEFINED SYMBOLS
memset
__aeabi_dcmpgt
__aeabi_dcmplt
HAL_GetTick
__aeabi_dsub
__aeabi_dadd
__aeabi_ddiv
__aeabi_dmul
__aeabi_unwind_cpp_pr1
__aeabi_dcmpge
__aeabi_ui2d
__aeabi_dcmpeq
__aeabi_unwind_cpp_pr0
__aeabi_i2d
