ARM GAS  /tmp/ccbSDz7D.s 			page 1


   1              		.cpu cortex-m4
   2              		.arch armv7e-m
   3              		.fpu fpv4-sp-d16
   4              		.eabi_attribute 27, 1
   5              		.eabi_attribute 28, 1
   6              		.eabi_attribute 20, 1
   7              		.eabi_attribute 21, 1
   8              		.eabi_attribute 23, 3
   9              		.eabi_attribute 24, 1
  10              		.eabi_attribute 25, 1
  11              		.eabi_attribute 26, 1
  12              		.eabi_attribute 30, 1
  13              		.eabi_attribute 34, 1
  14              		.eabi_attribute 18, 4
  15              		.file	"tasks.c"
  16              		.text
  17              	.Ltext0:
  18              		.cfi_sections	.debug_frame
  19              		.file 1 "Middlewares/Third_Party/FreeRTOS/Source/tasks.c"
  20              		.section	.text.prvTaskIsTaskSuspended,"ax",%progbits
  21              		.align	1
  22              		.syntax unified
  23              		.thumb
  24              		.thumb_func
  26              	prvTaskIsTaskSuspended:
  27              	.LVL0:
  28              	.LFB16:
   1:Middlewares/Third_Party/FreeRTOS/Source/tasks.c **** /*
   2:Middlewares/Third_Party/FreeRTOS/Source/tasks.c ****  * FreeRTOS Kernel V10.3.1
   3:Middlewares/Third_Party/FreeRTOS/Source/tasks.c ****  * Copyright (C) 2020 Amazon.com, Inc. or its affiliates.  All Rights Reserved.
   4:Middlewares/Third_Party/FreeRTOS/Source/tasks.c ****  *
   5:Middlewares/Third_Party/FreeRTOS/Source/tasks.c ****  * Permission is hereby granted, free of charge, to any person obtaining a copy of
   6:Middlewares/Third_Party/FreeRTOS/Source/tasks.c ****  * this software and associated documentation files (the "Software"), to deal in
   7:Middlewares/Third_Party/FreeRTOS/Source/tasks.c ****  * the Software without restriction, including without limitation the rights to
   8:Middlewares/Third_Party/FreeRTOS/Source/tasks.c ****  * use, copy, modify, merge, publish, distribute, sublicense, and/or sell copies of
   9:Middlewares/Third_Party/FreeRTOS/Source/tasks.c ****  * the Software, and to permit persons to whom the Software is furnished to do so,
  10:Middlewares/Third_Party/FreeRTOS/Source/tasks.c ****  * subject to the following conditions:
  11:Middlewares/Third_Party/FreeRTOS/Source/tasks.c ****  *
  12:Middlewares/Third_Party/FreeRTOS/Source/tasks.c ****  * The above copyright notice and this permission notice shall be included in all
  13:Middlewares/Third_Party/FreeRTOS/Source/tasks.c ****  * copies or substantial portions of the Software.
  14:Middlewares/Third_Party/FreeRTOS/Source/tasks.c ****  *
  15:Middlewares/Third_Party/FreeRTOS/Source/tasks.c ****  * THE SOFTWARE IS PROVIDED "AS IS", WITHOUT WARRANTY OF ANY KIND, EXPRESS OR
  16:Middlewares/Third_Party/FreeRTOS/Source/tasks.c ****  * IMPLIED, INCLUDING BUT NOT LIMITED TO THE WARRANTIES OF MERCHANTABILITY, FITNESS
  17:Middlewares/Third_Party/FreeRTOS/Source/tasks.c ****  * FOR A PARTICULAR PURPOSE AND NONINFRINGEMENT. IN NO EVENT SHALL THE AUTHORS OR
  18:Middlewares/Third_Party/FreeRTOS/Source/tasks.c ****  * COPYRIGHT HOLDERS BE LIABLE FOR ANY CLAIM, DAMAGES OR OTHER LIABILITY, WHETHER
  19:Middlewares/Third_Party/FreeRTOS/Source/tasks.c ****  * IN AN ACTION OF CONTRACT, TORT OR OTHERWISE, ARISING FROM, OUT OF OR IN
  20:Middlewares/Third_Party/FreeRTOS/Source/tasks.c ****  * CONNECTION WITH THE SOFTWARE OR THE USE OR OTHER DEALINGS IN THE SOFTWARE.
  21:Middlewares/Third_Party/FreeRTOS/Source/tasks.c ****  *
  22:Middlewares/Third_Party/FreeRTOS/Source/tasks.c ****  * http://www.FreeRTOS.org
  23:Middlewares/Third_Party/FreeRTOS/Source/tasks.c ****  * http://aws.amazon.com/freertos
  24:Middlewares/Third_Party/FreeRTOS/Source/tasks.c ****  *
  25:Middlewares/Third_Party/FreeRTOS/Source/tasks.c ****  * 1 tab == 4 spaces!
  26:Middlewares/Third_Party/FreeRTOS/Source/tasks.c ****  */
  27:Middlewares/Third_Party/FreeRTOS/Source/tasks.c **** 
  28:Middlewares/Third_Party/FreeRTOS/Source/tasks.c **** /* Standard includes. */
  29:Middlewares/Third_Party/FreeRTOS/Source/tasks.c **** #include <stdlib.h>
  30:Middlewares/Third_Party/FreeRTOS/Source/tasks.c **** #include <string.h>
ARM GAS  /tmp/ccbSDz7D.s 			page 2


  31:Middlewares/Third_Party/FreeRTOS/Source/tasks.c **** 
  32:Middlewares/Third_Party/FreeRTOS/Source/tasks.c **** /* Defining MPU_WRAPPERS_INCLUDED_FROM_API_FILE prevents task.h from redefining
  33:Middlewares/Third_Party/FreeRTOS/Source/tasks.c **** all the API functions to use the MPU wrappers.  That should only be done when
  34:Middlewares/Third_Party/FreeRTOS/Source/tasks.c **** task.h is included from an application file. */
  35:Middlewares/Third_Party/FreeRTOS/Source/tasks.c **** #define MPU_WRAPPERS_INCLUDED_FROM_API_FILE
  36:Middlewares/Third_Party/FreeRTOS/Source/tasks.c **** 
  37:Middlewares/Third_Party/FreeRTOS/Source/tasks.c **** /* FreeRTOS includes. */
  38:Middlewares/Third_Party/FreeRTOS/Source/tasks.c **** #include "FreeRTOS.h"
  39:Middlewares/Third_Party/FreeRTOS/Source/tasks.c **** #include "task.h"
  40:Middlewares/Third_Party/FreeRTOS/Source/tasks.c **** #include "timers.h"
  41:Middlewares/Third_Party/FreeRTOS/Source/tasks.c **** #include "stack_macros.h"
  42:Middlewares/Third_Party/FreeRTOS/Source/tasks.c **** 
  43:Middlewares/Third_Party/FreeRTOS/Source/tasks.c **** /* Lint e9021, e961 and e750 are suppressed as a MISRA exception justified
  44:Middlewares/Third_Party/FreeRTOS/Source/tasks.c **** because the MPU ports require MPU_WRAPPERS_INCLUDED_FROM_API_FILE to be defined
  45:Middlewares/Third_Party/FreeRTOS/Source/tasks.c **** for the header files above, but not in this file, in order to generate the
  46:Middlewares/Third_Party/FreeRTOS/Source/tasks.c **** correct privileged Vs unprivileged linkage and placement. */
  47:Middlewares/Third_Party/FreeRTOS/Source/tasks.c **** #undef MPU_WRAPPERS_INCLUDED_FROM_API_FILE /*lint !e961 !e750 !e9021. */
  48:Middlewares/Third_Party/FreeRTOS/Source/tasks.c **** 
  49:Middlewares/Third_Party/FreeRTOS/Source/tasks.c **** /* Set configUSE_STATS_FORMATTING_FUNCTIONS to 2 to include the stats formatting
  50:Middlewares/Third_Party/FreeRTOS/Source/tasks.c **** functions but without including stdio.h here. */
  51:Middlewares/Third_Party/FreeRTOS/Source/tasks.c **** #if ( configUSE_STATS_FORMATTING_FUNCTIONS == 1 )
  52:Middlewares/Third_Party/FreeRTOS/Source/tasks.c **** 	/* At the bottom of this file are two optional functions that can be used
  53:Middlewares/Third_Party/FreeRTOS/Source/tasks.c **** 	to generate human readable text from the raw data generated by the
  54:Middlewares/Third_Party/FreeRTOS/Source/tasks.c **** 	uxTaskGetSystemState() function.  Note the formatting functions are provided
  55:Middlewares/Third_Party/FreeRTOS/Source/tasks.c **** 	for convenience only, and are NOT considered part of the kernel. */
  56:Middlewares/Third_Party/FreeRTOS/Source/tasks.c **** 	#include <stdio.h>
  57:Middlewares/Third_Party/FreeRTOS/Source/tasks.c **** #endif /* configUSE_STATS_FORMATTING_FUNCTIONS == 1 ) */
  58:Middlewares/Third_Party/FreeRTOS/Source/tasks.c **** 
  59:Middlewares/Third_Party/FreeRTOS/Source/tasks.c **** #if( configUSE_PREEMPTION == 0 )
  60:Middlewares/Third_Party/FreeRTOS/Source/tasks.c **** 	/* If the cooperative scheduler is being used then a yield should not be
  61:Middlewares/Third_Party/FreeRTOS/Source/tasks.c **** 	performed just because a higher priority task has been woken. */
  62:Middlewares/Third_Party/FreeRTOS/Source/tasks.c **** 	#define taskYIELD_IF_USING_PREEMPTION()
  63:Middlewares/Third_Party/FreeRTOS/Source/tasks.c **** #else
  64:Middlewares/Third_Party/FreeRTOS/Source/tasks.c **** 	#define taskYIELD_IF_USING_PREEMPTION() portYIELD_WITHIN_API()
  65:Middlewares/Third_Party/FreeRTOS/Source/tasks.c **** #endif
  66:Middlewares/Third_Party/FreeRTOS/Source/tasks.c **** 
  67:Middlewares/Third_Party/FreeRTOS/Source/tasks.c **** /* Values that can be assigned to the ucNotifyState member of the TCB. */
  68:Middlewares/Third_Party/FreeRTOS/Source/tasks.c **** #define taskNOT_WAITING_NOTIFICATION	( ( uint8_t ) 0 )
  69:Middlewares/Third_Party/FreeRTOS/Source/tasks.c **** #define taskWAITING_NOTIFICATION		( ( uint8_t ) 1 )
  70:Middlewares/Third_Party/FreeRTOS/Source/tasks.c **** #define taskNOTIFICATION_RECEIVED		( ( uint8_t ) 2 )
  71:Middlewares/Third_Party/FreeRTOS/Source/tasks.c **** 
  72:Middlewares/Third_Party/FreeRTOS/Source/tasks.c **** /*
  73:Middlewares/Third_Party/FreeRTOS/Source/tasks.c ****  * The value used to fill the stack of a task when the task is created.  This
  74:Middlewares/Third_Party/FreeRTOS/Source/tasks.c ****  * is used purely for checking the high water mark for tasks.
  75:Middlewares/Third_Party/FreeRTOS/Source/tasks.c ****  */
  76:Middlewares/Third_Party/FreeRTOS/Source/tasks.c **** #define tskSTACK_FILL_BYTE	( 0xa5U )
  77:Middlewares/Third_Party/FreeRTOS/Source/tasks.c **** 
  78:Middlewares/Third_Party/FreeRTOS/Source/tasks.c **** /* Bits used to recored how a task's stack and TCB were allocated. */
  79:Middlewares/Third_Party/FreeRTOS/Source/tasks.c **** #define tskDYNAMICALLY_ALLOCATED_STACK_AND_TCB 		( ( uint8_t ) 0 )
  80:Middlewares/Third_Party/FreeRTOS/Source/tasks.c **** #define tskSTATICALLY_ALLOCATED_STACK_ONLY 			( ( uint8_t ) 1 )
  81:Middlewares/Third_Party/FreeRTOS/Source/tasks.c **** #define tskSTATICALLY_ALLOCATED_STACK_AND_TCB		( ( uint8_t ) 2 )
  82:Middlewares/Third_Party/FreeRTOS/Source/tasks.c **** 
  83:Middlewares/Third_Party/FreeRTOS/Source/tasks.c **** /* If any of the following are set then task stacks are filled with a known
  84:Middlewares/Third_Party/FreeRTOS/Source/tasks.c **** value so the high water mark can be determined.  If none of the following are
  85:Middlewares/Third_Party/FreeRTOS/Source/tasks.c **** set then don't fill the stack so there is no unnecessary dependency on memset. */
  86:Middlewares/Third_Party/FreeRTOS/Source/tasks.c **** #if( ( configCHECK_FOR_STACK_OVERFLOW > 1 ) || ( configUSE_TRACE_FACILITY == 1 ) || ( INCLUDE_uxTas
  87:Middlewares/Third_Party/FreeRTOS/Source/tasks.c **** 	#define tskSET_NEW_STACKS_TO_KNOWN_VALUE	1
ARM GAS  /tmp/ccbSDz7D.s 			page 3


  88:Middlewares/Third_Party/FreeRTOS/Source/tasks.c **** #else
  89:Middlewares/Third_Party/FreeRTOS/Source/tasks.c **** 	#define tskSET_NEW_STACKS_TO_KNOWN_VALUE	0
  90:Middlewares/Third_Party/FreeRTOS/Source/tasks.c **** #endif
  91:Middlewares/Third_Party/FreeRTOS/Source/tasks.c **** 
  92:Middlewares/Third_Party/FreeRTOS/Source/tasks.c **** /*
  93:Middlewares/Third_Party/FreeRTOS/Source/tasks.c ****  * Macros used by vListTask to indicate which state a task is in.
  94:Middlewares/Third_Party/FreeRTOS/Source/tasks.c ****  */
  95:Middlewares/Third_Party/FreeRTOS/Source/tasks.c **** #define tskRUNNING_CHAR		( 'X' )
  96:Middlewares/Third_Party/FreeRTOS/Source/tasks.c **** #define tskBLOCKED_CHAR		( 'B' )
  97:Middlewares/Third_Party/FreeRTOS/Source/tasks.c **** #define tskREADY_CHAR		( 'R' )
  98:Middlewares/Third_Party/FreeRTOS/Source/tasks.c **** #define tskDELETED_CHAR		( 'D' )
  99:Middlewares/Third_Party/FreeRTOS/Source/tasks.c **** #define tskSUSPENDED_CHAR	( 'S' )
 100:Middlewares/Third_Party/FreeRTOS/Source/tasks.c **** 
 101:Middlewares/Third_Party/FreeRTOS/Source/tasks.c **** /*
 102:Middlewares/Third_Party/FreeRTOS/Source/tasks.c ****  * Some kernel aware debuggers require the data the debugger needs access to be
 103:Middlewares/Third_Party/FreeRTOS/Source/tasks.c ****  * global, rather than file scope.
 104:Middlewares/Third_Party/FreeRTOS/Source/tasks.c ****  */
 105:Middlewares/Third_Party/FreeRTOS/Source/tasks.c **** #ifdef portREMOVE_STATIC_QUALIFIER
 106:Middlewares/Third_Party/FreeRTOS/Source/tasks.c **** 	#define static
 107:Middlewares/Third_Party/FreeRTOS/Source/tasks.c **** #endif
 108:Middlewares/Third_Party/FreeRTOS/Source/tasks.c **** 
 109:Middlewares/Third_Party/FreeRTOS/Source/tasks.c **** /* The name allocated to the Idle task.  This can be overridden by defining
 110:Middlewares/Third_Party/FreeRTOS/Source/tasks.c **** configIDLE_TASK_NAME in FreeRTOSConfig.h. */
 111:Middlewares/Third_Party/FreeRTOS/Source/tasks.c **** #ifndef configIDLE_TASK_NAME
 112:Middlewares/Third_Party/FreeRTOS/Source/tasks.c **** 	#define configIDLE_TASK_NAME "IDLE"
 113:Middlewares/Third_Party/FreeRTOS/Source/tasks.c **** #endif
 114:Middlewares/Third_Party/FreeRTOS/Source/tasks.c **** 
 115:Middlewares/Third_Party/FreeRTOS/Source/tasks.c **** #if ( configUSE_PORT_OPTIMISED_TASK_SELECTION == 0 )
 116:Middlewares/Third_Party/FreeRTOS/Source/tasks.c **** 
 117:Middlewares/Third_Party/FreeRTOS/Source/tasks.c **** 	/* If configUSE_PORT_OPTIMISED_TASK_SELECTION is 0 then task selection is
 118:Middlewares/Third_Party/FreeRTOS/Source/tasks.c **** 	performed in a generic way that is not optimised to any particular
 119:Middlewares/Third_Party/FreeRTOS/Source/tasks.c **** 	microcontroller architecture. */
 120:Middlewares/Third_Party/FreeRTOS/Source/tasks.c **** 
 121:Middlewares/Third_Party/FreeRTOS/Source/tasks.c **** 	/* uxTopReadyPriority holds the priority of the highest priority ready
 122:Middlewares/Third_Party/FreeRTOS/Source/tasks.c **** 	state task. */
 123:Middlewares/Third_Party/FreeRTOS/Source/tasks.c **** 	#define taskRECORD_READY_PRIORITY( uxPriority )														\
 124:Middlewares/Third_Party/FreeRTOS/Source/tasks.c **** 	{																									\
 125:Middlewares/Third_Party/FreeRTOS/Source/tasks.c **** 		if( ( uxPriority ) > uxTopReadyPriority )														\
 126:Middlewares/Third_Party/FreeRTOS/Source/tasks.c **** 		{																								\
 127:Middlewares/Third_Party/FreeRTOS/Source/tasks.c **** 			uxTopReadyPriority = ( uxPriority );														\
 128:Middlewares/Third_Party/FreeRTOS/Source/tasks.c **** 		}																								\
 129:Middlewares/Third_Party/FreeRTOS/Source/tasks.c **** 	} /* taskRECORD_READY_PRIORITY */
 130:Middlewares/Third_Party/FreeRTOS/Source/tasks.c **** 
 131:Middlewares/Third_Party/FreeRTOS/Source/tasks.c **** 	/*-----------------------------------------------------------*/
 132:Middlewares/Third_Party/FreeRTOS/Source/tasks.c **** 
 133:Middlewares/Third_Party/FreeRTOS/Source/tasks.c **** 	#define taskSELECT_HIGHEST_PRIORITY_TASK()															\
 134:Middlewares/Third_Party/FreeRTOS/Source/tasks.c **** 	{																									\
 135:Middlewares/Third_Party/FreeRTOS/Source/tasks.c **** 	UBaseType_t uxTopPriority = uxTopReadyPriority;														\
 136:Middlewares/Third_Party/FreeRTOS/Source/tasks.c **** 																										\
 137:Middlewares/Third_Party/FreeRTOS/Source/tasks.c **** 		/* Find the highest priority queue that contains ready tasks. */								\
 138:Middlewares/Third_Party/FreeRTOS/Source/tasks.c **** 		while( listLIST_IS_EMPTY( &( pxReadyTasksLists[ uxTopPriority ] ) ) )							\
 139:Middlewares/Third_Party/FreeRTOS/Source/tasks.c **** 		{																								\
 140:Middlewares/Third_Party/FreeRTOS/Source/tasks.c **** 			configASSERT( uxTopPriority );																\
 141:Middlewares/Third_Party/FreeRTOS/Source/tasks.c **** 			--uxTopPriority;																			\
 142:Middlewares/Third_Party/FreeRTOS/Source/tasks.c **** 		}																								\
 143:Middlewares/Third_Party/FreeRTOS/Source/tasks.c **** 																										\
 144:Middlewares/Third_Party/FreeRTOS/Source/tasks.c **** 		/* listGET_OWNER_OF_NEXT_ENTRY indexes through the list, so the tasks of						\
ARM GAS  /tmp/ccbSDz7D.s 			page 4


 145:Middlewares/Third_Party/FreeRTOS/Source/tasks.c **** 		the	same priority get an equal share of the processor time. */									\
 146:Middlewares/Third_Party/FreeRTOS/Source/tasks.c **** 		listGET_OWNER_OF_NEXT_ENTRY( pxCurrentTCB, &( pxReadyTasksLists[ uxTopPriority ] ) );			\
 147:Middlewares/Third_Party/FreeRTOS/Source/tasks.c **** 		uxTopReadyPriority = uxTopPriority;																\
 148:Middlewares/Third_Party/FreeRTOS/Source/tasks.c **** 	} /* taskSELECT_HIGHEST_PRIORITY_TASK */
 149:Middlewares/Third_Party/FreeRTOS/Source/tasks.c **** 
 150:Middlewares/Third_Party/FreeRTOS/Source/tasks.c **** 	/*-----------------------------------------------------------*/
 151:Middlewares/Third_Party/FreeRTOS/Source/tasks.c **** 
 152:Middlewares/Third_Party/FreeRTOS/Source/tasks.c **** 	/* Define away taskRESET_READY_PRIORITY() and portRESET_READY_PRIORITY() as
 153:Middlewares/Third_Party/FreeRTOS/Source/tasks.c **** 	they are only required when a port optimised method of task selection is
 154:Middlewares/Third_Party/FreeRTOS/Source/tasks.c **** 	being used. */
 155:Middlewares/Third_Party/FreeRTOS/Source/tasks.c **** 	#define taskRESET_READY_PRIORITY( uxPriority )
 156:Middlewares/Third_Party/FreeRTOS/Source/tasks.c **** 	#define portRESET_READY_PRIORITY( uxPriority, uxTopReadyPriority )
 157:Middlewares/Third_Party/FreeRTOS/Source/tasks.c **** 
 158:Middlewares/Third_Party/FreeRTOS/Source/tasks.c **** #else /* configUSE_PORT_OPTIMISED_TASK_SELECTION */
 159:Middlewares/Third_Party/FreeRTOS/Source/tasks.c **** 
 160:Middlewares/Third_Party/FreeRTOS/Source/tasks.c **** 	/* If configUSE_PORT_OPTIMISED_TASK_SELECTION is 1 then task selection is
 161:Middlewares/Third_Party/FreeRTOS/Source/tasks.c **** 	performed in a way that is tailored to the particular microcontroller
 162:Middlewares/Third_Party/FreeRTOS/Source/tasks.c **** 	architecture being used. */
 163:Middlewares/Third_Party/FreeRTOS/Source/tasks.c **** 
 164:Middlewares/Third_Party/FreeRTOS/Source/tasks.c **** 	/* A port optimised version is provided.  Call the port defined macros. */
 165:Middlewares/Third_Party/FreeRTOS/Source/tasks.c **** 	#define taskRECORD_READY_PRIORITY( uxPriority )	portRECORD_READY_PRIORITY( uxPriority, uxTopReadyP
 166:Middlewares/Third_Party/FreeRTOS/Source/tasks.c **** 
 167:Middlewares/Third_Party/FreeRTOS/Source/tasks.c **** 	/*-----------------------------------------------------------*/
 168:Middlewares/Third_Party/FreeRTOS/Source/tasks.c **** 
 169:Middlewares/Third_Party/FreeRTOS/Source/tasks.c **** 	#define taskSELECT_HIGHEST_PRIORITY_TASK()														\
 170:Middlewares/Third_Party/FreeRTOS/Source/tasks.c **** 	{																								\
 171:Middlewares/Third_Party/FreeRTOS/Source/tasks.c **** 	UBaseType_t uxTopPriority;																		\
 172:Middlewares/Third_Party/FreeRTOS/Source/tasks.c **** 																									\
 173:Middlewares/Third_Party/FreeRTOS/Source/tasks.c **** 		/* Find the highest priority list that contains ready tasks. */								\
 174:Middlewares/Third_Party/FreeRTOS/Source/tasks.c **** 		portGET_HIGHEST_PRIORITY( uxTopPriority, uxTopReadyPriority );								\
 175:Middlewares/Third_Party/FreeRTOS/Source/tasks.c **** 		configASSERT( listCURRENT_LIST_LENGTH( &( pxReadyTasksLists[ uxTopPriority ] ) ) > 0 );		\
 176:Middlewares/Third_Party/FreeRTOS/Source/tasks.c **** 		listGET_OWNER_OF_NEXT_ENTRY( pxCurrentTCB, &( pxReadyTasksLists[ uxTopPriority ] ) );		\
 177:Middlewares/Third_Party/FreeRTOS/Source/tasks.c **** 	} /* taskSELECT_HIGHEST_PRIORITY_TASK() */
 178:Middlewares/Third_Party/FreeRTOS/Source/tasks.c **** 
 179:Middlewares/Third_Party/FreeRTOS/Source/tasks.c **** 	/*-----------------------------------------------------------*/
 180:Middlewares/Third_Party/FreeRTOS/Source/tasks.c **** 
 181:Middlewares/Third_Party/FreeRTOS/Source/tasks.c **** 	/* A port optimised version is provided, call it only if the TCB being reset
 182:Middlewares/Third_Party/FreeRTOS/Source/tasks.c **** 	is being referenced from a ready list.  If it is referenced from a delayed
 183:Middlewares/Third_Party/FreeRTOS/Source/tasks.c **** 	or suspended list then it won't be in a ready list. */
 184:Middlewares/Third_Party/FreeRTOS/Source/tasks.c **** 	#define taskRESET_READY_PRIORITY( uxPriority )														\
 185:Middlewares/Third_Party/FreeRTOS/Source/tasks.c **** 	{																									\
 186:Middlewares/Third_Party/FreeRTOS/Source/tasks.c **** 		if( listCURRENT_LIST_LENGTH( &( pxReadyTasksLists[ ( uxPriority ) ] ) ) == ( UBaseType_t ) 0 )	\
 187:Middlewares/Third_Party/FreeRTOS/Source/tasks.c **** 		{																								\
 188:Middlewares/Third_Party/FreeRTOS/Source/tasks.c **** 			portRESET_READY_PRIORITY( ( uxPriority ), ( uxTopReadyPriority ) );							\
 189:Middlewares/Third_Party/FreeRTOS/Source/tasks.c **** 		}																								\
 190:Middlewares/Third_Party/FreeRTOS/Source/tasks.c **** 	}
 191:Middlewares/Third_Party/FreeRTOS/Source/tasks.c **** 
 192:Middlewares/Third_Party/FreeRTOS/Source/tasks.c **** #endif /* configUSE_PORT_OPTIMISED_TASK_SELECTION */
 193:Middlewares/Third_Party/FreeRTOS/Source/tasks.c **** 
 194:Middlewares/Third_Party/FreeRTOS/Source/tasks.c **** /*-----------------------------------------------------------*/
 195:Middlewares/Third_Party/FreeRTOS/Source/tasks.c **** 
 196:Middlewares/Third_Party/FreeRTOS/Source/tasks.c **** /* pxDelayedTaskList and pxOverflowDelayedTaskList are switched when the tick
 197:Middlewares/Third_Party/FreeRTOS/Source/tasks.c **** count overflows. */
 198:Middlewares/Third_Party/FreeRTOS/Source/tasks.c **** #define taskSWITCH_DELAYED_LISTS()																	\
 199:Middlewares/Third_Party/FreeRTOS/Source/tasks.c **** {																									\
 200:Middlewares/Third_Party/FreeRTOS/Source/tasks.c **** 	List_t *pxTemp;																					\
 201:Middlewares/Third_Party/FreeRTOS/Source/tasks.c **** 																									\
ARM GAS  /tmp/ccbSDz7D.s 			page 5


 202:Middlewares/Third_Party/FreeRTOS/Source/tasks.c **** 	/* The delayed tasks list should be empty when the lists are switched. */						\
 203:Middlewares/Third_Party/FreeRTOS/Source/tasks.c **** 	configASSERT( ( listLIST_IS_EMPTY( pxDelayedTaskList ) ) );										\
 204:Middlewares/Third_Party/FreeRTOS/Source/tasks.c **** 																									\
 205:Middlewares/Third_Party/FreeRTOS/Source/tasks.c **** 	pxTemp = pxDelayedTaskList;																		\
 206:Middlewares/Third_Party/FreeRTOS/Source/tasks.c **** 	pxDelayedTaskList = pxOverflowDelayedTaskList;													\
 207:Middlewares/Third_Party/FreeRTOS/Source/tasks.c **** 	pxOverflowDelayedTaskList = pxTemp;																\
 208:Middlewares/Third_Party/FreeRTOS/Source/tasks.c **** 	xNumOfOverflows++;																				\
 209:Middlewares/Third_Party/FreeRTOS/Source/tasks.c **** 	prvResetNextTaskUnblockTime();																	\
 210:Middlewares/Third_Party/FreeRTOS/Source/tasks.c **** }
 211:Middlewares/Third_Party/FreeRTOS/Source/tasks.c **** 
 212:Middlewares/Third_Party/FreeRTOS/Source/tasks.c **** /*-----------------------------------------------------------*/
 213:Middlewares/Third_Party/FreeRTOS/Source/tasks.c **** 
 214:Middlewares/Third_Party/FreeRTOS/Source/tasks.c **** /*
 215:Middlewares/Third_Party/FreeRTOS/Source/tasks.c ****  * Place the task represented by pxTCB into the appropriate ready list for
 216:Middlewares/Third_Party/FreeRTOS/Source/tasks.c ****  * the task.  It is inserted at the end of the list.
 217:Middlewares/Third_Party/FreeRTOS/Source/tasks.c ****  */
 218:Middlewares/Third_Party/FreeRTOS/Source/tasks.c **** #define prvAddTaskToReadyList( pxTCB )																\
 219:Middlewares/Third_Party/FreeRTOS/Source/tasks.c **** 	traceMOVED_TASK_TO_READY_STATE( pxTCB );														\
 220:Middlewares/Third_Party/FreeRTOS/Source/tasks.c **** 	taskRECORD_READY_PRIORITY( ( pxTCB )->uxPriority );												\
 221:Middlewares/Third_Party/FreeRTOS/Source/tasks.c **** 	vListInsertEnd( &( pxReadyTasksLists[ ( pxTCB )->uxPriority ] ), &( ( pxTCB )->xStateListItem ) );
 222:Middlewares/Third_Party/FreeRTOS/Source/tasks.c **** 	tracePOST_MOVED_TASK_TO_READY_STATE( pxTCB )
 223:Middlewares/Third_Party/FreeRTOS/Source/tasks.c **** /*-----------------------------------------------------------*/
 224:Middlewares/Third_Party/FreeRTOS/Source/tasks.c **** 
 225:Middlewares/Third_Party/FreeRTOS/Source/tasks.c **** /*
 226:Middlewares/Third_Party/FreeRTOS/Source/tasks.c ****  * Several functions take an TaskHandle_t parameter that can optionally be NULL,
 227:Middlewares/Third_Party/FreeRTOS/Source/tasks.c ****  * where NULL is used to indicate that the handle of the currently executing
 228:Middlewares/Third_Party/FreeRTOS/Source/tasks.c ****  * task should be used in place of the parameter.  This macro simply checks to
 229:Middlewares/Third_Party/FreeRTOS/Source/tasks.c ****  * see if the parameter is NULL and returns a pointer to the appropriate TCB.
 230:Middlewares/Third_Party/FreeRTOS/Source/tasks.c ****  */
 231:Middlewares/Third_Party/FreeRTOS/Source/tasks.c **** #define prvGetTCBFromHandle( pxHandle ) ( ( ( pxHandle ) == NULL ) ? pxCurrentTCB : ( pxHandle ) )
 232:Middlewares/Third_Party/FreeRTOS/Source/tasks.c **** 
 233:Middlewares/Third_Party/FreeRTOS/Source/tasks.c **** /* The item value of the event list item is normally used to hold the priority
 234:Middlewares/Third_Party/FreeRTOS/Source/tasks.c **** of the task to which it belongs (coded to allow it to be held in reverse
 235:Middlewares/Third_Party/FreeRTOS/Source/tasks.c **** priority order).  However, it is occasionally borrowed for other purposes.  It
 236:Middlewares/Third_Party/FreeRTOS/Source/tasks.c **** is important its value is not updated due to a task priority change while it is
 237:Middlewares/Third_Party/FreeRTOS/Source/tasks.c **** being used for another purpose.  The following bit definition is used to inform
 238:Middlewares/Third_Party/FreeRTOS/Source/tasks.c **** the scheduler that the value should not be changed - in which case it is the
 239:Middlewares/Third_Party/FreeRTOS/Source/tasks.c **** responsibility of whichever module is using the value to ensure it gets set back
 240:Middlewares/Third_Party/FreeRTOS/Source/tasks.c **** to its original value when it is released. */
 241:Middlewares/Third_Party/FreeRTOS/Source/tasks.c **** #if( configUSE_16_BIT_TICKS == 1 )
 242:Middlewares/Third_Party/FreeRTOS/Source/tasks.c **** 	#define taskEVENT_LIST_ITEM_VALUE_IN_USE	0x8000U
 243:Middlewares/Third_Party/FreeRTOS/Source/tasks.c **** #else
 244:Middlewares/Third_Party/FreeRTOS/Source/tasks.c **** 	#define taskEVENT_LIST_ITEM_VALUE_IN_USE	0x80000000UL
 245:Middlewares/Third_Party/FreeRTOS/Source/tasks.c **** #endif
 246:Middlewares/Third_Party/FreeRTOS/Source/tasks.c **** 
 247:Middlewares/Third_Party/FreeRTOS/Source/tasks.c **** /*
 248:Middlewares/Third_Party/FreeRTOS/Source/tasks.c ****  * Task control block.  A task control block (TCB) is allocated for each task,
 249:Middlewares/Third_Party/FreeRTOS/Source/tasks.c ****  * and stores task state information, including a pointer to the task's context
 250:Middlewares/Third_Party/FreeRTOS/Source/tasks.c ****  * (the task's run time environment, including register values)
 251:Middlewares/Third_Party/FreeRTOS/Source/tasks.c ****  */
 252:Middlewares/Third_Party/FreeRTOS/Source/tasks.c **** typedef struct tskTaskControlBlock 			/* The old naming convention is used to prevent breaking kern
 253:Middlewares/Third_Party/FreeRTOS/Source/tasks.c **** {
 254:Middlewares/Third_Party/FreeRTOS/Source/tasks.c **** 	volatile StackType_t	*pxTopOfStack;	/*< Points to the location of the last item placed on the task
 255:Middlewares/Third_Party/FreeRTOS/Source/tasks.c **** 
 256:Middlewares/Third_Party/FreeRTOS/Source/tasks.c **** 	#if ( portUSING_MPU_WRAPPERS == 1 )
 257:Middlewares/Third_Party/FreeRTOS/Source/tasks.c **** 		xMPU_SETTINGS	xMPUSettings;		/*< The MPU settings are defined as part of the port layer.  THIS MU
 258:Middlewares/Third_Party/FreeRTOS/Source/tasks.c **** 	#endif
ARM GAS  /tmp/ccbSDz7D.s 			page 6


 259:Middlewares/Third_Party/FreeRTOS/Source/tasks.c **** 
 260:Middlewares/Third_Party/FreeRTOS/Source/tasks.c **** 	ListItem_t			xStateListItem;	/*< The list that the state list item of a task is reference from den
 261:Middlewares/Third_Party/FreeRTOS/Source/tasks.c **** 	ListItem_t			xEventListItem;		/*< Used to reference a task from an event list. */
 262:Middlewares/Third_Party/FreeRTOS/Source/tasks.c **** 	UBaseType_t			uxPriority;			/*< The priority of the task.  0 is the lowest priority. */
 263:Middlewares/Third_Party/FreeRTOS/Source/tasks.c **** 	StackType_t			*pxStack;			/*< Points to the start of the stack. */
 264:Middlewares/Third_Party/FreeRTOS/Source/tasks.c **** 	char				pcTaskName[ configMAX_TASK_NAME_LEN ];/*< Descriptive name given to the task when created.
 265:Middlewares/Third_Party/FreeRTOS/Source/tasks.c **** 
 266:Middlewares/Third_Party/FreeRTOS/Source/tasks.c **** 	#if ( ( portSTACK_GROWTH > 0 ) || ( configRECORD_STACK_HIGH_ADDRESS == 1 ) )
 267:Middlewares/Third_Party/FreeRTOS/Source/tasks.c **** 		StackType_t		*pxEndOfStack;		/*< Points to the highest valid address for the stack. */
 268:Middlewares/Third_Party/FreeRTOS/Source/tasks.c **** 	#endif
 269:Middlewares/Third_Party/FreeRTOS/Source/tasks.c **** 
 270:Middlewares/Third_Party/FreeRTOS/Source/tasks.c **** 	#if ( portCRITICAL_NESTING_IN_TCB == 1 )
 271:Middlewares/Third_Party/FreeRTOS/Source/tasks.c **** 		UBaseType_t		uxCriticalNesting;	/*< Holds the critical section nesting depth for ports that do no
 272:Middlewares/Third_Party/FreeRTOS/Source/tasks.c **** 	#endif
 273:Middlewares/Third_Party/FreeRTOS/Source/tasks.c **** 
 274:Middlewares/Third_Party/FreeRTOS/Source/tasks.c **** 	#if ( configUSE_TRACE_FACILITY == 1 )
 275:Middlewares/Third_Party/FreeRTOS/Source/tasks.c **** 		UBaseType_t		uxTCBNumber;		/*< Stores a number that increments each time a TCB is created.  It al
 276:Middlewares/Third_Party/FreeRTOS/Source/tasks.c **** 		UBaseType_t		uxTaskNumber;		/*< Stores a number specifically for use by third party trace code. *
 277:Middlewares/Third_Party/FreeRTOS/Source/tasks.c **** 	#endif
 278:Middlewares/Third_Party/FreeRTOS/Source/tasks.c **** 
 279:Middlewares/Third_Party/FreeRTOS/Source/tasks.c **** 	#if ( configUSE_MUTEXES == 1 )
 280:Middlewares/Third_Party/FreeRTOS/Source/tasks.c **** 		UBaseType_t		uxBasePriority;		/*< The priority last assigned to the task - used by the priority i
 281:Middlewares/Third_Party/FreeRTOS/Source/tasks.c **** 		UBaseType_t		uxMutexesHeld;
 282:Middlewares/Third_Party/FreeRTOS/Source/tasks.c **** 	#endif
 283:Middlewares/Third_Party/FreeRTOS/Source/tasks.c **** 
 284:Middlewares/Third_Party/FreeRTOS/Source/tasks.c **** 	#if ( configUSE_APPLICATION_TASK_TAG == 1 )
 285:Middlewares/Third_Party/FreeRTOS/Source/tasks.c **** 		TaskHookFunction_t pxTaskTag;
 286:Middlewares/Third_Party/FreeRTOS/Source/tasks.c **** 	#endif
 287:Middlewares/Third_Party/FreeRTOS/Source/tasks.c **** 
 288:Middlewares/Third_Party/FreeRTOS/Source/tasks.c **** 	#if( configNUM_THREAD_LOCAL_STORAGE_POINTERS > 0 )
 289:Middlewares/Third_Party/FreeRTOS/Source/tasks.c **** 		void			*pvThreadLocalStoragePointers[ configNUM_THREAD_LOCAL_STORAGE_POINTERS ];
 290:Middlewares/Third_Party/FreeRTOS/Source/tasks.c **** 	#endif
 291:Middlewares/Third_Party/FreeRTOS/Source/tasks.c **** 
 292:Middlewares/Third_Party/FreeRTOS/Source/tasks.c **** 	#if( configGENERATE_RUN_TIME_STATS == 1 )
 293:Middlewares/Third_Party/FreeRTOS/Source/tasks.c **** 		uint32_t		ulRunTimeCounter;	/*< Stores the amount of time the task has spent in the Running state
 294:Middlewares/Third_Party/FreeRTOS/Source/tasks.c **** 	#endif
 295:Middlewares/Third_Party/FreeRTOS/Source/tasks.c **** 
 296:Middlewares/Third_Party/FreeRTOS/Source/tasks.c **** 	#if ( configUSE_NEWLIB_REENTRANT == 1 )
 297:Middlewares/Third_Party/FreeRTOS/Source/tasks.c **** 		/* Allocate a Newlib reent structure that is specific to this task.
 298:Middlewares/Third_Party/FreeRTOS/Source/tasks.c **** 		Note Newlib support has been included by popular demand, but is not
 299:Middlewares/Third_Party/FreeRTOS/Source/tasks.c **** 		used by the FreeRTOS maintainers themselves.  FreeRTOS is not
 300:Middlewares/Third_Party/FreeRTOS/Source/tasks.c **** 		responsible for resulting newlib operation.  User must be familiar with
 301:Middlewares/Third_Party/FreeRTOS/Source/tasks.c **** 		newlib and must provide system-wide implementations of the necessary
 302:Middlewares/Third_Party/FreeRTOS/Source/tasks.c **** 		stubs. Be warned that (at the time of writing) the current newlib design
 303:Middlewares/Third_Party/FreeRTOS/Source/tasks.c **** 		implements a system-wide malloc() that must be provided with locks.
 304:Middlewares/Third_Party/FreeRTOS/Source/tasks.c **** 
 305:Middlewares/Third_Party/FreeRTOS/Source/tasks.c **** 		See the third party link http://www.nadler.com/embedded/newlibAndFreeRTOS.html
 306:Middlewares/Third_Party/FreeRTOS/Source/tasks.c **** 		for additional information. */
 307:Middlewares/Third_Party/FreeRTOS/Source/tasks.c **** 		struct	_reent xNewLib_reent;
 308:Middlewares/Third_Party/FreeRTOS/Source/tasks.c **** 	#endif
 309:Middlewares/Third_Party/FreeRTOS/Source/tasks.c **** 
 310:Middlewares/Third_Party/FreeRTOS/Source/tasks.c **** 	#if( configUSE_TASK_NOTIFICATIONS == 1 )
 311:Middlewares/Third_Party/FreeRTOS/Source/tasks.c **** 		volatile uint32_t ulNotifiedValue;
 312:Middlewares/Third_Party/FreeRTOS/Source/tasks.c **** 		volatile uint8_t ucNotifyState;
 313:Middlewares/Third_Party/FreeRTOS/Source/tasks.c **** 	#endif
 314:Middlewares/Third_Party/FreeRTOS/Source/tasks.c **** 
 315:Middlewares/Third_Party/FreeRTOS/Source/tasks.c **** 	/* See the comments in FreeRTOS.h with the definition of
ARM GAS  /tmp/ccbSDz7D.s 			page 7


 316:Middlewares/Third_Party/FreeRTOS/Source/tasks.c **** 	tskSTATIC_AND_DYNAMIC_ALLOCATION_POSSIBLE. */
 317:Middlewares/Third_Party/FreeRTOS/Source/tasks.c **** 	#if( tskSTATIC_AND_DYNAMIC_ALLOCATION_POSSIBLE != 0 ) /*lint !e731 !e9029 Macro has been consolida
 318:Middlewares/Third_Party/FreeRTOS/Source/tasks.c **** 		uint8_t	ucStaticallyAllocated; 		/*< Set to pdTRUE if the task is a statically allocated to ensur
 319:Middlewares/Third_Party/FreeRTOS/Source/tasks.c **** 	#endif
 320:Middlewares/Third_Party/FreeRTOS/Source/tasks.c **** 
 321:Middlewares/Third_Party/FreeRTOS/Source/tasks.c **** 	#if( INCLUDE_xTaskAbortDelay == 1 )
 322:Middlewares/Third_Party/FreeRTOS/Source/tasks.c **** 		uint8_t ucDelayAborted;
 323:Middlewares/Third_Party/FreeRTOS/Source/tasks.c **** 	#endif
 324:Middlewares/Third_Party/FreeRTOS/Source/tasks.c **** 
 325:Middlewares/Third_Party/FreeRTOS/Source/tasks.c **** 	#if( configUSE_POSIX_ERRNO == 1 )
 326:Middlewares/Third_Party/FreeRTOS/Source/tasks.c **** 		int iTaskErrno;
 327:Middlewares/Third_Party/FreeRTOS/Source/tasks.c **** 	#endif
 328:Middlewares/Third_Party/FreeRTOS/Source/tasks.c **** 
 329:Middlewares/Third_Party/FreeRTOS/Source/tasks.c **** } tskTCB;
 330:Middlewares/Third_Party/FreeRTOS/Source/tasks.c **** 
 331:Middlewares/Third_Party/FreeRTOS/Source/tasks.c **** /* The old tskTCB name is maintained above then typedefed to the new TCB_t name
 332:Middlewares/Third_Party/FreeRTOS/Source/tasks.c **** below to enable the use of older kernel aware debuggers. */
 333:Middlewares/Third_Party/FreeRTOS/Source/tasks.c **** typedef tskTCB TCB_t;
 334:Middlewares/Third_Party/FreeRTOS/Source/tasks.c **** 
 335:Middlewares/Third_Party/FreeRTOS/Source/tasks.c **** /*lint -save -e956 A manual analysis and inspection has been used to determine
 336:Middlewares/Third_Party/FreeRTOS/Source/tasks.c **** which static variables must be declared volatile. */
 337:Middlewares/Third_Party/FreeRTOS/Source/tasks.c **** PRIVILEGED_DATA TCB_t * volatile pxCurrentTCB = NULL;
 338:Middlewares/Third_Party/FreeRTOS/Source/tasks.c **** 
 339:Middlewares/Third_Party/FreeRTOS/Source/tasks.c **** /* Lists for ready and blocked tasks. --------------------
 340:Middlewares/Third_Party/FreeRTOS/Source/tasks.c **** xDelayedTaskList1 and xDelayedTaskList2 could be move to function scople but
 341:Middlewares/Third_Party/FreeRTOS/Source/tasks.c **** doing so breaks some kernel aware debuggers and debuggers that rely on removing
 342:Middlewares/Third_Party/FreeRTOS/Source/tasks.c **** the static qualifier. */
 343:Middlewares/Third_Party/FreeRTOS/Source/tasks.c **** PRIVILEGED_DATA static List_t pxReadyTasksLists[ configMAX_PRIORITIES ];/*< Prioritised ready tasks
 344:Middlewares/Third_Party/FreeRTOS/Source/tasks.c **** PRIVILEGED_DATA static List_t xDelayedTaskList1;						/*< Delayed tasks. */
 345:Middlewares/Third_Party/FreeRTOS/Source/tasks.c **** PRIVILEGED_DATA static List_t xDelayedTaskList2;						/*< Delayed tasks (two lists are used - one f
 346:Middlewares/Third_Party/FreeRTOS/Source/tasks.c **** PRIVILEGED_DATA static List_t * volatile pxDelayedTaskList;				/*< Points to the delayed task list 
 347:Middlewares/Third_Party/FreeRTOS/Source/tasks.c **** PRIVILEGED_DATA static List_t * volatile pxOverflowDelayedTaskList;		/*< Points to the delayed task
 348:Middlewares/Third_Party/FreeRTOS/Source/tasks.c **** PRIVILEGED_DATA static List_t xPendingReadyList;						/*< Tasks that have been readied while the sc
 349:Middlewares/Third_Party/FreeRTOS/Source/tasks.c **** 
 350:Middlewares/Third_Party/FreeRTOS/Source/tasks.c **** #if( INCLUDE_vTaskDelete == 1 )
 351:Middlewares/Third_Party/FreeRTOS/Source/tasks.c **** 
 352:Middlewares/Third_Party/FreeRTOS/Source/tasks.c **** 	PRIVILEGED_DATA static List_t xTasksWaitingTermination;				/*< Tasks that have been deleted - but 
 353:Middlewares/Third_Party/FreeRTOS/Source/tasks.c **** 	PRIVILEGED_DATA static volatile UBaseType_t uxDeletedTasksWaitingCleanUp = ( UBaseType_t ) 0U;
 354:Middlewares/Third_Party/FreeRTOS/Source/tasks.c **** 
 355:Middlewares/Third_Party/FreeRTOS/Source/tasks.c **** #endif
 356:Middlewares/Third_Party/FreeRTOS/Source/tasks.c **** 
 357:Middlewares/Third_Party/FreeRTOS/Source/tasks.c **** #if ( INCLUDE_vTaskSuspend == 1 )
 358:Middlewares/Third_Party/FreeRTOS/Source/tasks.c **** 
 359:Middlewares/Third_Party/FreeRTOS/Source/tasks.c **** 	PRIVILEGED_DATA static List_t xSuspendedTaskList;					/*< Tasks that are currently suspended. */
 360:Middlewares/Third_Party/FreeRTOS/Source/tasks.c **** 
 361:Middlewares/Third_Party/FreeRTOS/Source/tasks.c **** #endif
 362:Middlewares/Third_Party/FreeRTOS/Source/tasks.c **** 
 363:Middlewares/Third_Party/FreeRTOS/Source/tasks.c **** /* Global POSIX errno. Its value is changed upon context switching to match
 364:Middlewares/Third_Party/FreeRTOS/Source/tasks.c **** the errno of the currently running task. */
 365:Middlewares/Third_Party/FreeRTOS/Source/tasks.c **** #if ( configUSE_POSIX_ERRNO == 1 )
 366:Middlewares/Third_Party/FreeRTOS/Source/tasks.c **** 	int FreeRTOS_errno = 0;
 367:Middlewares/Third_Party/FreeRTOS/Source/tasks.c **** #endif
 368:Middlewares/Third_Party/FreeRTOS/Source/tasks.c **** 
 369:Middlewares/Third_Party/FreeRTOS/Source/tasks.c **** /* Other file private variables. --------------------------------*/
 370:Middlewares/Third_Party/FreeRTOS/Source/tasks.c **** PRIVILEGED_DATA static volatile UBaseType_t uxCurrentNumberOfTasks 	= ( UBaseType_t ) 0U;
 371:Middlewares/Third_Party/FreeRTOS/Source/tasks.c **** PRIVILEGED_DATA static volatile TickType_t xTickCount 				= ( TickType_t ) configINITIAL_TICK_COUNT
 372:Middlewares/Third_Party/FreeRTOS/Source/tasks.c **** PRIVILEGED_DATA static volatile UBaseType_t uxTopReadyPriority 		= tskIDLE_PRIORITY;
ARM GAS  /tmp/ccbSDz7D.s 			page 8


 373:Middlewares/Third_Party/FreeRTOS/Source/tasks.c **** PRIVILEGED_DATA static volatile BaseType_t xSchedulerRunning 		= pdFALSE;
 374:Middlewares/Third_Party/FreeRTOS/Source/tasks.c **** PRIVILEGED_DATA static volatile TickType_t xPendedTicks 			= ( TickType_t ) 0U;
 375:Middlewares/Third_Party/FreeRTOS/Source/tasks.c **** PRIVILEGED_DATA static volatile BaseType_t xYieldPending 			= pdFALSE;
 376:Middlewares/Third_Party/FreeRTOS/Source/tasks.c **** PRIVILEGED_DATA static volatile BaseType_t xNumOfOverflows 			= ( BaseType_t ) 0;
 377:Middlewares/Third_Party/FreeRTOS/Source/tasks.c **** PRIVILEGED_DATA static UBaseType_t uxTaskNumber 					= ( UBaseType_t ) 0U;
 378:Middlewares/Third_Party/FreeRTOS/Source/tasks.c **** PRIVILEGED_DATA static volatile TickType_t xNextTaskUnblockTime		= ( TickType_t ) 0U; /* Initialise
 379:Middlewares/Third_Party/FreeRTOS/Source/tasks.c **** PRIVILEGED_DATA static TaskHandle_t xIdleTaskHandle					= NULL;			/*< Holds the handle of the idle 
 380:Middlewares/Third_Party/FreeRTOS/Source/tasks.c **** 
 381:Middlewares/Third_Party/FreeRTOS/Source/tasks.c **** /* Context switches are held pending while the scheduler is suspended.  Also,
 382:Middlewares/Third_Party/FreeRTOS/Source/tasks.c **** interrupts must not manipulate the xStateListItem of a TCB, or any of the
 383:Middlewares/Third_Party/FreeRTOS/Source/tasks.c **** lists the xStateListItem can be referenced from, if the scheduler is suspended.
 384:Middlewares/Third_Party/FreeRTOS/Source/tasks.c **** If an interrupt needs to unblock a task while the scheduler is suspended then it
 385:Middlewares/Third_Party/FreeRTOS/Source/tasks.c **** moves the task's event list item into the xPendingReadyList, ready for the
 386:Middlewares/Third_Party/FreeRTOS/Source/tasks.c **** kernel to move the task from the pending ready list into the real ready list
 387:Middlewares/Third_Party/FreeRTOS/Source/tasks.c **** when the scheduler is unsuspended.  The pending ready list itself can only be
 388:Middlewares/Third_Party/FreeRTOS/Source/tasks.c **** accessed from a critical section. */
 389:Middlewares/Third_Party/FreeRTOS/Source/tasks.c **** PRIVILEGED_DATA static volatile UBaseType_t uxSchedulerSuspended	= ( UBaseType_t ) pdFALSE;
 390:Middlewares/Third_Party/FreeRTOS/Source/tasks.c **** 
 391:Middlewares/Third_Party/FreeRTOS/Source/tasks.c **** #if ( configGENERATE_RUN_TIME_STATS == 1 )
 392:Middlewares/Third_Party/FreeRTOS/Source/tasks.c **** 
 393:Middlewares/Third_Party/FreeRTOS/Source/tasks.c **** 	/* Do not move these variables to function scope as doing so prevents the
 394:Middlewares/Third_Party/FreeRTOS/Source/tasks.c **** 	code working with debuggers that need to remove the static qualifier. */
 395:Middlewares/Third_Party/FreeRTOS/Source/tasks.c **** 	PRIVILEGED_DATA static uint32_t ulTaskSwitchedInTime = 0UL;	/*< Holds the value of a timer/counter
 396:Middlewares/Third_Party/FreeRTOS/Source/tasks.c **** 	PRIVILEGED_DATA static uint32_t ulTotalRunTime = 0UL;		/*< Holds the total amount of execution tim
 397:Middlewares/Third_Party/FreeRTOS/Source/tasks.c **** 
 398:Middlewares/Third_Party/FreeRTOS/Source/tasks.c **** #endif
 399:Middlewares/Third_Party/FreeRTOS/Source/tasks.c **** 
 400:Middlewares/Third_Party/FreeRTOS/Source/tasks.c **** /*lint -restore */
 401:Middlewares/Third_Party/FreeRTOS/Source/tasks.c **** 
 402:Middlewares/Third_Party/FreeRTOS/Source/tasks.c **** /*-----------------------------------------------------------*/
 403:Middlewares/Third_Party/FreeRTOS/Source/tasks.c **** 
 404:Middlewares/Third_Party/FreeRTOS/Source/tasks.c **** /* Callback function prototypes. --------------------------*/
 405:Middlewares/Third_Party/FreeRTOS/Source/tasks.c **** #if(  configCHECK_FOR_STACK_OVERFLOW > 0 )
 406:Middlewares/Third_Party/FreeRTOS/Source/tasks.c **** 
 407:Middlewares/Third_Party/FreeRTOS/Source/tasks.c **** 	extern void vApplicationStackOverflowHook( TaskHandle_t xTask, char *pcTaskName );
 408:Middlewares/Third_Party/FreeRTOS/Source/tasks.c **** 
 409:Middlewares/Third_Party/FreeRTOS/Source/tasks.c **** #endif
 410:Middlewares/Third_Party/FreeRTOS/Source/tasks.c **** 
 411:Middlewares/Third_Party/FreeRTOS/Source/tasks.c **** #if( configUSE_TICK_HOOK > 0 )
 412:Middlewares/Third_Party/FreeRTOS/Source/tasks.c **** 
 413:Middlewares/Third_Party/FreeRTOS/Source/tasks.c **** 	extern void vApplicationTickHook( void ); /*lint !e526 Symbol not defined as it is an application 
 414:Middlewares/Third_Party/FreeRTOS/Source/tasks.c **** 
 415:Middlewares/Third_Party/FreeRTOS/Source/tasks.c **** #endif
 416:Middlewares/Third_Party/FreeRTOS/Source/tasks.c **** 
 417:Middlewares/Third_Party/FreeRTOS/Source/tasks.c **** #if( configSUPPORT_STATIC_ALLOCATION == 1 )
 418:Middlewares/Third_Party/FreeRTOS/Source/tasks.c **** 
 419:Middlewares/Third_Party/FreeRTOS/Source/tasks.c **** 	extern void vApplicationGetIdleTaskMemory( StaticTask_t **ppxIdleTaskTCBBuffer, StackType_t **ppxI
 420:Middlewares/Third_Party/FreeRTOS/Source/tasks.c **** 
 421:Middlewares/Third_Party/FreeRTOS/Source/tasks.c **** #endif
 422:Middlewares/Third_Party/FreeRTOS/Source/tasks.c **** 
 423:Middlewares/Third_Party/FreeRTOS/Source/tasks.c **** /* File private functions. --------------------------------*/
 424:Middlewares/Third_Party/FreeRTOS/Source/tasks.c **** 
 425:Middlewares/Third_Party/FreeRTOS/Source/tasks.c **** /**
 426:Middlewares/Third_Party/FreeRTOS/Source/tasks.c ****  * Utility task that simply returns pdTRUE if the task referenced by xTask is
 427:Middlewares/Third_Party/FreeRTOS/Source/tasks.c ****  * currently in the Suspended state, or pdFALSE if the task referenced by xTask
 428:Middlewares/Third_Party/FreeRTOS/Source/tasks.c ****  * is in any other state.
 429:Middlewares/Third_Party/FreeRTOS/Source/tasks.c ****  */
ARM GAS  /tmp/ccbSDz7D.s 			page 9


 430:Middlewares/Third_Party/FreeRTOS/Source/tasks.c **** #if ( INCLUDE_vTaskSuspend == 1 )
 431:Middlewares/Third_Party/FreeRTOS/Source/tasks.c **** 
 432:Middlewares/Third_Party/FreeRTOS/Source/tasks.c **** 	static BaseType_t prvTaskIsTaskSuspended( const TaskHandle_t xTask ) PRIVILEGED_FUNCTION;
 433:Middlewares/Third_Party/FreeRTOS/Source/tasks.c **** 
 434:Middlewares/Third_Party/FreeRTOS/Source/tasks.c **** #endif /* INCLUDE_vTaskSuspend */
 435:Middlewares/Third_Party/FreeRTOS/Source/tasks.c **** 
 436:Middlewares/Third_Party/FreeRTOS/Source/tasks.c **** /*
 437:Middlewares/Third_Party/FreeRTOS/Source/tasks.c ****  * Utility to ready all the lists used by the scheduler.  This is called
 438:Middlewares/Third_Party/FreeRTOS/Source/tasks.c ****  * automatically upon the creation of the first task.
 439:Middlewares/Third_Party/FreeRTOS/Source/tasks.c ****  */
 440:Middlewares/Third_Party/FreeRTOS/Source/tasks.c **** static void prvInitialiseTaskLists( void ) PRIVILEGED_FUNCTION;
 441:Middlewares/Third_Party/FreeRTOS/Source/tasks.c **** 
 442:Middlewares/Third_Party/FreeRTOS/Source/tasks.c **** /*
 443:Middlewares/Third_Party/FreeRTOS/Source/tasks.c ****  * The idle task, which as all tasks is implemented as a never ending loop.
 444:Middlewares/Third_Party/FreeRTOS/Source/tasks.c ****  * The idle task is automatically created and added to the ready lists upon
 445:Middlewares/Third_Party/FreeRTOS/Source/tasks.c ****  * creation of the first user task.
 446:Middlewares/Third_Party/FreeRTOS/Source/tasks.c ****  *
 447:Middlewares/Third_Party/FreeRTOS/Source/tasks.c ****  * The portTASK_FUNCTION_PROTO() macro is used to allow port/compiler specific
 448:Middlewares/Third_Party/FreeRTOS/Source/tasks.c ****  * language extensions.  The equivalent prototype for this function is:
 449:Middlewares/Third_Party/FreeRTOS/Source/tasks.c ****  *
 450:Middlewares/Third_Party/FreeRTOS/Source/tasks.c ****  * void prvIdleTask( void *pvParameters );
 451:Middlewares/Third_Party/FreeRTOS/Source/tasks.c ****  *
 452:Middlewares/Third_Party/FreeRTOS/Source/tasks.c ****  */
 453:Middlewares/Third_Party/FreeRTOS/Source/tasks.c **** static portTASK_FUNCTION_PROTO( prvIdleTask, pvParameters );
 454:Middlewares/Third_Party/FreeRTOS/Source/tasks.c **** 
 455:Middlewares/Third_Party/FreeRTOS/Source/tasks.c **** /*
 456:Middlewares/Third_Party/FreeRTOS/Source/tasks.c ****  * Utility to free all memory allocated by the scheduler to hold a TCB,
 457:Middlewares/Third_Party/FreeRTOS/Source/tasks.c ****  * including the stack pointed to by the TCB.
 458:Middlewares/Third_Party/FreeRTOS/Source/tasks.c ****  *
 459:Middlewares/Third_Party/FreeRTOS/Source/tasks.c ****  * This does not free memory allocated by the task itself (i.e. memory
 460:Middlewares/Third_Party/FreeRTOS/Source/tasks.c ****  * allocated by calls to pvPortMalloc from within the tasks application code).
 461:Middlewares/Third_Party/FreeRTOS/Source/tasks.c ****  */
 462:Middlewares/Third_Party/FreeRTOS/Source/tasks.c **** #if ( INCLUDE_vTaskDelete == 1 )
 463:Middlewares/Third_Party/FreeRTOS/Source/tasks.c **** 
 464:Middlewares/Third_Party/FreeRTOS/Source/tasks.c **** 	static void prvDeleteTCB( TCB_t *pxTCB ) PRIVILEGED_FUNCTION;
 465:Middlewares/Third_Party/FreeRTOS/Source/tasks.c **** 
 466:Middlewares/Third_Party/FreeRTOS/Source/tasks.c **** #endif
 467:Middlewares/Third_Party/FreeRTOS/Source/tasks.c **** 
 468:Middlewares/Third_Party/FreeRTOS/Source/tasks.c **** /*
 469:Middlewares/Third_Party/FreeRTOS/Source/tasks.c ****  * Used only by the idle task.  This checks to see if anything has been placed
 470:Middlewares/Third_Party/FreeRTOS/Source/tasks.c ****  * in the list of tasks waiting to be deleted.  If so the task is cleaned up
 471:Middlewares/Third_Party/FreeRTOS/Source/tasks.c ****  * and its TCB deleted.
 472:Middlewares/Third_Party/FreeRTOS/Source/tasks.c ****  */
 473:Middlewares/Third_Party/FreeRTOS/Source/tasks.c **** static void prvCheckTasksWaitingTermination( void ) PRIVILEGED_FUNCTION;
 474:Middlewares/Third_Party/FreeRTOS/Source/tasks.c **** 
 475:Middlewares/Third_Party/FreeRTOS/Source/tasks.c **** /*
 476:Middlewares/Third_Party/FreeRTOS/Source/tasks.c ****  * The currently executing task is entering the Blocked state.  Add the task to
 477:Middlewares/Third_Party/FreeRTOS/Source/tasks.c ****  * either the current or the overflow delayed task list.
 478:Middlewares/Third_Party/FreeRTOS/Source/tasks.c ****  */
 479:Middlewares/Third_Party/FreeRTOS/Source/tasks.c **** static void prvAddCurrentTaskToDelayedList( TickType_t xTicksToWait, const BaseType_t xCanBlockInde
 480:Middlewares/Third_Party/FreeRTOS/Source/tasks.c **** 
 481:Middlewares/Third_Party/FreeRTOS/Source/tasks.c **** /*
 482:Middlewares/Third_Party/FreeRTOS/Source/tasks.c ****  * Fills an TaskStatus_t structure with information on each task that is
 483:Middlewares/Third_Party/FreeRTOS/Source/tasks.c ****  * referenced from the pxList list (which may be a ready list, a delayed list,
 484:Middlewares/Third_Party/FreeRTOS/Source/tasks.c ****  * a suspended list, etc.).
 485:Middlewares/Third_Party/FreeRTOS/Source/tasks.c ****  *
 486:Middlewares/Third_Party/FreeRTOS/Source/tasks.c ****  * THIS FUNCTION IS INTENDED FOR DEBUGGING ONLY, AND SHOULD NOT BE CALLED FROM
ARM GAS  /tmp/ccbSDz7D.s 			page 10


 487:Middlewares/Third_Party/FreeRTOS/Source/tasks.c ****  * NORMAL APPLICATION CODE.
 488:Middlewares/Third_Party/FreeRTOS/Source/tasks.c ****  */
 489:Middlewares/Third_Party/FreeRTOS/Source/tasks.c **** #if ( configUSE_TRACE_FACILITY == 1 )
 490:Middlewares/Third_Party/FreeRTOS/Source/tasks.c **** 
 491:Middlewares/Third_Party/FreeRTOS/Source/tasks.c **** 	static UBaseType_t prvListTasksWithinSingleList( TaskStatus_t *pxTaskStatusArray, List_t *pxList, 
 492:Middlewares/Third_Party/FreeRTOS/Source/tasks.c **** 
 493:Middlewares/Third_Party/FreeRTOS/Source/tasks.c **** #endif
 494:Middlewares/Third_Party/FreeRTOS/Source/tasks.c **** 
 495:Middlewares/Third_Party/FreeRTOS/Source/tasks.c **** /*
 496:Middlewares/Third_Party/FreeRTOS/Source/tasks.c ****  * Searches pxList for a task with name pcNameToQuery - returning a handle to
 497:Middlewares/Third_Party/FreeRTOS/Source/tasks.c ****  * the task if it is found, or NULL if the task is not found.
 498:Middlewares/Third_Party/FreeRTOS/Source/tasks.c ****  */
 499:Middlewares/Third_Party/FreeRTOS/Source/tasks.c **** #if ( INCLUDE_xTaskGetHandle == 1 )
 500:Middlewares/Third_Party/FreeRTOS/Source/tasks.c **** 
 501:Middlewares/Third_Party/FreeRTOS/Source/tasks.c **** 	static TCB_t *prvSearchForNameWithinSingleList( List_t *pxList, const char pcNameToQuery[] ) PRIVI
 502:Middlewares/Third_Party/FreeRTOS/Source/tasks.c **** 
 503:Middlewares/Third_Party/FreeRTOS/Source/tasks.c **** #endif
 504:Middlewares/Third_Party/FreeRTOS/Source/tasks.c **** 
 505:Middlewares/Third_Party/FreeRTOS/Source/tasks.c **** /*
 506:Middlewares/Third_Party/FreeRTOS/Source/tasks.c ****  * When a task is created, the stack of the task is filled with a known value.
 507:Middlewares/Third_Party/FreeRTOS/Source/tasks.c ****  * This function determines the 'high water mark' of the task stack by
 508:Middlewares/Third_Party/FreeRTOS/Source/tasks.c ****  * determining how much of the stack remains at the original preset value.
 509:Middlewares/Third_Party/FreeRTOS/Source/tasks.c ****  */
 510:Middlewares/Third_Party/FreeRTOS/Source/tasks.c **** #if ( ( configUSE_TRACE_FACILITY == 1 ) || ( INCLUDE_uxTaskGetStackHighWaterMark == 1 ) || ( INCLUD
 511:Middlewares/Third_Party/FreeRTOS/Source/tasks.c **** 
 512:Middlewares/Third_Party/FreeRTOS/Source/tasks.c **** 	static configSTACK_DEPTH_TYPE prvTaskCheckFreeStackSpace( const uint8_t * pucStackByte ) PRIVILEGE
 513:Middlewares/Third_Party/FreeRTOS/Source/tasks.c **** 
 514:Middlewares/Third_Party/FreeRTOS/Source/tasks.c **** #endif
 515:Middlewares/Third_Party/FreeRTOS/Source/tasks.c **** 
 516:Middlewares/Third_Party/FreeRTOS/Source/tasks.c **** /*
 517:Middlewares/Third_Party/FreeRTOS/Source/tasks.c ****  * Return the amount of time, in ticks, that will pass before the kernel will
 518:Middlewares/Third_Party/FreeRTOS/Source/tasks.c ****  * next move a task from the Blocked state to the Running state.
 519:Middlewares/Third_Party/FreeRTOS/Source/tasks.c ****  *
 520:Middlewares/Third_Party/FreeRTOS/Source/tasks.c ****  * This conditional compilation should use inequality to 0, not equality to 1.
 521:Middlewares/Third_Party/FreeRTOS/Source/tasks.c ****  * This is to ensure portSUPPRESS_TICKS_AND_SLEEP() can be called when user
 522:Middlewares/Third_Party/FreeRTOS/Source/tasks.c ****  * defined low power mode implementations require configUSE_TICKLESS_IDLE to be
 523:Middlewares/Third_Party/FreeRTOS/Source/tasks.c ****  * set to a value other than 1.
 524:Middlewares/Third_Party/FreeRTOS/Source/tasks.c ****  */
 525:Middlewares/Third_Party/FreeRTOS/Source/tasks.c **** #if ( configUSE_TICKLESS_IDLE != 0 )
 526:Middlewares/Third_Party/FreeRTOS/Source/tasks.c **** 
 527:Middlewares/Third_Party/FreeRTOS/Source/tasks.c **** 	static TickType_t prvGetExpectedIdleTime( void ) PRIVILEGED_FUNCTION;
 528:Middlewares/Third_Party/FreeRTOS/Source/tasks.c **** 
 529:Middlewares/Third_Party/FreeRTOS/Source/tasks.c **** #endif
 530:Middlewares/Third_Party/FreeRTOS/Source/tasks.c **** 
 531:Middlewares/Third_Party/FreeRTOS/Source/tasks.c **** /*
 532:Middlewares/Third_Party/FreeRTOS/Source/tasks.c ****  * Set xNextTaskUnblockTime to the time at which the next Blocked state task
 533:Middlewares/Third_Party/FreeRTOS/Source/tasks.c ****  * will exit the Blocked state.
 534:Middlewares/Third_Party/FreeRTOS/Source/tasks.c ****  */
 535:Middlewares/Third_Party/FreeRTOS/Source/tasks.c **** static void prvResetNextTaskUnblockTime( void );
 536:Middlewares/Third_Party/FreeRTOS/Source/tasks.c **** 
 537:Middlewares/Third_Party/FreeRTOS/Source/tasks.c **** #if ( ( configUSE_TRACE_FACILITY == 1 ) && ( configUSE_STATS_FORMATTING_FUNCTIONS > 0 ) )
 538:Middlewares/Third_Party/FreeRTOS/Source/tasks.c **** 
 539:Middlewares/Third_Party/FreeRTOS/Source/tasks.c **** 	/*
 540:Middlewares/Third_Party/FreeRTOS/Source/tasks.c **** 	 * Helper function used to pad task names with spaces when printing out
 541:Middlewares/Third_Party/FreeRTOS/Source/tasks.c **** 	 * human readable tables of task information.
 542:Middlewares/Third_Party/FreeRTOS/Source/tasks.c **** 	 */
 543:Middlewares/Third_Party/FreeRTOS/Source/tasks.c **** 	static char *prvWriteNameToBuffer( char *pcBuffer, const char *pcTaskName ) PRIVILEGED_FUNCTION;
ARM GAS  /tmp/ccbSDz7D.s 			page 11


 544:Middlewares/Third_Party/FreeRTOS/Source/tasks.c **** 
 545:Middlewares/Third_Party/FreeRTOS/Source/tasks.c **** #endif
 546:Middlewares/Third_Party/FreeRTOS/Source/tasks.c **** 
 547:Middlewares/Third_Party/FreeRTOS/Source/tasks.c **** /*
 548:Middlewares/Third_Party/FreeRTOS/Source/tasks.c ****  * Called after a Task_t structure has been allocated either statically or
 549:Middlewares/Third_Party/FreeRTOS/Source/tasks.c ****  * dynamically to fill in the structure's members.
 550:Middlewares/Third_Party/FreeRTOS/Source/tasks.c ****  */
 551:Middlewares/Third_Party/FreeRTOS/Source/tasks.c **** static void prvInitialiseNewTask( 	TaskFunction_t pxTaskCode,
 552:Middlewares/Third_Party/FreeRTOS/Source/tasks.c **** 									const char * const pcName, 		/*lint !e971 Unqualified char types are allowed for strings a
 553:Middlewares/Third_Party/FreeRTOS/Source/tasks.c **** 									const uint32_t ulStackDepth,
 554:Middlewares/Third_Party/FreeRTOS/Source/tasks.c **** 									void * const pvParameters,
 555:Middlewares/Third_Party/FreeRTOS/Source/tasks.c **** 									UBaseType_t uxPriority,
 556:Middlewares/Third_Party/FreeRTOS/Source/tasks.c **** 									TaskHandle_t * const pxCreatedTask,
 557:Middlewares/Third_Party/FreeRTOS/Source/tasks.c **** 									TCB_t *pxNewTCB,
 558:Middlewares/Third_Party/FreeRTOS/Source/tasks.c **** 									const MemoryRegion_t * const xRegions ) PRIVILEGED_FUNCTION;
 559:Middlewares/Third_Party/FreeRTOS/Source/tasks.c **** 
 560:Middlewares/Third_Party/FreeRTOS/Source/tasks.c **** /*
 561:Middlewares/Third_Party/FreeRTOS/Source/tasks.c ****  * Called after a new task has been created and initialised to place the task
 562:Middlewares/Third_Party/FreeRTOS/Source/tasks.c ****  * under the control of the scheduler.
 563:Middlewares/Third_Party/FreeRTOS/Source/tasks.c ****  */
 564:Middlewares/Third_Party/FreeRTOS/Source/tasks.c **** static void prvAddNewTaskToReadyList( TCB_t *pxNewTCB ) PRIVILEGED_FUNCTION;
 565:Middlewares/Third_Party/FreeRTOS/Source/tasks.c **** 
 566:Middlewares/Third_Party/FreeRTOS/Source/tasks.c **** /*
 567:Middlewares/Third_Party/FreeRTOS/Source/tasks.c ****  * freertos_tasks_c_additions_init() should only be called if the user definable
 568:Middlewares/Third_Party/FreeRTOS/Source/tasks.c ****  * macro FREERTOS_TASKS_C_ADDITIONS_INIT() is defined, as that is the only macro
 569:Middlewares/Third_Party/FreeRTOS/Source/tasks.c ****  * called by the function.
 570:Middlewares/Third_Party/FreeRTOS/Source/tasks.c ****  */
 571:Middlewares/Third_Party/FreeRTOS/Source/tasks.c **** #ifdef FREERTOS_TASKS_C_ADDITIONS_INIT
 572:Middlewares/Third_Party/FreeRTOS/Source/tasks.c **** 
 573:Middlewares/Third_Party/FreeRTOS/Source/tasks.c **** 	static void freertos_tasks_c_additions_init( void ) PRIVILEGED_FUNCTION;
 574:Middlewares/Third_Party/FreeRTOS/Source/tasks.c **** 
 575:Middlewares/Third_Party/FreeRTOS/Source/tasks.c **** #endif
 576:Middlewares/Third_Party/FreeRTOS/Source/tasks.c **** 
 577:Middlewares/Third_Party/FreeRTOS/Source/tasks.c **** /*-----------------------------------------------------------*/
 578:Middlewares/Third_Party/FreeRTOS/Source/tasks.c **** 
 579:Middlewares/Third_Party/FreeRTOS/Source/tasks.c **** #if( configSUPPORT_STATIC_ALLOCATION == 1 )
 580:Middlewares/Third_Party/FreeRTOS/Source/tasks.c **** 
 581:Middlewares/Third_Party/FreeRTOS/Source/tasks.c **** 	TaskHandle_t xTaskCreateStatic(	TaskFunction_t pxTaskCode,
 582:Middlewares/Third_Party/FreeRTOS/Source/tasks.c **** 									const char * const pcName,		/*lint !e971 Unqualified char types are allowed for strings an
 583:Middlewares/Third_Party/FreeRTOS/Source/tasks.c **** 									const uint32_t ulStackDepth,
 584:Middlewares/Third_Party/FreeRTOS/Source/tasks.c **** 									void * const pvParameters,
 585:Middlewares/Third_Party/FreeRTOS/Source/tasks.c **** 									UBaseType_t uxPriority,
 586:Middlewares/Third_Party/FreeRTOS/Source/tasks.c **** 									StackType_t * const puxStackBuffer,
 587:Middlewares/Third_Party/FreeRTOS/Source/tasks.c **** 									StaticTask_t * const pxTaskBuffer )
 588:Middlewares/Third_Party/FreeRTOS/Source/tasks.c **** 	{
 589:Middlewares/Third_Party/FreeRTOS/Source/tasks.c **** 	TCB_t *pxNewTCB;
 590:Middlewares/Third_Party/FreeRTOS/Source/tasks.c **** 	TaskHandle_t xReturn;
 591:Middlewares/Third_Party/FreeRTOS/Source/tasks.c **** 
 592:Middlewares/Third_Party/FreeRTOS/Source/tasks.c **** 		configASSERT( puxStackBuffer != NULL );
 593:Middlewares/Third_Party/FreeRTOS/Source/tasks.c **** 		configASSERT( pxTaskBuffer != NULL );
 594:Middlewares/Third_Party/FreeRTOS/Source/tasks.c **** 
 595:Middlewares/Third_Party/FreeRTOS/Source/tasks.c **** 		#if( configASSERT_DEFINED == 1 )
 596:Middlewares/Third_Party/FreeRTOS/Source/tasks.c **** 		{
 597:Middlewares/Third_Party/FreeRTOS/Source/tasks.c **** 			/* Sanity check that the size of the structure used to declare a
 598:Middlewares/Third_Party/FreeRTOS/Source/tasks.c **** 			variable of type StaticTask_t equals the size of the real task
 599:Middlewares/Third_Party/FreeRTOS/Source/tasks.c **** 			structure. */
 600:Middlewares/Third_Party/FreeRTOS/Source/tasks.c **** 			volatile size_t xSize = sizeof( StaticTask_t );
ARM GAS  /tmp/ccbSDz7D.s 			page 12


 601:Middlewares/Third_Party/FreeRTOS/Source/tasks.c **** 			configASSERT( xSize == sizeof( TCB_t ) );
 602:Middlewares/Third_Party/FreeRTOS/Source/tasks.c **** 			( void ) xSize; /* Prevent lint warning when configASSERT() is not used. */
 603:Middlewares/Third_Party/FreeRTOS/Source/tasks.c **** 		}
 604:Middlewares/Third_Party/FreeRTOS/Source/tasks.c **** 		#endif /* configASSERT_DEFINED */
 605:Middlewares/Third_Party/FreeRTOS/Source/tasks.c **** 
 606:Middlewares/Third_Party/FreeRTOS/Source/tasks.c **** 
 607:Middlewares/Third_Party/FreeRTOS/Source/tasks.c **** 		if( ( pxTaskBuffer != NULL ) && ( puxStackBuffer != NULL ) )
 608:Middlewares/Third_Party/FreeRTOS/Source/tasks.c **** 		{
 609:Middlewares/Third_Party/FreeRTOS/Source/tasks.c **** 			/* The memory used for the task's TCB and stack are passed into this
 610:Middlewares/Third_Party/FreeRTOS/Source/tasks.c **** 			function - use them. */
 611:Middlewares/Third_Party/FreeRTOS/Source/tasks.c **** 			pxNewTCB = ( TCB_t * ) pxTaskBuffer; /*lint !e740 !e9087 Unusual cast is ok as the structures ar
 612:Middlewares/Third_Party/FreeRTOS/Source/tasks.c **** 			pxNewTCB->pxStack = ( StackType_t * ) puxStackBuffer;
 613:Middlewares/Third_Party/FreeRTOS/Source/tasks.c **** 
 614:Middlewares/Third_Party/FreeRTOS/Source/tasks.c **** 			#if( tskSTATIC_AND_DYNAMIC_ALLOCATION_POSSIBLE != 0 ) /*lint !e731 !e9029 Macro has been consoli
 615:Middlewares/Third_Party/FreeRTOS/Source/tasks.c **** 			{
 616:Middlewares/Third_Party/FreeRTOS/Source/tasks.c **** 				/* Tasks can be created statically or dynamically, so note this
 617:Middlewares/Third_Party/FreeRTOS/Source/tasks.c **** 				task was created statically in case the task is later deleted. */
 618:Middlewares/Third_Party/FreeRTOS/Source/tasks.c **** 				pxNewTCB->ucStaticallyAllocated = tskSTATICALLY_ALLOCATED_STACK_AND_TCB;
 619:Middlewares/Third_Party/FreeRTOS/Source/tasks.c **** 			}
 620:Middlewares/Third_Party/FreeRTOS/Source/tasks.c **** 			#endif /* tskSTATIC_AND_DYNAMIC_ALLOCATION_POSSIBLE */
 621:Middlewares/Third_Party/FreeRTOS/Source/tasks.c **** 
 622:Middlewares/Third_Party/FreeRTOS/Source/tasks.c **** 			prvInitialiseNewTask( pxTaskCode, pcName, ulStackDepth, pvParameters, uxPriority, &xReturn, pxNe
 623:Middlewares/Third_Party/FreeRTOS/Source/tasks.c **** 			prvAddNewTaskToReadyList( pxNewTCB );
 624:Middlewares/Third_Party/FreeRTOS/Source/tasks.c **** 		}
 625:Middlewares/Third_Party/FreeRTOS/Source/tasks.c **** 		else
 626:Middlewares/Third_Party/FreeRTOS/Source/tasks.c **** 		{
 627:Middlewares/Third_Party/FreeRTOS/Source/tasks.c **** 			xReturn = NULL;
 628:Middlewares/Third_Party/FreeRTOS/Source/tasks.c **** 		}
 629:Middlewares/Third_Party/FreeRTOS/Source/tasks.c **** 
 630:Middlewares/Third_Party/FreeRTOS/Source/tasks.c **** 		return xReturn;
 631:Middlewares/Third_Party/FreeRTOS/Source/tasks.c **** 	}
 632:Middlewares/Third_Party/FreeRTOS/Source/tasks.c **** 
 633:Middlewares/Third_Party/FreeRTOS/Source/tasks.c **** #endif /* SUPPORT_STATIC_ALLOCATION */
 634:Middlewares/Third_Party/FreeRTOS/Source/tasks.c **** /*-----------------------------------------------------------*/
 635:Middlewares/Third_Party/FreeRTOS/Source/tasks.c **** 
 636:Middlewares/Third_Party/FreeRTOS/Source/tasks.c **** #if( ( portUSING_MPU_WRAPPERS == 1 ) && ( configSUPPORT_STATIC_ALLOCATION == 1 ) )
 637:Middlewares/Third_Party/FreeRTOS/Source/tasks.c **** 
 638:Middlewares/Third_Party/FreeRTOS/Source/tasks.c **** 	BaseType_t xTaskCreateRestrictedStatic( const TaskParameters_t * const pxTaskDefinition, TaskHandl
 639:Middlewares/Third_Party/FreeRTOS/Source/tasks.c **** 	{
 640:Middlewares/Third_Party/FreeRTOS/Source/tasks.c **** 	TCB_t *pxNewTCB;
 641:Middlewares/Third_Party/FreeRTOS/Source/tasks.c **** 	BaseType_t xReturn = errCOULD_NOT_ALLOCATE_REQUIRED_MEMORY;
 642:Middlewares/Third_Party/FreeRTOS/Source/tasks.c **** 
 643:Middlewares/Third_Party/FreeRTOS/Source/tasks.c **** 		configASSERT( pxTaskDefinition->puxStackBuffer != NULL );
 644:Middlewares/Third_Party/FreeRTOS/Source/tasks.c **** 		configASSERT( pxTaskDefinition->pxTaskBuffer != NULL );
 645:Middlewares/Third_Party/FreeRTOS/Source/tasks.c **** 
 646:Middlewares/Third_Party/FreeRTOS/Source/tasks.c **** 		if( ( pxTaskDefinition->puxStackBuffer != NULL ) && ( pxTaskDefinition->pxTaskBuffer != NULL ) )
 647:Middlewares/Third_Party/FreeRTOS/Source/tasks.c **** 		{
 648:Middlewares/Third_Party/FreeRTOS/Source/tasks.c **** 			/* Allocate space for the TCB.  Where the memory comes from depends
 649:Middlewares/Third_Party/FreeRTOS/Source/tasks.c **** 			on the implementation of the port malloc function and whether or
 650:Middlewares/Third_Party/FreeRTOS/Source/tasks.c **** 			not static allocation is being used. */
 651:Middlewares/Third_Party/FreeRTOS/Source/tasks.c **** 			pxNewTCB = ( TCB_t * ) pxTaskDefinition->pxTaskBuffer;
 652:Middlewares/Third_Party/FreeRTOS/Source/tasks.c **** 
 653:Middlewares/Third_Party/FreeRTOS/Source/tasks.c **** 			/* Store the stack location in the TCB. */
 654:Middlewares/Third_Party/FreeRTOS/Source/tasks.c **** 			pxNewTCB->pxStack = pxTaskDefinition->puxStackBuffer;
 655:Middlewares/Third_Party/FreeRTOS/Source/tasks.c **** 
 656:Middlewares/Third_Party/FreeRTOS/Source/tasks.c **** 			#if( tskSTATIC_AND_DYNAMIC_ALLOCATION_POSSIBLE != 0 )
 657:Middlewares/Third_Party/FreeRTOS/Source/tasks.c **** 			{
ARM GAS  /tmp/ccbSDz7D.s 			page 13


 658:Middlewares/Third_Party/FreeRTOS/Source/tasks.c **** 				/* Tasks can be created statically or dynamically, so note this
 659:Middlewares/Third_Party/FreeRTOS/Source/tasks.c **** 				task was created statically in case the task is later deleted. */
 660:Middlewares/Third_Party/FreeRTOS/Source/tasks.c **** 				pxNewTCB->ucStaticallyAllocated = tskSTATICALLY_ALLOCATED_STACK_AND_TCB;
 661:Middlewares/Third_Party/FreeRTOS/Source/tasks.c **** 			}
 662:Middlewares/Third_Party/FreeRTOS/Source/tasks.c **** 			#endif /* tskSTATIC_AND_DYNAMIC_ALLOCATION_POSSIBLE */
 663:Middlewares/Third_Party/FreeRTOS/Source/tasks.c **** 
 664:Middlewares/Third_Party/FreeRTOS/Source/tasks.c **** 			prvInitialiseNewTask(	pxTaskDefinition->pvTaskCode,
 665:Middlewares/Third_Party/FreeRTOS/Source/tasks.c **** 									pxTaskDefinition->pcName,
 666:Middlewares/Third_Party/FreeRTOS/Source/tasks.c **** 									( uint32_t ) pxTaskDefinition->usStackDepth,
 667:Middlewares/Third_Party/FreeRTOS/Source/tasks.c **** 									pxTaskDefinition->pvParameters,
 668:Middlewares/Third_Party/FreeRTOS/Source/tasks.c **** 									pxTaskDefinition->uxPriority,
 669:Middlewares/Third_Party/FreeRTOS/Source/tasks.c **** 									pxCreatedTask, pxNewTCB,
 670:Middlewares/Third_Party/FreeRTOS/Source/tasks.c **** 									pxTaskDefinition->xRegions );
 671:Middlewares/Third_Party/FreeRTOS/Source/tasks.c **** 
 672:Middlewares/Third_Party/FreeRTOS/Source/tasks.c **** 			prvAddNewTaskToReadyList( pxNewTCB );
 673:Middlewares/Third_Party/FreeRTOS/Source/tasks.c **** 			xReturn = pdPASS;
 674:Middlewares/Third_Party/FreeRTOS/Source/tasks.c **** 		}
 675:Middlewares/Third_Party/FreeRTOS/Source/tasks.c **** 
 676:Middlewares/Third_Party/FreeRTOS/Source/tasks.c **** 		return xReturn;
 677:Middlewares/Third_Party/FreeRTOS/Source/tasks.c **** 	}
 678:Middlewares/Third_Party/FreeRTOS/Source/tasks.c **** 
 679:Middlewares/Third_Party/FreeRTOS/Source/tasks.c **** #endif /* ( portUSING_MPU_WRAPPERS == 1 ) && ( configSUPPORT_STATIC_ALLOCATION == 1 ) */
 680:Middlewares/Third_Party/FreeRTOS/Source/tasks.c **** /*-----------------------------------------------------------*/
 681:Middlewares/Third_Party/FreeRTOS/Source/tasks.c **** 
 682:Middlewares/Third_Party/FreeRTOS/Source/tasks.c **** #if( ( portUSING_MPU_WRAPPERS == 1 ) && ( configSUPPORT_DYNAMIC_ALLOCATION == 1 ) )
 683:Middlewares/Third_Party/FreeRTOS/Source/tasks.c **** 
 684:Middlewares/Third_Party/FreeRTOS/Source/tasks.c **** 	BaseType_t xTaskCreateRestricted( const TaskParameters_t * const pxTaskDefinition, TaskHandle_t *p
 685:Middlewares/Third_Party/FreeRTOS/Source/tasks.c **** 	{
 686:Middlewares/Third_Party/FreeRTOS/Source/tasks.c **** 	TCB_t *pxNewTCB;
 687:Middlewares/Third_Party/FreeRTOS/Source/tasks.c **** 	BaseType_t xReturn = errCOULD_NOT_ALLOCATE_REQUIRED_MEMORY;
 688:Middlewares/Third_Party/FreeRTOS/Source/tasks.c **** 
 689:Middlewares/Third_Party/FreeRTOS/Source/tasks.c **** 		configASSERT( pxTaskDefinition->puxStackBuffer );
 690:Middlewares/Third_Party/FreeRTOS/Source/tasks.c **** 
 691:Middlewares/Third_Party/FreeRTOS/Source/tasks.c **** 		if( pxTaskDefinition->puxStackBuffer != NULL )
 692:Middlewares/Third_Party/FreeRTOS/Source/tasks.c **** 		{
 693:Middlewares/Third_Party/FreeRTOS/Source/tasks.c **** 			/* Allocate space for the TCB.  Where the memory comes from depends
 694:Middlewares/Third_Party/FreeRTOS/Source/tasks.c **** 			on the implementation of the port malloc function and whether or
 695:Middlewares/Third_Party/FreeRTOS/Source/tasks.c **** 			not static allocation is being used. */
 696:Middlewares/Third_Party/FreeRTOS/Source/tasks.c **** 			pxNewTCB = ( TCB_t * ) pvPortMalloc( sizeof( TCB_t ) );
 697:Middlewares/Third_Party/FreeRTOS/Source/tasks.c **** 
 698:Middlewares/Third_Party/FreeRTOS/Source/tasks.c **** 			if( pxNewTCB != NULL )
 699:Middlewares/Third_Party/FreeRTOS/Source/tasks.c **** 			{
 700:Middlewares/Third_Party/FreeRTOS/Source/tasks.c **** 				/* Store the stack location in the TCB. */
 701:Middlewares/Third_Party/FreeRTOS/Source/tasks.c **** 				pxNewTCB->pxStack = pxTaskDefinition->puxStackBuffer;
 702:Middlewares/Third_Party/FreeRTOS/Source/tasks.c **** 
 703:Middlewares/Third_Party/FreeRTOS/Source/tasks.c **** 				#if( tskSTATIC_AND_DYNAMIC_ALLOCATION_POSSIBLE != 0 )
 704:Middlewares/Third_Party/FreeRTOS/Source/tasks.c **** 				{
 705:Middlewares/Third_Party/FreeRTOS/Source/tasks.c **** 					/* Tasks can be created statically or dynamically, so note
 706:Middlewares/Third_Party/FreeRTOS/Source/tasks.c **** 					this task had a statically allocated stack in case it is
 707:Middlewares/Third_Party/FreeRTOS/Source/tasks.c **** 					later deleted.  The TCB was allocated dynamically. */
 708:Middlewares/Third_Party/FreeRTOS/Source/tasks.c **** 					pxNewTCB->ucStaticallyAllocated = tskSTATICALLY_ALLOCATED_STACK_ONLY;
 709:Middlewares/Third_Party/FreeRTOS/Source/tasks.c **** 				}
 710:Middlewares/Third_Party/FreeRTOS/Source/tasks.c **** 				#endif /* tskSTATIC_AND_DYNAMIC_ALLOCATION_POSSIBLE */
 711:Middlewares/Third_Party/FreeRTOS/Source/tasks.c **** 
 712:Middlewares/Third_Party/FreeRTOS/Source/tasks.c **** 				prvInitialiseNewTask(	pxTaskDefinition->pvTaskCode,
 713:Middlewares/Third_Party/FreeRTOS/Source/tasks.c **** 										pxTaskDefinition->pcName,
 714:Middlewares/Third_Party/FreeRTOS/Source/tasks.c **** 										( uint32_t ) pxTaskDefinition->usStackDepth,
ARM GAS  /tmp/ccbSDz7D.s 			page 14


 715:Middlewares/Third_Party/FreeRTOS/Source/tasks.c **** 										pxTaskDefinition->pvParameters,
 716:Middlewares/Third_Party/FreeRTOS/Source/tasks.c **** 										pxTaskDefinition->uxPriority,
 717:Middlewares/Third_Party/FreeRTOS/Source/tasks.c **** 										pxCreatedTask, pxNewTCB,
 718:Middlewares/Third_Party/FreeRTOS/Source/tasks.c **** 										pxTaskDefinition->xRegions );
 719:Middlewares/Third_Party/FreeRTOS/Source/tasks.c **** 
 720:Middlewares/Third_Party/FreeRTOS/Source/tasks.c **** 				prvAddNewTaskToReadyList( pxNewTCB );
 721:Middlewares/Third_Party/FreeRTOS/Source/tasks.c **** 				xReturn = pdPASS;
 722:Middlewares/Third_Party/FreeRTOS/Source/tasks.c **** 			}
 723:Middlewares/Third_Party/FreeRTOS/Source/tasks.c **** 		}
 724:Middlewares/Third_Party/FreeRTOS/Source/tasks.c **** 
 725:Middlewares/Third_Party/FreeRTOS/Source/tasks.c **** 		return xReturn;
 726:Middlewares/Third_Party/FreeRTOS/Source/tasks.c **** 	}
 727:Middlewares/Third_Party/FreeRTOS/Source/tasks.c **** 
 728:Middlewares/Third_Party/FreeRTOS/Source/tasks.c **** #endif /* portUSING_MPU_WRAPPERS */
 729:Middlewares/Third_Party/FreeRTOS/Source/tasks.c **** /*-----------------------------------------------------------*/
 730:Middlewares/Third_Party/FreeRTOS/Source/tasks.c **** 
 731:Middlewares/Third_Party/FreeRTOS/Source/tasks.c **** #if( configSUPPORT_DYNAMIC_ALLOCATION == 1 )
 732:Middlewares/Third_Party/FreeRTOS/Source/tasks.c **** 
 733:Middlewares/Third_Party/FreeRTOS/Source/tasks.c **** 	BaseType_t xTaskCreate(	TaskFunction_t pxTaskCode,
 734:Middlewares/Third_Party/FreeRTOS/Source/tasks.c **** 							const char * const pcName,		/*lint !e971 Unqualified char types are allowed for strings and 
 735:Middlewares/Third_Party/FreeRTOS/Source/tasks.c **** 							const configSTACK_DEPTH_TYPE usStackDepth,
 736:Middlewares/Third_Party/FreeRTOS/Source/tasks.c **** 							void * const pvParameters,
 737:Middlewares/Third_Party/FreeRTOS/Source/tasks.c **** 							UBaseType_t uxPriority,
 738:Middlewares/Third_Party/FreeRTOS/Source/tasks.c **** 							TaskHandle_t * const pxCreatedTask )
 739:Middlewares/Third_Party/FreeRTOS/Source/tasks.c **** 	{
 740:Middlewares/Third_Party/FreeRTOS/Source/tasks.c **** 	TCB_t *pxNewTCB;
 741:Middlewares/Third_Party/FreeRTOS/Source/tasks.c **** 	BaseType_t xReturn;
 742:Middlewares/Third_Party/FreeRTOS/Source/tasks.c **** 
 743:Middlewares/Third_Party/FreeRTOS/Source/tasks.c **** 		/* If the stack grows down then allocate the stack then the TCB so the stack
 744:Middlewares/Third_Party/FreeRTOS/Source/tasks.c **** 		does not grow into the TCB.  Likewise if the stack grows up then allocate
 745:Middlewares/Third_Party/FreeRTOS/Source/tasks.c **** 		the TCB then the stack. */
 746:Middlewares/Third_Party/FreeRTOS/Source/tasks.c **** 		#if( portSTACK_GROWTH > 0 )
 747:Middlewares/Third_Party/FreeRTOS/Source/tasks.c **** 		{
 748:Middlewares/Third_Party/FreeRTOS/Source/tasks.c **** 			/* Allocate space for the TCB.  Where the memory comes from depends on
 749:Middlewares/Third_Party/FreeRTOS/Source/tasks.c **** 			the implementation of the port malloc function and whether or not static
 750:Middlewares/Third_Party/FreeRTOS/Source/tasks.c **** 			allocation is being used. */
 751:Middlewares/Third_Party/FreeRTOS/Source/tasks.c **** 			pxNewTCB = ( TCB_t * ) pvPortMalloc( sizeof( TCB_t ) );
 752:Middlewares/Third_Party/FreeRTOS/Source/tasks.c **** 
 753:Middlewares/Third_Party/FreeRTOS/Source/tasks.c **** 			if( pxNewTCB != NULL )
 754:Middlewares/Third_Party/FreeRTOS/Source/tasks.c **** 			{
 755:Middlewares/Third_Party/FreeRTOS/Source/tasks.c **** 				/* Allocate space for the stack used by the task being created.
 756:Middlewares/Third_Party/FreeRTOS/Source/tasks.c **** 				The base of the stack memory stored in the TCB so the task can
 757:Middlewares/Third_Party/FreeRTOS/Source/tasks.c **** 				be deleted later if required. */
 758:Middlewares/Third_Party/FreeRTOS/Source/tasks.c **** 				pxNewTCB->pxStack = ( StackType_t * ) pvPortMalloc( ( ( ( size_t ) usStackDepth ) * sizeof( Sta
 759:Middlewares/Third_Party/FreeRTOS/Source/tasks.c **** 
 760:Middlewares/Third_Party/FreeRTOS/Source/tasks.c **** 				if( pxNewTCB->pxStack == NULL )
 761:Middlewares/Third_Party/FreeRTOS/Source/tasks.c **** 				{
 762:Middlewares/Third_Party/FreeRTOS/Source/tasks.c **** 					/* Could not allocate the stack.  Delete the allocated TCB. */
 763:Middlewares/Third_Party/FreeRTOS/Source/tasks.c **** 					vPortFree( pxNewTCB );
 764:Middlewares/Third_Party/FreeRTOS/Source/tasks.c **** 					pxNewTCB = NULL;
 765:Middlewares/Third_Party/FreeRTOS/Source/tasks.c **** 				}
 766:Middlewares/Third_Party/FreeRTOS/Source/tasks.c **** 			}
 767:Middlewares/Third_Party/FreeRTOS/Source/tasks.c **** 		}
 768:Middlewares/Third_Party/FreeRTOS/Source/tasks.c **** 		#else /* portSTACK_GROWTH */
 769:Middlewares/Third_Party/FreeRTOS/Source/tasks.c **** 		{
 770:Middlewares/Third_Party/FreeRTOS/Source/tasks.c **** 		StackType_t *pxStack;
 771:Middlewares/Third_Party/FreeRTOS/Source/tasks.c **** 
ARM GAS  /tmp/ccbSDz7D.s 			page 15


 772:Middlewares/Third_Party/FreeRTOS/Source/tasks.c **** 			/* Allocate space for the stack used by the task being created. */
 773:Middlewares/Third_Party/FreeRTOS/Source/tasks.c **** 			pxStack = pvPortMalloc( ( ( ( size_t ) usStackDepth ) * sizeof( StackType_t ) ) ); /*lint !e9079
 774:Middlewares/Third_Party/FreeRTOS/Source/tasks.c **** 
 775:Middlewares/Third_Party/FreeRTOS/Source/tasks.c **** 			if( pxStack != NULL )
 776:Middlewares/Third_Party/FreeRTOS/Source/tasks.c **** 			{
 777:Middlewares/Third_Party/FreeRTOS/Source/tasks.c **** 				/* Allocate space for the TCB. */
 778:Middlewares/Third_Party/FreeRTOS/Source/tasks.c **** 				pxNewTCB = ( TCB_t * ) pvPortMalloc( sizeof( TCB_t ) ); /*lint !e9087 !e9079 All values returne
 779:Middlewares/Third_Party/FreeRTOS/Source/tasks.c **** 
 780:Middlewares/Third_Party/FreeRTOS/Source/tasks.c **** 				if( pxNewTCB != NULL )
 781:Middlewares/Third_Party/FreeRTOS/Source/tasks.c **** 				{
 782:Middlewares/Third_Party/FreeRTOS/Source/tasks.c **** 					/* Store the stack location in the TCB. */
 783:Middlewares/Third_Party/FreeRTOS/Source/tasks.c **** 					pxNewTCB->pxStack = pxStack;
 784:Middlewares/Third_Party/FreeRTOS/Source/tasks.c **** 				}
 785:Middlewares/Third_Party/FreeRTOS/Source/tasks.c **** 				else
 786:Middlewares/Third_Party/FreeRTOS/Source/tasks.c **** 				{
 787:Middlewares/Third_Party/FreeRTOS/Source/tasks.c **** 					/* The stack cannot be used as the TCB was not created.  Free
 788:Middlewares/Third_Party/FreeRTOS/Source/tasks.c **** 					it again. */
 789:Middlewares/Third_Party/FreeRTOS/Source/tasks.c **** 					vPortFree( pxStack );
 790:Middlewares/Third_Party/FreeRTOS/Source/tasks.c **** 				}
 791:Middlewares/Third_Party/FreeRTOS/Source/tasks.c **** 			}
 792:Middlewares/Third_Party/FreeRTOS/Source/tasks.c **** 			else
 793:Middlewares/Third_Party/FreeRTOS/Source/tasks.c **** 			{
 794:Middlewares/Third_Party/FreeRTOS/Source/tasks.c **** 				pxNewTCB = NULL;
 795:Middlewares/Third_Party/FreeRTOS/Source/tasks.c **** 			}
 796:Middlewares/Third_Party/FreeRTOS/Source/tasks.c **** 		}
 797:Middlewares/Third_Party/FreeRTOS/Source/tasks.c **** 		#endif /* portSTACK_GROWTH */
 798:Middlewares/Third_Party/FreeRTOS/Source/tasks.c **** 
 799:Middlewares/Third_Party/FreeRTOS/Source/tasks.c **** 		if( pxNewTCB != NULL )
 800:Middlewares/Third_Party/FreeRTOS/Source/tasks.c **** 		{
 801:Middlewares/Third_Party/FreeRTOS/Source/tasks.c **** 			#if( tskSTATIC_AND_DYNAMIC_ALLOCATION_POSSIBLE != 0 ) /*lint !e9029 !e731 Macro has been consoli
 802:Middlewares/Third_Party/FreeRTOS/Source/tasks.c **** 			{
 803:Middlewares/Third_Party/FreeRTOS/Source/tasks.c **** 				/* Tasks can be created statically or dynamically, so note this
 804:Middlewares/Third_Party/FreeRTOS/Source/tasks.c **** 				task was created dynamically in case it is later deleted. */
 805:Middlewares/Third_Party/FreeRTOS/Source/tasks.c **** 				pxNewTCB->ucStaticallyAllocated = tskDYNAMICALLY_ALLOCATED_STACK_AND_TCB;
 806:Middlewares/Third_Party/FreeRTOS/Source/tasks.c **** 			}
 807:Middlewares/Third_Party/FreeRTOS/Source/tasks.c **** 			#endif /* tskSTATIC_AND_DYNAMIC_ALLOCATION_POSSIBLE */
 808:Middlewares/Third_Party/FreeRTOS/Source/tasks.c **** 
 809:Middlewares/Third_Party/FreeRTOS/Source/tasks.c **** 			prvInitialiseNewTask( pxTaskCode, pcName, ( uint32_t ) usStackDepth, pvParameters, uxPriority, p
 810:Middlewares/Third_Party/FreeRTOS/Source/tasks.c **** 			prvAddNewTaskToReadyList( pxNewTCB );
 811:Middlewares/Third_Party/FreeRTOS/Source/tasks.c **** 			xReturn = pdPASS;
 812:Middlewares/Third_Party/FreeRTOS/Source/tasks.c **** 		}
 813:Middlewares/Third_Party/FreeRTOS/Source/tasks.c **** 		else
 814:Middlewares/Third_Party/FreeRTOS/Source/tasks.c **** 		{
 815:Middlewares/Third_Party/FreeRTOS/Source/tasks.c **** 			xReturn = errCOULD_NOT_ALLOCATE_REQUIRED_MEMORY;
 816:Middlewares/Third_Party/FreeRTOS/Source/tasks.c **** 		}
 817:Middlewares/Third_Party/FreeRTOS/Source/tasks.c **** 
 818:Middlewares/Third_Party/FreeRTOS/Source/tasks.c **** 		return xReturn;
 819:Middlewares/Third_Party/FreeRTOS/Source/tasks.c **** 	}
 820:Middlewares/Third_Party/FreeRTOS/Source/tasks.c **** 
 821:Middlewares/Third_Party/FreeRTOS/Source/tasks.c **** #endif /* configSUPPORT_DYNAMIC_ALLOCATION */
 822:Middlewares/Third_Party/FreeRTOS/Source/tasks.c **** /*-----------------------------------------------------------*/
 823:Middlewares/Third_Party/FreeRTOS/Source/tasks.c **** 
 824:Middlewares/Third_Party/FreeRTOS/Source/tasks.c **** static void prvInitialiseNewTask( 	TaskFunction_t pxTaskCode,
 825:Middlewares/Third_Party/FreeRTOS/Source/tasks.c **** 									const char * const pcName,		/*lint !e971 Unqualified char types are allowed for strings an
 826:Middlewares/Third_Party/FreeRTOS/Source/tasks.c **** 									const uint32_t ulStackDepth,
 827:Middlewares/Third_Party/FreeRTOS/Source/tasks.c **** 									void * const pvParameters,
 828:Middlewares/Third_Party/FreeRTOS/Source/tasks.c **** 									UBaseType_t uxPriority,
ARM GAS  /tmp/ccbSDz7D.s 			page 16


 829:Middlewares/Third_Party/FreeRTOS/Source/tasks.c **** 									TaskHandle_t * const pxCreatedTask,
 830:Middlewares/Third_Party/FreeRTOS/Source/tasks.c **** 									TCB_t *pxNewTCB,
 831:Middlewares/Third_Party/FreeRTOS/Source/tasks.c **** 									const MemoryRegion_t * const xRegions )
 832:Middlewares/Third_Party/FreeRTOS/Source/tasks.c **** {
 833:Middlewares/Third_Party/FreeRTOS/Source/tasks.c **** StackType_t *pxTopOfStack;
 834:Middlewares/Third_Party/FreeRTOS/Source/tasks.c **** UBaseType_t x;
 835:Middlewares/Third_Party/FreeRTOS/Source/tasks.c **** 
 836:Middlewares/Third_Party/FreeRTOS/Source/tasks.c **** 	#if( portUSING_MPU_WRAPPERS == 1 )
 837:Middlewares/Third_Party/FreeRTOS/Source/tasks.c **** 		/* Should the task be created in privileged mode? */
 838:Middlewares/Third_Party/FreeRTOS/Source/tasks.c **** 		BaseType_t xRunPrivileged;
 839:Middlewares/Third_Party/FreeRTOS/Source/tasks.c **** 		if( ( uxPriority & portPRIVILEGE_BIT ) != 0U )
 840:Middlewares/Third_Party/FreeRTOS/Source/tasks.c **** 		{
 841:Middlewares/Third_Party/FreeRTOS/Source/tasks.c **** 			xRunPrivileged = pdTRUE;
 842:Middlewares/Third_Party/FreeRTOS/Source/tasks.c **** 		}
 843:Middlewares/Third_Party/FreeRTOS/Source/tasks.c **** 		else
 844:Middlewares/Third_Party/FreeRTOS/Source/tasks.c **** 		{
 845:Middlewares/Third_Party/FreeRTOS/Source/tasks.c **** 			xRunPrivileged = pdFALSE;
 846:Middlewares/Third_Party/FreeRTOS/Source/tasks.c **** 		}
 847:Middlewares/Third_Party/FreeRTOS/Source/tasks.c **** 		uxPriority &= ~portPRIVILEGE_BIT;
 848:Middlewares/Third_Party/FreeRTOS/Source/tasks.c **** 	#endif /* portUSING_MPU_WRAPPERS == 1 */
 849:Middlewares/Third_Party/FreeRTOS/Source/tasks.c **** 
 850:Middlewares/Third_Party/FreeRTOS/Source/tasks.c **** 	/* Avoid dependency on memset() if it is not required. */
 851:Middlewares/Third_Party/FreeRTOS/Source/tasks.c **** 	#if( tskSET_NEW_STACKS_TO_KNOWN_VALUE == 1 )
 852:Middlewares/Third_Party/FreeRTOS/Source/tasks.c **** 	{
 853:Middlewares/Third_Party/FreeRTOS/Source/tasks.c **** 		/* Fill the stack with a known value to assist debugging. */
 854:Middlewares/Third_Party/FreeRTOS/Source/tasks.c **** 		( void ) memset( pxNewTCB->pxStack, ( int ) tskSTACK_FILL_BYTE, ( size_t ) ulStackDepth * sizeof(
 855:Middlewares/Third_Party/FreeRTOS/Source/tasks.c **** 	}
 856:Middlewares/Third_Party/FreeRTOS/Source/tasks.c **** 	#endif /* tskSET_NEW_STACKS_TO_KNOWN_VALUE */
 857:Middlewares/Third_Party/FreeRTOS/Source/tasks.c **** 
 858:Middlewares/Third_Party/FreeRTOS/Source/tasks.c **** 	/* Calculate the top of stack address.  This depends on whether the stack
 859:Middlewares/Third_Party/FreeRTOS/Source/tasks.c **** 	grows from high memory to low (as per the 80x86) or vice versa.
 860:Middlewares/Third_Party/FreeRTOS/Source/tasks.c **** 	portSTACK_GROWTH is used to make the result positive or negative as required
 861:Middlewares/Third_Party/FreeRTOS/Source/tasks.c **** 	by the port. */
 862:Middlewares/Third_Party/FreeRTOS/Source/tasks.c **** 	#if( portSTACK_GROWTH < 0 )
 863:Middlewares/Third_Party/FreeRTOS/Source/tasks.c **** 	{
 864:Middlewares/Third_Party/FreeRTOS/Source/tasks.c **** 		pxTopOfStack = &( pxNewTCB->pxStack[ ulStackDepth - ( uint32_t ) 1 ] );
 865:Middlewares/Third_Party/FreeRTOS/Source/tasks.c **** 		pxTopOfStack = ( StackType_t * ) ( ( ( portPOINTER_SIZE_TYPE ) pxTopOfStack ) & ( ~( ( portPOINTE
 866:Middlewares/Third_Party/FreeRTOS/Source/tasks.c **** 
 867:Middlewares/Third_Party/FreeRTOS/Source/tasks.c **** 		/* Check the alignment of the calculated top of stack is correct. */
 868:Middlewares/Third_Party/FreeRTOS/Source/tasks.c **** 		configASSERT( ( ( ( portPOINTER_SIZE_TYPE ) pxTopOfStack & ( portPOINTER_SIZE_TYPE ) portBYTE_ALI
 869:Middlewares/Third_Party/FreeRTOS/Source/tasks.c **** 
 870:Middlewares/Third_Party/FreeRTOS/Source/tasks.c **** 		#if( configRECORD_STACK_HIGH_ADDRESS == 1 )
 871:Middlewares/Third_Party/FreeRTOS/Source/tasks.c **** 		{
 872:Middlewares/Third_Party/FreeRTOS/Source/tasks.c **** 			/* Also record the stack's high address, which may assist
 873:Middlewares/Third_Party/FreeRTOS/Source/tasks.c **** 			debugging. */
 874:Middlewares/Third_Party/FreeRTOS/Source/tasks.c **** 			pxNewTCB->pxEndOfStack = pxTopOfStack;
 875:Middlewares/Third_Party/FreeRTOS/Source/tasks.c **** 		}
 876:Middlewares/Third_Party/FreeRTOS/Source/tasks.c **** 		#endif /* configRECORD_STACK_HIGH_ADDRESS */
 877:Middlewares/Third_Party/FreeRTOS/Source/tasks.c **** 	}
 878:Middlewares/Third_Party/FreeRTOS/Source/tasks.c **** 	#else /* portSTACK_GROWTH */
 879:Middlewares/Third_Party/FreeRTOS/Source/tasks.c **** 	{
 880:Middlewares/Third_Party/FreeRTOS/Source/tasks.c **** 		pxTopOfStack = pxNewTCB->pxStack;
 881:Middlewares/Third_Party/FreeRTOS/Source/tasks.c **** 
 882:Middlewares/Third_Party/FreeRTOS/Source/tasks.c **** 		/* Check the alignment of the stack buffer is correct. */
 883:Middlewares/Third_Party/FreeRTOS/Source/tasks.c **** 		configASSERT( ( ( ( portPOINTER_SIZE_TYPE ) pxNewTCB->pxStack & ( portPOINTER_SIZE_TYPE ) portBYT
 884:Middlewares/Third_Party/FreeRTOS/Source/tasks.c **** 
 885:Middlewares/Third_Party/FreeRTOS/Source/tasks.c **** 		/* The other extreme of the stack space is required if stack checking is
ARM GAS  /tmp/ccbSDz7D.s 			page 17


 886:Middlewares/Third_Party/FreeRTOS/Source/tasks.c **** 		performed. */
 887:Middlewares/Third_Party/FreeRTOS/Source/tasks.c **** 		pxNewTCB->pxEndOfStack = pxNewTCB->pxStack + ( ulStackDepth - ( uint32_t ) 1 );
 888:Middlewares/Third_Party/FreeRTOS/Source/tasks.c **** 	}
 889:Middlewares/Third_Party/FreeRTOS/Source/tasks.c **** 	#endif /* portSTACK_GROWTH */
 890:Middlewares/Third_Party/FreeRTOS/Source/tasks.c **** 
 891:Middlewares/Third_Party/FreeRTOS/Source/tasks.c **** 	/* Store the task name in the TCB. */
 892:Middlewares/Third_Party/FreeRTOS/Source/tasks.c **** 	if( pcName != NULL )
 893:Middlewares/Third_Party/FreeRTOS/Source/tasks.c **** 	{
 894:Middlewares/Third_Party/FreeRTOS/Source/tasks.c **** 		for( x = ( UBaseType_t ) 0; x < ( UBaseType_t ) configMAX_TASK_NAME_LEN; x++ )
 895:Middlewares/Third_Party/FreeRTOS/Source/tasks.c **** 		{
 896:Middlewares/Third_Party/FreeRTOS/Source/tasks.c **** 			pxNewTCB->pcTaskName[ x ] = pcName[ x ];
 897:Middlewares/Third_Party/FreeRTOS/Source/tasks.c **** 
 898:Middlewares/Third_Party/FreeRTOS/Source/tasks.c **** 			/* Don't copy all configMAX_TASK_NAME_LEN if the string is shorter than
 899:Middlewares/Third_Party/FreeRTOS/Source/tasks.c **** 			configMAX_TASK_NAME_LEN characters just in case the memory after the
 900:Middlewares/Third_Party/FreeRTOS/Source/tasks.c **** 			string is not accessible (extremely unlikely). */
 901:Middlewares/Third_Party/FreeRTOS/Source/tasks.c **** 			if( pcName[ x ] == ( char ) 0x00 )
 902:Middlewares/Third_Party/FreeRTOS/Source/tasks.c **** 			{
 903:Middlewares/Third_Party/FreeRTOS/Source/tasks.c **** 				break;
 904:Middlewares/Third_Party/FreeRTOS/Source/tasks.c **** 			}
 905:Middlewares/Third_Party/FreeRTOS/Source/tasks.c **** 			else
 906:Middlewares/Third_Party/FreeRTOS/Source/tasks.c **** 			{
 907:Middlewares/Third_Party/FreeRTOS/Source/tasks.c **** 				mtCOVERAGE_TEST_MARKER();
 908:Middlewares/Third_Party/FreeRTOS/Source/tasks.c **** 			}
 909:Middlewares/Third_Party/FreeRTOS/Source/tasks.c **** 		}
 910:Middlewares/Third_Party/FreeRTOS/Source/tasks.c **** 
 911:Middlewares/Third_Party/FreeRTOS/Source/tasks.c **** 		/* Ensure the name string is terminated in the case that the string length
 912:Middlewares/Third_Party/FreeRTOS/Source/tasks.c **** 		was greater or equal to configMAX_TASK_NAME_LEN. */
 913:Middlewares/Third_Party/FreeRTOS/Source/tasks.c **** 		pxNewTCB->pcTaskName[ configMAX_TASK_NAME_LEN - 1 ] = '\0';
 914:Middlewares/Third_Party/FreeRTOS/Source/tasks.c **** 	}
 915:Middlewares/Third_Party/FreeRTOS/Source/tasks.c **** 	else
 916:Middlewares/Third_Party/FreeRTOS/Source/tasks.c **** 	{
 917:Middlewares/Third_Party/FreeRTOS/Source/tasks.c **** 		/* The task has not been given a name, so just ensure there is a NULL
 918:Middlewares/Third_Party/FreeRTOS/Source/tasks.c **** 		terminator when it is read out. */
 919:Middlewares/Third_Party/FreeRTOS/Source/tasks.c **** 		pxNewTCB->pcTaskName[ 0 ] = 0x00;
 920:Middlewares/Third_Party/FreeRTOS/Source/tasks.c **** 	}
 921:Middlewares/Third_Party/FreeRTOS/Source/tasks.c **** 
 922:Middlewares/Third_Party/FreeRTOS/Source/tasks.c **** 	/* This is used as an array index so must ensure it's not too large.  First
 923:Middlewares/Third_Party/FreeRTOS/Source/tasks.c **** 	remove the privilege bit if one is present. */
 924:Middlewares/Third_Party/FreeRTOS/Source/tasks.c **** 	if( uxPriority >= ( UBaseType_t ) configMAX_PRIORITIES )
 925:Middlewares/Third_Party/FreeRTOS/Source/tasks.c **** 	{
 926:Middlewares/Third_Party/FreeRTOS/Source/tasks.c **** 		uxPriority = ( UBaseType_t ) configMAX_PRIORITIES - ( UBaseType_t ) 1U;
 927:Middlewares/Third_Party/FreeRTOS/Source/tasks.c **** 	}
 928:Middlewares/Third_Party/FreeRTOS/Source/tasks.c **** 	else
 929:Middlewares/Third_Party/FreeRTOS/Source/tasks.c **** 	{
 930:Middlewares/Third_Party/FreeRTOS/Source/tasks.c **** 		mtCOVERAGE_TEST_MARKER();
 931:Middlewares/Third_Party/FreeRTOS/Source/tasks.c **** 	}
 932:Middlewares/Third_Party/FreeRTOS/Source/tasks.c **** 
 933:Middlewares/Third_Party/FreeRTOS/Source/tasks.c **** 	pxNewTCB->uxPriority = uxPriority;
 934:Middlewares/Third_Party/FreeRTOS/Source/tasks.c **** 	#if ( configUSE_MUTEXES == 1 )
 935:Middlewares/Third_Party/FreeRTOS/Source/tasks.c **** 	{
 936:Middlewares/Third_Party/FreeRTOS/Source/tasks.c **** 		pxNewTCB->uxBasePriority = uxPriority;
 937:Middlewares/Third_Party/FreeRTOS/Source/tasks.c **** 		pxNewTCB->uxMutexesHeld = 0;
 938:Middlewares/Third_Party/FreeRTOS/Source/tasks.c **** 	}
 939:Middlewares/Third_Party/FreeRTOS/Source/tasks.c **** 	#endif /* configUSE_MUTEXES */
 940:Middlewares/Third_Party/FreeRTOS/Source/tasks.c **** 
 941:Middlewares/Third_Party/FreeRTOS/Source/tasks.c **** 	vListInitialiseItem( &( pxNewTCB->xStateListItem ) );
 942:Middlewares/Third_Party/FreeRTOS/Source/tasks.c **** 	vListInitialiseItem( &( pxNewTCB->xEventListItem ) );
ARM GAS  /tmp/ccbSDz7D.s 			page 18


 943:Middlewares/Third_Party/FreeRTOS/Source/tasks.c **** 
 944:Middlewares/Third_Party/FreeRTOS/Source/tasks.c **** 	/* Set the pxNewTCB as a link back from the ListItem_t.  This is so we can get
 945:Middlewares/Third_Party/FreeRTOS/Source/tasks.c **** 	back to	the containing TCB from a generic item in a list. */
 946:Middlewares/Third_Party/FreeRTOS/Source/tasks.c **** 	listSET_LIST_ITEM_OWNER( &( pxNewTCB->xStateListItem ), pxNewTCB );
 947:Middlewares/Third_Party/FreeRTOS/Source/tasks.c **** 
 948:Middlewares/Third_Party/FreeRTOS/Source/tasks.c **** 	/* Event lists are always in priority order. */
 949:Middlewares/Third_Party/FreeRTOS/Source/tasks.c **** 	listSET_LIST_ITEM_VALUE( &( pxNewTCB->xEventListItem ), ( TickType_t ) configMAX_PRIORITIES - ( Ti
 950:Middlewares/Third_Party/FreeRTOS/Source/tasks.c **** 	listSET_LIST_ITEM_OWNER( &( pxNewTCB->xEventListItem ), pxNewTCB );
 951:Middlewares/Third_Party/FreeRTOS/Source/tasks.c **** 
 952:Middlewares/Third_Party/FreeRTOS/Source/tasks.c **** 	#if ( portCRITICAL_NESTING_IN_TCB == 1 )
 953:Middlewares/Third_Party/FreeRTOS/Source/tasks.c **** 	{
 954:Middlewares/Third_Party/FreeRTOS/Source/tasks.c **** 		pxNewTCB->uxCriticalNesting = ( UBaseType_t ) 0U;
 955:Middlewares/Third_Party/FreeRTOS/Source/tasks.c **** 	}
 956:Middlewares/Third_Party/FreeRTOS/Source/tasks.c **** 	#endif /* portCRITICAL_NESTING_IN_TCB */
 957:Middlewares/Third_Party/FreeRTOS/Source/tasks.c **** 
 958:Middlewares/Third_Party/FreeRTOS/Source/tasks.c **** 	#if ( configUSE_APPLICATION_TASK_TAG == 1 )
 959:Middlewares/Third_Party/FreeRTOS/Source/tasks.c **** 	{
 960:Middlewares/Third_Party/FreeRTOS/Source/tasks.c **** 		pxNewTCB->pxTaskTag = NULL;
 961:Middlewares/Third_Party/FreeRTOS/Source/tasks.c **** 	}
 962:Middlewares/Third_Party/FreeRTOS/Source/tasks.c **** 	#endif /* configUSE_APPLICATION_TASK_TAG */
 963:Middlewares/Third_Party/FreeRTOS/Source/tasks.c **** 
 964:Middlewares/Third_Party/FreeRTOS/Source/tasks.c **** 	#if ( configGENERATE_RUN_TIME_STATS == 1 )
 965:Middlewares/Third_Party/FreeRTOS/Source/tasks.c **** 	{
 966:Middlewares/Third_Party/FreeRTOS/Source/tasks.c **** 		pxNewTCB->ulRunTimeCounter = 0UL;
 967:Middlewares/Third_Party/FreeRTOS/Source/tasks.c **** 	}
 968:Middlewares/Third_Party/FreeRTOS/Source/tasks.c **** 	#endif /* configGENERATE_RUN_TIME_STATS */
 969:Middlewares/Third_Party/FreeRTOS/Source/tasks.c **** 
 970:Middlewares/Third_Party/FreeRTOS/Source/tasks.c **** 	#if ( portUSING_MPU_WRAPPERS == 1 )
 971:Middlewares/Third_Party/FreeRTOS/Source/tasks.c **** 	{
 972:Middlewares/Third_Party/FreeRTOS/Source/tasks.c **** 		vPortStoreTaskMPUSettings( &( pxNewTCB->xMPUSettings ), xRegions, pxNewTCB->pxStack, ulStackDepth
 973:Middlewares/Third_Party/FreeRTOS/Source/tasks.c **** 	}
 974:Middlewares/Third_Party/FreeRTOS/Source/tasks.c **** 	#else
 975:Middlewares/Third_Party/FreeRTOS/Source/tasks.c **** 	{
 976:Middlewares/Third_Party/FreeRTOS/Source/tasks.c **** 		/* Avoid compiler warning about unreferenced parameter. */
 977:Middlewares/Third_Party/FreeRTOS/Source/tasks.c **** 		( void ) xRegions;
 978:Middlewares/Third_Party/FreeRTOS/Source/tasks.c **** 	}
 979:Middlewares/Third_Party/FreeRTOS/Source/tasks.c **** 	#endif
 980:Middlewares/Third_Party/FreeRTOS/Source/tasks.c **** 
 981:Middlewares/Third_Party/FreeRTOS/Source/tasks.c **** 	#if( configNUM_THREAD_LOCAL_STORAGE_POINTERS != 0 )
 982:Middlewares/Third_Party/FreeRTOS/Source/tasks.c **** 	{
 983:Middlewares/Third_Party/FreeRTOS/Source/tasks.c **** 		for( x = 0; x < ( UBaseType_t ) configNUM_THREAD_LOCAL_STORAGE_POINTERS; x++ )
 984:Middlewares/Third_Party/FreeRTOS/Source/tasks.c **** 		{
 985:Middlewares/Third_Party/FreeRTOS/Source/tasks.c **** 			pxNewTCB->pvThreadLocalStoragePointers[ x ] = NULL;
 986:Middlewares/Third_Party/FreeRTOS/Source/tasks.c **** 		}
 987:Middlewares/Third_Party/FreeRTOS/Source/tasks.c **** 	}
 988:Middlewares/Third_Party/FreeRTOS/Source/tasks.c **** 	#endif
 989:Middlewares/Third_Party/FreeRTOS/Source/tasks.c **** 
 990:Middlewares/Third_Party/FreeRTOS/Source/tasks.c **** 	#if ( configUSE_TASK_NOTIFICATIONS == 1 )
 991:Middlewares/Third_Party/FreeRTOS/Source/tasks.c **** 	{
 992:Middlewares/Third_Party/FreeRTOS/Source/tasks.c **** 		pxNewTCB->ulNotifiedValue = 0;
 993:Middlewares/Third_Party/FreeRTOS/Source/tasks.c **** 		pxNewTCB->ucNotifyState = taskNOT_WAITING_NOTIFICATION;
 994:Middlewares/Third_Party/FreeRTOS/Source/tasks.c **** 	}
 995:Middlewares/Third_Party/FreeRTOS/Source/tasks.c **** 	#endif
 996:Middlewares/Third_Party/FreeRTOS/Source/tasks.c **** 
 997:Middlewares/Third_Party/FreeRTOS/Source/tasks.c **** 	#if ( configUSE_NEWLIB_REENTRANT == 1 )
 998:Middlewares/Third_Party/FreeRTOS/Source/tasks.c **** 	{
 999:Middlewares/Third_Party/FreeRTOS/Source/tasks.c **** 		/* Initialise this task's Newlib reent structure.
ARM GAS  /tmp/ccbSDz7D.s 			page 19


1000:Middlewares/Third_Party/FreeRTOS/Source/tasks.c **** 		See the third party link http://www.nadler.com/embedded/newlibAndFreeRTOS.html
1001:Middlewares/Third_Party/FreeRTOS/Source/tasks.c **** 		for additional information. */
1002:Middlewares/Third_Party/FreeRTOS/Source/tasks.c **** 		_REENT_INIT_PTR( ( &( pxNewTCB->xNewLib_reent ) ) );
1003:Middlewares/Third_Party/FreeRTOS/Source/tasks.c **** 	}
1004:Middlewares/Third_Party/FreeRTOS/Source/tasks.c **** 	#endif
1005:Middlewares/Third_Party/FreeRTOS/Source/tasks.c **** 
1006:Middlewares/Third_Party/FreeRTOS/Source/tasks.c **** 	#if( INCLUDE_xTaskAbortDelay == 1 )
1007:Middlewares/Third_Party/FreeRTOS/Source/tasks.c **** 	{
1008:Middlewares/Third_Party/FreeRTOS/Source/tasks.c **** 		pxNewTCB->ucDelayAborted = pdFALSE;
1009:Middlewares/Third_Party/FreeRTOS/Source/tasks.c **** 	}
1010:Middlewares/Third_Party/FreeRTOS/Source/tasks.c **** 	#endif
1011:Middlewares/Third_Party/FreeRTOS/Source/tasks.c **** 
1012:Middlewares/Third_Party/FreeRTOS/Source/tasks.c **** 	/* Initialize the TCB stack to look as if the task was already running,
1013:Middlewares/Third_Party/FreeRTOS/Source/tasks.c **** 	but had been interrupted by the scheduler.  The return address is set
1014:Middlewares/Third_Party/FreeRTOS/Source/tasks.c **** 	to the start of the task function. Once the stack has been initialised
1015:Middlewares/Third_Party/FreeRTOS/Source/tasks.c **** 	the top of stack variable is updated. */
1016:Middlewares/Third_Party/FreeRTOS/Source/tasks.c **** 	#if( portUSING_MPU_WRAPPERS == 1 )
1017:Middlewares/Third_Party/FreeRTOS/Source/tasks.c **** 	{
1018:Middlewares/Third_Party/FreeRTOS/Source/tasks.c **** 		/* If the port has capability to detect stack overflow,
1019:Middlewares/Third_Party/FreeRTOS/Source/tasks.c **** 		pass the stack end address to the stack initialization
1020:Middlewares/Third_Party/FreeRTOS/Source/tasks.c **** 		function as well. */
1021:Middlewares/Third_Party/FreeRTOS/Source/tasks.c **** 		#if( portHAS_STACK_OVERFLOW_CHECKING == 1 )
1022:Middlewares/Third_Party/FreeRTOS/Source/tasks.c **** 		{
1023:Middlewares/Third_Party/FreeRTOS/Source/tasks.c **** 			#if( portSTACK_GROWTH < 0 )
1024:Middlewares/Third_Party/FreeRTOS/Source/tasks.c **** 			{
1025:Middlewares/Third_Party/FreeRTOS/Source/tasks.c **** 				pxNewTCB->pxTopOfStack = pxPortInitialiseStack( pxTopOfStack, pxNewTCB->pxStack, pxTaskCode, pv
1026:Middlewares/Third_Party/FreeRTOS/Source/tasks.c **** 			}
1027:Middlewares/Third_Party/FreeRTOS/Source/tasks.c **** 			#else /* portSTACK_GROWTH */
1028:Middlewares/Third_Party/FreeRTOS/Source/tasks.c **** 			{
1029:Middlewares/Third_Party/FreeRTOS/Source/tasks.c **** 				pxNewTCB->pxTopOfStack = pxPortInitialiseStack( pxTopOfStack, pxNewTCB->pxEndOfStack, pxTaskCod
1030:Middlewares/Third_Party/FreeRTOS/Source/tasks.c **** 			}
1031:Middlewares/Third_Party/FreeRTOS/Source/tasks.c **** 			#endif /* portSTACK_GROWTH */
1032:Middlewares/Third_Party/FreeRTOS/Source/tasks.c **** 		}
1033:Middlewares/Third_Party/FreeRTOS/Source/tasks.c **** 		#else /* portHAS_STACK_OVERFLOW_CHECKING */
1034:Middlewares/Third_Party/FreeRTOS/Source/tasks.c **** 		{
1035:Middlewares/Third_Party/FreeRTOS/Source/tasks.c **** 			pxNewTCB->pxTopOfStack = pxPortInitialiseStack( pxTopOfStack, pxTaskCode, pvParameters, xRunPriv
1036:Middlewares/Third_Party/FreeRTOS/Source/tasks.c **** 		}
1037:Middlewares/Third_Party/FreeRTOS/Source/tasks.c **** 		#endif /* portHAS_STACK_OVERFLOW_CHECKING */
1038:Middlewares/Third_Party/FreeRTOS/Source/tasks.c **** 	}
1039:Middlewares/Third_Party/FreeRTOS/Source/tasks.c **** 	#else /* portUSING_MPU_WRAPPERS */
1040:Middlewares/Third_Party/FreeRTOS/Source/tasks.c **** 	{
1041:Middlewares/Third_Party/FreeRTOS/Source/tasks.c **** 		/* If the port has capability to detect stack overflow,
1042:Middlewares/Third_Party/FreeRTOS/Source/tasks.c **** 		pass the stack end address to the stack initialization
1043:Middlewares/Third_Party/FreeRTOS/Source/tasks.c **** 		function as well. */
1044:Middlewares/Third_Party/FreeRTOS/Source/tasks.c **** 		#if( portHAS_STACK_OVERFLOW_CHECKING == 1 )
1045:Middlewares/Third_Party/FreeRTOS/Source/tasks.c **** 		{
1046:Middlewares/Third_Party/FreeRTOS/Source/tasks.c **** 			#if( portSTACK_GROWTH < 0 )
1047:Middlewares/Third_Party/FreeRTOS/Source/tasks.c **** 			{
1048:Middlewares/Third_Party/FreeRTOS/Source/tasks.c **** 				pxNewTCB->pxTopOfStack = pxPortInitialiseStack( pxTopOfStack, pxNewTCB->pxStack, pxTaskCode, pv
1049:Middlewares/Third_Party/FreeRTOS/Source/tasks.c **** 			}
1050:Middlewares/Third_Party/FreeRTOS/Source/tasks.c **** 			#else /* portSTACK_GROWTH */
1051:Middlewares/Third_Party/FreeRTOS/Source/tasks.c **** 			{
1052:Middlewares/Third_Party/FreeRTOS/Source/tasks.c **** 				pxNewTCB->pxTopOfStack = pxPortInitialiseStack( pxTopOfStack, pxNewTCB->pxEndOfStack, pxTaskCod
1053:Middlewares/Third_Party/FreeRTOS/Source/tasks.c **** 			}
1054:Middlewares/Third_Party/FreeRTOS/Source/tasks.c **** 			#endif /* portSTACK_GROWTH */
1055:Middlewares/Third_Party/FreeRTOS/Source/tasks.c **** 		}
1056:Middlewares/Third_Party/FreeRTOS/Source/tasks.c **** 		#else /* portHAS_STACK_OVERFLOW_CHECKING */
ARM GAS  /tmp/ccbSDz7D.s 			page 20


1057:Middlewares/Third_Party/FreeRTOS/Source/tasks.c **** 		{
1058:Middlewares/Third_Party/FreeRTOS/Source/tasks.c **** 			pxNewTCB->pxTopOfStack = pxPortInitialiseStack( pxTopOfStack, pxTaskCode, pvParameters );
1059:Middlewares/Third_Party/FreeRTOS/Source/tasks.c **** 		}
1060:Middlewares/Third_Party/FreeRTOS/Source/tasks.c **** 		#endif /* portHAS_STACK_OVERFLOW_CHECKING */
1061:Middlewares/Third_Party/FreeRTOS/Source/tasks.c **** 	}
1062:Middlewares/Third_Party/FreeRTOS/Source/tasks.c **** 	#endif /* portUSING_MPU_WRAPPERS */
1063:Middlewares/Third_Party/FreeRTOS/Source/tasks.c **** 
1064:Middlewares/Third_Party/FreeRTOS/Source/tasks.c **** 	if( pxCreatedTask != NULL )
1065:Middlewares/Third_Party/FreeRTOS/Source/tasks.c **** 	{
1066:Middlewares/Third_Party/FreeRTOS/Source/tasks.c **** 		/* Pass the handle out in an anonymous way.  The handle can be used to
1067:Middlewares/Third_Party/FreeRTOS/Source/tasks.c **** 		change the created task's priority, delete the created task, etc.*/
1068:Middlewares/Third_Party/FreeRTOS/Source/tasks.c **** 		*pxCreatedTask = ( TaskHandle_t ) pxNewTCB;
1069:Middlewares/Third_Party/FreeRTOS/Source/tasks.c **** 	}
1070:Middlewares/Third_Party/FreeRTOS/Source/tasks.c **** 	else
1071:Middlewares/Third_Party/FreeRTOS/Source/tasks.c **** 	{
1072:Middlewares/Third_Party/FreeRTOS/Source/tasks.c **** 		mtCOVERAGE_TEST_MARKER();
1073:Middlewares/Third_Party/FreeRTOS/Source/tasks.c **** 	}
1074:Middlewares/Third_Party/FreeRTOS/Source/tasks.c **** }
1075:Middlewares/Third_Party/FreeRTOS/Source/tasks.c **** /*-----------------------------------------------------------*/
1076:Middlewares/Third_Party/FreeRTOS/Source/tasks.c **** 
1077:Middlewares/Third_Party/FreeRTOS/Source/tasks.c **** static void prvAddNewTaskToReadyList( TCB_t *pxNewTCB )
1078:Middlewares/Third_Party/FreeRTOS/Source/tasks.c **** {
1079:Middlewares/Third_Party/FreeRTOS/Source/tasks.c **** 	/* Ensure interrupts don't access the task lists while the lists are being
1080:Middlewares/Third_Party/FreeRTOS/Source/tasks.c **** 	updated. */
1081:Middlewares/Third_Party/FreeRTOS/Source/tasks.c **** 	taskENTER_CRITICAL();
1082:Middlewares/Third_Party/FreeRTOS/Source/tasks.c **** 	{
1083:Middlewares/Third_Party/FreeRTOS/Source/tasks.c **** 		uxCurrentNumberOfTasks++;
1084:Middlewares/Third_Party/FreeRTOS/Source/tasks.c **** 		if( pxCurrentTCB == NULL )
1085:Middlewares/Third_Party/FreeRTOS/Source/tasks.c **** 		{
1086:Middlewares/Third_Party/FreeRTOS/Source/tasks.c **** 			/* There are no other tasks, or all the other tasks are in
1087:Middlewares/Third_Party/FreeRTOS/Source/tasks.c **** 			the suspended state - make this the current task. */
1088:Middlewares/Third_Party/FreeRTOS/Source/tasks.c **** 			pxCurrentTCB = pxNewTCB;
1089:Middlewares/Third_Party/FreeRTOS/Source/tasks.c **** 
1090:Middlewares/Third_Party/FreeRTOS/Source/tasks.c **** 			if( uxCurrentNumberOfTasks == ( UBaseType_t ) 1 )
1091:Middlewares/Third_Party/FreeRTOS/Source/tasks.c **** 			{
1092:Middlewares/Third_Party/FreeRTOS/Source/tasks.c **** 				/* This is the first task to be created so do the preliminary
1093:Middlewares/Third_Party/FreeRTOS/Source/tasks.c **** 				initialisation required.  We will not recover if this call
1094:Middlewares/Third_Party/FreeRTOS/Source/tasks.c **** 				fails, but we will report the failure. */
1095:Middlewares/Third_Party/FreeRTOS/Source/tasks.c **** 				prvInitialiseTaskLists();
1096:Middlewares/Third_Party/FreeRTOS/Source/tasks.c **** 			}
1097:Middlewares/Third_Party/FreeRTOS/Source/tasks.c **** 			else
1098:Middlewares/Third_Party/FreeRTOS/Source/tasks.c **** 			{
1099:Middlewares/Third_Party/FreeRTOS/Source/tasks.c **** 				mtCOVERAGE_TEST_MARKER();
1100:Middlewares/Third_Party/FreeRTOS/Source/tasks.c **** 			}
1101:Middlewares/Third_Party/FreeRTOS/Source/tasks.c **** 		}
1102:Middlewares/Third_Party/FreeRTOS/Source/tasks.c **** 		else
1103:Middlewares/Third_Party/FreeRTOS/Source/tasks.c **** 		{
1104:Middlewares/Third_Party/FreeRTOS/Source/tasks.c **** 			/* If the scheduler is not already running, make this task the
1105:Middlewares/Third_Party/FreeRTOS/Source/tasks.c **** 			current task if it is the highest priority task to be created
1106:Middlewares/Third_Party/FreeRTOS/Source/tasks.c **** 			so far. */
1107:Middlewares/Third_Party/FreeRTOS/Source/tasks.c **** 			if( xSchedulerRunning == pdFALSE )
1108:Middlewares/Third_Party/FreeRTOS/Source/tasks.c **** 			{
1109:Middlewares/Third_Party/FreeRTOS/Source/tasks.c **** 				if( pxCurrentTCB->uxPriority <= pxNewTCB->uxPriority )
1110:Middlewares/Third_Party/FreeRTOS/Source/tasks.c **** 				{
1111:Middlewares/Third_Party/FreeRTOS/Source/tasks.c **** 					pxCurrentTCB = pxNewTCB;
1112:Middlewares/Third_Party/FreeRTOS/Source/tasks.c **** 				}
1113:Middlewares/Third_Party/FreeRTOS/Source/tasks.c **** 				else
ARM GAS  /tmp/ccbSDz7D.s 			page 21


1114:Middlewares/Third_Party/FreeRTOS/Source/tasks.c **** 				{
1115:Middlewares/Third_Party/FreeRTOS/Source/tasks.c **** 					mtCOVERAGE_TEST_MARKER();
1116:Middlewares/Third_Party/FreeRTOS/Source/tasks.c **** 				}
1117:Middlewares/Third_Party/FreeRTOS/Source/tasks.c **** 			}
1118:Middlewares/Third_Party/FreeRTOS/Source/tasks.c **** 			else
1119:Middlewares/Third_Party/FreeRTOS/Source/tasks.c **** 			{
1120:Middlewares/Third_Party/FreeRTOS/Source/tasks.c **** 				mtCOVERAGE_TEST_MARKER();
1121:Middlewares/Third_Party/FreeRTOS/Source/tasks.c **** 			}
1122:Middlewares/Third_Party/FreeRTOS/Source/tasks.c **** 		}
1123:Middlewares/Third_Party/FreeRTOS/Source/tasks.c **** 
1124:Middlewares/Third_Party/FreeRTOS/Source/tasks.c **** 		uxTaskNumber++;
1125:Middlewares/Third_Party/FreeRTOS/Source/tasks.c **** 
1126:Middlewares/Third_Party/FreeRTOS/Source/tasks.c **** 		#if ( configUSE_TRACE_FACILITY == 1 )
1127:Middlewares/Third_Party/FreeRTOS/Source/tasks.c **** 		{
1128:Middlewares/Third_Party/FreeRTOS/Source/tasks.c **** 			/* Add a counter into the TCB for tracing only. */
1129:Middlewares/Third_Party/FreeRTOS/Source/tasks.c **** 			pxNewTCB->uxTCBNumber = uxTaskNumber;
1130:Middlewares/Third_Party/FreeRTOS/Source/tasks.c **** 		}
1131:Middlewares/Third_Party/FreeRTOS/Source/tasks.c **** 		#endif /* configUSE_TRACE_FACILITY */
1132:Middlewares/Third_Party/FreeRTOS/Source/tasks.c **** 		traceTASK_CREATE( pxNewTCB );
1133:Middlewares/Third_Party/FreeRTOS/Source/tasks.c **** 
1134:Middlewares/Third_Party/FreeRTOS/Source/tasks.c **** 		prvAddTaskToReadyList( pxNewTCB );
1135:Middlewares/Third_Party/FreeRTOS/Source/tasks.c **** 
1136:Middlewares/Third_Party/FreeRTOS/Source/tasks.c **** 		portSETUP_TCB( pxNewTCB );
1137:Middlewares/Third_Party/FreeRTOS/Source/tasks.c **** 	}
1138:Middlewares/Third_Party/FreeRTOS/Source/tasks.c **** 	taskEXIT_CRITICAL();
1139:Middlewares/Third_Party/FreeRTOS/Source/tasks.c **** 
1140:Middlewares/Third_Party/FreeRTOS/Source/tasks.c **** 	if( xSchedulerRunning != pdFALSE )
1141:Middlewares/Third_Party/FreeRTOS/Source/tasks.c **** 	{
1142:Middlewares/Third_Party/FreeRTOS/Source/tasks.c **** 		/* If the created task is of a higher priority than the current task
1143:Middlewares/Third_Party/FreeRTOS/Source/tasks.c **** 		then it should run now. */
1144:Middlewares/Third_Party/FreeRTOS/Source/tasks.c **** 		if( pxCurrentTCB->uxPriority < pxNewTCB->uxPriority )
1145:Middlewares/Third_Party/FreeRTOS/Source/tasks.c **** 		{
1146:Middlewares/Third_Party/FreeRTOS/Source/tasks.c **** 			taskYIELD_IF_USING_PREEMPTION();
1147:Middlewares/Third_Party/FreeRTOS/Source/tasks.c **** 		}
1148:Middlewares/Third_Party/FreeRTOS/Source/tasks.c **** 		else
1149:Middlewares/Third_Party/FreeRTOS/Source/tasks.c **** 		{
1150:Middlewares/Third_Party/FreeRTOS/Source/tasks.c **** 			mtCOVERAGE_TEST_MARKER();
1151:Middlewares/Third_Party/FreeRTOS/Source/tasks.c **** 		}
1152:Middlewares/Third_Party/FreeRTOS/Source/tasks.c **** 	}
1153:Middlewares/Third_Party/FreeRTOS/Source/tasks.c **** 	else
1154:Middlewares/Third_Party/FreeRTOS/Source/tasks.c **** 	{
1155:Middlewares/Third_Party/FreeRTOS/Source/tasks.c **** 		mtCOVERAGE_TEST_MARKER();
1156:Middlewares/Third_Party/FreeRTOS/Source/tasks.c **** 	}
1157:Middlewares/Third_Party/FreeRTOS/Source/tasks.c **** }
1158:Middlewares/Third_Party/FreeRTOS/Source/tasks.c **** /*-----------------------------------------------------------*/
1159:Middlewares/Third_Party/FreeRTOS/Source/tasks.c **** 
1160:Middlewares/Third_Party/FreeRTOS/Source/tasks.c **** #if ( INCLUDE_vTaskDelete == 1 )
1161:Middlewares/Third_Party/FreeRTOS/Source/tasks.c **** 
1162:Middlewares/Third_Party/FreeRTOS/Source/tasks.c **** 	void vTaskDelete( TaskHandle_t xTaskToDelete )
1163:Middlewares/Third_Party/FreeRTOS/Source/tasks.c **** 	{
1164:Middlewares/Third_Party/FreeRTOS/Source/tasks.c **** 	TCB_t *pxTCB;
1165:Middlewares/Third_Party/FreeRTOS/Source/tasks.c **** 
1166:Middlewares/Third_Party/FreeRTOS/Source/tasks.c **** 		taskENTER_CRITICAL();
1167:Middlewares/Third_Party/FreeRTOS/Source/tasks.c **** 		{
1168:Middlewares/Third_Party/FreeRTOS/Source/tasks.c **** 			/* If null is passed in here then it is the calling task that is
1169:Middlewares/Third_Party/FreeRTOS/Source/tasks.c **** 			being deleted. */
1170:Middlewares/Third_Party/FreeRTOS/Source/tasks.c **** 			pxTCB = prvGetTCBFromHandle( xTaskToDelete );
ARM GAS  /tmp/ccbSDz7D.s 			page 22


1171:Middlewares/Third_Party/FreeRTOS/Source/tasks.c **** 
1172:Middlewares/Third_Party/FreeRTOS/Source/tasks.c **** 			/* Remove task from the ready/delayed list. */
1173:Middlewares/Third_Party/FreeRTOS/Source/tasks.c **** 			if( uxListRemove( &( pxTCB->xStateListItem ) ) == ( UBaseType_t ) 0 )
1174:Middlewares/Third_Party/FreeRTOS/Source/tasks.c **** 			{
1175:Middlewares/Third_Party/FreeRTOS/Source/tasks.c **** 				taskRESET_READY_PRIORITY( pxTCB->uxPriority );
1176:Middlewares/Third_Party/FreeRTOS/Source/tasks.c **** 			}
1177:Middlewares/Third_Party/FreeRTOS/Source/tasks.c **** 			else
1178:Middlewares/Third_Party/FreeRTOS/Source/tasks.c **** 			{
1179:Middlewares/Third_Party/FreeRTOS/Source/tasks.c **** 				mtCOVERAGE_TEST_MARKER();
1180:Middlewares/Third_Party/FreeRTOS/Source/tasks.c **** 			}
1181:Middlewares/Third_Party/FreeRTOS/Source/tasks.c **** 
1182:Middlewares/Third_Party/FreeRTOS/Source/tasks.c **** 			/* Is the task waiting on an event also? */
1183:Middlewares/Third_Party/FreeRTOS/Source/tasks.c **** 			if( listLIST_ITEM_CONTAINER( &( pxTCB->xEventListItem ) ) != NULL )
1184:Middlewares/Third_Party/FreeRTOS/Source/tasks.c **** 			{
1185:Middlewares/Third_Party/FreeRTOS/Source/tasks.c **** 				( void ) uxListRemove( &( pxTCB->xEventListItem ) );
1186:Middlewares/Third_Party/FreeRTOS/Source/tasks.c **** 			}
1187:Middlewares/Third_Party/FreeRTOS/Source/tasks.c **** 			else
1188:Middlewares/Third_Party/FreeRTOS/Source/tasks.c **** 			{
1189:Middlewares/Third_Party/FreeRTOS/Source/tasks.c **** 				mtCOVERAGE_TEST_MARKER();
1190:Middlewares/Third_Party/FreeRTOS/Source/tasks.c **** 			}
1191:Middlewares/Third_Party/FreeRTOS/Source/tasks.c **** 
1192:Middlewares/Third_Party/FreeRTOS/Source/tasks.c **** 			/* Increment the uxTaskNumber also so kernel aware debuggers can
1193:Middlewares/Third_Party/FreeRTOS/Source/tasks.c **** 			detect that the task lists need re-generating.  This is done before
1194:Middlewares/Third_Party/FreeRTOS/Source/tasks.c **** 			portPRE_TASK_DELETE_HOOK() as in the Windows port that macro will
1195:Middlewares/Third_Party/FreeRTOS/Source/tasks.c **** 			not return. */
1196:Middlewares/Third_Party/FreeRTOS/Source/tasks.c **** 			uxTaskNumber++;
1197:Middlewares/Third_Party/FreeRTOS/Source/tasks.c **** 
1198:Middlewares/Third_Party/FreeRTOS/Source/tasks.c **** 			if( pxTCB == pxCurrentTCB )
1199:Middlewares/Third_Party/FreeRTOS/Source/tasks.c **** 			{
1200:Middlewares/Third_Party/FreeRTOS/Source/tasks.c **** 				/* A task is deleting itself.  This cannot complete within the
1201:Middlewares/Third_Party/FreeRTOS/Source/tasks.c **** 				task itself, as a context switch to another task is required.
1202:Middlewares/Third_Party/FreeRTOS/Source/tasks.c **** 				Place the task in the termination list.  The idle task will
1203:Middlewares/Third_Party/FreeRTOS/Source/tasks.c **** 				check the termination list and free up any memory allocated by
1204:Middlewares/Third_Party/FreeRTOS/Source/tasks.c **** 				the scheduler for the TCB and stack of the deleted task. */
1205:Middlewares/Third_Party/FreeRTOS/Source/tasks.c **** 				vListInsertEnd( &xTasksWaitingTermination, &( pxTCB->xStateListItem ) );
1206:Middlewares/Third_Party/FreeRTOS/Source/tasks.c **** 
1207:Middlewares/Third_Party/FreeRTOS/Source/tasks.c **** 				/* Increment the ucTasksDeleted variable so the idle task knows
1208:Middlewares/Third_Party/FreeRTOS/Source/tasks.c **** 				there is a task that has been deleted and that it should therefore
1209:Middlewares/Third_Party/FreeRTOS/Source/tasks.c **** 				check the xTasksWaitingTermination list. */
1210:Middlewares/Third_Party/FreeRTOS/Source/tasks.c **** 				++uxDeletedTasksWaitingCleanUp;
1211:Middlewares/Third_Party/FreeRTOS/Source/tasks.c **** 
1212:Middlewares/Third_Party/FreeRTOS/Source/tasks.c **** 				/* Call the delete hook before portPRE_TASK_DELETE_HOOK() as
1213:Middlewares/Third_Party/FreeRTOS/Source/tasks.c **** 				portPRE_TASK_DELETE_HOOK() does not return in the Win32 port. */
1214:Middlewares/Third_Party/FreeRTOS/Source/tasks.c **** 				traceTASK_DELETE( pxTCB );
1215:Middlewares/Third_Party/FreeRTOS/Source/tasks.c **** 
1216:Middlewares/Third_Party/FreeRTOS/Source/tasks.c **** 				/* The pre-delete hook is primarily for the Windows simulator,
1217:Middlewares/Third_Party/FreeRTOS/Source/tasks.c **** 				in which Windows specific clean up operations are performed,
1218:Middlewares/Third_Party/FreeRTOS/Source/tasks.c **** 				after which it is not possible to yield away from this task -
1219:Middlewares/Third_Party/FreeRTOS/Source/tasks.c **** 				hence xYieldPending is used to latch that a context switch is
1220:Middlewares/Third_Party/FreeRTOS/Source/tasks.c **** 				required. */
1221:Middlewares/Third_Party/FreeRTOS/Source/tasks.c **** 				portPRE_TASK_DELETE_HOOK( pxTCB, &xYieldPending );
1222:Middlewares/Third_Party/FreeRTOS/Source/tasks.c **** 			}
1223:Middlewares/Third_Party/FreeRTOS/Source/tasks.c **** 			else
1224:Middlewares/Third_Party/FreeRTOS/Source/tasks.c **** 			{
1225:Middlewares/Third_Party/FreeRTOS/Source/tasks.c **** 				--uxCurrentNumberOfTasks;
1226:Middlewares/Third_Party/FreeRTOS/Source/tasks.c **** 				traceTASK_DELETE( pxTCB );
1227:Middlewares/Third_Party/FreeRTOS/Source/tasks.c **** 				prvDeleteTCB( pxTCB );
ARM GAS  /tmp/ccbSDz7D.s 			page 23


1228:Middlewares/Third_Party/FreeRTOS/Source/tasks.c **** 
1229:Middlewares/Third_Party/FreeRTOS/Source/tasks.c **** 				/* Reset the next expected unblock time in case it referred to
1230:Middlewares/Third_Party/FreeRTOS/Source/tasks.c **** 				the task that has just been deleted. */
1231:Middlewares/Third_Party/FreeRTOS/Source/tasks.c **** 				prvResetNextTaskUnblockTime();
1232:Middlewares/Third_Party/FreeRTOS/Source/tasks.c **** 			}
1233:Middlewares/Third_Party/FreeRTOS/Source/tasks.c **** 		}
1234:Middlewares/Third_Party/FreeRTOS/Source/tasks.c **** 		taskEXIT_CRITICAL();
1235:Middlewares/Third_Party/FreeRTOS/Source/tasks.c **** 
1236:Middlewares/Third_Party/FreeRTOS/Source/tasks.c **** 		/* Force a reschedule if it is the currently running task that has just
1237:Middlewares/Third_Party/FreeRTOS/Source/tasks.c **** 		been deleted. */
1238:Middlewares/Third_Party/FreeRTOS/Source/tasks.c **** 		if( xSchedulerRunning != pdFALSE )
1239:Middlewares/Third_Party/FreeRTOS/Source/tasks.c **** 		{
1240:Middlewares/Third_Party/FreeRTOS/Source/tasks.c **** 			if( pxTCB == pxCurrentTCB )
1241:Middlewares/Third_Party/FreeRTOS/Source/tasks.c **** 			{
1242:Middlewares/Third_Party/FreeRTOS/Source/tasks.c **** 				configASSERT( uxSchedulerSuspended == 0 );
1243:Middlewares/Third_Party/FreeRTOS/Source/tasks.c **** 				portYIELD_WITHIN_API();
1244:Middlewares/Third_Party/FreeRTOS/Source/tasks.c **** 			}
1245:Middlewares/Third_Party/FreeRTOS/Source/tasks.c **** 			else
1246:Middlewares/Third_Party/FreeRTOS/Source/tasks.c **** 			{
1247:Middlewares/Third_Party/FreeRTOS/Source/tasks.c **** 				mtCOVERAGE_TEST_MARKER();
1248:Middlewares/Third_Party/FreeRTOS/Source/tasks.c **** 			}
1249:Middlewares/Third_Party/FreeRTOS/Source/tasks.c **** 		}
1250:Middlewares/Third_Party/FreeRTOS/Source/tasks.c **** 	}
1251:Middlewares/Third_Party/FreeRTOS/Source/tasks.c **** 
1252:Middlewares/Third_Party/FreeRTOS/Source/tasks.c **** #endif /* INCLUDE_vTaskDelete */
1253:Middlewares/Third_Party/FreeRTOS/Source/tasks.c **** /*-----------------------------------------------------------*/
1254:Middlewares/Third_Party/FreeRTOS/Source/tasks.c **** 
1255:Middlewares/Third_Party/FreeRTOS/Source/tasks.c **** #if ( INCLUDE_vTaskDelayUntil == 1 )
1256:Middlewares/Third_Party/FreeRTOS/Source/tasks.c **** 
1257:Middlewares/Third_Party/FreeRTOS/Source/tasks.c **** 	void vTaskDelayUntil( TickType_t * const pxPreviousWakeTime, const TickType_t xTimeIncrement )
1258:Middlewares/Third_Party/FreeRTOS/Source/tasks.c **** 	{
1259:Middlewares/Third_Party/FreeRTOS/Source/tasks.c **** 	TickType_t xTimeToWake;
1260:Middlewares/Third_Party/FreeRTOS/Source/tasks.c **** 	BaseType_t xAlreadyYielded, xShouldDelay = pdFALSE;
1261:Middlewares/Third_Party/FreeRTOS/Source/tasks.c **** 
1262:Middlewares/Third_Party/FreeRTOS/Source/tasks.c **** 		configASSERT( pxPreviousWakeTime );
1263:Middlewares/Third_Party/FreeRTOS/Source/tasks.c **** 		configASSERT( ( xTimeIncrement > 0U ) );
1264:Middlewares/Third_Party/FreeRTOS/Source/tasks.c **** 		configASSERT( uxSchedulerSuspended == 0 );
1265:Middlewares/Third_Party/FreeRTOS/Source/tasks.c **** 
1266:Middlewares/Third_Party/FreeRTOS/Source/tasks.c **** 		vTaskSuspendAll();
1267:Middlewares/Third_Party/FreeRTOS/Source/tasks.c **** 		{
1268:Middlewares/Third_Party/FreeRTOS/Source/tasks.c **** 			/* Minor optimisation.  The tick count cannot change in this
1269:Middlewares/Third_Party/FreeRTOS/Source/tasks.c **** 			block. */
1270:Middlewares/Third_Party/FreeRTOS/Source/tasks.c **** 			const TickType_t xConstTickCount = xTickCount;
1271:Middlewares/Third_Party/FreeRTOS/Source/tasks.c **** 
1272:Middlewares/Third_Party/FreeRTOS/Source/tasks.c **** 			/* Generate the tick time at which the task wants to wake. */
1273:Middlewares/Third_Party/FreeRTOS/Source/tasks.c **** 			xTimeToWake = *pxPreviousWakeTime + xTimeIncrement;
1274:Middlewares/Third_Party/FreeRTOS/Source/tasks.c **** 
1275:Middlewares/Third_Party/FreeRTOS/Source/tasks.c **** 			if( xConstTickCount < *pxPreviousWakeTime )
1276:Middlewares/Third_Party/FreeRTOS/Source/tasks.c **** 			{
1277:Middlewares/Third_Party/FreeRTOS/Source/tasks.c **** 				/* The tick count has overflowed since this function was
1278:Middlewares/Third_Party/FreeRTOS/Source/tasks.c **** 				lasted called.  In this case the only time we should ever
1279:Middlewares/Third_Party/FreeRTOS/Source/tasks.c **** 				actually delay is if the wake time has also	overflowed,
1280:Middlewares/Third_Party/FreeRTOS/Source/tasks.c **** 				and the wake time is greater than the tick time.  When this
1281:Middlewares/Third_Party/FreeRTOS/Source/tasks.c **** 				is the case it is as if neither time had overflowed. */
1282:Middlewares/Third_Party/FreeRTOS/Source/tasks.c **** 				if( ( xTimeToWake < *pxPreviousWakeTime ) && ( xTimeToWake > xConstTickCount ) )
1283:Middlewares/Third_Party/FreeRTOS/Source/tasks.c **** 				{
1284:Middlewares/Third_Party/FreeRTOS/Source/tasks.c **** 					xShouldDelay = pdTRUE;
ARM GAS  /tmp/ccbSDz7D.s 			page 24


1285:Middlewares/Third_Party/FreeRTOS/Source/tasks.c **** 				}
1286:Middlewares/Third_Party/FreeRTOS/Source/tasks.c **** 				else
1287:Middlewares/Third_Party/FreeRTOS/Source/tasks.c **** 				{
1288:Middlewares/Third_Party/FreeRTOS/Source/tasks.c **** 					mtCOVERAGE_TEST_MARKER();
1289:Middlewares/Third_Party/FreeRTOS/Source/tasks.c **** 				}
1290:Middlewares/Third_Party/FreeRTOS/Source/tasks.c **** 			}
1291:Middlewares/Third_Party/FreeRTOS/Source/tasks.c **** 			else
1292:Middlewares/Third_Party/FreeRTOS/Source/tasks.c **** 			{
1293:Middlewares/Third_Party/FreeRTOS/Source/tasks.c **** 				/* The tick time has not overflowed.  In this case we will
1294:Middlewares/Third_Party/FreeRTOS/Source/tasks.c **** 				delay if either the wake time has overflowed, and/or the
1295:Middlewares/Third_Party/FreeRTOS/Source/tasks.c **** 				tick time is less than the wake time. */
1296:Middlewares/Third_Party/FreeRTOS/Source/tasks.c **** 				if( ( xTimeToWake < *pxPreviousWakeTime ) || ( xTimeToWake > xConstTickCount ) )
1297:Middlewares/Third_Party/FreeRTOS/Source/tasks.c **** 				{
1298:Middlewares/Third_Party/FreeRTOS/Source/tasks.c **** 					xShouldDelay = pdTRUE;
1299:Middlewares/Third_Party/FreeRTOS/Source/tasks.c **** 				}
1300:Middlewares/Third_Party/FreeRTOS/Source/tasks.c **** 				else
1301:Middlewares/Third_Party/FreeRTOS/Source/tasks.c **** 				{
1302:Middlewares/Third_Party/FreeRTOS/Source/tasks.c **** 					mtCOVERAGE_TEST_MARKER();
1303:Middlewares/Third_Party/FreeRTOS/Source/tasks.c **** 				}
1304:Middlewares/Third_Party/FreeRTOS/Source/tasks.c **** 			}
1305:Middlewares/Third_Party/FreeRTOS/Source/tasks.c **** 
1306:Middlewares/Third_Party/FreeRTOS/Source/tasks.c **** 			/* Update the wake time ready for the next call. */
1307:Middlewares/Third_Party/FreeRTOS/Source/tasks.c **** 			*pxPreviousWakeTime = xTimeToWake;
1308:Middlewares/Third_Party/FreeRTOS/Source/tasks.c **** 
1309:Middlewares/Third_Party/FreeRTOS/Source/tasks.c **** 			if( xShouldDelay != pdFALSE )
1310:Middlewares/Third_Party/FreeRTOS/Source/tasks.c **** 			{
1311:Middlewares/Third_Party/FreeRTOS/Source/tasks.c **** 				traceTASK_DELAY_UNTIL( xTimeToWake );
1312:Middlewares/Third_Party/FreeRTOS/Source/tasks.c **** 
1313:Middlewares/Third_Party/FreeRTOS/Source/tasks.c **** 				/* prvAddCurrentTaskToDelayedList() needs the block time, not
1314:Middlewares/Third_Party/FreeRTOS/Source/tasks.c **** 				the time to wake, so subtract the current tick count. */
1315:Middlewares/Third_Party/FreeRTOS/Source/tasks.c **** 				prvAddCurrentTaskToDelayedList( xTimeToWake - xConstTickCount, pdFALSE );
1316:Middlewares/Third_Party/FreeRTOS/Source/tasks.c **** 			}
1317:Middlewares/Third_Party/FreeRTOS/Source/tasks.c **** 			else
1318:Middlewares/Third_Party/FreeRTOS/Source/tasks.c **** 			{
1319:Middlewares/Third_Party/FreeRTOS/Source/tasks.c **** 				mtCOVERAGE_TEST_MARKER();
1320:Middlewares/Third_Party/FreeRTOS/Source/tasks.c **** 			}
1321:Middlewares/Third_Party/FreeRTOS/Source/tasks.c **** 		}
1322:Middlewares/Third_Party/FreeRTOS/Source/tasks.c **** 		xAlreadyYielded = xTaskResumeAll();
1323:Middlewares/Third_Party/FreeRTOS/Source/tasks.c **** 
1324:Middlewares/Third_Party/FreeRTOS/Source/tasks.c **** 		/* Force a reschedule if xTaskResumeAll has not already done so, we may
1325:Middlewares/Third_Party/FreeRTOS/Source/tasks.c **** 		have put ourselves to sleep. */
1326:Middlewares/Third_Party/FreeRTOS/Source/tasks.c **** 		if( xAlreadyYielded == pdFALSE )
1327:Middlewares/Third_Party/FreeRTOS/Source/tasks.c **** 		{
1328:Middlewares/Third_Party/FreeRTOS/Source/tasks.c **** 			portYIELD_WITHIN_API();
1329:Middlewares/Third_Party/FreeRTOS/Source/tasks.c **** 		}
1330:Middlewares/Third_Party/FreeRTOS/Source/tasks.c **** 		else
1331:Middlewares/Third_Party/FreeRTOS/Source/tasks.c **** 		{
1332:Middlewares/Third_Party/FreeRTOS/Source/tasks.c **** 			mtCOVERAGE_TEST_MARKER();
1333:Middlewares/Third_Party/FreeRTOS/Source/tasks.c **** 		}
1334:Middlewares/Third_Party/FreeRTOS/Source/tasks.c **** 	}
1335:Middlewares/Third_Party/FreeRTOS/Source/tasks.c **** 
1336:Middlewares/Third_Party/FreeRTOS/Source/tasks.c **** #endif /* INCLUDE_vTaskDelayUntil */
1337:Middlewares/Third_Party/FreeRTOS/Source/tasks.c **** /*-----------------------------------------------------------*/
1338:Middlewares/Third_Party/FreeRTOS/Source/tasks.c **** 
1339:Middlewares/Third_Party/FreeRTOS/Source/tasks.c **** #if ( INCLUDE_vTaskDelay == 1 )
1340:Middlewares/Third_Party/FreeRTOS/Source/tasks.c **** 
1341:Middlewares/Third_Party/FreeRTOS/Source/tasks.c **** 	void vTaskDelay( const TickType_t xTicksToDelay )
ARM GAS  /tmp/ccbSDz7D.s 			page 25


1342:Middlewares/Third_Party/FreeRTOS/Source/tasks.c **** 	{
1343:Middlewares/Third_Party/FreeRTOS/Source/tasks.c **** 	BaseType_t xAlreadyYielded = pdFALSE;
1344:Middlewares/Third_Party/FreeRTOS/Source/tasks.c **** 
1345:Middlewares/Third_Party/FreeRTOS/Source/tasks.c **** 		/* A delay time of zero just forces a reschedule. */
1346:Middlewares/Third_Party/FreeRTOS/Source/tasks.c **** 		if( xTicksToDelay > ( TickType_t ) 0U )
1347:Middlewares/Third_Party/FreeRTOS/Source/tasks.c **** 		{
1348:Middlewares/Third_Party/FreeRTOS/Source/tasks.c **** 			configASSERT( uxSchedulerSuspended == 0 );
1349:Middlewares/Third_Party/FreeRTOS/Source/tasks.c **** 			vTaskSuspendAll();
1350:Middlewares/Third_Party/FreeRTOS/Source/tasks.c **** 			{
1351:Middlewares/Third_Party/FreeRTOS/Source/tasks.c **** 				traceTASK_DELAY();
1352:Middlewares/Third_Party/FreeRTOS/Source/tasks.c **** 
1353:Middlewares/Third_Party/FreeRTOS/Source/tasks.c **** 				/* A task that is removed from the event list while the
1354:Middlewares/Third_Party/FreeRTOS/Source/tasks.c **** 				scheduler is suspended will not get placed in the ready
1355:Middlewares/Third_Party/FreeRTOS/Source/tasks.c **** 				list or removed from the blocked list until the scheduler
1356:Middlewares/Third_Party/FreeRTOS/Source/tasks.c **** 				is resumed.
1357:Middlewares/Third_Party/FreeRTOS/Source/tasks.c **** 
1358:Middlewares/Third_Party/FreeRTOS/Source/tasks.c **** 				This task cannot be in an event list as it is the currently
1359:Middlewares/Third_Party/FreeRTOS/Source/tasks.c **** 				executing task. */
1360:Middlewares/Third_Party/FreeRTOS/Source/tasks.c **** 				prvAddCurrentTaskToDelayedList( xTicksToDelay, pdFALSE );
1361:Middlewares/Third_Party/FreeRTOS/Source/tasks.c **** 			}
1362:Middlewares/Third_Party/FreeRTOS/Source/tasks.c **** 			xAlreadyYielded = xTaskResumeAll();
1363:Middlewares/Third_Party/FreeRTOS/Source/tasks.c **** 		}
1364:Middlewares/Third_Party/FreeRTOS/Source/tasks.c **** 		else
1365:Middlewares/Third_Party/FreeRTOS/Source/tasks.c **** 		{
1366:Middlewares/Third_Party/FreeRTOS/Source/tasks.c **** 			mtCOVERAGE_TEST_MARKER();
1367:Middlewares/Third_Party/FreeRTOS/Source/tasks.c **** 		}
1368:Middlewares/Third_Party/FreeRTOS/Source/tasks.c **** 
1369:Middlewares/Third_Party/FreeRTOS/Source/tasks.c **** 		/* Force a reschedule if xTaskResumeAll has not already done so, we may
1370:Middlewares/Third_Party/FreeRTOS/Source/tasks.c **** 		have put ourselves to sleep. */
1371:Middlewares/Third_Party/FreeRTOS/Source/tasks.c **** 		if( xAlreadyYielded == pdFALSE )
1372:Middlewares/Third_Party/FreeRTOS/Source/tasks.c **** 		{
1373:Middlewares/Third_Party/FreeRTOS/Source/tasks.c **** 			portYIELD_WITHIN_API();
1374:Middlewares/Third_Party/FreeRTOS/Source/tasks.c **** 		}
1375:Middlewares/Third_Party/FreeRTOS/Source/tasks.c **** 		else
1376:Middlewares/Third_Party/FreeRTOS/Source/tasks.c **** 		{
1377:Middlewares/Third_Party/FreeRTOS/Source/tasks.c **** 			mtCOVERAGE_TEST_MARKER();
1378:Middlewares/Third_Party/FreeRTOS/Source/tasks.c **** 		}
1379:Middlewares/Third_Party/FreeRTOS/Source/tasks.c **** 	}
1380:Middlewares/Third_Party/FreeRTOS/Source/tasks.c **** 
1381:Middlewares/Third_Party/FreeRTOS/Source/tasks.c **** #endif /* INCLUDE_vTaskDelay */
1382:Middlewares/Third_Party/FreeRTOS/Source/tasks.c **** /*-----------------------------------------------------------*/
1383:Middlewares/Third_Party/FreeRTOS/Source/tasks.c **** 
1384:Middlewares/Third_Party/FreeRTOS/Source/tasks.c **** #if( ( INCLUDE_eTaskGetState == 1 ) || ( configUSE_TRACE_FACILITY == 1 ) || ( INCLUDE_xTaskAbortDel
1385:Middlewares/Third_Party/FreeRTOS/Source/tasks.c **** 
1386:Middlewares/Third_Party/FreeRTOS/Source/tasks.c **** 	eTaskState eTaskGetState( TaskHandle_t xTask )
1387:Middlewares/Third_Party/FreeRTOS/Source/tasks.c **** 	{
1388:Middlewares/Third_Party/FreeRTOS/Source/tasks.c **** 	eTaskState eReturn;
1389:Middlewares/Third_Party/FreeRTOS/Source/tasks.c **** 	List_t const * pxStateList, *pxDelayedList, *pxOverflowedDelayedList;
1390:Middlewares/Third_Party/FreeRTOS/Source/tasks.c **** 	const TCB_t * const pxTCB = xTask;
1391:Middlewares/Third_Party/FreeRTOS/Source/tasks.c **** 
1392:Middlewares/Third_Party/FreeRTOS/Source/tasks.c **** 		configASSERT( pxTCB );
1393:Middlewares/Third_Party/FreeRTOS/Source/tasks.c **** 
1394:Middlewares/Third_Party/FreeRTOS/Source/tasks.c **** 		if( pxTCB == pxCurrentTCB )
1395:Middlewares/Third_Party/FreeRTOS/Source/tasks.c **** 		{
1396:Middlewares/Third_Party/FreeRTOS/Source/tasks.c **** 			/* The task calling this function is querying its own state. */
1397:Middlewares/Third_Party/FreeRTOS/Source/tasks.c **** 			eReturn = eRunning;
1398:Middlewares/Third_Party/FreeRTOS/Source/tasks.c **** 		}
ARM GAS  /tmp/ccbSDz7D.s 			page 26


1399:Middlewares/Third_Party/FreeRTOS/Source/tasks.c **** 		else
1400:Middlewares/Third_Party/FreeRTOS/Source/tasks.c **** 		{
1401:Middlewares/Third_Party/FreeRTOS/Source/tasks.c **** 			taskENTER_CRITICAL();
1402:Middlewares/Third_Party/FreeRTOS/Source/tasks.c **** 			{
1403:Middlewares/Third_Party/FreeRTOS/Source/tasks.c **** 				pxStateList = listLIST_ITEM_CONTAINER( &( pxTCB->xStateListItem ) );
1404:Middlewares/Third_Party/FreeRTOS/Source/tasks.c **** 				pxDelayedList = pxDelayedTaskList;
1405:Middlewares/Third_Party/FreeRTOS/Source/tasks.c **** 				pxOverflowedDelayedList = pxOverflowDelayedTaskList;
1406:Middlewares/Third_Party/FreeRTOS/Source/tasks.c **** 			}
1407:Middlewares/Third_Party/FreeRTOS/Source/tasks.c **** 			taskEXIT_CRITICAL();
1408:Middlewares/Third_Party/FreeRTOS/Source/tasks.c **** 
1409:Middlewares/Third_Party/FreeRTOS/Source/tasks.c **** 			if( ( pxStateList == pxDelayedList ) || ( pxStateList == pxOverflowedDelayedList ) )
1410:Middlewares/Third_Party/FreeRTOS/Source/tasks.c **** 			{
1411:Middlewares/Third_Party/FreeRTOS/Source/tasks.c **** 				/* The task being queried is referenced from one of the Blocked
1412:Middlewares/Third_Party/FreeRTOS/Source/tasks.c **** 				lists. */
1413:Middlewares/Third_Party/FreeRTOS/Source/tasks.c **** 				eReturn = eBlocked;
1414:Middlewares/Third_Party/FreeRTOS/Source/tasks.c **** 			}
1415:Middlewares/Third_Party/FreeRTOS/Source/tasks.c **** 
1416:Middlewares/Third_Party/FreeRTOS/Source/tasks.c **** 			#if ( INCLUDE_vTaskSuspend == 1 )
1417:Middlewares/Third_Party/FreeRTOS/Source/tasks.c **** 				else if( pxStateList == &xSuspendedTaskList )
1418:Middlewares/Third_Party/FreeRTOS/Source/tasks.c **** 				{
1419:Middlewares/Third_Party/FreeRTOS/Source/tasks.c **** 					/* The task being queried is referenced from the suspended
1420:Middlewares/Third_Party/FreeRTOS/Source/tasks.c **** 					list.  Is it genuinely suspended or is it blocked
1421:Middlewares/Third_Party/FreeRTOS/Source/tasks.c **** 					indefinitely? */
1422:Middlewares/Third_Party/FreeRTOS/Source/tasks.c **** 					if( listLIST_ITEM_CONTAINER( &( pxTCB->xEventListItem ) ) == NULL )
1423:Middlewares/Third_Party/FreeRTOS/Source/tasks.c **** 					{
1424:Middlewares/Third_Party/FreeRTOS/Source/tasks.c **** 						#if( configUSE_TASK_NOTIFICATIONS == 1 )
1425:Middlewares/Third_Party/FreeRTOS/Source/tasks.c **** 						{
1426:Middlewares/Third_Party/FreeRTOS/Source/tasks.c **** 							/* The task does not appear on the event list item of
1427:Middlewares/Third_Party/FreeRTOS/Source/tasks.c **** 							and of the RTOS objects, but could still be in the
1428:Middlewares/Third_Party/FreeRTOS/Source/tasks.c **** 							blocked state if it is waiting on its notification
1429:Middlewares/Third_Party/FreeRTOS/Source/tasks.c **** 							rather than waiting on an object. */
1430:Middlewares/Third_Party/FreeRTOS/Source/tasks.c **** 							if( pxTCB->ucNotifyState == taskWAITING_NOTIFICATION )
1431:Middlewares/Third_Party/FreeRTOS/Source/tasks.c **** 							{
1432:Middlewares/Third_Party/FreeRTOS/Source/tasks.c **** 								eReturn = eBlocked;
1433:Middlewares/Third_Party/FreeRTOS/Source/tasks.c **** 							}
1434:Middlewares/Third_Party/FreeRTOS/Source/tasks.c **** 							else
1435:Middlewares/Third_Party/FreeRTOS/Source/tasks.c **** 							{
1436:Middlewares/Third_Party/FreeRTOS/Source/tasks.c **** 								eReturn = eSuspended;
1437:Middlewares/Third_Party/FreeRTOS/Source/tasks.c **** 							}
1438:Middlewares/Third_Party/FreeRTOS/Source/tasks.c **** 						}
1439:Middlewares/Third_Party/FreeRTOS/Source/tasks.c **** 						#else
1440:Middlewares/Third_Party/FreeRTOS/Source/tasks.c **** 						{
1441:Middlewares/Third_Party/FreeRTOS/Source/tasks.c **** 							eReturn = eSuspended;
1442:Middlewares/Third_Party/FreeRTOS/Source/tasks.c **** 						}
1443:Middlewares/Third_Party/FreeRTOS/Source/tasks.c **** 						#endif
1444:Middlewares/Third_Party/FreeRTOS/Source/tasks.c **** 					}
1445:Middlewares/Third_Party/FreeRTOS/Source/tasks.c **** 					else
1446:Middlewares/Third_Party/FreeRTOS/Source/tasks.c **** 					{
1447:Middlewares/Third_Party/FreeRTOS/Source/tasks.c **** 						eReturn = eBlocked;
1448:Middlewares/Third_Party/FreeRTOS/Source/tasks.c **** 					}
1449:Middlewares/Third_Party/FreeRTOS/Source/tasks.c **** 				}
1450:Middlewares/Third_Party/FreeRTOS/Source/tasks.c **** 			#endif
1451:Middlewares/Third_Party/FreeRTOS/Source/tasks.c **** 
1452:Middlewares/Third_Party/FreeRTOS/Source/tasks.c **** 			#if ( INCLUDE_vTaskDelete == 1 )
1453:Middlewares/Third_Party/FreeRTOS/Source/tasks.c **** 				else if( ( pxStateList == &xTasksWaitingTermination ) || ( pxStateList == NULL ) )
1454:Middlewares/Third_Party/FreeRTOS/Source/tasks.c **** 				{
1455:Middlewares/Third_Party/FreeRTOS/Source/tasks.c **** 					/* The task being queried is referenced from the deleted
ARM GAS  /tmp/ccbSDz7D.s 			page 27


1456:Middlewares/Third_Party/FreeRTOS/Source/tasks.c **** 					tasks list, or it is not referenced from any lists at
1457:Middlewares/Third_Party/FreeRTOS/Source/tasks.c **** 					all. */
1458:Middlewares/Third_Party/FreeRTOS/Source/tasks.c **** 					eReturn = eDeleted;
1459:Middlewares/Third_Party/FreeRTOS/Source/tasks.c **** 				}
1460:Middlewares/Third_Party/FreeRTOS/Source/tasks.c **** 			#endif
1461:Middlewares/Third_Party/FreeRTOS/Source/tasks.c **** 
1462:Middlewares/Third_Party/FreeRTOS/Source/tasks.c **** 			else /*lint !e525 Negative indentation is intended to make use of pre-processor clearer. */
1463:Middlewares/Third_Party/FreeRTOS/Source/tasks.c **** 			{
1464:Middlewares/Third_Party/FreeRTOS/Source/tasks.c **** 				/* If the task is not in any other state, it must be in the
1465:Middlewares/Third_Party/FreeRTOS/Source/tasks.c **** 				Ready (including pending ready) state. */
1466:Middlewares/Third_Party/FreeRTOS/Source/tasks.c **** 				eReturn = eReady;
1467:Middlewares/Third_Party/FreeRTOS/Source/tasks.c **** 			}
1468:Middlewares/Third_Party/FreeRTOS/Source/tasks.c **** 		}
1469:Middlewares/Third_Party/FreeRTOS/Source/tasks.c **** 
1470:Middlewares/Third_Party/FreeRTOS/Source/tasks.c **** 		return eReturn;
1471:Middlewares/Third_Party/FreeRTOS/Source/tasks.c **** 	} /*lint !e818 xTask cannot be a pointer to const because it is a typedef. */
1472:Middlewares/Third_Party/FreeRTOS/Source/tasks.c **** 
1473:Middlewares/Third_Party/FreeRTOS/Source/tasks.c **** #endif /* INCLUDE_eTaskGetState */
1474:Middlewares/Third_Party/FreeRTOS/Source/tasks.c **** /*-----------------------------------------------------------*/
1475:Middlewares/Third_Party/FreeRTOS/Source/tasks.c **** 
1476:Middlewares/Third_Party/FreeRTOS/Source/tasks.c **** #if ( INCLUDE_uxTaskPriorityGet == 1 )
1477:Middlewares/Third_Party/FreeRTOS/Source/tasks.c **** 
1478:Middlewares/Third_Party/FreeRTOS/Source/tasks.c **** 	UBaseType_t uxTaskPriorityGet( const TaskHandle_t xTask )
1479:Middlewares/Third_Party/FreeRTOS/Source/tasks.c **** 	{
1480:Middlewares/Third_Party/FreeRTOS/Source/tasks.c **** 	TCB_t const *pxTCB;
1481:Middlewares/Third_Party/FreeRTOS/Source/tasks.c **** 	UBaseType_t uxReturn;
1482:Middlewares/Third_Party/FreeRTOS/Source/tasks.c **** 
1483:Middlewares/Third_Party/FreeRTOS/Source/tasks.c **** 		taskENTER_CRITICAL();
1484:Middlewares/Third_Party/FreeRTOS/Source/tasks.c **** 		{
1485:Middlewares/Third_Party/FreeRTOS/Source/tasks.c **** 			/* If null is passed in here then it is the priority of the task
1486:Middlewares/Third_Party/FreeRTOS/Source/tasks.c **** 			that called uxTaskPriorityGet() that is being queried. */
1487:Middlewares/Third_Party/FreeRTOS/Source/tasks.c **** 			pxTCB = prvGetTCBFromHandle( xTask );
1488:Middlewares/Third_Party/FreeRTOS/Source/tasks.c **** 			uxReturn = pxTCB->uxPriority;
1489:Middlewares/Third_Party/FreeRTOS/Source/tasks.c **** 		}
1490:Middlewares/Third_Party/FreeRTOS/Source/tasks.c **** 		taskEXIT_CRITICAL();
1491:Middlewares/Third_Party/FreeRTOS/Source/tasks.c **** 
1492:Middlewares/Third_Party/FreeRTOS/Source/tasks.c **** 		return uxReturn;
1493:Middlewares/Third_Party/FreeRTOS/Source/tasks.c **** 	}
1494:Middlewares/Third_Party/FreeRTOS/Source/tasks.c **** 
1495:Middlewares/Third_Party/FreeRTOS/Source/tasks.c **** #endif /* INCLUDE_uxTaskPriorityGet */
1496:Middlewares/Third_Party/FreeRTOS/Source/tasks.c **** /*-----------------------------------------------------------*/
1497:Middlewares/Third_Party/FreeRTOS/Source/tasks.c **** 
1498:Middlewares/Third_Party/FreeRTOS/Source/tasks.c **** #if ( INCLUDE_uxTaskPriorityGet == 1 )
1499:Middlewares/Third_Party/FreeRTOS/Source/tasks.c **** 
1500:Middlewares/Third_Party/FreeRTOS/Source/tasks.c **** 	UBaseType_t uxTaskPriorityGetFromISR( const TaskHandle_t xTask )
1501:Middlewares/Third_Party/FreeRTOS/Source/tasks.c **** 	{
1502:Middlewares/Third_Party/FreeRTOS/Source/tasks.c **** 	TCB_t const *pxTCB;
1503:Middlewares/Third_Party/FreeRTOS/Source/tasks.c **** 	UBaseType_t uxReturn, uxSavedInterruptState;
1504:Middlewares/Third_Party/FreeRTOS/Source/tasks.c **** 
1505:Middlewares/Third_Party/FreeRTOS/Source/tasks.c **** 		/* RTOS ports that support interrupt nesting have the concept of a
1506:Middlewares/Third_Party/FreeRTOS/Source/tasks.c **** 		maximum	system call (or maximum API call) interrupt priority.
1507:Middlewares/Third_Party/FreeRTOS/Source/tasks.c **** 		Interrupts that are	above the maximum system call priority are keep
1508:Middlewares/Third_Party/FreeRTOS/Source/tasks.c **** 		permanently enabled, even when the RTOS kernel is in a critical section,
1509:Middlewares/Third_Party/FreeRTOS/Source/tasks.c **** 		but cannot make any calls to FreeRTOS API functions.  If configASSERT()
1510:Middlewares/Third_Party/FreeRTOS/Source/tasks.c **** 		is defined in FreeRTOSConfig.h then
1511:Middlewares/Third_Party/FreeRTOS/Source/tasks.c **** 		portASSERT_IF_INTERRUPT_PRIORITY_INVALID() will result in an assertion
1512:Middlewares/Third_Party/FreeRTOS/Source/tasks.c **** 		failure if a FreeRTOS API function is called from an interrupt that has
ARM GAS  /tmp/ccbSDz7D.s 			page 28


1513:Middlewares/Third_Party/FreeRTOS/Source/tasks.c **** 		been assigned a priority above the configured maximum system call
1514:Middlewares/Third_Party/FreeRTOS/Source/tasks.c **** 		priority.  Only FreeRTOS functions that end in FromISR can be called
1515:Middlewares/Third_Party/FreeRTOS/Source/tasks.c **** 		from interrupts	that have been assigned a priority at or (logically)
1516:Middlewares/Third_Party/FreeRTOS/Source/tasks.c **** 		below the maximum system call interrupt priority.  FreeRTOS maintains a
1517:Middlewares/Third_Party/FreeRTOS/Source/tasks.c **** 		separate interrupt safe API to ensure interrupt entry is as fast and as
1518:Middlewares/Third_Party/FreeRTOS/Source/tasks.c **** 		simple as possible.  More information (albeit Cortex-M specific) is
1519:Middlewares/Third_Party/FreeRTOS/Source/tasks.c **** 		provided on the following link:
1520:Middlewares/Third_Party/FreeRTOS/Source/tasks.c **** 		https://www.freertos.org/RTOS-Cortex-M3-M4.html */
1521:Middlewares/Third_Party/FreeRTOS/Source/tasks.c **** 		portASSERT_IF_INTERRUPT_PRIORITY_INVALID();
1522:Middlewares/Third_Party/FreeRTOS/Source/tasks.c **** 
1523:Middlewares/Third_Party/FreeRTOS/Source/tasks.c **** 		uxSavedInterruptState = portSET_INTERRUPT_MASK_FROM_ISR();
1524:Middlewares/Third_Party/FreeRTOS/Source/tasks.c **** 		{
1525:Middlewares/Third_Party/FreeRTOS/Source/tasks.c **** 			/* If null is passed in here then it is the priority of the calling
1526:Middlewares/Third_Party/FreeRTOS/Source/tasks.c **** 			task that is being queried. */
1527:Middlewares/Third_Party/FreeRTOS/Source/tasks.c **** 			pxTCB = prvGetTCBFromHandle( xTask );
1528:Middlewares/Third_Party/FreeRTOS/Source/tasks.c **** 			uxReturn = pxTCB->uxPriority;
1529:Middlewares/Third_Party/FreeRTOS/Source/tasks.c **** 		}
1530:Middlewares/Third_Party/FreeRTOS/Source/tasks.c **** 		portCLEAR_INTERRUPT_MASK_FROM_ISR( uxSavedInterruptState );
1531:Middlewares/Third_Party/FreeRTOS/Source/tasks.c **** 
1532:Middlewares/Third_Party/FreeRTOS/Source/tasks.c **** 		return uxReturn;
1533:Middlewares/Third_Party/FreeRTOS/Source/tasks.c **** 	}
1534:Middlewares/Third_Party/FreeRTOS/Source/tasks.c **** 
1535:Middlewares/Third_Party/FreeRTOS/Source/tasks.c **** #endif /* INCLUDE_uxTaskPriorityGet */
1536:Middlewares/Third_Party/FreeRTOS/Source/tasks.c **** /*-----------------------------------------------------------*/
1537:Middlewares/Third_Party/FreeRTOS/Source/tasks.c **** 
1538:Middlewares/Third_Party/FreeRTOS/Source/tasks.c **** #if ( INCLUDE_vTaskPrioritySet == 1 )
1539:Middlewares/Third_Party/FreeRTOS/Source/tasks.c **** 
1540:Middlewares/Third_Party/FreeRTOS/Source/tasks.c **** 	void vTaskPrioritySet( TaskHandle_t xTask, UBaseType_t uxNewPriority )
1541:Middlewares/Third_Party/FreeRTOS/Source/tasks.c **** 	{
1542:Middlewares/Third_Party/FreeRTOS/Source/tasks.c **** 	TCB_t *pxTCB;
1543:Middlewares/Third_Party/FreeRTOS/Source/tasks.c **** 	UBaseType_t uxCurrentBasePriority, uxPriorityUsedOnEntry;
1544:Middlewares/Third_Party/FreeRTOS/Source/tasks.c **** 	BaseType_t xYieldRequired = pdFALSE;
1545:Middlewares/Third_Party/FreeRTOS/Source/tasks.c **** 
1546:Middlewares/Third_Party/FreeRTOS/Source/tasks.c **** 		configASSERT( ( uxNewPriority < configMAX_PRIORITIES ) );
1547:Middlewares/Third_Party/FreeRTOS/Source/tasks.c **** 
1548:Middlewares/Third_Party/FreeRTOS/Source/tasks.c **** 		/* Ensure the new priority is valid. */
1549:Middlewares/Third_Party/FreeRTOS/Source/tasks.c **** 		if( uxNewPriority >= ( UBaseType_t ) configMAX_PRIORITIES )
1550:Middlewares/Third_Party/FreeRTOS/Source/tasks.c **** 		{
1551:Middlewares/Third_Party/FreeRTOS/Source/tasks.c **** 			uxNewPriority = ( UBaseType_t ) configMAX_PRIORITIES - ( UBaseType_t ) 1U;
1552:Middlewares/Third_Party/FreeRTOS/Source/tasks.c **** 		}
1553:Middlewares/Third_Party/FreeRTOS/Source/tasks.c **** 		else
1554:Middlewares/Third_Party/FreeRTOS/Source/tasks.c **** 		{
1555:Middlewares/Third_Party/FreeRTOS/Source/tasks.c **** 			mtCOVERAGE_TEST_MARKER();
1556:Middlewares/Third_Party/FreeRTOS/Source/tasks.c **** 		}
1557:Middlewares/Third_Party/FreeRTOS/Source/tasks.c **** 
1558:Middlewares/Third_Party/FreeRTOS/Source/tasks.c **** 		taskENTER_CRITICAL();
1559:Middlewares/Third_Party/FreeRTOS/Source/tasks.c **** 		{
1560:Middlewares/Third_Party/FreeRTOS/Source/tasks.c **** 			/* If null is passed in here then it is the priority of the calling
1561:Middlewares/Third_Party/FreeRTOS/Source/tasks.c **** 			task that is being changed. */
1562:Middlewares/Third_Party/FreeRTOS/Source/tasks.c **** 			pxTCB = prvGetTCBFromHandle( xTask );
1563:Middlewares/Third_Party/FreeRTOS/Source/tasks.c **** 
1564:Middlewares/Third_Party/FreeRTOS/Source/tasks.c **** 			traceTASK_PRIORITY_SET( pxTCB, uxNewPriority );
1565:Middlewares/Third_Party/FreeRTOS/Source/tasks.c **** 
1566:Middlewares/Third_Party/FreeRTOS/Source/tasks.c **** 			#if ( configUSE_MUTEXES == 1 )
1567:Middlewares/Third_Party/FreeRTOS/Source/tasks.c **** 			{
1568:Middlewares/Third_Party/FreeRTOS/Source/tasks.c **** 				uxCurrentBasePriority = pxTCB->uxBasePriority;
1569:Middlewares/Third_Party/FreeRTOS/Source/tasks.c **** 			}
ARM GAS  /tmp/ccbSDz7D.s 			page 29


1570:Middlewares/Third_Party/FreeRTOS/Source/tasks.c **** 			#else
1571:Middlewares/Third_Party/FreeRTOS/Source/tasks.c **** 			{
1572:Middlewares/Third_Party/FreeRTOS/Source/tasks.c **** 				uxCurrentBasePriority = pxTCB->uxPriority;
1573:Middlewares/Third_Party/FreeRTOS/Source/tasks.c **** 			}
1574:Middlewares/Third_Party/FreeRTOS/Source/tasks.c **** 			#endif
1575:Middlewares/Third_Party/FreeRTOS/Source/tasks.c **** 
1576:Middlewares/Third_Party/FreeRTOS/Source/tasks.c **** 			if( uxCurrentBasePriority != uxNewPriority )
1577:Middlewares/Third_Party/FreeRTOS/Source/tasks.c **** 			{
1578:Middlewares/Third_Party/FreeRTOS/Source/tasks.c **** 				/* The priority change may have readied a task of higher
1579:Middlewares/Third_Party/FreeRTOS/Source/tasks.c **** 				priority than the calling task. */
1580:Middlewares/Third_Party/FreeRTOS/Source/tasks.c **** 				if( uxNewPriority > uxCurrentBasePriority )
1581:Middlewares/Third_Party/FreeRTOS/Source/tasks.c **** 				{
1582:Middlewares/Third_Party/FreeRTOS/Source/tasks.c **** 					if( pxTCB != pxCurrentTCB )
1583:Middlewares/Third_Party/FreeRTOS/Source/tasks.c **** 					{
1584:Middlewares/Third_Party/FreeRTOS/Source/tasks.c **** 						/* The priority of a task other than the currently
1585:Middlewares/Third_Party/FreeRTOS/Source/tasks.c **** 						running task is being raised.  Is the priority being
1586:Middlewares/Third_Party/FreeRTOS/Source/tasks.c **** 						raised above that of the running task? */
1587:Middlewares/Third_Party/FreeRTOS/Source/tasks.c **** 						if( uxNewPriority >= pxCurrentTCB->uxPriority )
1588:Middlewares/Third_Party/FreeRTOS/Source/tasks.c **** 						{
1589:Middlewares/Third_Party/FreeRTOS/Source/tasks.c **** 							xYieldRequired = pdTRUE;
1590:Middlewares/Third_Party/FreeRTOS/Source/tasks.c **** 						}
1591:Middlewares/Third_Party/FreeRTOS/Source/tasks.c **** 						else
1592:Middlewares/Third_Party/FreeRTOS/Source/tasks.c **** 						{
1593:Middlewares/Third_Party/FreeRTOS/Source/tasks.c **** 							mtCOVERAGE_TEST_MARKER();
1594:Middlewares/Third_Party/FreeRTOS/Source/tasks.c **** 						}
1595:Middlewares/Third_Party/FreeRTOS/Source/tasks.c **** 					}
1596:Middlewares/Third_Party/FreeRTOS/Source/tasks.c **** 					else
1597:Middlewares/Third_Party/FreeRTOS/Source/tasks.c **** 					{
1598:Middlewares/Third_Party/FreeRTOS/Source/tasks.c **** 						/* The priority of the running task is being raised,
1599:Middlewares/Third_Party/FreeRTOS/Source/tasks.c **** 						but the running task must already be the highest
1600:Middlewares/Third_Party/FreeRTOS/Source/tasks.c **** 						priority task able to run so no yield is required. */
1601:Middlewares/Third_Party/FreeRTOS/Source/tasks.c **** 					}
1602:Middlewares/Third_Party/FreeRTOS/Source/tasks.c **** 				}
1603:Middlewares/Third_Party/FreeRTOS/Source/tasks.c **** 				else if( pxTCB == pxCurrentTCB )
1604:Middlewares/Third_Party/FreeRTOS/Source/tasks.c **** 				{
1605:Middlewares/Third_Party/FreeRTOS/Source/tasks.c **** 					/* Setting the priority of the running task down means
1606:Middlewares/Third_Party/FreeRTOS/Source/tasks.c **** 					there may now be another task of higher priority that
1607:Middlewares/Third_Party/FreeRTOS/Source/tasks.c **** 					is ready to execute. */
1608:Middlewares/Third_Party/FreeRTOS/Source/tasks.c **** 					xYieldRequired = pdTRUE;
1609:Middlewares/Third_Party/FreeRTOS/Source/tasks.c **** 				}
1610:Middlewares/Third_Party/FreeRTOS/Source/tasks.c **** 				else
1611:Middlewares/Third_Party/FreeRTOS/Source/tasks.c **** 				{
1612:Middlewares/Third_Party/FreeRTOS/Source/tasks.c **** 					/* Setting the priority of any other task down does not
1613:Middlewares/Third_Party/FreeRTOS/Source/tasks.c **** 					require a yield as the running task must be above the
1614:Middlewares/Third_Party/FreeRTOS/Source/tasks.c **** 					new priority of the task being modified. */
1615:Middlewares/Third_Party/FreeRTOS/Source/tasks.c **** 				}
1616:Middlewares/Third_Party/FreeRTOS/Source/tasks.c **** 
1617:Middlewares/Third_Party/FreeRTOS/Source/tasks.c **** 				/* Remember the ready list the task might be referenced from
1618:Middlewares/Third_Party/FreeRTOS/Source/tasks.c **** 				before its uxPriority member is changed so the
1619:Middlewares/Third_Party/FreeRTOS/Source/tasks.c **** 				taskRESET_READY_PRIORITY() macro can function correctly. */
1620:Middlewares/Third_Party/FreeRTOS/Source/tasks.c **** 				uxPriorityUsedOnEntry = pxTCB->uxPriority;
1621:Middlewares/Third_Party/FreeRTOS/Source/tasks.c **** 
1622:Middlewares/Third_Party/FreeRTOS/Source/tasks.c **** 				#if ( configUSE_MUTEXES == 1 )
1623:Middlewares/Third_Party/FreeRTOS/Source/tasks.c **** 				{
1624:Middlewares/Third_Party/FreeRTOS/Source/tasks.c **** 					/* Only change the priority being used if the task is not
1625:Middlewares/Third_Party/FreeRTOS/Source/tasks.c **** 					currently using an inherited priority. */
1626:Middlewares/Third_Party/FreeRTOS/Source/tasks.c **** 					if( pxTCB->uxBasePriority == pxTCB->uxPriority )
ARM GAS  /tmp/ccbSDz7D.s 			page 30


1627:Middlewares/Third_Party/FreeRTOS/Source/tasks.c **** 					{
1628:Middlewares/Third_Party/FreeRTOS/Source/tasks.c **** 						pxTCB->uxPriority = uxNewPriority;
1629:Middlewares/Third_Party/FreeRTOS/Source/tasks.c **** 					}
1630:Middlewares/Third_Party/FreeRTOS/Source/tasks.c **** 					else
1631:Middlewares/Third_Party/FreeRTOS/Source/tasks.c **** 					{
1632:Middlewares/Third_Party/FreeRTOS/Source/tasks.c **** 						mtCOVERAGE_TEST_MARKER();
1633:Middlewares/Third_Party/FreeRTOS/Source/tasks.c **** 					}
1634:Middlewares/Third_Party/FreeRTOS/Source/tasks.c **** 
1635:Middlewares/Third_Party/FreeRTOS/Source/tasks.c **** 					/* The base priority gets set whatever. */
1636:Middlewares/Third_Party/FreeRTOS/Source/tasks.c **** 					pxTCB->uxBasePriority = uxNewPriority;
1637:Middlewares/Third_Party/FreeRTOS/Source/tasks.c **** 				}
1638:Middlewares/Third_Party/FreeRTOS/Source/tasks.c **** 				#else
1639:Middlewares/Third_Party/FreeRTOS/Source/tasks.c **** 				{
1640:Middlewares/Third_Party/FreeRTOS/Source/tasks.c **** 					pxTCB->uxPriority = uxNewPriority;
1641:Middlewares/Third_Party/FreeRTOS/Source/tasks.c **** 				}
1642:Middlewares/Third_Party/FreeRTOS/Source/tasks.c **** 				#endif
1643:Middlewares/Third_Party/FreeRTOS/Source/tasks.c **** 
1644:Middlewares/Third_Party/FreeRTOS/Source/tasks.c **** 				/* Only reset the event list item value if the value is not
1645:Middlewares/Third_Party/FreeRTOS/Source/tasks.c **** 				being used for anything else. */
1646:Middlewares/Third_Party/FreeRTOS/Source/tasks.c **** 				if( ( listGET_LIST_ITEM_VALUE( &( pxTCB->xEventListItem ) ) & taskEVENT_LIST_ITEM_VALUE_IN_USE 
1647:Middlewares/Third_Party/FreeRTOS/Source/tasks.c **** 				{
1648:Middlewares/Third_Party/FreeRTOS/Source/tasks.c **** 					listSET_LIST_ITEM_VALUE( &( pxTCB->xEventListItem ), ( ( TickType_t ) configMAX_PRIORITIES - (
1649:Middlewares/Third_Party/FreeRTOS/Source/tasks.c **** 				}
1650:Middlewares/Third_Party/FreeRTOS/Source/tasks.c **** 				else
1651:Middlewares/Third_Party/FreeRTOS/Source/tasks.c **** 				{
1652:Middlewares/Third_Party/FreeRTOS/Source/tasks.c **** 					mtCOVERAGE_TEST_MARKER();
1653:Middlewares/Third_Party/FreeRTOS/Source/tasks.c **** 				}
1654:Middlewares/Third_Party/FreeRTOS/Source/tasks.c **** 
1655:Middlewares/Third_Party/FreeRTOS/Source/tasks.c **** 				/* If the task is in the blocked or suspended list we need do
1656:Middlewares/Third_Party/FreeRTOS/Source/tasks.c **** 				nothing more than change its priority variable. However, if
1657:Middlewares/Third_Party/FreeRTOS/Source/tasks.c **** 				the task is in a ready list it needs to be removed and placed
1658:Middlewares/Third_Party/FreeRTOS/Source/tasks.c **** 				in the list appropriate to its new priority. */
1659:Middlewares/Third_Party/FreeRTOS/Source/tasks.c **** 				if( listIS_CONTAINED_WITHIN( &( pxReadyTasksLists[ uxPriorityUsedOnEntry ] ), &( pxTCB->xStateL
1660:Middlewares/Third_Party/FreeRTOS/Source/tasks.c **** 				{
1661:Middlewares/Third_Party/FreeRTOS/Source/tasks.c **** 					/* The task is currently in its ready list - remove before
1662:Middlewares/Third_Party/FreeRTOS/Source/tasks.c **** 					adding it to it's new ready list.  As we are in a critical
1663:Middlewares/Third_Party/FreeRTOS/Source/tasks.c **** 					section we can do this even if the scheduler is suspended. */
1664:Middlewares/Third_Party/FreeRTOS/Source/tasks.c **** 					if( uxListRemove( &( pxTCB->xStateListItem ) ) == ( UBaseType_t ) 0 )
1665:Middlewares/Third_Party/FreeRTOS/Source/tasks.c **** 					{
1666:Middlewares/Third_Party/FreeRTOS/Source/tasks.c **** 						/* It is known that the task is in its ready list so
1667:Middlewares/Third_Party/FreeRTOS/Source/tasks.c **** 						there is no need to check again and the port level
1668:Middlewares/Third_Party/FreeRTOS/Source/tasks.c **** 						reset macro can be called directly. */
1669:Middlewares/Third_Party/FreeRTOS/Source/tasks.c **** 						portRESET_READY_PRIORITY( uxPriorityUsedOnEntry, uxTopReadyPriority );
1670:Middlewares/Third_Party/FreeRTOS/Source/tasks.c **** 					}
1671:Middlewares/Third_Party/FreeRTOS/Source/tasks.c **** 					else
1672:Middlewares/Third_Party/FreeRTOS/Source/tasks.c **** 					{
1673:Middlewares/Third_Party/FreeRTOS/Source/tasks.c **** 						mtCOVERAGE_TEST_MARKER();
1674:Middlewares/Third_Party/FreeRTOS/Source/tasks.c **** 					}
1675:Middlewares/Third_Party/FreeRTOS/Source/tasks.c **** 					prvAddTaskToReadyList( pxTCB );
1676:Middlewares/Third_Party/FreeRTOS/Source/tasks.c **** 				}
1677:Middlewares/Third_Party/FreeRTOS/Source/tasks.c **** 				else
1678:Middlewares/Third_Party/FreeRTOS/Source/tasks.c **** 				{
1679:Middlewares/Third_Party/FreeRTOS/Source/tasks.c **** 					mtCOVERAGE_TEST_MARKER();
1680:Middlewares/Third_Party/FreeRTOS/Source/tasks.c **** 				}
1681:Middlewares/Third_Party/FreeRTOS/Source/tasks.c **** 
1682:Middlewares/Third_Party/FreeRTOS/Source/tasks.c **** 				if( xYieldRequired != pdFALSE )
1683:Middlewares/Third_Party/FreeRTOS/Source/tasks.c **** 				{
ARM GAS  /tmp/ccbSDz7D.s 			page 31


1684:Middlewares/Third_Party/FreeRTOS/Source/tasks.c **** 					taskYIELD_IF_USING_PREEMPTION();
1685:Middlewares/Third_Party/FreeRTOS/Source/tasks.c **** 				}
1686:Middlewares/Third_Party/FreeRTOS/Source/tasks.c **** 				else
1687:Middlewares/Third_Party/FreeRTOS/Source/tasks.c **** 				{
1688:Middlewares/Third_Party/FreeRTOS/Source/tasks.c **** 					mtCOVERAGE_TEST_MARKER();
1689:Middlewares/Third_Party/FreeRTOS/Source/tasks.c **** 				}
1690:Middlewares/Third_Party/FreeRTOS/Source/tasks.c **** 
1691:Middlewares/Third_Party/FreeRTOS/Source/tasks.c **** 				/* Remove compiler warning about unused variables when the port
1692:Middlewares/Third_Party/FreeRTOS/Source/tasks.c **** 				optimised task selection is not being used. */
1693:Middlewares/Third_Party/FreeRTOS/Source/tasks.c **** 				( void ) uxPriorityUsedOnEntry;
1694:Middlewares/Third_Party/FreeRTOS/Source/tasks.c **** 			}
1695:Middlewares/Third_Party/FreeRTOS/Source/tasks.c **** 		}
1696:Middlewares/Third_Party/FreeRTOS/Source/tasks.c **** 		taskEXIT_CRITICAL();
1697:Middlewares/Third_Party/FreeRTOS/Source/tasks.c **** 	}
1698:Middlewares/Third_Party/FreeRTOS/Source/tasks.c **** 
1699:Middlewares/Third_Party/FreeRTOS/Source/tasks.c **** #endif /* INCLUDE_vTaskPrioritySet */
1700:Middlewares/Third_Party/FreeRTOS/Source/tasks.c **** /*-----------------------------------------------------------*/
1701:Middlewares/Third_Party/FreeRTOS/Source/tasks.c **** 
1702:Middlewares/Third_Party/FreeRTOS/Source/tasks.c **** #if ( INCLUDE_vTaskSuspend == 1 )
1703:Middlewares/Third_Party/FreeRTOS/Source/tasks.c **** 
1704:Middlewares/Third_Party/FreeRTOS/Source/tasks.c **** 	void vTaskSuspend( TaskHandle_t xTaskToSuspend )
1705:Middlewares/Third_Party/FreeRTOS/Source/tasks.c **** 	{
1706:Middlewares/Third_Party/FreeRTOS/Source/tasks.c **** 	TCB_t *pxTCB;
1707:Middlewares/Third_Party/FreeRTOS/Source/tasks.c **** 
1708:Middlewares/Third_Party/FreeRTOS/Source/tasks.c **** 		taskENTER_CRITICAL();
1709:Middlewares/Third_Party/FreeRTOS/Source/tasks.c **** 		{
1710:Middlewares/Third_Party/FreeRTOS/Source/tasks.c **** 			/* If null is passed in here then it is the running task that is
1711:Middlewares/Third_Party/FreeRTOS/Source/tasks.c **** 			being suspended. */
1712:Middlewares/Third_Party/FreeRTOS/Source/tasks.c **** 			pxTCB = prvGetTCBFromHandle( xTaskToSuspend );
1713:Middlewares/Third_Party/FreeRTOS/Source/tasks.c **** 
1714:Middlewares/Third_Party/FreeRTOS/Source/tasks.c **** 			traceTASK_SUSPEND( pxTCB );
1715:Middlewares/Third_Party/FreeRTOS/Source/tasks.c **** 
1716:Middlewares/Third_Party/FreeRTOS/Source/tasks.c **** 			/* Remove task from the ready/delayed list and place in the
1717:Middlewares/Third_Party/FreeRTOS/Source/tasks.c **** 			suspended list. */
1718:Middlewares/Third_Party/FreeRTOS/Source/tasks.c **** 			if( uxListRemove( &( pxTCB->xStateListItem ) ) == ( UBaseType_t ) 0 )
1719:Middlewares/Third_Party/FreeRTOS/Source/tasks.c **** 			{
1720:Middlewares/Third_Party/FreeRTOS/Source/tasks.c **** 				taskRESET_READY_PRIORITY( pxTCB->uxPriority );
1721:Middlewares/Third_Party/FreeRTOS/Source/tasks.c **** 			}
1722:Middlewares/Third_Party/FreeRTOS/Source/tasks.c **** 			else
1723:Middlewares/Third_Party/FreeRTOS/Source/tasks.c **** 			{
1724:Middlewares/Third_Party/FreeRTOS/Source/tasks.c **** 				mtCOVERAGE_TEST_MARKER();
1725:Middlewares/Third_Party/FreeRTOS/Source/tasks.c **** 			}
1726:Middlewares/Third_Party/FreeRTOS/Source/tasks.c **** 
1727:Middlewares/Third_Party/FreeRTOS/Source/tasks.c **** 			/* Is the task waiting on an event also? */
1728:Middlewares/Third_Party/FreeRTOS/Source/tasks.c **** 			if( listLIST_ITEM_CONTAINER( &( pxTCB->xEventListItem ) ) != NULL )
1729:Middlewares/Third_Party/FreeRTOS/Source/tasks.c **** 			{
1730:Middlewares/Third_Party/FreeRTOS/Source/tasks.c **** 				( void ) uxListRemove( &( pxTCB->xEventListItem ) );
1731:Middlewares/Third_Party/FreeRTOS/Source/tasks.c **** 			}
1732:Middlewares/Third_Party/FreeRTOS/Source/tasks.c **** 			else
1733:Middlewares/Third_Party/FreeRTOS/Source/tasks.c **** 			{
1734:Middlewares/Third_Party/FreeRTOS/Source/tasks.c **** 				mtCOVERAGE_TEST_MARKER();
1735:Middlewares/Third_Party/FreeRTOS/Source/tasks.c **** 			}
1736:Middlewares/Third_Party/FreeRTOS/Source/tasks.c **** 
1737:Middlewares/Third_Party/FreeRTOS/Source/tasks.c **** 			vListInsertEnd( &xSuspendedTaskList, &( pxTCB->xStateListItem ) );
1738:Middlewares/Third_Party/FreeRTOS/Source/tasks.c **** 
1739:Middlewares/Third_Party/FreeRTOS/Source/tasks.c **** 			#if( configUSE_TASK_NOTIFICATIONS == 1 )
1740:Middlewares/Third_Party/FreeRTOS/Source/tasks.c **** 			{
ARM GAS  /tmp/ccbSDz7D.s 			page 32


1741:Middlewares/Third_Party/FreeRTOS/Source/tasks.c **** 				if( pxTCB->ucNotifyState == taskWAITING_NOTIFICATION )
1742:Middlewares/Third_Party/FreeRTOS/Source/tasks.c **** 				{
1743:Middlewares/Third_Party/FreeRTOS/Source/tasks.c **** 					/* The task was blocked to wait for a notification, but is
1744:Middlewares/Third_Party/FreeRTOS/Source/tasks.c **** 					now suspended, so no notification was received. */
1745:Middlewares/Third_Party/FreeRTOS/Source/tasks.c **** 					pxTCB->ucNotifyState = taskNOT_WAITING_NOTIFICATION;
1746:Middlewares/Third_Party/FreeRTOS/Source/tasks.c **** 				}
1747:Middlewares/Third_Party/FreeRTOS/Source/tasks.c **** 			}
1748:Middlewares/Third_Party/FreeRTOS/Source/tasks.c **** 			#endif
1749:Middlewares/Third_Party/FreeRTOS/Source/tasks.c **** 		}
1750:Middlewares/Third_Party/FreeRTOS/Source/tasks.c **** 		taskEXIT_CRITICAL();
1751:Middlewares/Third_Party/FreeRTOS/Source/tasks.c **** 
1752:Middlewares/Third_Party/FreeRTOS/Source/tasks.c **** 		if( xSchedulerRunning != pdFALSE )
1753:Middlewares/Third_Party/FreeRTOS/Source/tasks.c **** 		{
1754:Middlewares/Third_Party/FreeRTOS/Source/tasks.c **** 			/* Reset the next expected unblock time in case it referred to the
1755:Middlewares/Third_Party/FreeRTOS/Source/tasks.c **** 			task that is now in the Suspended state. */
1756:Middlewares/Third_Party/FreeRTOS/Source/tasks.c **** 			taskENTER_CRITICAL();
1757:Middlewares/Third_Party/FreeRTOS/Source/tasks.c **** 			{
1758:Middlewares/Third_Party/FreeRTOS/Source/tasks.c **** 				prvResetNextTaskUnblockTime();
1759:Middlewares/Third_Party/FreeRTOS/Source/tasks.c **** 			}
1760:Middlewares/Third_Party/FreeRTOS/Source/tasks.c **** 			taskEXIT_CRITICAL();
1761:Middlewares/Third_Party/FreeRTOS/Source/tasks.c **** 		}
1762:Middlewares/Third_Party/FreeRTOS/Source/tasks.c **** 		else
1763:Middlewares/Third_Party/FreeRTOS/Source/tasks.c **** 		{
1764:Middlewares/Third_Party/FreeRTOS/Source/tasks.c **** 			mtCOVERAGE_TEST_MARKER();
1765:Middlewares/Third_Party/FreeRTOS/Source/tasks.c **** 		}
1766:Middlewares/Third_Party/FreeRTOS/Source/tasks.c **** 
1767:Middlewares/Third_Party/FreeRTOS/Source/tasks.c **** 		if( pxTCB == pxCurrentTCB )
1768:Middlewares/Third_Party/FreeRTOS/Source/tasks.c **** 		{
1769:Middlewares/Third_Party/FreeRTOS/Source/tasks.c **** 			if( xSchedulerRunning != pdFALSE )
1770:Middlewares/Third_Party/FreeRTOS/Source/tasks.c **** 			{
1771:Middlewares/Third_Party/FreeRTOS/Source/tasks.c **** 				/* The current task has just been suspended. */
1772:Middlewares/Third_Party/FreeRTOS/Source/tasks.c **** 				configASSERT( uxSchedulerSuspended == 0 );
1773:Middlewares/Third_Party/FreeRTOS/Source/tasks.c **** 				portYIELD_WITHIN_API();
1774:Middlewares/Third_Party/FreeRTOS/Source/tasks.c **** 			}
1775:Middlewares/Third_Party/FreeRTOS/Source/tasks.c **** 			else
1776:Middlewares/Third_Party/FreeRTOS/Source/tasks.c **** 			{
1777:Middlewares/Third_Party/FreeRTOS/Source/tasks.c **** 				/* The scheduler is not running, but the task that was pointed
1778:Middlewares/Third_Party/FreeRTOS/Source/tasks.c **** 				to by pxCurrentTCB has just been suspended and pxCurrentTCB
1779:Middlewares/Third_Party/FreeRTOS/Source/tasks.c **** 				must be adjusted to point to a different task. */
1780:Middlewares/Third_Party/FreeRTOS/Source/tasks.c **** 				if( listCURRENT_LIST_LENGTH( &xSuspendedTaskList ) == uxCurrentNumberOfTasks ) /*lint !e931 Rig
1781:Middlewares/Third_Party/FreeRTOS/Source/tasks.c **** 				{
1782:Middlewares/Third_Party/FreeRTOS/Source/tasks.c **** 					/* No other tasks are ready, so set pxCurrentTCB back to
1783:Middlewares/Third_Party/FreeRTOS/Source/tasks.c **** 					NULL so when the next task is created pxCurrentTCB will
1784:Middlewares/Third_Party/FreeRTOS/Source/tasks.c **** 					be set to point to it no matter what its relative priority
1785:Middlewares/Third_Party/FreeRTOS/Source/tasks.c **** 					is. */
1786:Middlewares/Third_Party/FreeRTOS/Source/tasks.c **** 					pxCurrentTCB = NULL;
1787:Middlewares/Third_Party/FreeRTOS/Source/tasks.c **** 				}
1788:Middlewares/Third_Party/FreeRTOS/Source/tasks.c **** 				else
1789:Middlewares/Third_Party/FreeRTOS/Source/tasks.c **** 				{
1790:Middlewares/Third_Party/FreeRTOS/Source/tasks.c **** 					vTaskSwitchContext();
1791:Middlewares/Third_Party/FreeRTOS/Source/tasks.c **** 				}
1792:Middlewares/Third_Party/FreeRTOS/Source/tasks.c **** 			}
1793:Middlewares/Third_Party/FreeRTOS/Source/tasks.c **** 		}
1794:Middlewares/Third_Party/FreeRTOS/Source/tasks.c **** 		else
1795:Middlewares/Third_Party/FreeRTOS/Source/tasks.c **** 		{
1796:Middlewares/Third_Party/FreeRTOS/Source/tasks.c **** 			mtCOVERAGE_TEST_MARKER();
1797:Middlewares/Third_Party/FreeRTOS/Source/tasks.c **** 		}
ARM GAS  /tmp/ccbSDz7D.s 			page 33


1798:Middlewares/Third_Party/FreeRTOS/Source/tasks.c **** 	}
1799:Middlewares/Third_Party/FreeRTOS/Source/tasks.c **** 
1800:Middlewares/Third_Party/FreeRTOS/Source/tasks.c **** #endif /* INCLUDE_vTaskSuspend */
1801:Middlewares/Third_Party/FreeRTOS/Source/tasks.c **** /*-----------------------------------------------------------*/
1802:Middlewares/Third_Party/FreeRTOS/Source/tasks.c **** 
1803:Middlewares/Third_Party/FreeRTOS/Source/tasks.c **** #if ( INCLUDE_vTaskSuspend == 1 )
1804:Middlewares/Third_Party/FreeRTOS/Source/tasks.c **** 
1805:Middlewares/Third_Party/FreeRTOS/Source/tasks.c **** 	static BaseType_t prvTaskIsTaskSuspended( const TaskHandle_t xTask )
1806:Middlewares/Third_Party/FreeRTOS/Source/tasks.c **** 	{
  29              		.loc 1 1806 2 view -0
  30              		.cfi_startproc
  31              		@ args = 0, pretend = 0, frame = 0
  32              		@ frame_needed = 0, uses_anonymous_args = 0
  33              		@ link register save eliminated.
1807:Middlewares/Third_Party/FreeRTOS/Source/tasks.c **** 	BaseType_t xReturn = pdFALSE;
  34              		.loc 1 1807 2 view .LVU1
1808:Middlewares/Third_Party/FreeRTOS/Source/tasks.c **** 	const TCB_t * const pxTCB = xTask;
  35              		.loc 1 1808 2 view .LVU2
1809:Middlewares/Third_Party/FreeRTOS/Source/tasks.c **** 
1810:Middlewares/Third_Party/FreeRTOS/Source/tasks.c **** 		/* Accesses xPendingReadyList so must be called from a critical
1811:Middlewares/Third_Party/FreeRTOS/Source/tasks.c **** 		section. */
1812:Middlewares/Third_Party/FreeRTOS/Source/tasks.c **** 
1813:Middlewares/Third_Party/FreeRTOS/Source/tasks.c **** 		/* It does not make sense to check if the calling task is suspended. */
1814:Middlewares/Third_Party/FreeRTOS/Source/tasks.c **** 		configASSERT( xTask );
  36              		.loc 1 1814 3 view .LVU3
  37 0000 28B1     		cbz	r0, .L8
  38              		.loc 1 1814 24 view .LVU4
1815:Middlewares/Third_Party/FreeRTOS/Source/tasks.c **** 
1816:Middlewares/Third_Party/FreeRTOS/Source/tasks.c **** 		/* Is the task being resumed actually in the suspended list? */
1817:Middlewares/Third_Party/FreeRTOS/Source/tasks.c **** 		if( listIS_CONTAINED_WITHIN( &xSuspendedTaskList, &( pxTCB->xStateListItem ) ) != pdFALSE )
  39              		.loc 1 1817 3 view .LVU5
  40              		.loc 1 1817 7 is_stmt 0 view .LVU6
  41 0002 4169     		ldr	r1, [r0, #20]
  42              		.loc 1 1817 5 view .LVU7
  43 0004 0C4A     		ldr	r2, .L10
  44 0006 9142     		cmp	r1, r2
  45 0008 0AD0     		beq	.L9
1807:Middlewares/Third_Party/FreeRTOS/Source/tasks.c **** 	const TCB_t * const pxTCB = xTask;
  46              		.loc 1 1807 13 view .LVU8
  47 000a 0020     		movs	r0, #0
  48              	.LVL1:
1807:Middlewares/Third_Party/FreeRTOS/Source/tasks.c **** 	const TCB_t * const pxTCB = xTask;
  49              		.loc 1 1807 13 view .LVU9
  50 000c 7047     		bx	lr
  51              	.LVL2:
  52              	.L8:
1814:Middlewares/Third_Party/FreeRTOS/Source/tasks.c **** 
  53              		.loc 1 1814 3 is_stmt 1 discriminator 1 view .LVU10
  54              	.LBB119:
  55              	.LBI119:
  56              		.file 2 "Middlewares/Third_Party/FreeRTOS/Source/portable/GCC/ARM_CM4F/portmacro.h"
   1:Middlewares/Third_Party/FreeRTOS/Source/portable/GCC/ARM_CM4F/portmacro.h **** /*
   2:Middlewares/Third_Party/FreeRTOS/Source/portable/GCC/ARM_CM4F/portmacro.h ****  * FreeRTOS Kernel V10.3.1
   3:Middlewares/Third_Party/FreeRTOS/Source/portable/GCC/ARM_CM4F/portmacro.h ****  * Copyright (C) 2020 Amazon.com, Inc. or its affiliates.  All Rights Reserved.
   4:Middlewares/Third_Party/FreeRTOS/Source/portable/GCC/ARM_CM4F/portmacro.h ****  *
   5:Middlewares/Third_Party/FreeRTOS/Source/portable/GCC/ARM_CM4F/portmacro.h ****  * Permission is hereby granted, free of charge, to any person obtaining a copy of
   6:Middlewares/Third_Party/FreeRTOS/Source/portable/GCC/ARM_CM4F/portmacro.h ****  * this software and associated documentation files (the "Software"), to deal in
ARM GAS  /tmp/ccbSDz7D.s 			page 34


   7:Middlewares/Third_Party/FreeRTOS/Source/portable/GCC/ARM_CM4F/portmacro.h ****  * the Software without restriction, including without limitation the rights to
   8:Middlewares/Third_Party/FreeRTOS/Source/portable/GCC/ARM_CM4F/portmacro.h ****  * use, copy, modify, merge, publish, distribute, sublicense, and/or sell copies of
   9:Middlewares/Third_Party/FreeRTOS/Source/portable/GCC/ARM_CM4F/portmacro.h ****  * the Software, and to permit persons to whom the Software is furnished to do so,
  10:Middlewares/Third_Party/FreeRTOS/Source/portable/GCC/ARM_CM4F/portmacro.h ****  * subject to the following conditions:
  11:Middlewares/Third_Party/FreeRTOS/Source/portable/GCC/ARM_CM4F/portmacro.h ****  *
  12:Middlewares/Third_Party/FreeRTOS/Source/portable/GCC/ARM_CM4F/portmacro.h ****  * The above copyright notice and this permission notice shall be included in all
  13:Middlewares/Third_Party/FreeRTOS/Source/portable/GCC/ARM_CM4F/portmacro.h ****  * copies or substantial portions of the Software.
  14:Middlewares/Third_Party/FreeRTOS/Source/portable/GCC/ARM_CM4F/portmacro.h ****  *
  15:Middlewares/Third_Party/FreeRTOS/Source/portable/GCC/ARM_CM4F/portmacro.h ****  * THE SOFTWARE IS PROVIDED "AS IS", WITHOUT WARRANTY OF ANY KIND, EXPRESS OR
  16:Middlewares/Third_Party/FreeRTOS/Source/portable/GCC/ARM_CM4F/portmacro.h ****  * IMPLIED, INCLUDING BUT NOT LIMITED TO THE WARRANTIES OF MERCHANTABILITY, FITNESS
  17:Middlewares/Third_Party/FreeRTOS/Source/portable/GCC/ARM_CM4F/portmacro.h ****  * FOR A PARTICULAR PURPOSE AND NONINFRINGEMENT. IN NO EVENT SHALL THE AUTHORS OR
  18:Middlewares/Third_Party/FreeRTOS/Source/portable/GCC/ARM_CM4F/portmacro.h ****  * COPYRIGHT HOLDERS BE LIABLE FOR ANY CLAIM, DAMAGES OR OTHER LIABILITY, WHETHER
  19:Middlewares/Third_Party/FreeRTOS/Source/portable/GCC/ARM_CM4F/portmacro.h ****  * IN AN ACTION OF CONTRACT, TORT OR OTHERWISE, ARISING FROM, OUT OF OR IN
  20:Middlewares/Third_Party/FreeRTOS/Source/portable/GCC/ARM_CM4F/portmacro.h ****  * CONNECTION WITH THE SOFTWARE OR THE USE OR OTHER DEALINGS IN THE SOFTWARE.
  21:Middlewares/Third_Party/FreeRTOS/Source/portable/GCC/ARM_CM4F/portmacro.h ****  *
  22:Middlewares/Third_Party/FreeRTOS/Source/portable/GCC/ARM_CM4F/portmacro.h ****  * http://www.FreeRTOS.org
  23:Middlewares/Third_Party/FreeRTOS/Source/portable/GCC/ARM_CM4F/portmacro.h ****  * http://aws.amazon.com/freertos
  24:Middlewares/Third_Party/FreeRTOS/Source/portable/GCC/ARM_CM4F/portmacro.h ****  *
  25:Middlewares/Third_Party/FreeRTOS/Source/portable/GCC/ARM_CM4F/portmacro.h ****  * 1 tab == 4 spaces!
  26:Middlewares/Third_Party/FreeRTOS/Source/portable/GCC/ARM_CM4F/portmacro.h ****  */
  27:Middlewares/Third_Party/FreeRTOS/Source/portable/GCC/ARM_CM4F/portmacro.h **** 
  28:Middlewares/Third_Party/FreeRTOS/Source/portable/GCC/ARM_CM4F/portmacro.h **** 
  29:Middlewares/Third_Party/FreeRTOS/Source/portable/GCC/ARM_CM4F/portmacro.h **** #ifndef PORTMACRO_H
  30:Middlewares/Third_Party/FreeRTOS/Source/portable/GCC/ARM_CM4F/portmacro.h **** #define PORTMACRO_H
  31:Middlewares/Third_Party/FreeRTOS/Source/portable/GCC/ARM_CM4F/portmacro.h **** 
  32:Middlewares/Third_Party/FreeRTOS/Source/portable/GCC/ARM_CM4F/portmacro.h **** #ifdef __cplusplus
  33:Middlewares/Third_Party/FreeRTOS/Source/portable/GCC/ARM_CM4F/portmacro.h **** extern "C" {
  34:Middlewares/Third_Party/FreeRTOS/Source/portable/GCC/ARM_CM4F/portmacro.h **** #endif
  35:Middlewares/Third_Party/FreeRTOS/Source/portable/GCC/ARM_CM4F/portmacro.h **** 
  36:Middlewares/Third_Party/FreeRTOS/Source/portable/GCC/ARM_CM4F/portmacro.h **** /*-----------------------------------------------------------
  37:Middlewares/Third_Party/FreeRTOS/Source/portable/GCC/ARM_CM4F/portmacro.h ****  * Port specific definitions.
  38:Middlewares/Third_Party/FreeRTOS/Source/portable/GCC/ARM_CM4F/portmacro.h ****  *
  39:Middlewares/Third_Party/FreeRTOS/Source/portable/GCC/ARM_CM4F/portmacro.h ****  * The settings in this file configure FreeRTOS correctly for the
  40:Middlewares/Third_Party/FreeRTOS/Source/portable/GCC/ARM_CM4F/portmacro.h ****  * given hardware and compiler.
  41:Middlewares/Third_Party/FreeRTOS/Source/portable/GCC/ARM_CM4F/portmacro.h ****  *
  42:Middlewares/Third_Party/FreeRTOS/Source/portable/GCC/ARM_CM4F/portmacro.h ****  * These settings should not be altered.
  43:Middlewares/Third_Party/FreeRTOS/Source/portable/GCC/ARM_CM4F/portmacro.h ****  *-----------------------------------------------------------
  44:Middlewares/Third_Party/FreeRTOS/Source/portable/GCC/ARM_CM4F/portmacro.h ****  */
  45:Middlewares/Third_Party/FreeRTOS/Source/portable/GCC/ARM_CM4F/portmacro.h **** 
  46:Middlewares/Third_Party/FreeRTOS/Source/portable/GCC/ARM_CM4F/portmacro.h **** /* Type definitions. */
  47:Middlewares/Third_Party/FreeRTOS/Source/portable/GCC/ARM_CM4F/portmacro.h **** #define portCHAR		char
  48:Middlewares/Third_Party/FreeRTOS/Source/portable/GCC/ARM_CM4F/portmacro.h **** #define portFLOAT		float
  49:Middlewares/Third_Party/FreeRTOS/Source/portable/GCC/ARM_CM4F/portmacro.h **** #define portDOUBLE		double
  50:Middlewares/Third_Party/FreeRTOS/Source/portable/GCC/ARM_CM4F/portmacro.h **** #define portLONG		long
  51:Middlewares/Third_Party/FreeRTOS/Source/portable/GCC/ARM_CM4F/portmacro.h **** #define portSHORT		short
  52:Middlewares/Third_Party/FreeRTOS/Source/portable/GCC/ARM_CM4F/portmacro.h **** #define portSTACK_TYPE	uint32_t
  53:Middlewares/Third_Party/FreeRTOS/Source/portable/GCC/ARM_CM4F/portmacro.h **** #define portBASE_TYPE	long
  54:Middlewares/Third_Party/FreeRTOS/Source/portable/GCC/ARM_CM4F/portmacro.h **** 
  55:Middlewares/Third_Party/FreeRTOS/Source/portable/GCC/ARM_CM4F/portmacro.h **** typedef portSTACK_TYPE StackType_t;
  56:Middlewares/Third_Party/FreeRTOS/Source/portable/GCC/ARM_CM4F/portmacro.h **** typedef long BaseType_t;
  57:Middlewares/Third_Party/FreeRTOS/Source/portable/GCC/ARM_CM4F/portmacro.h **** typedef unsigned long UBaseType_t;
  58:Middlewares/Third_Party/FreeRTOS/Source/portable/GCC/ARM_CM4F/portmacro.h **** 
  59:Middlewares/Third_Party/FreeRTOS/Source/portable/GCC/ARM_CM4F/portmacro.h **** #if( configUSE_16_BIT_TICKS == 1 )
  60:Middlewares/Third_Party/FreeRTOS/Source/portable/GCC/ARM_CM4F/portmacro.h **** 	typedef uint16_t TickType_t;
  61:Middlewares/Third_Party/FreeRTOS/Source/portable/GCC/ARM_CM4F/portmacro.h **** 	#define portMAX_DELAY ( TickType_t ) 0xffff
  62:Middlewares/Third_Party/FreeRTOS/Source/portable/GCC/ARM_CM4F/portmacro.h **** #else
  63:Middlewares/Third_Party/FreeRTOS/Source/portable/GCC/ARM_CM4F/portmacro.h **** 	typedef uint32_t TickType_t;
ARM GAS  /tmp/ccbSDz7D.s 			page 35


  64:Middlewares/Third_Party/FreeRTOS/Source/portable/GCC/ARM_CM4F/portmacro.h **** 	#define portMAX_DELAY ( TickType_t ) 0xffffffffUL
  65:Middlewares/Third_Party/FreeRTOS/Source/portable/GCC/ARM_CM4F/portmacro.h **** 
  66:Middlewares/Third_Party/FreeRTOS/Source/portable/GCC/ARM_CM4F/portmacro.h **** 	/* 32-bit tick type on a 32-bit architecture, so reads of the tick count do
  67:Middlewares/Third_Party/FreeRTOS/Source/portable/GCC/ARM_CM4F/portmacro.h **** 	not need to be guarded with a critical section. */
  68:Middlewares/Third_Party/FreeRTOS/Source/portable/GCC/ARM_CM4F/portmacro.h **** 	#define portTICK_TYPE_IS_ATOMIC 1
  69:Middlewares/Third_Party/FreeRTOS/Source/portable/GCC/ARM_CM4F/portmacro.h **** #endif
  70:Middlewares/Third_Party/FreeRTOS/Source/portable/GCC/ARM_CM4F/portmacro.h **** /*-----------------------------------------------------------*/
  71:Middlewares/Third_Party/FreeRTOS/Source/portable/GCC/ARM_CM4F/portmacro.h **** 
  72:Middlewares/Third_Party/FreeRTOS/Source/portable/GCC/ARM_CM4F/portmacro.h **** /* Architecture specifics. */
  73:Middlewares/Third_Party/FreeRTOS/Source/portable/GCC/ARM_CM4F/portmacro.h **** #define portSTACK_GROWTH			( -1 )
  74:Middlewares/Third_Party/FreeRTOS/Source/portable/GCC/ARM_CM4F/portmacro.h **** #define portTICK_PERIOD_MS			( ( TickType_t ) 1000 / configTICK_RATE_HZ )
  75:Middlewares/Third_Party/FreeRTOS/Source/portable/GCC/ARM_CM4F/portmacro.h **** #define portBYTE_ALIGNMENT			8
  76:Middlewares/Third_Party/FreeRTOS/Source/portable/GCC/ARM_CM4F/portmacro.h **** /*-----------------------------------------------------------*/
  77:Middlewares/Third_Party/FreeRTOS/Source/portable/GCC/ARM_CM4F/portmacro.h **** 
  78:Middlewares/Third_Party/FreeRTOS/Source/portable/GCC/ARM_CM4F/portmacro.h **** /* Scheduler utilities. */
  79:Middlewares/Third_Party/FreeRTOS/Source/portable/GCC/ARM_CM4F/portmacro.h **** #define portYIELD() 															\
  80:Middlewares/Third_Party/FreeRTOS/Source/portable/GCC/ARM_CM4F/portmacro.h **** {																				\
  81:Middlewares/Third_Party/FreeRTOS/Source/portable/GCC/ARM_CM4F/portmacro.h **** 	/* Set a PendSV to request a context switch. */								\
  82:Middlewares/Third_Party/FreeRTOS/Source/portable/GCC/ARM_CM4F/portmacro.h **** 	portNVIC_INT_CTRL_REG = portNVIC_PENDSVSET_BIT;								\
  83:Middlewares/Third_Party/FreeRTOS/Source/portable/GCC/ARM_CM4F/portmacro.h **** 																				\
  84:Middlewares/Third_Party/FreeRTOS/Source/portable/GCC/ARM_CM4F/portmacro.h **** 	/* Barriers are normally not required but do ensure the code is completely	\
  85:Middlewares/Third_Party/FreeRTOS/Source/portable/GCC/ARM_CM4F/portmacro.h **** 	within the specified behaviour for the architecture. */						\
  86:Middlewares/Third_Party/FreeRTOS/Source/portable/GCC/ARM_CM4F/portmacro.h **** 	__asm volatile( "dsb" ::: "memory" );										\
  87:Middlewares/Third_Party/FreeRTOS/Source/portable/GCC/ARM_CM4F/portmacro.h **** 	__asm volatile( "isb" );													\
  88:Middlewares/Third_Party/FreeRTOS/Source/portable/GCC/ARM_CM4F/portmacro.h **** }
  89:Middlewares/Third_Party/FreeRTOS/Source/portable/GCC/ARM_CM4F/portmacro.h **** 
  90:Middlewares/Third_Party/FreeRTOS/Source/portable/GCC/ARM_CM4F/portmacro.h **** #define portNVIC_INT_CTRL_REG		( * ( ( volatile uint32_t * ) 0xe000ed04 ) )
  91:Middlewares/Third_Party/FreeRTOS/Source/portable/GCC/ARM_CM4F/portmacro.h **** #define portNVIC_PENDSVSET_BIT		( 1UL << 28UL )
  92:Middlewares/Third_Party/FreeRTOS/Source/portable/GCC/ARM_CM4F/portmacro.h **** #define portEND_SWITCHING_ISR( xSwitchRequired ) if( xSwitchRequired != pdFALSE ) portYIELD()
  93:Middlewares/Third_Party/FreeRTOS/Source/portable/GCC/ARM_CM4F/portmacro.h **** #define portYIELD_FROM_ISR( x ) portEND_SWITCHING_ISR( x )
  94:Middlewares/Third_Party/FreeRTOS/Source/portable/GCC/ARM_CM4F/portmacro.h **** /*-----------------------------------------------------------*/
  95:Middlewares/Third_Party/FreeRTOS/Source/portable/GCC/ARM_CM4F/portmacro.h **** 
  96:Middlewares/Third_Party/FreeRTOS/Source/portable/GCC/ARM_CM4F/portmacro.h **** /* Critical section management. */
  97:Middlewares/Third_Party/FreeRTOS/Source/portable/GCC/ARM_CM4F/portmacro.h **** extern void vPortEnterCritical( void );
  98:Middlewares/Third_Party/FreeRTOS/Source/portable/GCC/ARM_CM4F/portmacro.h **** extern void vPortExitCritical( void );
  99:Middlewares/Third_Party/FreeRTOS/Source/portable/GCC/ARM_CM4F/portmacro.h **** #define portSET_INTERRUPT_MASK_FROM_ISR()		ulPortRaiseBASEPRI()
 100:Middlewares/Third_Party/FreeRTOS/Source/portable/GCC/ARM_CM4F/portmacro.h **** #define portCLEAR_INTERRUPT_MASK_FROM_ISR(x)	vPortSetBASEPRI(x)
 101:Middlewares/Third_Party/FreeRTOS/Source/portable/GCC/ARM_CM4F/portmacro.h **** #define portDISABLE_INTERRUPTS()				vPortRaiseBASEPRI()
 102:Middlewares/Third_Party/FreeRTOS/Source/portable/GCC/ARM_CM4F/portmacro.h **** #define portENABLE_INTERRUPTS()					vPortSetBASEPRI(0)
 103:Middlewares/Third_Party/FreeRTOS/Source/portable/GCC/ARM_CM4F/portmacro.h **** #define portENTER_CRITICAL()					vPortEnterCritical()
 104:Middlewares/Third_Party/FreeRTOS/Source/portable/GCC/ARM_CM4F/portmacro.h **** #define portEXIT_CRITICAL()						vPortExitCritical()
 105:Middlewares/Third_Party/FreeRTOS/Source/portable/GCC/ARM_CM4F/portmacro.h **** 
 106:Middlewares/Third_Party/FreeRTOS/Source/portable/GCC/ARM_CM4F/portmacro.h **** /*-----------------------------------------------------------*/
 107:Middlewares/Third_Party/FreeRTOS/Source/portable/GCC/ARM_CM4F/portmacro.h **** 
 108:Middlewares/Third_Party/FreeRTOS/Source/portable/GCC/ARM_CM4F/portmacro.h **** /* Task function macros as described on the FreeRTOS.org WEB site.  These are
 109:Middlewares/Third_Party/FreeRTOS/Source/portable/GCC/ARM_CM4F/portmacro.h **** not necessary for to use this port.  They are defined so the common demo files
 110:Middlewares/Third_Party/FreeRTOS/Source/portable/GCC/ARM_CM4F/portmacro.h **** (which build with all the ports) will build. */
 111:Middlewares/Third_Party/FreeRTOS/Source/portable/GCC/ARM_CM4F/portmacro.h **** #define portTASK_FUNCTION_PROTO( vFunction, pvParameters ) void vFunction( void *pvParameters )
 112:Middlewares/Third_Party/FreeRTOS/Source/portable/GCC/ARM_CM4F/portmacro.h **** #define portTASK_FUNCTION( vFunction, pvParameters ) void vFunction( void *pvParameters )
 113:Middlewares/Third_Party/FreeRTOS/Source/portable/GCC/ARM_CM4F/portmacro.h **** /*-----------------------------------------------------------*/
 114:Middlewares/Third_Party/FreeRTOS/Source/portable/GCC/ARM_CM4F/portmacro.h **** 
 115:Middlewares/Third_Party/FreeRTOS/Source/portable/GCC/ARM_CM4F/portmacro.h **** /* Tickless idle/low power functionality. */
 116:Middlewares/Third_Party/FreeRTOS/Source/portable/GCC/ARM_CM4F/portmacro.h **** #ifndef portSUPPRESS_TICKS_AND_SLEEP
 117:Middlewares/Third_Party/FreeRTOS/Source/portable/GCC/ARM_CM4F/portmacro.h **** 	extern void vPortSuppressTicksAndSleep( TickType_t xExpectedIdleTime );
 118:Middlewares/Third_Party/FreeRTOS/Source/portable/GCC/ARM_CM4F/portmacro.h **** 	#define portSUPPRESS_TICKS_AND_SLEEP( xExpectedIdleTime ) vPortSuppressTicksAndSleep( xExpectedIdl
 119:Middlewares/Third_Party/FreeRTOS/Source/portable/GCC/ARM_CM4F/portmacro.h **** #endif
 120:Middlewares/Third_Party/FreeRTOS/Source/portable/GCC/ARM_CM4F/portmacro.h **** /*-----------------------------------------------------------*/
ARM GAS  /tmp/ccbSDz7D.s 			page 36


 121:Middlewares/Third_Party/FreeRTOS/Source/portable/GCC/ARM_CM4F/portmacro.h **** 
 122:Middlewares/Third_Party/FreeRTOS/Source/portable/GCC/ARM_CM4F/portmacro.h **** /* Architecture specific optimisations. */
 123:Middlewares/Third_Party/FreeRTOS/Source/portable/GCC/ARM_CM4F/portmacro.h **** #ifndef configUSE_PORT_OPTIMISED_TASK_SELECTION
 124:Middlewares/Third_Party/FreeRTOS/Source/portable/GCC/ARM_CM4F/portmacro.h **** 	#define configUSE_PORT_OPTIMISED_TASK_SELECTION 1
 125:Middlewares/Third_Party/FreeRTOS/Source/portable/GCC/ARM_CM4F/portmacro.h **** #endif
 126:Middlewares/Third_Party/FreeRTOS/Source/portable/GCC/ARM_CM4F/portmacro.h **** 
 127:Middlewares/Third_Party/FreeRTOS/Source/portable/GCC/ARM_CM4F/portmacro.h **** #if configUSE_PORT_OPTIMISED_TASK_SELECTION == 1
 128:Middlewares/Third_Party/FreeRTOS/Source/portable/GCC/ARM_CM4F/portmacro.h **** 
 129:Middlewares/Third_Party/FreeRTOS/Source/portable/GCC/ARM_CM4F/portmacro.h **** 	/* Generic helper function. */
 130:Middlewares/Third_Party/FreeRTOS/Source/portable/GCC/ARM_CM4F/portmacro.h **** 	__attribute__( ( always_inline ) ) static inline uint8_t ucPortCountLeadingZeros( uint32_t ulBitma
 131:Middlewares/Third_Party/FreeRTOS/Source/portable/GCC/ARM_CM4F/portmacro.h **** 	{
 132:Middlewares/Third_Party/FreeRTOS/Source/portable/GCC/ARM_CM4F/portmacro.h **** 	uint8_t ucReturn;
 133:Middlewares/Third_Party/FreeRTOS/Source/portable/GCC/ARM_CM4F/portmacro.h **** 
 134:Middlewares/Third_Party/FreeRTOS/Source/portable/GCC/ARM_CM4F/portmacro.h **** 		__asm volatile ( "clz %0, %1" : "=r" ( ucReturn ) : "r" ( ulBitmap ) : "memory" );
 135:Middlewares/Third_Party/FreeRTOS/Source/portable/GCC/ARM_CM4F/portmacro.h **** 		return ucReturn;
 136:Middlewares/Third_Party/FreeRTOS/Source/portable/GCC/ARM_CM4F/portmacro.h **** 	}
 137:Middlewares/Third_Party/FreeRTOS/Source/portable/GCC/ARM_CM4F/portmacro.h **** 
 138:Middlewares/Third_Party/FreeRTOS/Source/portable/GCC/ARM_CM4F/portmacro.h **** 	/* Check the configuration. */
 139:Middlewares/Third_Party/FreeRTOS/Source/portable/GCC/ARM_CM4F/portmacro.h **** 	#if( configMAX_PRIORITIES > 32 )
 140:Middlewares/Third_Party/FreeRTOS/Source/portable/GCC/ARM_CM4F/portmacro.h **** 		#error configUSE_PORT_OPTIMISED_TASK_SELECTION can only be set to 1 when configMAX_PRIORITIES is 
 141:Middlewares/Third_Party/FreeRTOS/Source/portable/GCC/ARM_CM4F/portmacro.h **** 	#endif
 142:Middlewares/Third_Party/FreeRTOS/Source/portable/GCC/ARM_CM4F/portmacro.h **** 
 143:Middlewares/Third_Party/FreeRTOS/Source/portable/GCC/ARM_CM4F/portmacro.h **** 	/* Store/clear the ready priorities in a bit map. */
 144:Middlewares/Third_Party/FreeRTOS/Source/portable/GCC/ARM_CM4F/portmacro.h **** 	#define portRECORD_READY_PRIORITY( uxPriority, uxReadyPriorities ) ( uxReadyPriorities ) |= ( 1UL 
 145:Middlewares/Third_Party/FreeRTOS/Source/portable/GCC/ARM_CM4F/portmacro.h **** 	#define portRESET_READY_PRIORITY( uxPriority, uxReadyPriorities ) ( uxReadyPriorities ) &= ~( 1UL 
 146:Middlewares/Third_Party/FreeRTOS/Source/portable/GCC/ARM_CM4F/portmacro.h **** 
 147:Middlewares/Third_Party/FreeRTOS/Source/portable/GCC/ARM_CM4F/portmacro.h **** 	/*-----------------------------------------------------------*/
 148:Middlewares/Third_Party/FreeRTOS/Source/portable/GCC/ARM_CM4F/portmacro.h **** 
 149:Middlewares/Third_Party/FreeRTOS/Source/portable/GCC/ARM_CM4F/portmacro.h **** 	#define portGET_HIGHEST_PRIORITY( uxTopPriority, uxReadyPriorities ) uxTopPriority = ( 31UL - ( ui
 150:Middlewares/Third_Party/FreeRTOS/Source/portable/GCC/ARM_CM4F/portmacro.h **** 
 151:Middlewares/Third_Party/FreeRTOS/Source/portable/GCC/ARM_CM4F/portmacro.h **** #endif /* configUSE_PORT_OPTIMISED_TASK_SELECTION */
 152:Middlewares/Third_Party/FreeRTOS/Source/portable/GCC/ARM_CM4F/portmacro.h **** 
 153:Middlewares/Third_Party/FreeRTOS/Source/portable/GCC/ARM_CM4F/portmacro.h **** /*-----------------------------------------------------------*/
 154:Middlewares/Third_Party/FreeRTOS/Source/portable/GCC/ARM_CM4F/portmacro.h **** 
 155:Middlewares/Third_Party/FreeRTOS/Source/portable/GCC/ARM_CM4F/portmacro.h **** #ifdef configASSERT
 156:Middlewares/Third_Party/FreeRTOS/Source/portable/GCC/ARM_CM4F/portmacro.h **** 	void vPortValidateInterruptPriority( void );
 157:Middlewares/Third_Party/FreeRTOS/Source/portable/GCC/ARM_CM4F/portmacro.h **** 	#define portASSERT_IF_INTERRUPT_PRIORITY_INVALID() 	vPortValidateInterruptPriority()
 158:Middlewares/Third_Party/FreeRTOS/Source/portable/GCC/ARM_CM4F/portmacro.h **** #endif
 159:Middlewares/Third_Party/FreeRTOS/Source/portable/GCC/ARM_CM4F/portmacro.h **** 
 160:Middlewares/Third_Party/FreeRTOS/Source/portable/GCC/ARM_CM4F/portmacro.h **** /* portNOP() is not required by this port. */
 161:Middlewares/Third_Party/FreeRTOS/Source/portable/GCC/ARM_CM4F/portmacro.h **** #define portNOP()
 162:Middlewares/Third_Party/FreeRTOS/Source/portable/GCC/ARM_CM4F/portmacro.h **** 
 163:Middlewares/Third_Party/FreeRTOS/Source/portable/GCC/ARM_CM4F/portmacro.h **** #define portINLINE	__inline
 164:Middlewares/Third_Party/FreeRTOS/Source/portable/GCC/ARM_CM4F/portmacro.h **** 
 165:Middlewares/Third_Party/FreeRTOS/Source/portable/GCC/ARM_CM4F/portmacro.h **** #ifndef portFORCE_INLINE
 166:Middlewares/Third_Party/FreeRTOS/Source/portable/GCC/ARM_CM4F/portmacro.h **** 	#define portFORCE_INLINE inline __attribute__(( always_inline))
 167:Middlewares/Third_Party/FreeRTOS/Source/portable/GCC/ARM_CM4F/portmacro.h **** #endif
 168:Middlewares/Third_Party/FreeRTOS/Source/portable/GCC/ARM_CM4F/portmacro.h **** 
 169:Middlewares/Third_Party/FreeRTOS/Source/portable/GCC/ARM_CM4F/portmacro.h **** portFORCE_INLINE static BaseType_t xPortIsInsideInterrupt( void )
 170:Middlewares/Third_Party/FreeRTOS/Source/portable/GCC/ARM_CM4F/portmacro.h **** {
 171:Middlewares/Third_Party/FreeRTOS/Source/portable/GCC/ARM_CM4F/portmacro.h **** uint32_t ulCurrentInterrupt;
 172:Middlewares/Third_Party/FreeRTOS/Source/portable/GCC/ARM_CM4F/portmacro.h **** BaseType_t xReturn;
 173:Middlewares/Third_Party/FreeRTOS/Source/portable/GCC/ARM_CM4F/portmacro.h **** 
 174:Middlewares/Third_Party/FreeRTOS/Source/portable/GCC/ARM_CM4F/portmacro.h **** 	/* Obtain the number of the currently executing interrupt. */
 175:Middlewares/Third_Party/FreeRTOS/Source/portable/GCC/ARM_CM4F/portmacro.h **** 	__asm volatile( "mrs %0, ipsr" : "=r"( ulCurrentInterrupt ) :: "memory" );
 176:Middlewares/Third_Party/FreeRTOS/Source/portable/GCC/ARM_CM4F/portmacro.h **** 
 177:Middlewares/Third_Party/FreeRTOS/Source/portable/GCC/ARM_CM4F/portmacro.h **** 	if( ulCurrentInterrupt == 0 )
ARM GAS  /tmp/ccbSDz7D.s 			page 37


 178:Middlewares/Third_Party/FreeRTOS/Source/portable/GCC/ARM_CM4F/portmacro.h **** 	{
 179:Middlewares/Third_Party/FreeRTOS/Source/portable/GCC/ARM_CM4F/portmacro.h **** 		xReturn = pdFALSE;
 180:Middlewares/Third_Party/FreeRTOS/Source/portable/GCC/ARM_CM4F/portmacro.h **** 	}
 181:Middlewares/Third_Party/FreeRTOS/Source/portable/GCC/ARM_CM4F/portmacro.h **** 	else
 182:Middlewares/Third_Party/FreeRTOS/Source/portable/GCC/ARM_CM4F/portmacro.h **** 	{
 183:Middlewares/Third_Party/FreeRTOS/Source/portable/GCC/ARM_CM4F/portmacro.h **** 		xReturn = pdTRUE;
 184:Middlewares/Third_Party/FreeRTOS/Source/portable/GCC/ARM_CM4F/portmacro.h **** 	}
 185:Middlewares/Third_Party/FreeRTOS/Source/portable/GCC/ARM_CM4F/portmacro.h **** 
 186:Middlewares/Third_Party/FreeRTOS/Source/portable/GCC/ARM_CM4F/portmacro.h **** 	return xReturn;
 187:Middlewares/Third_Party/FreeRTOS/Source/portable/GCC/ARM_CM4F/portmacro.h **** }
 188:Middlewares/Third_Party/FreeRTOS/Source/portable/GCC/ARM_CM4F/portmacro.h **** 
 189:Middlewares/Third_Party/FreeRTOS/Source/portable/GCC/ARM_CM4F/portmacro.h **** /*-----------------------------------------------------------*/
 190:Middlewares/Third_Party/FreeRTOS/Source/portable/GCC/ARM_CM4F/portmacro.h **** 
 191:Middlewares/Third_Party/FreeRTOS/Source/portable/GCC/ARM_CM4F/portmacro.h **** portFORCE_INLINE static void vPortRaiseBASEPRI( void )
  57              		.loc 2 191 30 view .LVU11
  58              	.LBB120:
 192:Middlewares/Third_Party/FreeRTOS/Source/portable/GCC/ARM_CM4F/portmacro.h **** {
 193:Middlewares/Third_Party/FreeRTOS/Source/portable/GCC/ARM_CM4F/portmacro.h **** uint32_t ulNewBASEPRI;
  59              		.loc 2 193 1 view .LVU12
 194:Middlewares/Third_Party/FreeRTOS/Source/portable/GCC/ARM_CM4F/portmacro.h **** 
 195:Middlewares/Third_Party/FreeRTOS/Source/portable/GCC/ARM_CM4F/portmacro.h **** 	__asm volatile
  60              		.loc 2 195 2 view .LVU13
  61              		.syntax unified
  62              	@ 195 "Middlewares/Third_Party/FreeRTOS/Source/portable/GCC/ARM_CM4F/portmacro.h" 1
  63 000e 4FF05003 			mov r3, #80												
  64 0012 83F31188 		msr basepri, r3											
  65 0016 BFF36F8F 		isb														
  66 001a BFF34F8F 		dsb														
  67              	
  68              	@ 0 "" 2
  69              		.thumb
  70              		.syntax unified
  71              	.L3:
  72              	.LBE120:
  73              	.LBE119:
1814:Middlewares/Third_Party/FreeRTOS/Source/tasks.c **** 
  74              		.loc 1 1814 3 view .LVU14
1814:Middlewares/Third_Party/FreeRTOS/Source/tasks.c **** 
  75              		.loc 1 1814 3 view .LVU15
  76 001e FEE7     		b	.L3
  77              	.L9:
1818:Middlewares/Third_Party/FreeRTOS/Source/tasks.c **** 		{
1819:Middlewares/Third_Party/FreeRTOS/Source/tasks.c **** 			/* Has the task already been resumed from within an ISR? */
1820:Middlewares/Third_Party/FreeRTOS/Source/tasks.c **** 			if( listIS_CONTAINED_WITHIN( &xPendingReadyList, &( pxTCB->xEventListItem ) ) == pdFALSE )
  78              		.loc 1 1820 4 view .LVU16
  79              		.loc 1 1820 8 is_stmt 0 view .LVU17
  80 0020 836A     		ldr	r3, [r0, #40]
  81              		.loc 1 1820 6 view .LVU18
  82 0022 064A     		ldr	r2, .L10+4
  83 0024 9342     		cmp	r3, r2
  84 0026 02D0     		beq	.L6
1821:Middlewares/Third_Party/FreeRTOS/Source/tasks.c **** 			{
1822:Middlewares/Third_Party/FreeRTOS/Source/tasks.c **** 				/* Is it in the suspended list because it is in the	Suspended
1823:Middlewares/Third_Party/FreeRTOS/Source/tasks.c **** 				state, or because is is blocked with no timeout? */
1824:Middlewares/Third_Party/FreeRTOS/Source/tasks.c **** 				if( listIS_CONTAINED_WITHIN( NULL, &( pxTCB->xEventListItem ) ) != pdFALSE ) /*lint !e961.  The
  85              		.loc 1 1824 5 is_stmt 1 view .LVU19
  86              		.loc 1 1824 7 is_stmt 0 view .LVU20
ARM GAS  /tmp/ccbSDz7D.s 			page 38


  87 0028 1BB1     		cbz	r3, .L7
1807:Middlewares/Third_Party/FreeRTOS/Source/tasks.c **** 	const TCB_t * const pxTCB = xTask;
  88              		.loc 1 1807 13 view .LVU21
  89 002a 0020     		movs	r0, #0
  90              	.LVL3:
1807:Middlewares/Third_Party/FreeRTOS/Source/tasks.c **** 	const TCB_t * const pxTCB = xTask;
  91              		.loc 1 1807 13 view .LVU22
  92 002c 7047     		bx	lr
  93              	.LVL4:
  94              	.L6:
1807:Middlewares/Third_Party/FreeRTOS/Source/tasks.c **** 	const TCB_t * const pxTCB = xTask;
  95              		.loc 1 1807 13 view .LVU23
  96 002e 0020     		movs	r0, #0
  97              	.LVL5:
1807:Middlewares/Third_Party/FreeRTOS/Source/tasks.c **** 	const TCB_t * const pxTCB = xTask;
  98              		.loc 1 1807 13 view .LVU24
  99 0030 7047     		bx	lr
 100              	.LVL6:
 101              	.L7:
1825:Middlewares/Third_Party/FreeRTOS/Source/tasks.c **** 				{
1826:Middlewares/Third_Party/FreeRTOS/Source/tasks.c **** 					xReturn = pdTRUE;
 102              		.loc 1 1826 14 view .LVU25
 103 0032 0120     		movs	r0, #1
 104              	.LVL7:
1827:Middlewares/Third_Party/FreeRTOS/Source/tasks.c **** 				}
1828:Middlewares/Third_Party/FreeRTOS/Source/tasks.c **** 				else
1829:Middlewares/Third_Party/FreeRTOS/Source/tasks.c **** 				{
1830:Middlewares/Third_Party/FreeRTOS/Source/tasks.c **** 					mtCOVERAGE_TEST_MARKER();
1831:Middlewares/Third_Party/FreeRTOS/Source/tasks.c **** 				}
1832:Middlewares/Third_Party/FreeRTOS/Source/tasks.c **** 			}
1833:Middlewares/Third_Party/FreeRTOS/Source/tasks.c **** 			else
1834:Middlewares/Third_Party/FreeRTOS/Source/tasks.c **** 			{
1835:Middlewares/Third_Party/FreeRTOS/Source/tasks.c **** 				mtCOVERAGE_TEST_MARKER();
1836:Middlewares/Third_Party/FreeRTOS/Source/tasks.c **** 			}
1837:Middlewares/Third_Party/FreeRTOS/Source/tasks.c **** 		}
1838:Middlewares/Third_Party/FreeRTOS/Source/tasks.c **** 		else
1839:Middlewares/Third_Party/FreeRTOS/Source/tasks.c **** 		{
1840:Middlewares/Third_Party/FreeRTOS/Source/tasks.c **** 			mtCOVERAGE_TEST_MARKER();
 105              		.loc 1 1840 28 is_stmt 1 view .LVU26
1841:Middlewares/Third_Party/FreeRTOS/Source/tasks.c **** 		}
1842:Middlewares/Third_Party/FreeRTOS/Source/tasks.c **** 
1843:Middlewares/Third_Party/FreeRTOS/Source/tasks.c **** 		return xReturn;
 106              		.loc 1 1843 3 view .LVU27
1844:Middlewares/Third_Party/FreeRTOS/Source/tasks.c **** 	} /*lint !e818 xTask cannot be a pointer to const because it is a typedef. */
 107              		.loc 1 1844 2 is_stmt 0 view .LVU28
 108 0034 7047     		bx	lr
 109              	.L11:
 110 0036 00BF     		.align	2
 111              	.L10:
 112 0038 00000000 		.word	xSuspendedTaskList
 113 003c 00000000 		.word	xPendingReadyList
 114              		.cfi_endproc
 115              	.LFE16:
 117              		.section	.text.prvTaskCheckFreeStackSpace,"ax",%progbits
 118              		.align	1
 119              		.syntax unified
 120              		.thumb
ARM GAS  /tmp/ccbSDz7D.s 			page 39


 121              		.thumb_func
 123              	prvTaskCheckFreeStackSpace:
 124              	.LVL8:
 125              	.LFB47:
1845:Middlewares/Third_Party/FreeRTOS/Source/tasks.c **** 
1846:Middlewares/Third_Party/FreeRTOS/Source/tasks.c **** #endif /* INCLUDE_vTaskSuspend */
1847:Middlewares/Third_Party/FreeRTOS/Source/tasks.c **** /*-----------------------------------------------------------*/
1848:Middlewares/Third_Party/FreeRTOS/Source/tasks.c **** 
1849:Middlewares/Third_Party/FreeRTOS/Source/tasks.c **** #if ( INCLUDE_vTaskSuspend == 1 )
1850:Middlewares/Third_Party/FreeRTOS/Source/tasks.c **** 
1851:Middlewares/Third_Party/FreeRTOS/Source/tasks.c **** 	void vTaskResume( TaskHandle_t xTaskToResume )
1852:Middlewares/Third_Party/FreeRTOS/Source/tasks.c **** 	{
1853:Middlewares/Third_Party/FreeRTOS/Source/tasks.c **** 	TCB_t * const pxTCB = xTaskToResume;
1854:Middlewares/Third_Party/FreeRTOS/Source/tasks.c **** 
1855:Middlewares/Third_Party/FreeRTOS/Source/tasks.c **** 		/* It does not make sense to resume the calling task. */
1856:Middlewares/Third_Party/FreeRTOS/Source/tasks.c **** 		configASSERT( xTaskToResume );
1857:Middlewares/Third_Party/FreeRTOS/Source/tasks.c **** 
1858:Middlewares/Third_Party/FreeRTOS/Source/tasks.c **** 		/* The parameter cannot be NULL as it is impossible to resume the
1859:Middlewares/Third_Party/FreeRTOS/Source/tasks.c **** 		currently executing task. */
1860:Middlewares/Third_Party/FreeRTOS/Source/tasks.c **** 		if( ( pxTCB != pxCurrentTCB ) && ( pxTCB != NULL ) )
1861:Middlewares/Third_Party/FreeRTOS/Source/tasks.c **** 		{
1862:Middlewares/Third_Party/FreeRTOS/Source/tasks.c **** 			taskENTER_CRITICAL();
1863:Middlewares/Third_Party/FreeRTOS/Source/tasks.c **** 			{
1864:Middlewares/Third_Party/FreeRTOS/Source/tasks.c **** 				if( prvTaskIsTaskSuspended( pxTCB ) != pdFALSE )
1865:Middlewares/Third_Party/FreeRTOS/Source/tasks.c **** 				{
1866:Middlewares/Third_Party/FreeRTOS/Source/tasks.c **** 					traceTASK_RESUME( pxTCB );
1867:Middlewares/Third_Party/FreeRTOS/Source/tasks.c **** 
1868:Middlewares/Third_Party/FreeRTOS/Source/tasks.c **** 					/* The ready list can be accessed even if the scheduler is
1869:Middlewares/Third_Party/FreeRTOS/Source/tasks.c **** 					suspended because this is inside a critical section. */
1870:Middlewares/Third_Party/FreeRTOS/Source/tasks.c **** 					( void ) uxListRemove(  &( pxTCB->xStateListItem ) );
1871:Middlewares/Third_Party/FreeRTOS/Source/tasks.c **** 					prvAddTaskToReadyList( pxTCB );
1872:Middlewares/Third_Party/FreeRTOS/Source/tasks.c **** 
1873:Middlewares/Third_Party/FreeRTOS/Source/tasks.c **** 					/* A higher priority task may have just been resumed. */
1874:Middlewares/Third_Party/FreeRTOS/Source/tasks.c **** 					if( pxTCB->uxPriority >= pxCurrentTCB->uxPriority )
1875:Middlewares/Third_Party/FreeRTOS/Source/tasks.c **** 					{
1876:Middlewares/Third_Party/FreeRTOS/Source/tasks.c **** 						/* This yield may not cause the task just resumed to run,
1877:Middlewares/Third_Party/FreeRTOS/Source/tasks.c **** 						but will leave the lists in the correct state for the
1878:Middlewares/Third_Party/FreeRTOS/Source/tasks.c **** 						next yield. */
1879:Middlewares/Third_Party/FreeRTOS/Source/tasks.c **** 						taskYIELD_IF_USING_PREEMPTION();
1880:Middlewares/Third_Party/FreeRTOS/Source/tasks.c **** 					}
1881:Middlewares/Third_Party/FreeRTOS/Source/tasks.c **** 					else
1882:Middlewares/Third_Party/FreeRTOS/Source/tasks.c **** 					{
1883:Middlewares/Third_Party/FreeRTOS/Source/tasks.c **** 						mtCOVERAGE_TEST_MARKER();
1884:Middlewares/Third_Party/FreeRTOS/Source/tasks.c **** 					}
1885:Middlewares/Third_Party/FreeRTOS/Source/tasks.c **** 				}
1886:Middlewares/Third_Party/FreeRTOS/Source/tasks.c **** 				else
1887:Middlewares/Third_Party/FreeRTOS/Source/tasks.c **** 				{
1888:Middlewares/Third_Party/FreeRTOS/Source/tasks.c **** 					mtCOVERAGE_TEST_MARKER();
1889:Middlewares/Third_Party/FreeRTOS/Source/tasks.c **** 				}
1890:Middlewares/Third_Party/FreeRTOS/Source/tasks.c **** 			}
1891:Middlewares/Third_Party/FreeRTOS/Source/tasks.c **** 			taskEXIT_CRITICAL();
1892:Middlewares/Third_Party/FreeRTOS/Source/tasks.c **** 		}
1893:Middlewares/Third_Party/FreeRTOS/Source/tasks.c **** 		else
1894:Middlewares/Third_Party/FreeRTOS/Source/tasks.c **** 		{
1895:Middlewares/Third_Party/FreeRTOS/Source/tasks.c **** 			mtCOVERAGE_TEST_MARKER();
1896:Middlewares/Third_Party/FreeRTOS/Source/tasks.c **** 		}
1897:Middlewares/Third_Party/FreeRTOS/Source/tasks.c **** 	}
ARM GAS  /tmp/ccbSDz7D.s 			page 40


1898:Middlewares/Third_Party/FreeRTOS/Source/tasks.c **** 
1899:Middlewares/Third_Party/FreeRTOS/Source/tasks.c **** #endif /* INCLUDE_vTaskSuspend */
1900:Middlewares/Third_Party/FreeRTOS/Source/tasks.c **** 
1901:Middlewares/Third_Party/FreeRTOS/Source/tasks.c **** /*-----------------------------------------------------------*/
1902:Middlewares/Third_Party/FreeRTOS/Source/tasks.c **** 
1903:Middlewares/Third_Party/FreeRTOS/Source/tasks.c **** #if ( ( INCLUDE_xTaskResumeFromISR == 1 ) && ( INCLUDE_vTaskSuspend == 1 ) )
1904:Middlewares/Third_Party/FreeRTOS/Source/tasks.c **** 
1905:Middlewares/Third_Party/FreeRTOS/Source/tasks.c **** 	BaseType_t xTaskResumeFromISR( TaskHandle_t xTaskToResume )
1906:Middlewares/Third_Party/FreeRTOS/Source/tasks.c **** 	{
1907:Middlewares/Third_Party/FreeRTOS/Source/tasks.c **** 	BaseType_t xYieldRequired = pdFALSE;
1908:Middlewares/Third_Party/FreeRTOS/Source/tasks.c **** 	TCB_t * const pxTCB = xTaskToResume;
1909:Middlewares/Third_Party/FreeRTOS/Source/tasks.c **** 	UBaseType_t uxSavedInterruptStatus;
1910:Middlewares/Third_Party/FreeRTOS/Source/tasks.c **** 
1911:Middlewares/Third_Party/FreeRTOS/Source/tasks.c **** 		configASSERT( xTaskToResume );
1912:Middlewares/Third_Party/FreeRTOS/Source/tasks.c **** 
1913:Middlewares/Third_Party/FreeRTOS/Source/tasks.c **** 		/* RTOS ports that support interrupt nesting have the concept of a
1914:Middlewares/Third_Party/FreeRTOS/Source/tasks.c **** 		maximum	system call (or maximum API call) interrupt priority.
1915:Middlewares/Third_Party/FreeRTOS/Source/tasks.c **** 		Interrupts that are	above the maximum system call priority are keep
1916:Middlewares/Third_Party/FreeRTOS/Source/tasks.c **** 		permanently enabled, even when the RTOS kernel is in a critical section,
1917:Middlewares/Third_Party/FreeRTOS/Source/tasks.c **** 		but cannot make any calls to FreeRTOS API functions.  If configASSERT()
1918:Middlewares/Third_Party/FreeRTOS/Source/tasks.c **** 		is defined in FreeRTOSConfig.h then
1919:Middlewares/Third_Party/FreeRTOS/Source/tasks.c **** 		portASSERT_IF_INTERRUPT_PRIORITY_INVALID() will result in an assertion
1920:Middlewares/Third_Party/FreeRTOS/Source/tasks.c **** 		failure if a FreeRTOS API function is called from an interrupt that has
1921:Middlewares/Third_Party/FreeRTOS/Source/tasks.c **** 		been assigned a priority above the configured maximum system call
1922:Middlewares/Third_Party/FreeRTOS/Source/tasks.c **** 		priority.  Only FreeRTOS functions that end in FromISR can be called
1923:Middlewares/Third_Party/FreeRTOS/Source/tasks.c **** 		from interrupts	that have been assigned a priority at or (logically)
1924:Middlewares/Third_Party/FreeRTOS/Source/tasks.c **** 		below the maximum system call interrupt priority.  FreeRTOS maintains a
1925:Middlewares/Third_Party/FreeRTOS/Source/tasks.c **** 		separate interrupt safe API to ensure interrupt entry is as fast and as
1926:Middlewares/Third_Party/FreeRTOS/Source/tasks.c **** 		simple as possible.  More information (albeit Cortex-M specific) is
1927:Middlewares/Third_Party/FreeRTOS/Source/tasks.c **** 		provided on the following link:
1928:Middlewares/Third_Party/FreeRTOS/Source/tasks.c **** 		https://www.freertos.org/RTOS-Cortex-M3-M4.html */
1929:Middlewares/Third_Party/FreeRTOS/Source/tasks.c **** 		portASSERT_IF_INTERRUPT_PRIORITY_INVALID();
1930:Middlewares/Third_Party/FreeRTOS/Source/tasks.c **** 
1931:Middlewares/Third_Party/FreeRTOS/Source/tasks.c **** 		uxSavedInterruptStatus = portSET_INTERRUPT_MASK_FROM_ISR();
1932:Middlewares/Third_Party/FreeRTOS/Source/tasks.c **** 		{
1933:Middlewares/Third_Party/FreeRTOS/Source/tasks.c **** 			if( prvTaskIsTaskSuspended( pxTCB ) != pdFALSE )
1934:Middlewares/Third_Party/FreeRTOS/Source/tasks.c **** 			{
1935:Middlewares/Third_Party/FreeRTOS/Source/tasks.c **** 				traceTASK_RESUME_FROM_ISR( pxTCB );
1936:Middlewares/Third_Party/FreeRTOS/Source/tasks.c **** 
1937:Middlewares/Third_Party/FreeRTOS/Source/tasks.c **** 				/* Check the ready lists can be accessed. */
1938:Middlewares/Third_Party/FreeRTOS/Source/tasks.c **** 				if( uxSchedulerSuspended == ( UBaseType_t ) pdFALSE )
1939:Middlewares/Third_Party/FreeRTOS/Source/tasks.c **** 				{
1940:Middlewares/Third_Party/FreeRTOS/Source/tasks.c **** 					/* Ready lists can be accessed so move the task from the
1941:Middlewares/Third_Party/FreeRTOS/Source/tasks.c **** 					suspended list to the ready list directly. */
1942:Middlewares/Third_Party/FreeRTOS/Source/tasks.c **** 					if( pxTCB->uxPriority >= pxCurrentTCB->uxPriority )
1943:Middlewares/Third_Party/FreeRTOS/Source/tasks.c **** 					{
1944:Middlewares/Third_Party/FreeRTOS/Source/tasks.c **** 						xYieldRequired = pdTRUE;
1945:Middlewares/Third_Party/FreeRTOS/Source/tasks.c **** 					}
1946:Middlewares/Third_Party/FreeRTOS/Source/tasks.c **** 					else
1947:Middlewares/Third_Party/FreeRTOS/Source/tasks.c **** 					{
1948:Middlewares/Third_Party/FreeRTOS/Source/tasks.c **** 						mtCOVERAGE_TEST_MARKER();
1949:Middlewares/Third_Party/FreeRTOS/Source/tasks.c **** 					}
1950:Middlewares/Third_Party/FreeRTOS/Source/tasks.c **** 
1951:Middlewares/Third_Party/FreeRTOS/Source/tasks.c **** 					( void ) uxListRemove( &( pxTCB->xStateListItem ) );
1952:Middlewares/Third_Party/FreeRTOS/Source/tasks.c **** 					prvAddTaskToReadyList( pxTCB );
1953:Middlewares/Third_Party/FreeRTOS/Source/tasks.c **** 				}
1954:Middlewares/Third_Party/FreeRTOS/Source/tasks.c **** 				else
ARM GAS  /tmp/ccbSDz7D.s 			page 41


1955:Middlewares/Third_Party/FreeRTOS/Source/tasks.c **** 				{
1956:Middlewares/Third_Party/FreeRTOS/Source/tasks.c **** 					/* The delayed or ready lists cannot be accessed so the task
1957:Middlewares/Third_Party/FreeRTOS/Source/tasks.c **** 					is held in the pending ready list until the scheduler is
1958:Middlewares/Third_Party/FreeRTOS/Source/tasks.c **** 					unsuspended. */
1959:Middlewares/Third_Party/FreeRTOS/Source/tasks.c **** 					vListInsertEnd( &( xPendingReadyList ), &( pxTCB->xEventListItem ) );
1960:Middlewares/Third_Party/FreeRTOS/Source/tasks.c **** 				}
1961:Middlewares/Third_Party/FreeRTOS/Source/tasks.c **** 			}
1962:Middlewares/Third_Party/FreeRTOS/Source/tasks.c **** 			else
1963:Middlewares/Third_Party/FreeRTOS/Source/tasks.c **** 			{
1964:Middlewares/Third_Party/FreeRTOS/Source/tasks.c **** 				mtCOVERAGE_TEST_MARKER();
1965:Middlewares/Third_Party/FreeRTOS/Source/tasks.c **** 			}
1966:Middlewares/Third_Party/FreeRTOS/Source/tasks.c **** 		}
1967:Middlewares/Third_Party/FreeRTOS/Source/tasks.c **** 		portCLEAR_INTERRUPT_MASK_FROM_ISR( uxSavedInterruptStatus );
1968:Middlewares/Third_Party/FreeRTOS/Source/tasks.c **** 
1969:Middlewares/Third_Party/FreeRTOS/Source/tasks.c **** 		return xYieldRequired;
1970:Middlewares/Third_Party/FreeRTOS/Source/tasks.c **** 	}
1971:Middlewares/Third_Party/FreeRTOS/Source/tasks.c **** 
1972:Middlewares/Third_Party/FreeRTOS/Source/tasks.c **** #endif /* ( ( INCLUDE_xTaskResumeFromISR == 1 ) && ( INCLUDE_vTaskSuspend == 1 ) ) */
1973:Middlewares/Third_Party/FreeRTOS/Source/tasks.c **** /*-----------------------------------------------------------*/
1974:Middlewares/Third_Party/FreeRTOS/Source/tasks.c **** 
1975:Middlewares/Third_Party/FreeRTOS/Source/tasks.c **** void vTaskStartScheduler( void )
1976:Middlewares/Third_Party/FreeRTOS/Source/tasks.c **** {
1977:Middlewares/Third_Party/FreeRTOS/Source/tasks.c **** BaseType_t xReturn;
1978:Middlewares/Third_Party/FreeRTOS/Source/tasks.c **** 
1979:Middlewares/Third_Party/FreeRTOS/Source/tasks.c **** 	/* Add the idle task at the lowest priority. */
1980:Middlewares/Third_Party/FreeRTOS/Source/tasks.c **** 	#if( configSUPPORT_STATIC_ALLOCATION == 1 )
1981:Middlewares/Third_Party/FreeRTOS/Source/tasks.c **** 	{
1982:Middlewares/Third_Party/FreeRTOS/Source/tasks.c **** 		StaticTask_t *pxIdleTaskTCBBuffer = NULL;
1983:Middlewares/Third_Party/FreeRTOS/Source/tasks.c **** 		StackType_t *pxIdleTaskStackBuffer = NULL;
1984:Middlewares/Third_Party/FreeRTOS/Source/tasks.c **** 		uint32_t ulIdleTaskStackSize;
1985:Middlewares/Third_Party/FreeRTOS/Source/tasks.c **** 
1986:Middlewares/Third_Party/FreeRTOS/Source/tasks.c **** 		/* The Idle task is created using user provided RAM - obtain the
1987:Middlewares/Third_Party/FreeRTOS/Source/tasks.c **** 		address of the RAM then create the idle task. */
1988:Middlewares/Third_Party/FreeRTOS/Source/tasks.c **** 		vApplicationGetIdleTaskMemory( &pxIdleTaskTCBBuffer, &pxIdleTaskStackBuffer, &ulIdleTaskStackSize
1989:Middlewares/Third_Party/FreeRTOS/Source/tasks.c **** 		xIdleTaskHandle = xTaskCreateStatic(	prvIdleTask,
1990:Middlewares/Third_Party/FreeRTOS/Source/tasks.c **** 												configIDLE_TASK_NAME,
1991:Middlewares/Third_Party/FreeRTOS/Source/tasks.c **** 												ulIdleTaskStackSize,
1992:Middlewares/Third_Party/FreeRTOS/Source/tasks.c **** 												( void * ) NULL, /*lint !e961.  The cast is not redundant for all compilers. */
1993:Middlewares/Third_Party/FreeRTOS/Source/tasks.c **** 												portPRIVILEGE_BIT, /* In effect ( tskIDLE_PRIORITY | portPRIVILEGE_BIT ), but tskIDLE_P
1994:Middlewares/Third_Party/FreeRTOS/Source/tasks.c **** 												pxIdleTaskStackBuffer,
1995:Middlewares/Third_Party/FreeRTOS/Source/tasks.c **** 												pxIdleTaskTCBBuffer ); /*lint !e961 MISRA exception, justified as it is not a redundant
1996:Middlewares/Third_Party/FreeRTOS/Source/tasks.c **** 
1997:Middlewares/Third_Party/FreeRTOS/Source/tasks.c **** 		if( xIdleTaskHandle != NULL )
1998:Middlewares/Third_Party/FreeRTOS/Source/tasks.c **** 		{
1999:Middlewares/Third_Party/FreeRTOS/Source/tasks.c **** 			xReturn = pdPASS;
2000:Middlewares/Third_Party/FreeRTOS/Source/tasks.c **** 		}
2001:Middlewares/Third_Party/FreeRTOS/Source/tasks.c **** 		else
2002:Middlewares/Third_Party/FreeRTOS/Source/tasks.c **** 		{
2003:Middlewares/Third_Party/FreeRTOS/Source/tasks.c **** 			xReturn = pdFAIL;
2004:Middlewares/Third_Party/FreeRTOS/Source/tasks.c **** 		}
2005:Middlewares/Third_Party/FreeRTOS/Source/tasks.c **** 	}
2006:Middlewares/Third_Party/FreeRTOS/Source/tasks.c **** 	#else
2007:Middlewares/Third_Party/FreeRTOS/Source/tasks.c **** 	{
2008:Middlewares/Third_Party/FreeRTOS/Source/tasks.c **** 		/* The Idle task is being created using dynamically allocated RAM. */
2009:Middlewares/Third_Party/FreeRTOS/Source/tasks.c **** 		xReturn = xTaskCreate(	prvIdleTask,
2010:Middlewares/Third_Party/FreeRTOS/Source/tasks.c **** 								configIDLE_TASK_NAME,
2011:Middlewares/Third_Party/FreeRTOS/Source/tasks.c **** 								configMINIMAL_STACK_SIZE,
ARM GAS  /tmp/ccbSDz7D.s 			page 42


2012:Middlewares/Third_Party/FreeRTOS/Source/tasks.c **** 								( void * ) NULL,
2013:Middlewares/Third_Party/FreeRTOS/Source/tasks.c **** 								portPRIVILEGE_BIT, /* In effect ( tskIDLE_PRIORITY | portPRIVILEGE_BIT ), but tskIDLE_PRIOR
2014:Middlewares/Third_Party/FreeRTOS/Source/tasks.c **** 								&xIdleTaskHandle ); /*lint !e961 MISRA exception, justified as it is not a redundant explic
2015:Middlewares/Third_Party/FreeRTOS/Source/tasks.c **** 	}
2016:Middlewares/Third_Party/FreeRTOS/Source/tasks.c **** 	#endif /* configSUPPORT_STATIC_ALLOCATION */
2017:Middlewares/Third_Party/FreeRTOS/Source/tasks.c **** 
2018:Middlewares/Third_Party/FreeRTOS/Source/tasks.c **** 	#if ( configUSE_TIMERS == 1 )
2019:Middlewares/Third_Party/FreeRTOS/Source/tasks.c **** 	{
2020:Middlewares/Third_Party/FreeRTOS/Source/tasks.c **** 		if( xReturn == pdPASS )
2021:Middlewares/Third_Party/FreeRTOS/Source/tasks.c **** 		{
2022:Middlewares/Third_Party/FreeRTOS/Source/tasks.c **** 			xReturn = xTimerCreateTimerTask();
2023:Middlewares/Third_Party/FreeRTOS/Source/tasks.c **** 		}
2024:Middlewares/Third_Party/FreeRTOS/Source/tasks.c **** 		else
2025:Middlewares/Third_Party/FreeRTOS/Source/tasks.c **** 		{
2026:Middlewares/Third_Party/FreeRTOS/Source/tasks.c **** 			mtCOVERAGE_TEST_MARKER();
2027:Middlewares/Third_Party/FreeRTOS/Source/tasks.c **** 		}
2028:Middlewares/Third_Party/FreeRTOS/Source/tasks.c **** 	}
2029:Middlewares/Third_Party/FreeRTOS/Source/tasks.c **** 	#endif /* configUSE_TIMERS */
2030:Middlewares/Third_Party/FreeRTOS/Source/tasks.c **** 
2031:Middlewares/Third_Party/FreeRTOS/Source/tasks.c **** 	if( xReturn == pdPASS )
2032:Middlewares/Third_Party/FreeRTOS/Source/tasks.c **** 	{
2033:Middlewares/Third_Party/FreeRTOS/Source/tasks.c **** 		/* freertos_tasks_c_additions_init() should only be called if the user
2034:Middlewares/Third_Party/FreeRTOS/Source/tasks.c **** 		definable macro FREERTOS_TASKS_C_ADDITIONS_INIT() is defined, as that is
2035:Middlewares/Third_Party/FreeRTOS/Source/tasks.c **** 		the only macro called by the function. */
2036:Middlewares/Third_Party/FreeRTOS/Source/tasks.c **** 		#ifdef FREERTOS_TASKS_C_ADDITIONS_INIT
2037:Middlewares/Third_Party/FreeRTOS/Source/tasks.c **** 		{
2038:Middlewares/Third_Party/FreeRTOS/Source/tasks.c **** 			freertos_tasks_c_additions_init();
2039:Middlewares/Third_Party/FreeRTOS/Source/tasks.c **** 		}
2040:Middlewares/Third_Party/FreeRTOS/Source/tasks.c **** 		#endif
2041:Middlewares/Third_Party/FreeRTOS/Source/tasks.c **** 
2042:Middlewares/Third_Party/FreeRTOS/Source/tasks.c **** 		/* Interrupts are turned off here, to ensure a tick does not occur
2043:Middlewares/Third_Party/FreeRTOS/Source/tasks.c **** 		before or during the call to xPortStartScheduler().  The stacks of
2044:Middlewares/Third_Party/FreeRTOS/Source/tasks.c **** 		the created tasks contain a status word with interrupts switched on
2045:Middlewares/Third_Party/FreeRTOS/Source/tasks.c **** 		so interrupts will automatically get re-enabled when the first task
2046:Middlewares/Third_Party/FreeRTOS/Source/tasks.c **** 		starts to run. */
2047:Middlewares/Third_Party/FreeRTOS/Source/tasks.c **** 		portDISABLE_INTERRUPTS();
2048:Middlewares/Third_Party/FreeRTOS/Source/tasks.c **** 
2049:Middlewares/Third_Party/FreeRTOS/Source/tasks.c **** 		#if ( configUSE_NEWLIB_REENTRANT == 1 )
2050:Middlewares/Third_Party/FreeRTOS/Source/tasks.c **** 		{
2051:Middlewares/Third_Party/FreeRTOS/Source/tasks.c **** 			/* Switch Newlib's _impure_ptr variable to point to the _reent
2052:Middlewares/Third_Party/FreeRTOS/Source/tasks.c **** 			structure specific to the task that will run first.
2053:Middlewares/Third_Party/FreeRTOS/Source/tasks.c **** 			See the third party link http://www.nadler.com/embedded/newlibAndFreeRTOS.html
2054:Middlewares/Third_Party/FreeRTOS/Source/tasks.c **** 			for additional information. */
2055:Middlewares/Third_Party/FreeRTOS/Source/tasks.c **** 			_impure_ptr = &( pxCurrentTCB->xNewLib_reent );
2056:Middlewares/Third_Party/FreeRTOS/Source/tasks.c **** 		}
2057:Middlewares/Third_Party/FreeRTOS/Source/tasks.c **** 		#endif /* configUSE_NEWLIB_REENTRANT */
2058:Middlewares/Third_Party/FreeRTOS/Source/tasks.c **** 
2059:Middlewares/Third_Party/FreeRTOS/Source/tasks.c **** 		xNextTaskUnblockTime = portMAX_DELAY;
2060:Middlewares/Third_Party/FreeRTOS/Source/tasks.c **** 		xSchedulerRunning = pdTRUE;
2061:Middlewares/Third_Party/FreeRTOS/Source/tasks.c **** 		xTickCount = ( TickType_t ) configINITIAL_TICK_COUNT;
2062:Middlewares/Third_Party/FreeRTOS/Source/tasks.c **** 
2063:Middlewares/Third_Party/FreeRTOS/Source/tasks.c **** 		/* If configGENERATE_RUN_TIME_STATS is defined then the following
2064:Middlewares/Third_Party/FreeRTOS/Source/tasks.c **** 		macro must be defined to configure the timer/counter used to generate
2065:Middlewares/Third_Party/FreeRTOS/Source/tasks.c **** 		the run time counter time base.   NOTE:  If configGENERATE_RUN_TIME_STATS
2066:Middlewares/Third_Party/FreeRTOS/Source/tasks.c **** 		is set to 0 and the following line fails to build then ensure you do not
2067:Middlewares/Third_Party/FreeRTOS/Source/tasks.c **** 		have portCONFIGURE_TIMER_FOR_RUN_TIME_STATS() defined in your
2068:Middlewares/Third_Party/FreeRTOS/Source/tasks.c **** 		FreeRTOSConfig.h file. */
ARM GAS  /tmp/ccbSDz7D.s 			page 43


2069:Middlewares/Third_Party/FreeRTOS/Source/tasks.c **** 		portCONFIGURE_TIMER_FOR_RUN_TIME_STATS();
2070:Middlewares/Third_Party/FreeRTOS/Source/tasks.c **** 
2071:Middlewares/Third_Party/FreeRTOS/Source/tasks.c **** 		traceTASK_SWITCHED_IN();
2072:Middlewares/Third_Party/FreeRTOS/Source/tasks.c **** 
2073:Middlewares/Third_Party/FreeRTOS/Source/tasks.c **** 		/* Setting up the timer tick is hardware specific and thus in the
2074:Middlewares/Third_Party/FreeRTOS/Source/tasks.c **** 		portable interface. */
2075:Middlewares/Third_Party/FreeRTOS/Source/tasks.c **** 		if( xPortStartScheduler() != pdFALSE )
2076:Middlewares/Third_Party/FreeRTOS/Source/tasks.c **** 		{
2077:Middlewares/Third_Party/FreeRTOS/Source/tasks.c **** 			/* Should not reach here as if the scheduler is running the
2078:Middlewares/Third_Party/FreeRTOS/Source/tasks.c **** 			function will not return. */
2079:Middlewares/Third_Party/FreeRTOS/Source/tasks.c **** 		}
2080:Middlewares/Third_Party/FreeRTOS/Source/tasks.c **** 		else
2081:Middlewares/Third_Party/FreeRTOS/Source/tasks.c **** 		{
2082:Middlewares/Third_Party/FreeRTOS/Source/tasks.c **** 			/* Should only reach here if a task calls xTaskEndScheduler(). */
2083:Middlewares/Third_Party/FreeRTOS/Source/tasks.c **** 		}
2084:Middlewares/Third_Party/FreeRTOS/Source/tasks.c **** 	}
2085:Middlewares/Third_Party/FreeRTOS/Source/tasks.c **** 	else
2086:Middlewares/Third_Party/FreeRTOS/Source/tasks.c **** 	{
2087:Middlewares/Third_Party/FreeRTOS/Source/tasks.c **** 		/* This line will only be reached if the kernel could not be started,
2088:Middlewares/Third_Party/FreeRTOS/Source/tasks.c **** 		because there was not enough FreeRTOS heap to create the idle task
2089:Middlewares/Third_Party/FreeRTOS/Source/tasks.c **** 		or the timer task. */
2090:Middlewares/Third_Party/FreeRTOS/Source/tasks.c **** 		configASSERT( xReturn != errCOULD_NOT_ALLOCATE_REQUIRED_MEMORY );
2091:Middlewares/Third_Party/FreeRTOS/Source/tasks.c **** 	}
2092:Middlewares/Third_Party/FreeRTOS/Source/tasks.c **** 
2093:Middlewares/Third_Party/FreeRTOS/Source/tasks.c **** 	/* Prevent compiler warnings if INCLUDE_xTaskGetIdleTaskHandle is set to 0,
2094:Middlewares/Third_Party/FreeRTOS/Source/tasks.c **** 	meaning xIdleTaskHandle is not used anywhere else. */
2095:Middlewares/Third_Party/FreeRTOS/Source/tasks.c **** 	( void ) xIdleTaskHandle;
2096:Middlewares/Third_Party/FreeRTOS/Source/tasks.c **** }
2097:Middlewares/Third_Party/FreeRTOS/Source/tasks.c **** /*-----------------------------------------------------------*/
2098:Middlewares/Third_Party/FreeRTOS/Source/tasks.c **** 
2099:Middlewares/Third_Party/FreeRTOS/Source/tasks.c **** void vTaskEndScheduler( void )
2100:Middlewares/Third_Party/FreeRTOS/Source/tasks.c **** {
2101:Middlewares/Third_Party/FreeRTOS/Source/tasks.c **** 	/* Stop the scheduler interrupts and call the portable scheduler end
2102:Middlewares/Third_Party/FreeRTOS/Source/tasks.c **** 	routine so the original ISRs can be restored if necessary.  The port
2103:Middlewares/Third_Party/FreeRTOS/Source/tasks.c **** 	layer must ensure interrupts enable	bit is left in the correct state. */
2104:Middlewares/Third_Party/FreeRTOS/Source/tasks.c **** 	portDISABLE_INTERRUPTS();
2105:Middlewares/Third_Party/FreeRTOS/Source/tasks.c **** 	xSchedulerRunning = pdFALSE;
2106:Middlewares/Third_Party/FreeRTOS/Source/tasks.c **** 	vPortEndScheduler();
2107:Middlewares/Third_Party/FreeRTOS/Source/tasks.c **** }
2108:Middlewares/Third_Party/FreeRTOS/Source/tasks.c **** /*----------------------------------------------------------*/
2109:Middlewares/Third_Party/FreeRTOS/Source/tasks.c **** 
2110:Middlewares/Third_Party/FreeRTOS/Source/tasks.c **** void vTaskSuspendAll( void )
2111:Middlewares/Third_Party/FreeRTOS/Source/tasks.c **** {
2112:Middlewares/Third_Party/FreeRTOS/Source/tasks.c **** 	/* A critical section is not required as the variable is of type
2113:Middlewares/Third_Party/FreeRTOS/Source/tasks.c **** 	BaseType_t.  Please read Richard Barry's reply in the following link to a
2114:Middlewares/Third_Party/FreeRTOS/Source/tasks.c **** 	post in the FreeRTOS support forum before reporting this as a bug! -
2115:Middlewares/Third_Party/FreeRTOS/Source/tasks.c **** 	http://goo.gl/wu4acr */
2116:Middlewares/Third_Party/FreeRTOS/Source/tasks.c **** 
2117:Middlewares/Third_Party/FreeRTOS/Source/tasks.c **** 	/* portSOFRWARE_BARRIER() is only implemented for emulated/simulated ports that
2118:Middlewares/Third_Party/FreeRTOS/Source/tasks.c **** 	do not otherwise exhibit real time behaviour. */
2119:Middlewares/Third_Party/FreeRTOS/Source/tasks.c **** 	portSOFTWARE_BARRIER();
2120:Middlewares/Third_Party/FreeRTOS/Source/tasks.c **** 
2121:Middlewares/Third_Party/FreeRTOS/Source/tasks.c **** 	/* The scheduler is suspended if uxSchedulerSuspended is non-zero.  An increment
2122:Middlewares/Third_Party/FreeRTOS/Source/tasks.c **** 	is used to allow calls to vTaskSuspendAll() to nest. */
2123:Middlewares/Third_Party/FreeRTOS/Source/tasks.c **** 	++uxSchedulerSuspended;
2124:Middlewares/Third_Party/FreeRTOS/Source/tasks.c **** 
2125:Middlewares/Third_Party/FreeRTOS/Source/tasks.c **** 	/* Enforces ordering for ports and optimised compilers that may otherwise place
ARM GAS  /tmp/ccbSDz7D.s 			page 44


2126:Middlewares/Third_Party/FreeRTOS/Source/tasks.c **** 	the above increment elsewhere. */
2127:Middlewares/Third_Party/FreeRTOS/Source/tasks.c **** 	portMEMORY_BARRIER();
2128:Middlewares/Third_Party/FreeRTOS/Source/tasks.c **** }
2129:Middlewares/Third_Party/FreeRTOS/Source/tasks.c **** /*----------------------------------------------------------*/
2130:Middlewares/Third_Party/FreeRTOS/Source/tasks.c **** 
2131:Middlewares/Third_Party/FreeRTOS/Source/tasks.c **** #if ( configUSE_TICKLESS_IDLE != 0 )
2132:Middlewares/Third_Party/FreeRTOS/Source/tasks.c **** 
2133:Middlewares/Third_Party/FreeRTOS/Source/tasks.c **** 	static TickType_t prvGetExpectedIdleTime( void )
2134:Middlewares/Third_Party/FreeRTOS/Source/tasks.c **** 	{
2135:Middlewares/Third_Party/FreeRTOS/Source/tasks.c **** 	TickType_t xReturn;
2136:Middlewares/Third_Party/FreeRTOS/Source/tasks.c **** 	UBaseType_t uxHigherPriorityReadyTasks = pdFALSE;
2137:Middlewares/Third_Party/FreeRTOS/Source/tasks.c **** 
2138:Middlewares/Third_Party/FreeRTOS/Source/tasks.c **** 		/* uxHigherPriorityReadyTasks takes care of the case where
2139:Middlewares/Third_Party/FreeRTOS/Source/tasks.c **** 		configUSE_PREEMPTION is 0, so there may be tasks above the idle priority
2140:Middlewares/Third_Party/FreeRTOS/Source/tasks.c **** 		task that are in the Ready state, even though the idle task is
2141:Middlewares/Third_Party/FreeRTOS/Source/tasks.c **** 		running. */
2142:Middlewares/Third_Party/FreeRTOS/Source/tasks.c **** 		#if( configUSE_PORT_OPTIMISED_TASK_SELECTION == 0 )
2143:Middlewares/Third_Party/FreeRTOS/Source/tasks.c **** 		{
2144:Middlewares/Third_Party/FreeRTOS/Source/tasks.c **** 			if( uxTopReadyPriority > tskIDLE_PRIORITY )
2145:Middlewares/Third_Party/FreeRTOS/Source/tasks.c **** 			{
2146:Middlewares/Third_Party/FreeRTOS/Source/tasks.c **** 				uxHigherPriorityReadyTasks = pdTRUE;
2147:Middlewares/Third_Party/FreeRTOS/Source/tasks.c **** 			}
2148:Middlewares/Third_Party/FreeRTOS/Source/tasks.c **** 		}
2149:Middlewares/Third_Party/FreeRTOS/Source/tasks.c **** 		#else
2150:Middlewares/Third_Party/FreeRTOS/Source/tasks.c **** 		{
2151:Middlewares/Third_Party/FreeRTOS/Source/tasks.c **** 			const UBaseType_t uxLeastSignificantBit = ( UBaseType_t ) 0x01;
2152:Middlewares/Third_Party/FreeRTOS/Source/tasks.c **** 
2153:Middlewares/Third_Party/FreeRTOS/Source/tasks.c **** 			/* When port optimised task selection is used the uxTopReadyPriority
2154:Middlewares/Third_Party/FreeRTOS/Source/tasks.c **** 			variable is used as a bit map.  If bits other than the least
2155:Middlewares/Third_Party/FreeRTOS/Source/tasks.c **** 			significant bit are set then there are tasks that have a priority
2156:Middlewares/Third_Party/FreeRTOS/Source/tasks.c **** 			above the idle priority that are in the Ready state.  This takes
2157:Middlewares/Third_Party/FreeRTOS/Source/tasks.c **** 			care of the case where the co-operative scheduler is in use. */
2158:Middlewares/Third_Party/FreeRTOS/Source/tasks.c **** 			if( uxTopReadyPriority > uxLeastSignificantBit )
2159:Middlewares/Third_Party/FreeRTOS/Source/tasks.c **** 			{
2160:Middlewares/Third_Party/FreeRTOS/Source/tasks.c **** 				uxHigherPriorityReadyTasks = pdTRUE;
2161:Middlewares/Third_Party/FreeRTOS/Source/tasks.c **** 			}
2162:Middlewares/Third_Party/FreeRTOS/Source/tasks.c **** 		}
2163:Middlewares/Third_Party/FreeRTOS/Source/tasks.c **** 		#endif
2164:Middlewares/Third_Party/FreeRTOS/Source/tasks.c **** 
2165:Middlewares/Third_Party/FreeRTOS/Source/tasks.c **** 		if( pxCurrentTCB->uxPriority > tskIDLE_PRIORITY )
2166:Middlewares/Third_Party/FreeRTOS/Source/tasks.c **** 		{
2167:Middlewares/Third_Party/FreeRTOS/Source/tasks.c **** 			xReturn = 0;
2168:Middlewares/Third_Party/FreeRTOS/Source/tasks.c **** 		}
2169:Middlewares/Third_Party/FreeRTOS/Source/tasks.c **** 		else if( listCURRENT_LIST_LENGTH( &( pxReadyTasksLists[ tskIDLE_PRIORITY ] ) ) > 1 )
2170:Middlewares/Third_Party/FreeRTOS/Source/tasks.c **** 		{
2171:Middlewares/Third_Party/FreeRTOS/Source/tasks.c **** 			/* There are other idle priority tasks in the ready state.  If
2172:Middlewares/Third_Party/FreeRTOS/Source/tasks.c **** 			time slicing is used then the very next tick interrupt must be
2173:Middlewares/Third_Party/FreeRTOS/Source/tasks.c **** 			processed. */
2174:Middlewares/Third_Party/FreeRTOS/Source/tasks.c **** 			xReturn = 0;
2175:Middlewares/Third_Party/FreeRTOS/Source/tasks.c **** 		}
2176:Middlewares/Third_Party/FreeRTOS/Source/tasks.c **** 		else if( uxHigherPriorityReadyTasks != pdFALSE )
2177:Middlewares/Third_Party/FreeRTOS/Source/tasks.c **** 		{
2178:Middlewares/Third_Party/FreeRTOS/Source/tasks.c **** 			/* There are tasks in the Ready state that have a priority above the
2179:Middlewares/Third_Party/FreeRTOS/Source/tasks.c **** 			idle priority.  This path can only be reached if
2180:Middlewares/Third_Party/FreeRTOS/Source/tasks.c **** 			configUSE_PREEMPTION is 0. */
2181:Middlewares/Third_Party/FreeRTOS/Source/tasks.c **** 			xReturn = 0;
2182:Middlewares/Third_Party/FreeRTOS/Source/tasks.c **** 		}
ARM GAS  /tmp/ccbSDz7D.s 			page 45


2183:Middlewares/Third_Party/FreeRTOS/Source/tasks.c **** 		else
2184:Middlewares/Third_Party/FreeRTOS/Source/tasks.c **** 		{
2185:Middlewares/Third_Party/FreeRTOS/Source/tasks.c **** 			xReturn = xNextTaskUnblockTime - xTickCount;
2186:Middlewares/Third_Party/FreeRTOS/Source/tasks.c **** 		}
2187:Middlewares/Third_Party/FreeRTOS/Source/tasks.c **** 
2188:Middlewares/Third_Party/FreeRTOS/Source/tasks.c **** 		return xReturn;
2189:Middlewares/Third_Party/FreeRTOS/Source/tasks.c **** 	}
2190:Middlewares/Third_Party/FreeRTOS/Source/tasks.c **** 
2191:Middlewares/Third_Party/FreeRTOS/Source/tasks.c **** #endif /* configUSE_TICKLESS_IDLE */
2192:Middlewares/Third_Party/FreeRTOS/Source/tasks.c **** /*----------------------------------------------------------*/
2193:Middlewares/Third_Party/FreeRTOS/Source/tasks.c **** 
2194:Middlewares/Third_Party/FreeRTOS/Source/tasks.c **** BaseType_t xTaskResumeAll( void )
2195:Middlewares/Third_Party/FreeRTOS/Source/tasks.c **** {
2196:Middlewares/Third_Party/FreeRTOS/Source/tasks.c **** TCB_t *pxTCB = NULL;
2197:Middlewares/Third_Party/FreeRTOS/Source/tasks.c **** BaseType_t xAlreadyYielded = pdFALSE;
2198:Middlewares/Third_Party/FreeRTOS/Source/tasks.c **** 
2199:Middlewares/Third_Party/FreeRTOS/Source/tasks.c **** 	/* If uxSchedulerSuspended is zero then this function does not match a
2200:Middlewares/Third_Party/FreeRTOS/Source/tasks.c **** 	previous call to vTaskSuspendAll(). */
2201:Middlewares/Third_Party/FreeRTOS/Source/tasks.c **** 	configASSERT( uxSchedulerSuspended );
2202:Middlewares/Third_Party/FreeRTOS/Source/tasks.c **** 
2203:Middlewares/Third_Party/FreeRTOS/Source/tasks.c **** 	/* It is possible that an ISR caused a task to be removed from an event
2204:Middlewares/Third_Party/FreeRTOS/Source/tasks.c **** 	list while the scheduler was suspended.  If this was the case then the
2205:Middlewares/Third_Party/FreeRTOS/Source/tasks.c **** 	removed task will have been added to the xPendingReadyList.  Once the
2206:Middlewares/Third_Party/FreeRTOS/Source/tasks.c **** 	scheduler has been resumed it is safe to move all the pending ready
2207:Middlewares/Third_Party/FreeRTOS/Source/tasks.c **** 	tasks from this list into their appropriate ready list. */
2208:Middlewares/Third_Party/FreeRTOS/Source/tasks.c **** 	taskENTER_CRITICAL();
2209:Middlewares/Third_Party/FreeRTOS/Source/tasks.c **** 	{
2210:Middlewares/Third_Party/FreeRTOS/Source/tasks.c **** 		--uxSchedulerSuspended;
2211:Middlewares/Third_Party/FreeRTOS/Source/tasks.c **** 
2212:Middlewares/Third_Party/FreeRTOS/Source/tasks.c **** 		if( uxSchedulerSuspended == ( UBaseType_t ) pdFALSE )
2213:Middlewares/Third_Party/FreeRTOS/Source/tasks.c **** 		{
2214:Middlewares/Third_Party/FreeRTOS/Source/tasks.c **** 			if( uxCurrentNumberOfTasks > ( UBaseType_t ) 0U )
2215:Middlewares/Third_Party/FreeRTOS/Source/tasks.c **** 			{
2216:Middlewares/Third_Party/FreeRTOS/Source/tasks.c **** 				/* Move any readied tasks from the pending list into the
2217:Middlewares/Third_Party/FreeRTOS/Source/tasks.c **** 				appropriate ready list. */
2218:Middlewares/Third_Party/FreeRTOS/Source/tasks.c **** 				while( listLIST_IS_EMPTY( &xPendingReadyList ) == pdFALSE )
2219:Middlewares/Third_Party/FreeRTOS/Source/tasks.c **** 				{
2220:Middlewares/Third_Party/FreeRTOS/Source/tasks.c **** 					pxTCB = listGET_OWNER_OF_HEAD_ENTRY( ( &xPendingReadyList ) ); /*lint !e9079 void * is used as
2221:Middlewares/Third_Party/FreeRTOS/Source/tasks.c **** 					( void ) uxListRemove( &( pxTCB->xEventListItem ) );
2222:Middlewares/Third_Party/FreeRTOS/Source/tasks.c **** 					( void ) uxListRemove( &( pxTCB->xStateListItem ) );
2223:Middlewares/Third_Party/FreeRTOS/Source/tasks.c **** 					prvAddTaskToReadyList( pxTCB );
2224:Middlewares/Third_Party/FreeRTOS/Source/tasks.c **** 
2225:Middlewares/Third_Party/FreeRTOS/Source/tasks.c **** 					/* If the moved task has a priority higher than the current
2226:Middlewares/Third_Party/FreeRTOS/Source/tasks.c **** 					task then a yield must be performed. */
2227:Middlewares/Third_Party/FreeRTOS/Source/tasks.c **** 					if( pxTCB->uxPriority >= pxCurrentTCB->uxPriority )
2228:Middlewares/Third_Party/FreeRTOS/Source/tasks.c **** 					{
2229:Middlewares/Third_Party/FreeRTOS/Source/tasks.c **** 						xYieldPending = pdTRUE;
2230:Middlewares/Third_Party/FreeRTOS/Source/tasks.c **** 					}
2231:Middlewares/Third_Party/FreeRTOS/Source/tasks.c **** 					else
2232:Middlewares/Third_Party/FreeRTOS/Source/tasks.c **** 					{
2233:Middlewares/Third_Party/FreeRTOS/Source/tasks.c **** 						mtCOVERAGE_TEST_MARKER();
2234:Middlewares/Third_Party/FreeRTOS/Source/tasks.c **** 					}
2235:Middlewares/Third_Party/FreeRTOS/Source/tasks.c **** 				}
2236:Middlewares/Third_Party/FreeRTOS/Source/tasks.c **** 
2237:Middlewares/Third_Party/FreeRTOS/Source/tasks.c **** 				if( pxTCB != NULL )
2238:Middlewares/Third_Party/FreeRTOS/Source/tasks.c **** 				{
2239:Middlewares/Third_Party/FreeRTOS/Source/tasks.c **** 					/* A task was unblocked while the scheduler was suspended,
ARM GAS  /tmp/ccbSDz7D.s 			page 46


2240:Middlewares/Third_Party/FreeRTOS/Source/tasks.c **** 					which may have prevented the next unblock time from being
2241:Middlewares/Third_Party/FreeRTOS/Source/tasks.c **** 					re-calculated, in which case re-calculate it now.  Mainly
2242:Middlewares/Third_Party/FreeRTOS/Source/tasks.c **** 					important for low power tickless implementations, where
2243:Middlewares/Third_Party/FreeRTOS/Source/tasks.c **** 					this can prevent an unnecessary exit from low power
2244:Middlewares/Third_Party/FreeRTOS/Source/tasks.c **** 					state. */
2245:Middlewares/Third_Party/FreeRTOS/Source/tasks.c **** 					prvResetNextTaskUnblockTime();
2246:Middlewares/Third_Party/FreeRTOS/Source/tasks.c **** 				}
2247:Middlewares/Third_Party/FreeRTOS/Source/tasks.c **** 
2248:Middlewares/Third_Party/FreeRTOS/Source/tasks.c **** 				/* If any ticks occurred while the scheduler was suspended then
2249:Middlewares/Third_Party/FreeRTOS/Source/tasks.c **** 				they should be processed now.  This ensures the tick count does
2250:Middlewares/Third_Party/FreeRTOS/Source/tasks.c **** 				not	slip, and that any delayed tasks are resumed at the correct
2251:Middlewares/Third_Party/FreeRTOS/Source/tasks.c **** 				time. */
2252:Middlewares/Third_Party/FreeRTOS/Source/tasks.c **** 				{
2253:Middlewares/Third_Party/FreeRTOS/Source/tasks.c **** 					TickType_t xPendedCounts = xPendedTicks; /* Non-volatile copy. */
2254:Middlewares/Third_Party/FreeRTOS/Source/tasks.c **** 
2255:Middlewares/Third_Party/FreeRTOS/Source/tasks.c **** 					if( xPendedCounts > ( TickType_t ) 0U )
2256:Middlewares/Third_Party/FreeRTOS/Source/tasks.c **** 					{
2257:Middlewares/Third_Party/FreeRTOS/Source/tasks.c **** 						do
2258:Middlewares/Third_Party/FreeRTOS/Source/tasks.c **** 						{
2259:Middlewares/Third_Party/FreeRTOS/Source/tasks.c **** 							if( xTaskIncrementTick() != pdFALSE )
2260:Middlewares/Third_Party/FreeRTOS/Source/tasks.c **** 							{
2261:Middlewares/Third_Party/FreeRTOS/Source/tasks.c **** 								xYieldPending = pdTRUE;
2262:Middlewares/Third_Party/FreeRTOS/Source/tasks.c **** 							}
2263:Middlewares/Third_Party/FreeRTOS/Source/tasks.c **** 							else
2264:Middlewares/Third_Party/FreeRTOS/Source/tasks.c **** 							{
2265:Middlewares/Third_Party/FreeRTOS/Source/tasks.c **** 								mtCOVERAGE_TEST_MARKER();
2266:Middlewares/Third_Party/FreeRTOS/Source/tasks.c **** 							}
2267:Middlewares/Third_Party/FreeRTOS/Source/tasks.c **** 							--xPendedCounts;
2268:Middlewares/Third_Party/FreeRTOS/Source/tasks.c **** 						} while( xPendedCounts > ( TickType_t ) 0U );
2269:Middlewares/Third_Party/FreeRTOS/Source/tasks.c **** 
2270:Middlewares/Third_Party/FreeRTOS/Source/tasks.c **** 						xPendedTicks = 0;
2271:Middlewares/Third_Party/FreeRTOS/Source/tasks.c **** 					}
2272:Middlewares/Third_Party/FreeRTOS/Source/tasks.c **** 					else
2273:Middlewares/Third_Party/FreeRTOS/Source/tasks.c **** 					{
2274:Middlewares/Third_Party/FreeRTOS/Source/tasks.c **** 						mtCOVERAGE_TEST_MARKER();
2275:Middlewares/Third_Party/FreeRTOS/Source/tasks.c **** 					}
2276:Middlewares/Third_Party/FreeRTOS/Source/tasks.c **** 				}
2277:Middlewares/Third_Party/FreeRTOS/Source/tasks.c **** 
2278:Middlewares/Third_Party/FreeRTOS/Source/tasks.c **** 				if( xYieldPending != pdFALSE )
2279:Middlewares/Third_Party/FreeRTOS/Source/tasks.c **** 				{
2280:Middlewares/Third_Party/FreeRTOS/Source/tasks.c **** 					#if( configUSE_PREEMPTION != 0 )
2281:Middlewares/Third_Party/FreeRTOS/Source/tasks.c **** 					{
2282:Middlewares/Third_Party/FreeRTOS/Source/tasks.c **** 						xAlreadyYielded = pdTRUE;
2283:Middlewares/Third_Party/FreeRTOS/Source/tasks.c **** 					}
2284:Middlewares/Third_Party/FreeRTOS/Source/tasks.c **** 					#endif
2285:Middlewares/Third_Party/FreeRTOS/Source/tasks.c **** 					taskYIELD_IF_USING_PREEMPTION();
2286:Middlewares/Third_Party/FreeRTOS/Source/tasks.c **** 				}
2287:Middlewares/Third_Party/FreeRTOS/Source/tasks.c **** 				else
2288:Middlewares/Third_Party/FreeRTOS/Source/tasks.c **** 				{
2289:Middlewares/Third_Party/FreeRTOS/Source/tasks.c **** 					mtCOVERAGE_TEST_MARKER();
2290:Middlewares/Third_Party/FreeRTOS/Source/tasks.c **** 				}
2291:Middlewares/Third_Party/FreeRTOS/Source/tasks.c **** 			}
2292:Middlewares/Third_Party/FreeRTOS/Source/tasks.c **** 		}
2293:Middlewares/Third_Party/FreeRTOS/Source/tasks.c **** 		else
2294:Middlewares/Third_Party/FreeRTOS/Source/tasks.c **** 		{
2295:Middlewares/Third_Party/FreeRTOS/Source/tasks.c **** 			mtCOVERAGE_TEST_MARKER();
2296:Middlewares/Third_Party/FreeRTOS/Source/tasks.c **** 		}
ARM GAS  /tmp/ccbSDz7D.s 			page 47


2297:Middlewares/Third_Party/FreeRTOS/Source/tasks.c **** 	}
2298:Middlewares/Third_Party/FreeRTOS/Source/tasks.c **** 	taskEXIT_CRITICAL();
2299:Middlewares/Third_Party/FreeRTOS/Source/tasks.c **** 
2300:Middlewares/Third_Party/FreeRTOS/Source/tasks.c **** 	return xAlreadyYielded;
2301:Middlewares/Third_Party/FreeRTOS/Source/tasks.c **** }
2302:Middlewares/Third_Party/FreeRTOS/Source/tasks.c **** /*-----------------------------------------------------------*/
2303:Middlewares/Third_Party/FreeRTOS/Source/tasks.c **** 
2304:Middlewares/Third_Party/FreeRTOS/Source/tasks.c **** TickType_t xTaskGetTickCount( void )
2305:Middlewares/Third_Party/FreeRTOS/Source/tasks.c **** {
2306:Middlewares/Third_Party/FreeRTOS/Source/tasks.c **** TickType_t xTicks;
2307:Middlewares/Third_Party/FreeRTOS/Source/tasks.c **** 
2308:Middlewares/Third_Party/FreeRTOS/Source/tasks.c **** 	/* Critical section required if running on a 16 bit processor. */
2309:Middlewares/Third_Party/FreeRTOS/Source/tasks.c **** 	portTICK_TYPE_ENTER_CRITICAL();
2310:Middlewares/Third_Party/FreeRTOS/Source/tasks.c **** 	{
2311:Middlewares/Third_Party/FreeRTOS/Source/tasks.c **** 		xTicks = xTickCount;
2312:Middlewares/Third_Party/FreeRTOS/Source/tasks.c **** 	}
2313:Middlewares/Third_Party/FreeRTOS/Source/tasks.c **** 	portTICK_TYPE_EXIT_CRITICAL();
2314:Middlewares/Third_Party/FreeRTOS/Source/tasks.c **** 
2315:Middlewares/Third_Party/FreeRTOS/Source/tasks.c **** 	return xTicks;
2316:Middlewares/Third_Party/FreeRTOS/Source/tasks.c **** }
2317:Middlewares/Third_Party/FreeRTOS/Source/tasks.c **** /*-----------------------------------------------------------*/
2318:Middlewares/Third_Party/FreeRTOS/Source/tasks.c **** 
2319:Middlewares/Third_Party/FreeRTOS/Source/tasks.c **** TickType_t xTaskGetTickCountFromISR( void )
2320:Middlewares/Third_Party/FreeRTOS/Source/tasks.c **** {
2321:Middlewares/Third_Party/FreeRTOS/Source/tasks.c **** TickType_t xReturn;
2322:Middlewares/Third_Party/FreeRTOS/Source/tasks.c **** UBaseType_t uxSavedInterruptStatus;
2323:Middlewares/Third_Party/FreeRTOS/Source/tasks.c **** 
2324:Middlewares/Third_Party/FreeRTOS/Source/tasks.c **** 	/* RTOS ports that support interrupt nesting have the concept of a maximum
2325:Middlewares/Third_Party/FreeRTOS/Source/tasks.c **** 	system call (or maximum API call) interrupt priority.  Interrupts that are
2326:Middlewares/Third_Party/FreeRTOS/Source/tasks.c **** 	above the maximum system call priority are kept permanently enabled, even
2327:Middlewares/Third_Party/FreeRTOS/Source/tasks.c **** 	when the RTOS kernel is in a critical section, but cannot make any calls to
2328:Middlewares/Third_Party/FreeRTOS/Source/tasks.c **** 	FreeRTOS API functions.  If configASSERT() is defined in FreeRTOSConfig.h
2329:Middlewares/Third_Party/FreeRTOS/Source/tasks.c **** 	then portASSERT_IF_INTERRUPT_PRIORITY_INVALID() will result in an assertion
2330:Middlewares/Third_Party/FreeRTOS/Source/tasks.c **** 	failure if a FreeRTOS API function is called from an interrupt that has been
2331:Middlewares/Third_Party/FreeRTOS/Source/tasks.c **** 	assigned a priority above the configured maximum system call priority.
2332:Middlewares/Third_Party/FreeRTOS/Source/tasks.c **** 	Only FreeRTOS functions that end in FromISR can be called from interrupts
2333:Middlewares/Third_Party/FreeRTOS/Source/tasks.c **** 	that have been assigned a priority at or (logically) below the maximum
2334:Middlewares/Third_Party/FreeRTOS/Source/tasks.c **** 	system call	interrupt priority.  FreeRTOS maintains a separate interrupt
2335:Middlewares/Third_Party/FreeRTOS/Source/tasks.c **** 	safe API to ensure interrupt entry is as fast and as simple as possible.
2336:Middlewares/Third_Party/FreeRTOS/Source/tasks.c **** 	More information (albeit Cortex-M specific) is provided on the following
2337:Middlewares/Third_Party/FreeRTOS/Source/tasks.c **** 	link: https://www.freertos.org/RTOS-Cortex-M3-M4.html */
2338:Middlewares/Third_Party/FreeRTOS/Source/tasks.c **** 	portASSERT_IF_INTERRUPT_PRIORITY_INVALID();
2339:Middlewares/Third_Party/FreeRTOS/Source/tasks.c **** 
2340:Middlewares/Third_Party/FreeRTOS/Source/tasks.c **** 	uxSavedInterruptStatus = portTICK_TYPE_SET_INTERRUPT_MASK_FROM_ISR();
2341:Middlewares/Third_Party/FreeRTOS/Source/tasks.c **** 	{
2342:Middlewares/Third_Party/FreeRTOS/Source/tasks.c **** 		xReturn = xTickCount;
2343:Middlewares/Third_Party/FreeRTOS/Source/tasks.c **** 	}
2344:Middlewares/Third_Party/FreeRTOS/Source/tasks.c **** 	portTICK_TYPE_CLEAR_INTERRUPT_MASK_FROM_ISR( uxSavedInterruptStatus );
2345:Middlewares/Third_Party/FreeRTOS/Source/tasks.c **** 
2346:Middlewares/Third_Party/FreeRTOS/Source/tasks.c **** 	return xReturn;
2347:Middlewares/Third_Party/FreeRTOS/Source/tasks.c **** }
2348:Middlewares/Third_Party/FreeRTOS/Source/tasks.c **** /*-----------------------------------------------------------*/
2349:Middlewares/Third_Party/FreeRTOS/Source/tasks.c **** 
2350:Middlewares/Third_Party/FreeRTOS/Source/tasks.c **** UBaseType_t uxTaskGetNumberOfTasks( void )
2351:Middlewares/Third_Party/FreeRTOS/Source/tasks.c **** {
2352:Middlewares/Third_Party/FreeRTOS/Source/tasks.c **** 	/* A critical section is not required because the variables are of type
2353:Middlewares/Third_Party/FreeRTOS/Source/tasks.c **** 	BaseType_t. */
ARM GAS  /tmp/ccbSDz7D.s 			page 48


2354:Middlewares/Third_Party/FreeRTOS/Source/tasks.c **** 	return uxCurrentNumberOfTasks;
2355:Middlewares/Third_Party/FreeRTOS/Source/tasks.c **** }
2356:Middlewares/Third_Party/FreeRTOS/Source/tasks.c **** /*-----------------------------------------------------------*/
2357:Middlewares/Third_Party/FreeRTOS/Source/tasks.c **** 
2358:Middlewares/Third_Party/FreeRTOS/Source/tasks.c **** char *pcTaskGetName( TaskHandle_t xTaskToQuery ) /*lint !e971 Unqualified char types are allowed fo
2359:Middlewares/Third_Party/FreeRTOS/Source/tasks.c **** {
2360:Middlewares/Third_Party/FreeRTOS/Source/tasks.c **** TCB_t *pxTCB;
2361:Middlewares/Third_Party/FreeRTOS/Source/tasks.c **** 
2362:Middlewares/Third_Party/FreeRTOS/Source/tasks.c **** 	/* If null is passed in here then the name of the calling task is being
2363:Middlewares/Third_Party/FreeRTOS/Source/tasks.c **** 	queried. */
2364:Middlewares/Third_Party/FreeRTOS/Source/tasks.c **** 	pxTCB = prvGetTCBFromHandle( xTaskToQuery );
2365:Middlewares/Third_Party/FreeRTOS/Source/tasks.c **** 	configASSERT( pxTCB );
2366:Middlewares/Third_Party/FreeRTOS/Source/tasks.c **** 	return &( pxTCB->pcTaskName[ 0 ] );
2367:Middlewares/Third_Party/FreeRTOS/Source/tasks.c **** }
2368:Middlewares/Third_Party/FreeRTOS/Source/tasks.c **** /*-----------------------------------------------------------*/
2369:Middlewares/Third_Party/FreeRTOS/Source/tasks.c **** 
2370:Middlewares/Third_Party/FreeRTOS/Source/tasks.c **** #if ( INCLUDE_xTaskGetHandle == 1 )
2371:Middlewares/Third_Party/FreeRTOS/Source/tasks.c **** 
2372:Middlewares/Third_Party/FreeRTOS/Source/tasks.c **** 	static TCB_t *prvSearchForNameWithinSingleList( List_t *pxList, const char pcNameToQuery[] )
2373:Middlewares/Third_Party/FreeRTOS/Source/tasks.c **** 	{
2374:Middlewares/Third_Party/FreeRTOS/Source/tasks.c **** 	TCB_t *pxNextTCB, *pxFirstTCB, *pxReturn = NULL;
2375:Middlewares/Third_Party/FreeRTOS/Source/tasks.c **** 	UBaseType_t x;
2376:Middlewares/Third_Party/FreeRTOS/Source/tasks.c **** 	char cNextChar;
2377:Middlewares/Third_Party/FreeRTOS/Source/tasks.c **** 	BaseType_t xBreakLoop;
2378:Middlewares/Third_Party/FreeRTOS/Source/tasks.c **** 
2379:Middlewares/Third_Party/FreeRTOS/Source/tasks.c **** 		/* This function is called with the scheduler suspended. */
2380:Middlewares/Third_Party/FreeRTOS/Source/tasks.c **** 
2381:Middlewares/Third_Party/FreeRTOS/Source/tasks.c **** 		if( listCURRENT_LIST_LENGTH( pxList ) > ( UBaseType_t ) 0 )
2382:Middlewares/Third_Party/FreeRTOS/Source/tasks.c **** 		{
2383:Middlewares/Third_Party/FreeRTOS/Source/tasks.c **** 			listGET_OWNER_OF_NEXT_ENTRY( pxFirstTCB, pxList );  /*lint !e9079 void * is used as this macro i
2384:Middlewares/Third_Party/FreeRTOS/Source/tasks.c **** 
2385:Middlewares/Third_Party/FreeRTOS/Source/tasks.c **** 			do
2386:Middlewares/Third_Party/FreeRTOS/Source/tasks.c **** 			{
2387:Middlewares/Third_Party/FreeRTOS/Source/tasks.c **** 				listGET_OWNER_OF_NEXT_ENTRY( pxNextTCB, pxList ); /*lint !e9079 void * is used as this macro is
2388:Middlewares/Third_Party/FreeRTOS/Source/tasks.c **** 
2389:Middlewares/Third_Party/FreeRTOS/Source/tasks.c **** 				/* Check each character in the name looking for a match or
2390:Middlewares/Third_Party/FreeRTOS/Source/tasks.c **** 				mismatch. */
2391:Middlewares/Third_Party/FreeRTOS/Source/tasks.c **** 				xBreakLoop = pdFALSE;
2392:Middlewares/Third_Party/FreeRTOS/Source/tasks.c **** 				for( x = ( UBaseType_t ) 0; x < ( UBaseType_t ) configMAX_TASK_NAME_LEN; x++ )
2393:Middlewares/Third_Party/FreeRTOS/Source/tasks.c **** 				{
2394:Middlewares/Third_Party/FreeRTOS/Source/tasks.c **** 					cNextChar = pxNextTCB->pcTaskName[ x ];
2395:Middlewares/Third_Party/FreeRTOS/Source/tasks.c **** 
2396:Middlewares/Third_Party/FreeRTOS/Source/tasks.c **** 					if( cNextChar != pcNameToQuery[ x ] )
2397:Middlewares/Third_Party/FreeRTOS/Source/tasks.c **** 					{
2398:Middlewares/Third_Party/FreeRTOS/Source/tasks.c **** 						/* Characters didn't match. */
2399:Middlewares/Third_Party/FreeRTOS/Source/tasks.c **** 						xBreakLoop = pdTRUE;
2400:Middlewares/Third_Party/FreeRTOS/Source/tasks.c **** 					}
2401:Middlewares/Third_Party/FreeRTOS/Source/tasks.c **** 					else if( cNextChar == ( char ) 0x00 )
2402:Middlewares/Third_Party/FreeRTOS/Source/tasks.c **** 					{
2403:Middlewares/Third_Party/FreeRTOS/Source/tasks.c **** 						/* Both strings terminated, a match must have been
2404:Middlewares/Third_Party/FreeRTOS/Source/tasks.c **** 						found. */
2405:Middlewares/Third_Party/FreeRTOS/Source/tasks.c **** 						pxReturn = pxNextTCB;
2406:Middlewares/Third_Party/FreeRTOS/Source/tasks.c **** 						xBreakLoop = pdTRUE;
2407:Middlewares/Third_Party/FreeRTOS/Source/tasks.c **** 					}
2408:Middlewares/Third_Party/FreeRTOS/Source/tasks.c **** 					else
2409:Middlewares/Third_Party/FreeRTOS/Source/tasks.c **** 					{
2410:Middlewares/Third_Party/FreeRTOS/Source/tasks.c **** 						mtCOVERAGE_TEST_MARKER();
ARM GAS  /tmp/ccbSDz7D.s 			page 49


2411:Middlewares/Third_Party/FreeRTOS/Source/tasks.c **** 					}
2412:Middlewares/Third_Party/FreeRTOS/Source/tasks.c **** 
2413:Middlewares/Third_Party/FreeRTOS/Source/tasks.c **** 					if( xBreakLoop != pdFALSE )
2414:Middlewares/Third_Party/FreeRTOS/Source/tasks.c **** 					{
2415:Middlewares/Third_Party/FreeRTOS/Source/tasks.c **** 						break;
2416:Middlewares/Third_Party/FreeRTOS/Source/tasks.c **** 					}
2417:Middlewares/Third_Party/FreeRTOS/Source/tasks.c **** 				}
2418:Middlewares/Third_Party/FreeRTOS/Source/tasks.c **** 
2419:Middlewares/Third_Party/FreeRTOS/Source/tasks.c **** 				if( pxReturn != NULL )
2420:Middlewares/Third_Party/FreeRTOS/Source/tasks.c **** 				{
2421:Middlewares/Third_Party/FreeRTOS/Source/tasks.c **** 					/* The handle has been found. */
2422:Middlewares/Third_Party/FreeRTOS/Source/tasks.c **** 					break;
2423:Middlewares/Third_Party/FreeRTOS/Source/tasks.c **** 				}
2424:Middlewares/Third_Party/FreeRTOS/Source/tasks.c **** 
2425:Middlewares/Third_Party/FreeRTOS/Source/tasks.c **** 			} while( pxNextTCB != pxFirstTCB );
2426:Middlewares/Third_Party/FreeRTOS/Source/tasks.c **** 		}
2427:Middlewares/Third_Party/FreeRTOS/Source/tasks.c **** 		else
2428:Middlewares/Third_Party/FreeRTOS/Source/tasks.c **** 		{
2429:Middlewares/Third_Party/FreeRTOS/Source/tasks.c **** 			mtCOVERAGE_TEST_MARKER();
2430:Middlewares/Third_Party/FreeRTOS/Source/tasks.c **** 		}
2431:Middlewares/Third_Party/FreeRTOS/Source/tasks.c **** 
2432:Middlewares/Third_Party/FreeRTOS/Source/tasks.c **** 		return pxReturn;
2433:Middlewares/Third_Party/FreeRTOS/Source/tasks.c **** 	}
2434:Middlewares/Third_Party/FreeRTOS/Source/tasks.c **** 
2435:Middlewares/Third_Party/FreeRTOS/Source/tasks.c **** #endif /* INCLUDE_xTaskGetHandle */
2436:Middlewares/Third_Party/FreeRTOS/Source/tasks.c **** /*-----------------------------------------------------------*/
2437:Middlewares/Third_Party/FreeRTOS/Source/tasks.c **** 
2438:Middlewares/Third_Party/FreeRTOS/Source/tasks.c **** #if ( INCLUDE_xTaskGetHandle == 1 )
2439:Middlewares/Third_Party/FreeRTOS/Source/tasks.c **** 
2440:Middlewares/Third_Party/FreeRTOS/Source/tasks.c **** 	TaskHandle_t xTaskGetHandle( const char *pcNameToQuery ) /*lint !e971 Unqualified char types are a
2441:Middlewares/Third_Party/FreeRTOS/Source/tasks.c **** 	{
2442:Middlewares/Third_Party/FreeRTOS/Source/tasks.c **** 	UBaseType_t uxQueue = configMAX_PRIORITIES;
2443:Middlewares/Third_Party/FreeRTOS/Source/tasks.c **** 	TCB_t* pxTCB;
2444:Middlewares/Third_Party/FreeRTOS/Source/tasks.c **** 
2445:Middlewares/Third_Party/FreeRTOS/Source/tasks.c **** 		/* Task names will be truncated to configMAX_TASK_NAME_LEN - 1 bytes. */
2446:Middlewares/Third_Party/FreeRTOS/Source/tasks.c **** 		configASSERT( strlen( pcNameToQuery ) < configMAX_TASK_NAME_LEN );
2447:Middlewares/Third_Party/FreeRTOS/Source/tasks.c **** 
2448:Middlewares/Third_Party/FreeRTOS/Source/tasks.c **** 		vTaskSuspendAll();
2449:Middlewares/Third_Party/FreeRTOS/Source/tasks.c **** 		{
2450:Middlewares/Third_Party/FreeRTOS/Source/tasks.c **** 			/* Search the ready lists. */
2451:Middlewares/Third_Party/FreeRTOS/Source/tasks.c **** 			do
2452:Middlewares/Third_Party/FreeRTOS/Source/tasks.c **** 			{
2453:Middlewares/Third_Party/FreeRTOS/Source/tasks.c **** 				uxQueue--;
2454:Middlewares/Third_Party/FreeRTOS/Source/tasks.c **** 				pxTCB = prvSearchForNameWithinSingleList( ( List_t * ) &( pxReadyTasksLists[ uxQueue ] ), pcNam
2455:Middlewares/Third_Party/FreeRTOS/Source/tasks.c **** 
2456:Middlewares/Third_Party/FreeRTOS/Source/tasks.c **** 				if( pxTCB != NULL )
2457:Middlewares/Third_Party/FreeRTOS/Source/tasks.c **** 				{
2458:Middlewares/Third_Party/FreeRTOS/Source/tasks.c **** 					/* Found the handle. */
2459:Middlewares/Third_Party/FreeRTOS/Source/tasks.c **** 					break;
2460:Middlewares/Third_Party/FreeRTOS/Source/tasks.c **** 				}
2461:Middlewares/Third_Party/FreeRTOS/Source/tasks.c **** 
2462:Middlewares/Third_Party/FreeRTOS/Source/tasks.c **** 			} while( uxQueue > ( UBaseType_t ) tskIDLE_PRIORITY ); /*lint !e961 MISRA exception as the casts
2463:Middlewares/Third_Party/FreeRTOS/Source/tasks.c **** 
2464:Middlewares/Third_Party/FreeRTOS/Source/tasks.c **** 			/* Search the delayed lists. */
2465:Middlewares/Third_Party/FreeRTOS/Source/tasks.c **** 			if( pxTCB == NULL )
2466:Middlewares/Third_Party/FreeRTOS/Source/tasks.c **** 			{
2467:Middlewares/Third_Party/FreeRTOS/Source/tasks.c **** 				pxTCB = prvSearchForNameWithinSingleList( ( List_t * ) pxDelayedTaskList, pcNameToQuery );
ARM GAS  /tmp/ccbSDz7D.s 			page 50


2468:Middlewares/Third_Party/FreeRTOS/Source/tasks.c **** 			}
2469:Middlewares/Third_Party/FreeRTOS/Source/tasks.c **** 
2470:Middlewares/Third_Party/FreeRTOS/Source/tasks.c **** 			if( pxTCB == NULL )
2471:Middlewares/Third_Party/FreeRTOS/Source/tasks.c **** 			{
2472:Middlewares/Third_Party/FreeRTOS/Source/tasks.c **** 				pxTCB = prvSearchForNameWithinSingleList( ( List_t * ) pxOverflowDelayedTaskList, pcNameToQuery
2473:Middlewares/Third_Party/FreeRTOS/Source/tasks.c **** 			}
2474:Middlewares/Third_Party/FreeRTOS/Source/tasks.c **** 
2475:Middlewares/Third_Party/FreeRTOS/Source/tasks.c **** 			#if ( INCLUDE_vTaskSuspend == 1 )
2476:Middlewares/Third_Party/FreeRTOS/Source/tasks.c **** 			{
2477:Middlewares/Third_Party/FreeRTOS/Source/tasks.c **** 				if( pxTCB == NULL )
2478:Middlewares/Third_Party/FreeRTOS/Source/tasks.c **** 				{
2479:Middlewares/Third_Party/FreeRTOS/Source/tasks.c **** 					/* Search the suspended list. */
2480:Middlewares/Third_Party/FreeRTOS/Source/tasks.c **** 					pxTCB = prvSearchForNameWithinSingleList( &xSuspendedTaskList, pcNameToQuery );
2481:Middlewares/Third_Party/FreeRTOS/Source/tasks.c **** 				}
2482:Middlewares/Third_Party/FreeRTOS/Source/tasks.c **** 			}
2483:Middlewares/Third_Party/FreeRTOS/Source/tasks.c **** 			#endif
2484:Middlewares/Third_Party/FreeRTOS/Source/tasks.c **** 
2485:Middlewares/Third_Party/FreeRTOS/Source/tasks.c **** 			#if( INCLUDE_vTaskDelete == 1 )
2486:Middlewares/Third_Party/FreeRTOS/Source/tasks.c **** 			{
2487:Middlewares/Third_Party/FreeRTOS/Source/tasks.c **** 				if( pxTCB == NULL )
2488:Middlewares/Third_Party/FreeRTOS/Source/tasks.c **** 				{
2489:Middlewares/Third_Party/FreeRTOS/Source/tasks.c **** 					/* Search the deleted list. */
2490:Middlewares/Third_Party/FreeRTOS/Source/tasks.c **** 					pxTCB = prvSearchForNameWithinSingleList( &xTasksWaitingTermination, pcNameToQuery );
2491:Middlewares/Third_Party/FreeRTOS/Source/tasks.c **** 				}
2492:Middlewares/Third_Party/FreeRTOS/Source/tasks.c **** 			}
2493:Middlewares/Third_Party/FreeRTOS/Source/tasks.c **** 			#endif
2494:Middlewares/Third_Party/FreeRTOS/Source/tasks.c **** 		}
2495:Middlewares/Third_Party/FreeRTOS/Source/tasks.c **** 		( void ) xTaskResumeAll();
2496:Middlewares/Third_Party/FreeRTOS/Source/tasks.c **** 
2497:Middlewares/Third_Party/FreeRTOS/Source/tasks.c **** 		return pxTCB;
2498:Middlewares/Third_Party/FreeRTOS/Source/tasks.c **** 	}
2499:Middlewares/Third_Party/FreeRTOS/Source/tasks.c **** 
2500:Middlewares/Third_Party/FreeRTOS/Source/tasks.c **** #endif /* INCLUDE_xTaskGetHandle */
2501:Middlewares/Third_Party/FreeRTOS/Source/tasks.c **** /*-----------------------------------------------------------*/
2502:Middlewares/Third_Party/FreeRTOS/Source/tasks.c **** 
2503:Middlewares/Third_Party/FreeRTOS/Source/tasks.c **** #if ( configUSE_TRACE_FACILITY == 1 )
2504:Middlewares/Third_Party/FreeRTOS/Source/tasks.c **** 
2505:Middlewares/Third_Party/FreeRTOS/Source/tasks.c **** 	UBaseType_t uxTaskGetSystemState( TaskStatus_t * const pxTaskStatusArray, const UBaseType_t uxArra
2506:Middlewares/Third_Party/FreeRTOS/Source/tasks.c **** 	{
2507:Middlewares/Third_Party/FreeRTOS/Source/tasks.c **** 	UBaseType_t uxTask = 0, uxQueue = configMAX_PRIORITIES;
2508:Middlewares/Third_Party/FreeRTOS/Source/tasks.c **** 
2509:Middlewares/Third_Party/FreeRTOS/Source/tasks.c **** 		vTaskSuspendAll();
2510:Middlewares/Third_Party/FreeRTOS/Source/tasks.c **** 		{
2511:Middlewares/Third_Party/FreeRTOS/Source/tasks.c **** 			/* Is there a space in the array for each task in the system? */
2512:Middlewares/Third_Party/FreeRTOS/Source/tasks.c **** 			if( uxArraySize >= uxCurrentNumberOfTasks )
2513:Middlewares/Third_Party/FreeRTOS/Source/tasks.c **** 			{
2514:Middlewares/Third_Party/FreeRTOS/Source/tasks.c **** 				/* Fill in an TaskStatus_t structure with information on each
2515:Middlewares/Third_Party/FreeRTOS/Source/tasks.c **** 				task in the Ready state. */
2516:Middlewares/Third_Party/FreeRTOS/Source/tasks.c **** 				do
2517:Middlewares/Third_Party/FreeRTOS/Source/tasks.c **** 				{
2518:Middlewares/Third_Party/FreeRTOS/Source/tasks.c **** 					uxQueue--;
2519:Middlewares/Third_Party/FreeRTOS/Source/tasks.c **** 					uxTask += prvListTasksWithinSingleList( &( pxTaskStatusArray[ uxTask ] ), &( pxReadyTasksLists
2520:Middlewares/Third_Party/FreeRTOS/Source/tasks.c **** 
2521:Middlewares/Third_Party/FreeRTOS/Source/tasks.c **** 				} while( uxQueue > ( UBaseType_t ) tskIDLE_PRIORITY ); /*lint !e961 MISRA exception as the cast
2522:Middlewares/Third_Party/FreeRTOS/Source/tasks.c **** 
2523:Middlewares/Third_Party/FreeRTOS/Source/tasks.c **** 				/* Fill in an TaskStatus_t structure with information on each
2524:Middlewares/Third_Party/FreeRTOS/Source/tasks.c **** 				task in the Blocked state. */
ARM GAS  /tmp/ccbSDz7D.s 			page 51


2525:Middlewares/Third_Party/FreeRTOS/Source/tasks.c **** 				uxTask += prvListTasksWithinSingleList( &( pxTaskStatusArray[ uxTask ] ), ( List_t * ) pxDelaye
2526:Middlewares/Third_Party/FreeRTOS/Source/tasks.c **** 				uxTask += prvListTasksWithinSingleList( &( pxTaskStatusArray[ uxTask ] ), ( List_t * ) pxOverfl
2527:Middlewares/Third_Party/FreeRTOS/Source/tasks.c **** 
2528:Middlewares/Third_Party/FreeRTOS/Source/tasks.c **** 				#if( INCLUDE_vTaskDelete == 1 )
2529:Middlewares/Third_Party/FreeRTOS/Source/tasks.c **** 				{
2530:Middlewares/Third_Party/FreeRTOS/Source/tasks.c **** 					/* Fill in an TaskStatus_t structure with information on
2531:Middlewares/Third_Party/FreeRTOS/Source/tasks.c **** 					each task that has been deleted but not yet cleaned up. */
2532:Middlewares/Third_Party/FreeRTOS/Source/tasks.c **** 					uxTask += prvListTasksWithinSingleList( &( pxTaskStatusArray[ uxTask ] ), &xTasksWaitingTermin
2533:Middlewares/Third_Party/FreeRTOS/Source/tasks.c **** 				}
2534:Middlewares/Third_Party/FreeRTOS/Source/tasks.c **** 				#endif
2535:Middlewares/Third_Party/FreeRTOS/Source/tasks.c **** 
2536:Middlewares/Third_Party/FreeRTOS/Source/tasks.c **** 				#if ( INCLUDE_vTaskSuspend == 1 )
2537:Middlewares/Third_Party/FreeRTOS/Source/tasks.c **** 				{
2538:Middlewares/Third_Party/FreeRTOS/Source/tasks.c **** 					/* Fill in an TaskStatus_t structure with information on
2539:Middlewares/Third_Party/FreeRTOS/Source/tasks.c **** 					each task in the Suspended state. */
2540:Middlewares/Third_Party/FreeRTOS/Source/tasks.c **** 					uxTask += prvListTasksWithinSingleList( &( pxTaskStatusArray[ uxTask ] ), &xSuspendedTaskList,
2541:Middlewares/Third_Party/FreeRTOS/Source/tasks.c **** 				}
2542:Middlewares/Third_Party/FreeRTOS/Source/tasks.c **** 				#endif
2543:Middlewares/Third_Party/FreeRTOS/Source/tasks.c **** 
2544:Middlewares/Third_Party/FreeRTOS/Source/tasks.c **** 				#if ( configGENERATE_RUN_TIME_STATS == 1)
2545:Middlewares/Third_Party/FreeRTOS/Source/tasks.c **** 				{
2546:Middlewares/Third_Party/FreeRTOS/Source/tasks.c **** 					if( pulTotalRunTime != NULL )
2547:Middlewares/Third_Party/FreeRTOS/Source/tasks.c **** 					{
2548:Middlewares/Third_Party/FreeRTOS/Source/tasks.c **** 						#ifdef portALT_GET_RUN_TIME_COUNTER_VALUE
2549:Middlewares/Third_Party/FreeRTOS/Source/tasks.c **** 							portALT_GET_RUN_TIME_COUNTER_VALUE( ( *pulTotalRunTime ) );
2550:Middlewares/Third_Party/FreeRTOS/Source/tasks.c **** 						#else
2551:Middlewares/Third_Party/FreeRTOS/Source/tasks.c **** 							*pulTotalRunTime = portGET_RUN_TIME_COUNTER_VALUE();
2552:Middlewares/Third_Party/FreeRTOS/Source/tasks.c **** 						#endif
2553:Middlewares/Third_Party/FreeRTOS/Source/tasks.c **** 					}
2554:Middlewares/Third_Party/FreeRTOS/Source/tasks.c **** 				}
2555:Middlewares/Third_Party/FreeRTOS/Source/tasks.c **** 				#else
2556:Middlewares/Third_Party/FreeRTOS/Source/tasks.c **** 				{
2557:Middlewares/Third_Party/FreeRTOS/Source/tasks.c **** 					if( pulTotalRunTime != NULL )
2558:Middlewares/Third_Party/FreeRTOS/Source/tasks.c **** 					{
2559:Middlewares/Third_Party/FreeRTOS/Source/tasks.c **** 						*pulTotalRunTime = 0;
2560:Middlewares/Third_Party/FreeRTOS/Source/tasks.c **** 					}
2561:Middlewares/Third_Party/FreeRTOS/Source/tasks.c **** 				}
2562:Middlewares/Third_Party/FreeRTOS/Source/tasks.c **** 				#endif
2563:Middlewares/Third_Party/FreeRTOS/Source/tasks.c **** 			}
2564:Middlewares/Third_Party/FreeRTOS/Source/tasks.c **** 			else
2565:Middlewares/Third_Party/FreeRTOS/Source/tasks.c **** 			{
2566:Middlewares/Third_Party/FreeRTOS/Source/tasks.c **** 				mtCOVERAGE_TEST_MARKER();
2567:Middlewares/Third_Party/FreeRTOS/Source/tasks.c **** 			}
2568:Middlewares/Third_Party/FreeRTOS/Source/tasks.c **** 		}
2569:Middlewares/Third_Party/FreeRTOS/Source/tasks.c **** 		( void ) xTaskResumeAll();
2570:Middlewares/Third_Party/FreeRTOS/Source/tasks.c **** 
2571:Middlewares/Third_Party/FreeRTOS/Source/tasks.c **** 		return uxTask;
2572:Middlewares/Third_Party/FreeRTOS/Source/tasks.c **** 	}
2573:Middlewares/Third_Party/FreeRTOS/Source/tasks.c **** 
2574:Middlewares/Third_Party/FreeRTOS/Source/tasks.c **** #endif /* configUSE_TRACE_FACILITY */
2575:Middlewares/Third_Party/FreeRTOS/Source/tasks.c **** /*----------------------------------------------------------*/
2576:Middlewares/Third_Party/FreeRTOS/Source/tasks.c **** 
2577:Middlewares/Third_Party/FreeRTOS/Source/tasks.c **** #if ( INCLUDE_xTaskGetIdleTaskHandle == 1 )
2578:Middlewares/Third_Party/FreeRTOS/Source/tasks.c **** 
2579:Middlewares/Third_Party/FreeRTOS/Source/tasks.c **** 	TaskHandle_t xTaskGetIdleTaskHandle( void )
2580:Middlewares/Third_Party/FreeRTOS/Source/tasks.c **** 	{
2581:Middlewares/Third_Party/FreeRTOS/Source/tasks.c **** 		/* If xTaskGetIdleTaskHandle() is called before the scheduler has been
ARM GAS  /tmp/ccbSDz7D.s 			page 52


2582:Middlewares/Third_Party/FreeRTOS/Source/tasks.c **** 		started, then xIdleTaskHandle will be NULL. */
2583:Middlewares/Third_Party/FreeRTOS/Source/tasks.c **** 		configASSERT( ( xIdleTaskHandle != NULL ) );
2584:Middlewares/Third_Party/FreeRTOS/Source/tasks.c **** 		return xIdleTaskHandle;
2585:Middlewares/Third_Party/FreeRTOS/Source/tasks.c **** 	}
2586:Middlewares/Third_Party/FreeRTOS/Source/tasks.c **** 
2587:Middlewares/Third_Party/FreeRTOS/Source/tasks.c **** #endif /* INCLUDE_xTaskGetIdleTaskHandle */
2588:Middlewares/Third_Party/FreeRTOS/Source/tasks.c **** /*----------------------------------------------------------*/
2589:Middlewares/Third_Party/FreeRTOS/Source/tasks.c **** 
2590:Middlewares/Third_Party/FreeRTOS/Source/tasks.c **** /* This conditional compilation should use inequality to 0, not equality to 1.
2591:Middlewares/Third_Party/FreeRTOS/Source/tasks.c **** This is to ensure vTaskStepTick() is available when user defined low power mode
2592:Middlewares/Third_Party/FreeRTOS/Source/tasks.c **** implementations require configUSE_TICKLESS_IDLE to be set to a value other than
2593:Middlewares/Third_Party/FreeRTOS/Source/tasks.c **** 1. */
2594:Middlewares/Third_Party/FreeRTOS/Source/tasks.c **** #if ( configUSE_TICKLESS_IDLE != 0 )
2595:Middlewares/Third_Party/FreeRTOS/Source/tasks.c **** 
2596:Middlewares/Third_Party/FreeRTOS/Source/tasks.c **** 	void vTaskStepTick( const TickType_t xTicksToJump )
2597:Middlewares/Third_Party/FreeRTOS/Source/tasks.c **** 	{
2598:Middlewares/Third_Party/FreeRTOS/Source/tasks.c **** 		/* Correct the tick count value after a period during which the tick
2599:Middlewares/Third_Party/FreeRTOS/Source/tasks.c **** 		was suppressed.  Note this does *not* call the tick hook function for
2600:Middlewares/Third_Party/FreeRTOS/Source/tasks.c **** 		each stepped tick. */
2601:Middlewares/Third_Party/FreeRTOS/Source/tasks.c **** 		configASSERT( ( xTickCount + xTicksToJump ) <= xNextTaskUnblockTime );
2602:Middlewares/Third_Party/FreeRTOS/Source/tasks.c **** 		xTickCount += xTicksToJump;
2603:Middlewares/Third_Party/FreeRTOS/Source/tasks.c **** 		traceINCREASE_TICK_COUNT( xTicksToJump );
2604:Middlewares/Third_Party/FreeRTOS/Source/tasks.c **** 	}
2605:Middlewares/Third_Party/FreeRTOS/Source/tasks.c **** 
2606:Middlewares/Third_Party/FreeRTOS/Source/tasks.c **** #endif /* configUSE_TICKLESS_IDLE */
2607:Middlewares/Third_Party/FreeRTOS/Source/tasks.c **** /*----------------------------------------------------------*/
2608:Middlewares/Third_Party/FreeRTOS/Source/tasks.c **** 
2609:Middlewares/Third_Party/FreeRTOS/Source/tasks.c **** BaseType_t xTaskCatchUpTicks( TickType_t xTicksToCatchUp )
2610:Middlewares/Third_Party/FreeRTOS/Source/tasks.c **** {
2611:Middlewares/Third_Party/FreeRTOS/Source/tasks.c **** BaseType_t xYieldRequired = pdFALSE;
2612:Middlewares/Third_Party/FreeRTOS/Source/tasks.c **** 
2613:Middlewares/Third_Party/FreeRTOS/Source/tasks.c **** 	/* Must not be called with the scheduler suspended as the implementation
2614:Middlewares/Third_Party/FreeRTOS/Source/tasks.c **** 	relies on xPendedTicks being wound down to 0 in xTaskResumeAll(). */
2615:Middlewares/Third_Party/FreeRTOS/Source/tasks.c **** 	configASSERT( uxSchedulerSuspended == 0 );
2616:Middlewares/Third_Party/FreeRTOS/Source/tasks.c **** 
2617:Middlewares/Third_Party/FreeRTOS/Source/tasks.c **** 	/* Use xPendedTicks to mimic xTicksToCatchUp number of ticks occurring when
2618:Middlewares/Third_Party/FreeRTOS/Source/tasks.c **** 	the scheduler is suspended so the ticks are executed in xTaskResumeAll(). */
2619:Middlewares/Third_Party/FreeRTOS/Source/tasks.c **** 	vTaskSuspendAll();
2620:Middlewares/Third_Party/FreeRTOS/Source/tasks.c **** 	xPendedTicks += xTicksToCatchUp;
2621:Middlewares/Third_Party/FreeRTOS/Source/tasks.c **** 	xYieldRequired = xTaskResumeAll();
2622:Middlewares/Third_Party/FreeRTOS/Source/tasks.c **** 
2623:Middlewares/Third_Party/FreeRTOS/Source/tasks.c **** 	return xYieldRequired;
2624:Middlewares/Third_Party/FreeRTOS/Source/tasks.c **** }
2625:Middlewares/Third_Party/FreeRTOS/Source/tasks.c **** /*----------------------------------------------------------*/
2626:Middlewares/Third_Party/FreeRTOS/Source/tasks.c **** 
2627:Middlewares/Third_Party/FreeRTOS/Source/tasks.c **** #if ( INCLUDE_xTaskAbortDelay == 1 )
2628:Middlewares/Third_Party/FreeRTOS/Source/tasks.c **** 
2629:Middlewares/Third_Party/FreeRTOS/Source/tasks.c **** 	BaseType_t xTaskAbortDelay( TaskHandle_t xTask )
2630:Middlewares/Third_Party/FreeRTOS/Source/tasks.c **** 	{
2631:Middlewares/Third_Party/FreeRTOS/Source/tasks.c **** 	TCB_t *pxTCB = xTask;
2632:Middlewares/Third_Party/FreeRTOS/Source/tasks.c **** 	BaseType_t xReturn;
2633:Middlewares/Third_Party/FreeRTOS/Source/tasks.c **** 
2634:Middlewares/Third_Party/FreeRTOS/Source/tasks.c **** 		configASSERT( pxTCB );
2635:Middlewares/Third_Party/FreeRTOS/Source/tasks.c **** 
2636:Middlewares/Third_Party/FreeRTOS/Source/tasks.c **** 		vTaskSuspendAll();
2637:Middlewares/Third_Party/FreeRTOS/Source/tasks.c **** 		{
2638:Middlewares/Third_Party/FreeRTOS/Source/tasks.c **** 			/* A task can only be prematurely removed from the Blocked state if
ARM GAS  /tmp/ccbSDz7D.s 			page 53


2639:Middlewares/Third_Party/FreeRTOS/Source/tasks.c **** 			it is actually in the Blocked state. */
2640:Middlewares/Third_Party/FreeRTOS/Source/tasks.c **** 			if( eTaskGetState( xTask ) == eBlocked )
2641:Middlewares/Third_Party/FreeRTOS/Source/tasks.c **** 			{
2642:Middlewares/Third_Party/FreeRTOS/Source/tasks.c **** 				xReturn = pdPASS;
2643:Middlewares/Third_Party/FreeRTOS/Source/tasks.c **** 
2644:Middlewares/Third_Party/FreeRTOS/Source/tasks.c **** 				/* Remove the reference to the task from the blocked list.  An
2645:Middlewares/Third_Party/FreeRTOS/Source/tasks.c **** 				interrupt won't touch the xStateListItem because the
2646:Middlewares/Third_Party/FreeRTOS/Source/tasks.c **** 				scheduler is suspended. */
2647:Middlewares/Third_Party/FreeRTOS/Source/tasks.c **** 				( void ) uxListRemove( &( pxTCB->xStateListItem ) );
2648:Middlewares/Third_Party/FreeRTOS/Source/tasks.c **** 
2649:Middlewares/Third_Party/FreeRTOS/Source/tasks.c **** 				/* Is the task waiting on an event also?  If so remove it from
2650:Middlewares/Third_Party/FreeRTOS/Source/tasks.c **** 				the event list too.  Interrupts can touch the event list item,
2651:Middlewares/Third_Party/FreeRTOS/Source/tasks.c **** 				even though the scheduler is suspended, so a critical section
2652:Middlewares/Third_Party/FreeRTOS/Source/tasks.c **** 				is used. */
2653:Middlewares/Third_Party/FreeRTOS/Source/tasks.c **** 				taskENTER_CRITICAL();
2654:Middlewares/Third_Party/FreeRTOS/Source/tasks.c **** 				{
2655:Middlewares/Third_Party/FreeRTOS/Source/tasks.c **** 					if( listLIST_ITEM_CONTAINER( &( pxTCB->xEventListItem ) ) != NULL )
2656:Middlewares/Third_Party/FreeRTOS/Source/tasks.c **** 					{
2657:Middlewares/Third_Party/FreeRTOS/Source/tasks.c **** 						( void ) uxListRemove( &( pxTCB->xEventListItem ) );
2658:Middlewares/Third_Party/FreeRTOS/Source/tasks.c **** 
2659:Middlewares/Third_Party/FreeRTOS/Source/tasks.c **** 						/* This lets the task know it was forcibly removed from the
2660:Middlewares/Third_Party/FreeRTOS/Source/tasks.c **** 						blocked state so it should not re-evaluate its block time and
2661:Middlewares/Third_Party/FreeRTOS/Source/tasks.c **** 						then block again. */
2662:Middlewares/Third_Party/FreeRTOS/Source/tasks.c **** 						pxTCB->ucDelayAborted = pdTRUE;
2663:Middlewares/Third_Party/FreeRTOS/Source/tasks.c **** 					}
2664:Middlewares/Third_Party/FreeRTOS/Source/tasks.c **** 					else
2665:Middlewares/Third_Party/FreeRTOS/Source/tasks.c **** 					{
2666:Middlewares/Third_Party/FreeRTOS/Source/tasks.c **** 						mtCOVERAGE_TEST_MARKER();
2667:Middlewares/Third_Party/FreeRTOS/Source/tasks.c **** 					}
2668:Middlewares/Third_Party/FreeRTOS/Source/tasks.c **** 				}
2669:Middlewares/Third_Party/FreeRTOS/Source/tasks.c **** 				taskEXIT_CRITICAL();
2670:Middlewares/Third_Party/FreeRTOS/Source/tasks.c **** 
2671:Middlewares/Third_Party/FreeRTOS/Source/tasks.c **** 				/* Place the unblocked task into the appropriate ready list. */
2672:Middlewares/Third_Party/FreeRTOS/Source/tasks.c **** 				prvAddTaskToReadyList( pxTCB );
2673:Middlewares/Third_Party/FreeRTOS/Source/tasks.c **** 
2674:Middlewares/Third_Party/FreeRTOS/Source/tasks.c **** 				/* A task being unblocked cannot cause an immediate context
2675:Middlewares/Third_Party/FreeRTOS/Source/tasks.c **** 				switch if preemption is turned off. */
2676:Middlewares/Third_Party/FreeRTOS/Source/tasks.c **** 				#if (  configUSE_PREEMPTION == 1 )
2677:Middlewares/Third_Party/FreeRTOS/Source/tasks.c **** 				{
2678:Middlewares/Third_Party/FreeRTOS/Source/tasks.c **** 					/* Preemption is on, but a context switch should only be
2679:Middlewares/Third_Party/FreeRTOS/Source/tasks.c **** 					performed if the unblocked task has a priority that is
2680:Middlewares/Third_Party/FreeRTOS/Source/tasks.c **** 					equal to or higher than the currently executing task. */
2681:Middlewares/Third_Party/FreeRTOS/Source/tasks.c **** 					if( pxTCB->uxPriority > pxCurrentTCB->uxPriority )
2682:Middlewares/Third_Party/FreeRTOS/Source/tasks.c **** 					{
2683:Middlewares/Third_Party/FreeRTOS/Source/tasks.c **** 						/* Pend the yield to be performed when the scheduler
2684:Middlewares/Third_Party/FreeRTOS/Source/tasks.c **** 						is unsuspended. */
2685:Middlewares/Third_Party/FreeRTOS/Source/tasks.c **** 						xYieldPending = pdTRUE;
2686:Middlewares/Third_Party/FreeRTOS/Source/tasks.c **** 					}
2687:Middlewares/Third_Party/FreeRTOS/Source/tasks.c **** 					else
2688:Middlewares/Third_Party/FreeRTOS/Source/tasks.c **** 					{
2689:Middlewares/Third_Party/FreeRTOS/Source/tasks.c **** 						mtCOVERAGE_TEST_MARKER();
2690:Middlewares/Third_Party/FreeRTOS/Source/tasks.c **** 					}
2691:Middlewares/Third_Party/FreeRTOS/Source/tasks.c **** 				}
2692:Middlewares/Third_Party/FreeRTOS/Source/tasks.c **** 				#endif /* configUSE_PREEMPTION */
2693:Middlewares/Third_Party/FreeRTOS/Source/tasks.c **** 			}
2694:Middlewares/Third_Party/FreeRTOS/Source/tasks.c **** 			else
2695:Middlewares/Third_Party/FreeRTOS/Source/tasks.c **** 			{
ARM GAS  /tmp/ccbSDz7D.s 			page 54


2696:Middlewares/Third_Party/FreeRTOS/Source/tasks.c **** 				xReturn = pdFAIL;
2697:Middlewares/Third_Party/FreeRTOS/Source/tasks.c **** 			}
2698:Middlewares/Third_Party/FreeRTOS/Source/tasks.c **** 		}
2699:Middlewares/Third_Party/FreeRTOS/Source/tasks.c **** 		( void ) xTaskResumeAll();
2700:Middlewares/Third_Party/FreeRTOS/Source/tasks.c **** 
2701:Middlewares/Third_Party/FreeRTOS/Source/tasks.c **** 		return xReturn;
2702:Middlewares/Third_Party/FreeRTOS/Source/tasks.c **** 	}
2703:Middlewares/Third_Party/FreeRTOS/Source/tasks.c **** 
2704:Middlewares/Third_Party/FreeRTOS/Source/tasks.c **** #endif /* INCLUDE_xTaskAbortDelay */
2705:Middlewares/Third_Party/FreeRTOS/Source/tasks.c **** /*----------------------------------------------------------*/
2706:Middlewares/Third_Party/FreeRTOS/Source/tasks.c **** 
2707:Middlewares/Third_Party/FreeRTOS/Source/tasks.c **** BaseType_t xTaskIncrementTick( void )
2708:Middlewares/Third_Party/FreeRTOS/Source/tasks.c **** {
2709:Middlewares/Third_Party/FreeRTOS/Source/tasks.c **** TCB_t * pxTCB;
2710:Middlewares/Third_Party/FreeRTOS/Source/tasks.c **** TickType_t xItemValue;
2711:Middlewares/Third_Party/FreeRTOS/Source/tasks.c **** BaseType_t xSwitchRequired = pdFALSE;
2712:Middlewares/Third_Party/FreeRTOS/Source/tasks.c **** 
2713:Middlewares/Third_Party/FreeRTOS/Source/tasks.c **** 	/* Called by the portable layer each time a tick interrupt occurs.
2714:Middlewares/Third_Party/FreeRTOS/Source/tasks.c **** 	Increments the tick then checks to see if the new tick value will cause any
2715:Middlewares/Third_Party/FreeRTOS/Source/tasks.c **** 	tasks to be unblocked. */
2716:Middlewares/Third_Party/FreeRTOS/Source/tasks.c **** 	traceTASK_INCREMENT_TICK( xTickCount );
2717:Middlewares/Third_Party/FreeRTOS/Source/tasks.c **** 	if( uxSchedulerSuspended == ( UBaseType_t ) pdFALSE )
2718:Middlewares/Third_Party/FreeRTOS/Source/tasks.c **** 	{
2719:Middlewares/Third_Party/FreeRTOS/Source/tasks.c **** 		/* Minor optimisation.  The tick count cannot change in this
2720:Middlewares/Third_Party/FreeRTOS/Source/tasks.c **** 		block. */
2721:Middlewares/Third_Party/FreeRTOS/Source/tasks.c **** 		const TickType_t xConstTickCount = xTickCount + ( TickType_t ) 1;
2722:Middlewares/Third_Party/FreeRTOS/Source/tasks.c **** 
2723:Middlewares/Third_Party/FreeRTOS/Source/tasks.c **** 		/* Increment the RTOS tick, switching the delayed and overflowed
2724:Middlewares/Third_Party/FreeRTOS/Source/tasks.c **** 		delayed lists if it wraps to 0. */
2725:Middlewares/Third_Party/FreeRTOS/Source/tasks.c **** 		xTickCount = xConstTickCount;
2726:Middlewares/Third_Party/FreeRTOS/Source/tasks.c **** 
2727:Middlewares/Third_Party/FreeRTOS/Source/tasks.c **** 		if( xConstTickCount == ( TickType_t ) 0U ) /*lint !e774 'if' does not always evaluate to false as
2728:Middlewares/Third_Party/FreeRTOS/Source/tasks.c **** 		{
2729:Middlewares/Third_Party/FreeRTOS/Source/tasks.c **** 			taskSWITCH_DELAYED_LISTS();
2730:Middlewares/Third_Party/FreeRTOS/Source/tasks.c **** 		}
2731:Middlewares/Third_Party/FreeRTOS/Source/tasks.c **** 		else
2732:Middlewares/Third_Party/FreeRTOS/Source/tasks.c **** 		{
2733:Middlewares/Third_Party/FreeRTOS/Source/tasks.c **** 			mtCOVERAGE_TEST_MARKER();
2734:Middlewares/Third_Party/FreeRTOS/Source/tasks.c **** 		}
2735:Middlewares/Third_Party/FreeRTOS/Source/tasks.c **** 
2736:Middlewares/Third_Party/FreeRTOS/Source/tasks.c **** 		/* See if this tick has made a timeout expire.  Tasks are stored in
2737:Middlewares/Third_Party/FreeRTOS/Source/tasks.c **** 		the	queue in the order of their wake time - meaning once one task
2738:Middlewares/Third_Party/FreeRTOS/Source/tasks.c **** 		has been found whose block time has not expired there is no need to
2739:Middlewares/Third_Party/FreeRTOS/Source/tasks.c **** 		look any further down the list. */
2740:Middlewares/Third_Party/FreeRTOS/Source/tasks.c **** 		if( xConstTickCount >= xNextTaskUnblockTime )
2741:Middlewares/Third_Party/FreeRTOS/Source/tasks.c **** 		{
2742:Middlewares/Third_Party/FreeRTOS/Source/tasks.c **** 			for( ;; )
2743:Middlewares/Third_Party/FreeRTOS/Source/tasks.c **** 			{
2744:Middlewares/Third_Party/FreeRTOS/Source/tasks.c **** 				if( listLIST_IS_EMPTY( pxDelayedTaskList ) != pdFALSE )
2745:Middlewares/Third_Party/FreeRTOS/Source/tasks.c **** 				{
2746:Middlewares/Third_Party/FreeRTOS/Source/tasks.c **** 					/* The delayed list is empty.  Set xNextTaskUnblockTime
2747:Middlewares/Third_Party/FreeRTOS/Source/tasks.c **** 					to the maximum possible value so it is extremely
2748:Middlewares/Third_Party/FreeRTOS/Source/tasks.c **** 					unlikely that the
2749:Middlewares/Third_Party/FreeRTOS/Source/tasks.c **** 					if( xTickCount >= xNextTaskUnblockTime ) test will pass
2750:Middlewares/Third_Party/FreeRTOS/Source/tasks.c **** 					next time through. */
2751:Middlewares/Third_Party/FreeRTOS/Source/tasks.c **** 					xNextTaskUnblockTime = portMAX_DELAY; /*lint !e961 MISRA exception as the casts are only redun
2752:Middlewares/Third_Party/FreeRTOS/Source/tasks.c **** 					break;
ARM GAS  /tmp/ccbSDz7D.s 			page 55


2753:Middlewares/Third_Party/FreeRTOS/Source/tasks.c **** 				}
2754:Middlewares/Third_Party/FreeRTOS/Source/tasks.c **** 				else
2755:Middlewares/Third_Party/FreeRTOS/Source/tasks.c **** 				{
2756:Middlewares/Third_Party/FreeRTOS/Source/tasks.c **** 					/* The delayed list is not empty, get the value of the
2757:Middlewares/Third_Party/FreeRTOS/Source/tasks.c **** 					item at the head of the delayed list.  This is the time
2758:Middlewares/Third_Party/FreeRTOS/Source/tasks.c **** 					at which the task at the head of the delayed list must
2759:Middlewares/Third_Party/FreeRTOS/Source/tasks.c **** 					be removed from the Blocked state. */
2760:Middlewares/Third_Party/FreeRTOS/Source/tasks.c **** 					pxTCB = listGET_OWNER_OF_HEAD_ENTRY( pxDelayedTaskList ); /*lint !e9079 void * is used as this
2761:Middlewares/Third_Party/FreeRTOS/Source/tasks.c **** 					xItemValue = listGET_LIST_ITEM_VALUE( &( pxTCB->xStateListItem ) );
2762:Middlewares/Third_Party/FreeRTOS/Source/tasks.c **** 
2763:Middlewares/Third_Party/FreeRTOS/Source/tasks.c **** 					if( xConstTickCount < xItemValue )
2764:Middlewares/Third_Party/FreeRTOS/Source/tasks.c **** 					{
2765:Middlewares/Third_Party/FreeRTOS/Source/tasks.c **** 						/* It is not time to unblock this item yet, but the
2766:Middlewares/Third_Party/FreeRTOS/Source/tasks.c **** 						item value is the time at which the task at the head
2767:Middlewares/Third_Party/FreeRTOS/Source/tasks.c **** 						of the blocked list must be removed from the Blocked
2768:Middlewares/Third_Party/FreeRTOS/Source/tasks.c **** 						state -	so record the item value in
2769:Middlewares/Third_Party/FreeRTOS/Source/tasks.c **** 						xNextTaskUnblockTime. */
2770:Middlewares/Third_Party/FreeRTOS/Source/tasks.c **** 						xNextTaskUnblockTime = xItemValue;
2771:Middlewares/Third_Party/FreeRTOS/Source/tasks.c **** 						break; /*lint !e9011 Code structure here is deedmed easier to understand with multiple breaks
2772:Middlewares/Third_Party/FreeRTOS/Source/tasks.c **** 					}
2773:Middlewares/Third_Party/FreeRTOS/Source/tasks.c **** 					else
2774:Middlewares/Third_Party/FreeRTOS/Source/tasks.c **** 					{
2775:Middlewares/Third_Party/FreeRTOS/Source/tasks.c **** 						mtCOVERAGE_TEST_MARKER();
2776:Middlewares/Third_Party/FreeRTOS/Source/tasks.c **** 					}
2777:Middlewares/Third_Party/FreeRTOS/Source/tasks.c **** 
2778:Middlewares/Third_Party/FreeRTOS/Source/tasks.c **** 					/* It is time to remove the item from the Blocked state. */
2779:Middlewares/Third_Party/FreeRTOS/Source/tasks.c **** 					( void ) uxListRemove( &( pxTCB->xStateListItem ) );
2780:Middlewares/Third_Party/FreeRTOS/Source/tasks.c **** 
2781:Middlewares/Third_Party/FreeRTOS/Source/tasks.c **** 					/* Is the task waiting on an event also?  If so remove
2782:Middlewares/Third_Party/FreeRTOS/Source/tasks.c **** 					it from the event list. */
2783:Middlewares/Third_Party/FreeRTOS/Source/tasks.c **** 					if( listLIST_ITEM_CONTAINER( &( pxTCB->xEventListItem ) ) != NULL )
2784:Middlewares/Third_Party/FreeRTOS/Source/tasks.c **** 					{
2785:Middlewares/Third_Party/FreeRTOS/Source/tasks.c **** 						( void ) uxListRemove( &( pxTCB->xEventListItem ) );
2786:Middlewares/Third_Party/FreeRTOS/Source/tasks.c **** 					}
2787:Middlewares/Third_Party/FreeRTOS/Source/tasks.c **** 					else
2788:Middlewares/Third_Party/FreeRTOS/Source/tasks.c **** 					{
2789:Middlewares/Third_Party/FreeRTOS/Source/tasks.c **** 						mtCOVERAGE_TEST_MARKER();
2790:Middlewares/Third_Party/FreeRTOS/Source/tasks.c **** 					}
2791:Middlewares/Third_Party/FreeRTOS/Source/tasks.c **** 
2792:Middlewares/Third_Party/FreeRTOS/Source/tasks.c **** 					/* Place the unblocked task into the appropriate ready
2793:Middlewares/Third_Party/FreeRTOS/Source/tasks.c **** 					list. */
2794:Middlewares/Third_Party/FreeRTOS/Source/tasks.c **** 					prvAddTaskToReadyList( pxTCB );
2795:Middlewares/Third_Party/FreeRTOS/Source/tasks.c **** 
2796:Middlewares/Third_Party/FreeRTOS/Source/tasks.c **** 					/* A task being unblocked cannot cause an immediate
2797:Middlewares/Third_Party/FreeRTOS/Source/tasks.c **** 					context switch if preemption is turned off. */
2798:Middlewares/Third_Party/FreeRTOS/Source/tasks.c **** 					#if (  configUSE_PREEMPTION == 1 )
2799:Middlewares/Third_Party/FreeRTOS/Source/tasks.c **** 					{
2800:Middlewares/Third_Party/FreeRTOS/Source/tasks.c **** 						/* Preemption is on, but a context switch should
2801:Middlewares/Third_Party/FreeRTOS/Source/tasks.c **** 						only be performed if the unblocked task has a
2802:Middlewares/Third_Party/FreeRTOS/Source/tasks.c **** 						priority that is equal to or higher than the
2803:Middlewares/Third_Party/FreeRTOS/Source/tasks.c **** 						currently executing task. */
2804:Middlewares/Third_Party/FreeRTOS/Source/tasks.c **** 						if( pxTCB->uxPriority >= pxCurrentTCB->uxPriority )
2805:Middlewares/Third_Party/FreeRTOS/Source/tasks.c **** 						{
2806:Middlewares/Third_Party/FreeRTOS/Source/tasks.c **** 							xSwitchRequired = pdTRUE;
2807:Middlewares/Third_Party/FreeRTOS/Source/tasks.c **** 						}
2808:Middlewares/Third_Party/FreeRTOS/Source/tasks.c **** 						else
2809:Middlewares/Third_Party/FreeRTOS/Source/tasks.c **** 						{
ARM GAS  /tmp/ccbSDz7D.s 			page 56


2810:Middlewares/Third_Party/FreeRTOS/Source/tasks.c **** 							mtCOVERAGE_TEST_MARKER();
2811:Middlewares/Third_Party/FreeRTOS/Source/tasks.c **** 						}
2812:Middlewares/Third_Party/FreeRTOS/Source/tasks.c **** 					}
2813:Middlewares/Third_Party/FreeRTOS/Source/tasks.c **** 					#endif /* configUSE_PREEMPTION */
2814:Middlewares/Third_Party/FreeRTOS/Source/tasks.c **** 				}
2815:Middlewares/Third_Party/FreeRTOS/Source/tasks.c **** 			}
2816:Middlewares/Third_Party/FreeRTOS/Source/tasks.c **** 		}
2817:Middlewares/Third_Party/FreeRTOS/Source/tasks.c **** 
2818:Middlewares/Third_Party/FreeRTOS/Source/tasks.c **** 		/* Tasks of equal priority to the currently running task will share
2819:Middlewares/Third_Party/FreeRTOS/Source/tasks.c **** 		processing time (time slice) if preemption is on, and the application
2820:Middlewares/Third_Party/FreeRTOS/Source/tasks.c **** 		writer has not explicitly turned time slicing off. */
2821:Middlewares/Third_Party/FreeRTOS/Source/tasks.c **** 		#if ( ( configUSE_PREEMPTION == 1 ) && ( configUSE_TIME_SLICING == 1 ) )
2822:Middlewares/Third_Party/FreeRTOS/Source/tasks.c **** 		{
2823:Middlewares/Third_Party/FreeRTOS/Source/tasks.c **** 			if( listCURRENT_LIST_LENGTH( &( pxReadyTasksLists[ pxCurrentTCB->uxPriority ] ) ) > ( UBaseType_
2824:Middlewares/Third_Party/FreeRTOS/Source/tasks.c **** 			{
2825:Middlewares/Third_Party/FreeRTOS/Source/tasks.c **** 				xSwitchRequired = pdTRUE;
2826:Middlewares/Third_Party/FreeRTOS/Source/tasks.c **** 			}
2827:Middlewares/Third_Party/FreeRTOS/Source/tasks.c **** 			else
2828:Middlewares/Third_Party/FreeRTOS/Source/tasks.c **** 			{
2829:Middlewares/Third_Party/FreeRTOS/Source/tasks.c **** 				mtCOVERAGE_TEST_MARKER();
2830:Middlewares/Third_Party/FreeRTOS/Source/tasks.c **** 			}
2831:Middlewares/Third_Party/FreeRTOS/Source/tasks.c **** 		}
2832:Middlewares/Third_Party/FreeRTOS/Source/tasks.c **** 		#endif /* ( ( configUSE_PREEMPTION == 1 ) && ( configUSE_TIME_SLICING == 1 ) ) */
2833:Middlewares/Third_Party/FreeRTOS/Source/tasks.c **** 
2834:Middlewares/Third_Party/FreeRTOS/Source/tasks.c **** 		#if ( configUSE_TICK_HOOK == 1 )
2835:Middlewares/Third_Party/FreeRTOS/Source/tasks.c **** 		{
2836:Middlewares/Third_Party/FreeRTOS/Source/tasks.c **** 			/* Guard against the tick hook being called when the pended tick
2837:Middlewares/Third_Party/FreeRTOS/Source/tasks.c **** 			count is being unwound (when the scheduler is being unlocked). */
2838:Middlewares/Third_Party/FreeRTOS/Source/tasks.c **** 			if( xPendedTicks == ( TickType_t ) 0 )
2839:Middlewares/Third_Party/FreeRTOS/Source/tasks.c **** 			{
2840:Middlewares/Third_Party/FreeRTOS/Source/tasks.c **** 				vApplicationTickHook();
2841:Middlewares/Third_Party/FreeRTOS/Source/tasks.c **** 			}
2842:Middlewares/Third_Party/FreeRTOS/Source/tasks.c **** 			else
2843:Middlewares/Third_Party/FreeRTOS/Source/tasks.c **** 			{
2844:Middlewares/Third_Party/FreeRTOS/Source/tasks.c **** 				mtCOVERAGE_TEST_MARKER();
2845:Middlewares/Third_Party/FreeRTOS/Source/tasks.c **** 			}
2846:Middlewares/Third_Party/FreeRTOS/Source/tasks.c **** 		}
2847:Middlewares/Third_Party/FreeRTOS/Source/tasks.c **** 		#endif /* configUSE_TICK_HOOK */
2848:Middlewares/Third_Party/FreeRTOS/Source/tasks.c **** 
2849:Middlewares/Third_Party/FreeRTOS/Source/tasks.c **** 		#if ( configUSE_PREEMPTION == 1 )
2850:Middlewares/Third_Party/FreeRTOS/Source/tasks.c **** 		{
2851:Middlewares/Third_Party/FreeRTOS/Source/tasks.c **** 			if( xYieldPending != pdFALSE )
2852:Middlewares/Third_Party/FreeRTOS/Source/tasks.c **** 			{
2853:Middlewares/Third_Party/FreeRTOS/Source/tasks.c **** 				xSwitchRequired = pdTRUE;
2854:Middlewares/Third_Party/FreeRTOS/Source/tasks.c **** 			}
2855:Middlewares/Third_Party/FreeRTOS/Source/tasks.c **** 			else
2856:Middlewares/Third_Party/FreeRTOS/Source/tasks.c **** 			{
2857:Middlewares/Third_Party/FreeRTOS/Source/tasks.c **** 				mtCOVERAGE_TEST_MARKER();
2858:Middlewares/Third_Party/FreeRTOS/Source/tasks.c **** 			}
2859:Middlewares/Third_Party/FreeRTOS/Source/tasks.c **** 		}
2860:Middlewares/Third_Party/FreeRTOS/Source/tasks.c **** 		#endif /* configUSE_PREEMPTION */
2861:Middlewares/Third_Party/FreeRTOS/Source/tasks.c **** 	}
2862:Middlewares/Third_Party/FreeRTOS/Source/tasks.c **** 	else
2863:Middlewares/Third_Party/FreeRTOS/Source/tasks.c **** 	{
2864:Middlewares/Third_Party/FreeRTOS/Source/tasks.c **** 		++xPendedTicks;
2865:Middlewares/Third_Party/FreeRTOS/Source/tasks.c **** 
2866:Middlewares/Third_Party/FreeRTOS/Source/tasks.c **** 		/* The tick hook gets called at regular intervals, even if the
ARM GAS  /tmp/ccbSDz7D.s 			page 57


2867:Middlewares/Third_Party/FreeRTOS/Source/tasks.c **** 		scheduler is locked. */
2868:Middlewares/Third_Party/FreeRTOS/Source/tasks.c **** 		#if ( configUSE_TICK_HOOK == 1 )
2869:Middlewares/Third_Party/FreeRTOS/Source/tasks.c **** 		{
2870:Middlewares/Third_Party/FreeRTOS/Source/tasks.c **** 			vApplicationTickHook();
2871:Middlewares/Third_Party/FreeRTOS/Source/tasks.c **** 		}
2872:Middlewares/Third_Party/FreeRTOS/Source/tasks.c **** 		#endif
2873:Middlewares/Third_Party/FreeRTOS/Source/tasks.c **** 	}
2874:Middlewares/Third_Party/FreeRTOS/Source/tasks.c **** 
2875:Middlewares/Third_Party/FreeRTOS/Source/tasks.c **** 	return xSwitchRequired;
2876:Middlewares/Third_Party/FreeRTOS/Source/tasks.c **** }
2877:Middlewares/Third_Party/FreeRTOS/Source/tasks.c **** /*-----------------------------------------------------------*/
2878:Middlewares/Third_Party/FreeRTOS/Source/tasks.c **** 
2879:Middlewares/Third_Party/FreeRTOS/Source/tasks.c **** #if ( configUSE_APPLICATION_TASK_TAG == 1 )
2880:Middlewares/Third_Party/FreeRTOS/Source/tasks.c **** 
2881:Middlewares/Third_Party/FreeRTOS/Source/tasks.c **** 	void vTaskSetApplicationTaskTag( TaskHandle_t xTask, TaskHookFunction_t pxHookFunction )
2882:Middlewares/Third_Party/FreeRTOS/Source/tasks.c **** 	{
2883:Middlewares/Third_Party/FreeRTOS/Source/tasks.c **** 	TCB_t *xTCB;
2884:Middlewares/Third_Party/FreeRTOS/Source/tasks.c **** 
2885:Middlewares/Third_Party/FreeRTOS/Source/tasks.c **** 		/* If xTask is NULL then it is the task hook of the calling task that is
2886:Middlewares/Third_Party/FreeRTOS/Source/tasks.c **** 		getting set. */
2887:Middlewares/Third_Party/FreeRTOS/Source/tasks.c **** 		if( xTask == NULL )
2888:Middlewares/Third_Party/FreeRTOS/Source/tasks.c **** 		{
2889:Middlewares/Third_Party/FreeRTOS/Source/tasks.c **** 			xTCB = ( TCB_t * ) pxCurrentTCB;
2890:Middlewares/Third_Party/FreeRTOS/Source/tasks.c **** 		}
2891:Middlewares/Third_Party/FreeRTOS/Source/tasks.c **** 		else
2892:Middlewares/Third_Party/FreeRTOS/Source/tasks.c **** 		{
2893:Middlewares/Third_Party/FreeRTOS/Source/tasks.c **** 			xTCB = xTask;
2894:Middlewares/Third_Party/FreeRTOS/Source/tasks.c **** 		}
2895:Middlewares/Third_Party/FreeRTOS/Source/tasks.c **** 
2896:Middlewares/Third_Party/FreeRTOS/Source/tasks.c **** 		/* Save the hook function in the TCB.  A critical section is required as
2897:Middlewares/Third_Party/FreeRTOS/Source/tasks.c **** 		the value can be accessed from an interrupt. */
2898:Middlewares/Third_Party/FreeRTOS/Source/tasks.c **** 		taskENTER_CRITICAL();
2899:Middlewares/Third_Party/FreeRTOS/Source/tasks.c **** 		{
2900:Middlewares/Third_Party/FreeRTOS/Source/tasks.c **** 			xTCB->pxTaskTag = pxHookFunction;
2901:Middlewares/Third_Party/FreeRTOS/Source/tasks.c **** 		}
2902:Middlewares/Third_Party/FreeRTOS/Source/tasks.c **** 		taskEXIT_CRITICAL();
2903:Middlewares/Third_Party/FreeRTOS/Source/tasks.c **** 	}
2904:Middlewares/Third_Party/FreeRTOS/Source/tasks.c **** 
2905:Middlewares/Third_Party/FreeRTOS/Source/tasks.c **** #endif /* configUSE_APPLICATION_TASK_TAG */
2906:Middlewares/Third_Party/FreeRTOS/Source/tasks.c **** /*-----------------------------------------------------------*/
2907:Middlewares/Third_Party/FreeRTOS/Source/tasks.c **** 
2908:Middlewares/Third_Party/FreeRTOS/Source/tasks.c **** #if ( configUSE_APPLICATION_TASK_TAG == 1 )
2909:Middlewares/Third_Party/FreeRTOS/Source/tasks.c **** 
2910:Middlewares/Third_Party/FreeRTOS/Source/tasks.c **** 	TaskHookFunction_t xTaskGetApplicationTaskTag( TaskHandle_t xTask )
2911:Middlewares/Third_Party/FreeRTOS/Source/tasks.c **** 	{
2912:Middlewares/Third_Party/FreeRTOS/Source/tasks.c **** 	TCB_t *pxTCB;
2913:Middlewares/Third_Party/FreeRTOS/Source/tasks.c **** 	TaskHookFunction_t xReturn;
2914:Middlewares/Third_Party/FreeRTOS/Source/tasks.c **** 
2915:Middlewares/Third_Party/FreeRTOS/Source/tasks.c **** 		/* If xTask is NULL then set the calling task's hook. */
2916:Middlewares/Third_Party/FreeRTOS/Source/tasks.c **** 		pxTCB = prvGetTCBFromHandle( xTask );
2917:Middlewares/Third_Party/FreeRTOS/Source/tasks.c **** 
2918:Middlewares/Third_Party/FreeRTOS/Source/tasks.c **** 		/* Save the hook function in the TCB.  A critical section is required as
2919:Middlewares/Third_Party/FreeRTOS/Source/tasks.c **** 		the value can be accessed from an interrupt. */
2920:Middlewares/Third_Party/FreeRTOS/Source/tasks.c **** 		taskENTER_CRITICAL();
2921:Middlewares/Third_Party/FreeRTOS/Source/tasks.c **** 		{
2922:Middlewares/Third_Party/FreeRTOS/Source/tasks.c **** 			xReturn = pxTCB->pxTaskTag;
2923:Middlewares/Third_Party/FreeRTOS/Source/tasks.c **** 		}
ARM GAS  /tmp/ccbSDz7D.s 			page 58


2924:Middlewares/Third_Party/FreeRTOS/Source/tasks.c **** 		taskEXIT_CRITICAL();
2925:Middlewares/Third_Party/FreeRTOS/Source/tasks.c **** 
2926:Middlewares/Third_Party/FreeRTOS/Source/tasks.c **** 		return xReturn;
2927:Middlewares/Third_Party/FreeRTOS/Source/tasks.c **** 	}
2928:Middlewares/Third_Party/FreeRTOS/Source/tasks.c **** 
2929:Middlewares/Third_Party/FreeRTOS/Source/tasks.c **** #endif /* configUSE_APPLICATION_TASK_TAG */
2930:Middlewares/Third_Party/FreeRTOS/Source/tasks.c **** /*-----------------------------------------------------------*/
2931:Middlewares/Third_Party/FreeRTOS/Source/tasks.c **** 
2932:Middlewares/Third_Party/FreeRTOS/Source/tasks.c **** #if ( configUSE_APPLICATION_TASK_TAG == 1 )
2933:Middlewares/Third_Party/FreeRTOS/Source/tasks.c **** 
2934:Middlewares/Third_Party/FreeRTOS/Source/tasks.c **** 	TaskHookFunction_t xTaskGetApplicationTaskTagFromISR( TaskHandle_t xTask )
2935:Middlewares/Third_Party/FreeRTOS/Source/tasks.c **** 	{
2936:Middlewares/Third_Party/FreeRTOS/Source/tasks.c **** 	TCB_t *pxTCB;
2937:Middlewares/Third_Party/FreeRTOS/Source/tasks.c **** 	TaskHookFunction_t xReturn;
2938:Middlewares/Third_Party/FreeRTOS/Source/tasks.c **** 	UBaseType_t uxSavedInterruptStatus;
2939:Middlewares/Third_Party/FreeRTOS/Source/tasks.c **** 
2940:Middlewares/Third_Party/FreeRTOS/Source/tasks.c **** 		/* If xTask is NULL then set the calling task's hook. */
2941:Middlewares/Third_Party/FreeRTOS/Source/tasks.c **** 		pxTCB = prvGetTCBFromHandle( xTask );
2942:Middlewares/Third_Party/FreeRTOS/Source/tasks.c **** 
2943:Middlewares/Third_Party/FreeRTOS/Source/tasks.c **** 		/* Save the hook function in the TCB.  A critical section is required as
2944:Middlewares/Third_Party/FreeRTOS/Source/tasks.c **** 		the value can be accessed from an interrupt. */
2945:Middlewares/Third_Party/FreeRTOS/Source/tasks.c **** 		uxSavedInterruptStatus = portSET_INTERRUPT_MASK_FROM_ISR();
2946:Middlewares/Third_Party/FreeRTOS/Source/tasks.c **** 		{
2947:Middlewares/Third_Party/FreeRTOS/Source/tasks.c **** 			xReturn = pxTCB->pxTaskTag;
2948:Middlewares/Third_Party/FreeRTOS/Source/tasks.c **** 		}
2949:Middlewares/Third_Party/FreeRTOS/Source/tasks.c **** 		portCLEAR_INTERRUPT_MASK_FROM_ISR( uxSavedInterruptStatus );
2950:Middlewares/Third_Party/FreeRTOS/Source/tasks.c **** 
2951:Middlewares/Third_Party/FreeRTOS/Source/tasks.c **** 		return xReturn;
2952:Middlewares/Third_Party/FreeRTOS/Source/tasks.c **** 	}
2953:Middlewares/Third_Party/FreeRTOS/Source/tasks.c **** 
2954:Middlewares/Third_Party/FreeRTOS/Source/tasks.c **** #endif /* configUSE_APPLICATION_TASK_TAG */
2955:Middlewares/Third_Party/FreeRTOS/Source/tasks.c **** /*-----------------------------------------------------------*/
2956:Middlewares/Third_Party/FreeRTOS/Source/tasks.c **** 
2957:Middlewares/Third_Party/FreeRTOS/Source/tasks.c **** #if ( configUSE_APPLICATION_TASK_TAG == 1 )
2958:Middlewares/Third_Party/FreeRTOS/Source/tasks.c **** 
2959:Middlewares/Third_Party/FreeRTOS/Source/tasks.c **** 	BaseType_t xTaskCallApplicationTaskHook( TaskHandle_t xTask, void *pvParameter )
2960:Middlewares/Third_Party/FreeRTOS/Source/tasks.c **** 	{
2961:Middlewares/Third_Party/FreeRTOS/Source/tasks.c **** 	TCB_t *xTCB;
2962:Middlewares/Third_Party/FreeRTOS/Source/tasks.c **** 	BaseType_t xReturn;
2963:Middlewares/Third_Party/FreeRTOS/Source/tasks.c **** 
2964:Middlewares/Third_Party/FreeRTOS/Source/tasks.c **** 		/* If xTask is NULL then we are calling our own task hook. */
2965:Middlewares/Third_Party/FreeRTOS/Source/tasks.c **** 		if( xTask == NULL )
2966:Middlewares/Third_Party/FreeRTOS/Source/tasks.c **** 		{
2967:Middlewares/Third_Party/FreeRTOS/Source/tasks.c **** 			xTCB = pxCurrentTCB;
2968:Middlewares/Third_Party/FreeRTOS/Source/tasks.c **** 		}
2969:Middlewares/Third_Party/FreeRTOS/Source/tasks.c **** 		else
2970:Middlewares/Third_Party/FreeRTOS/Source/tasks.c **** 		{
2971:Middlewares/Third_Party/FreeRTOS/Source/tasks.c **** 			xTCB = xTask;
2972:Middlewares/Third_Party/FreeRTOS/Source/tasks.c **** 		}
2973:Middlewares/Third_Party/FreeRTOS/Source/tasks.c **** 
2974:Middlewares/Third_Party/FreeRTOS/Source/tasks.c **** 		if( xTCB->pxTaskTag != NULL )
2975:Middlewares/Third_Party/FreeRTOS/Source/tasks.c **** 		{
2976:Middlewares/Third_Party/FreeRTOS/Source/tasks.c **** 			xReturn = xTCB->pxTaskTag( pvParameter );
2977:Middlewares/Third_Party/FreeRTOS/Source/tasks.c **** 		}
2978:Middlewares/Third_Party/FreeRTOS/Source/tasks.c **** 		else
2979:Middlewares/Third_Party/FreeRTOS/Source/tasks.c **** 		{
2980:Middlewares/Third_Party/FreeRTOS/Source/tasks.c **** 			xReturn = pdFAIL;
ARM GAS  /tmp/ccbSDz7D.s 			page 59


2981:Middlewares/Third_Party/FreeRTOS/Source/tasks.c **** 		}
2982:Middlewares/Third_Party/FreeRTOS/Source/tasks.c **** 
2983:Middlewares/Third_Party/FreeRTOS/Source/tasks.c **** 		return xReturn;
2984:Middlewares/Third_Party/FreeRTOS/Source/tasks.c **** 	}
2985:Middlewares/Third_Party/FreeRTOS/Source/tasks.c **** 
2986:Middlewares/Third_Party/FreeRTOS/Source/tasks.c **** #endif /* configUSE_APPLICATION_TASK_TAG */
2987:Middlewares/Third_Party/FreeRTOS/Source/tasks.c **** /*-----------------------------------------------------------*/
2988:Middlewares/Third_Party/FreeRTOS/Source/tasks.c **** 
2989:Middlewares/Third_Party/FreeRTOS/Source/tasks.c **** void vTaskSwitchContext( void )
2990:Middlewares/Third_Party/FreeRTOS/Source/tasks.c **** {
2991:Middlewares/Third_Party/FreeRTOS/Source/tasks.c **** 	if( uxSchedulerSuspended != ( UBaseType_t ) pdFALSE )
2992:Middlewares/Third_Party/FreeRTOS/Source/tasks.c **** 	{
2993:Middlewares/Third_Party/FreeRTOS/Source/tasks.c **** 		/* The scheduler is currently suspended - do not allow a context
2994:Middlewares/Third_Party/FreeRTOS/Source/tasks.c **** 		switch. */
2995:Middlewares/Third_Party/FreeRTOS/Source/tasks.c **** 		xYieldPending = pdTRUE;
2996:Middlewares/Third_Party/FreeRTOS/Source/tasks.c **** 	}
2997:Middlewares/Third_Party/FreeRTOS/Source/tasks.c **** 	else
2998:Middlewares/Third_Party/FreeRTOS/Source/tasks.c **** 	{
2999:Middlewares/Third_Party/FreeRTOS/Source/tasks.c **** 		xYieldPending = pdFALSE;
3000:Middlewares/Third_Party/FreeRTOS/Source/tasks.c **** 		traceTASK_SWITCHED_OUT();
3001:Middlewares/Third_Party/FreeRTOS/Source/tasks.c **** 
3002:Middlewares/Third_Party/FreeRTOS/Source/tasks.c **** 		#if ( configGENERATE_RUN_TIME_STATS == 1 )
3003:Middlewares/Third_Party/FreeRTOS/Source/tasks.c **** 		{
3004:Middlewares/Third_Party/FreeRTOS/Source/tasks.c **** 			#ifdef portALT_GET_RUN_TIME_COUNTER_VALUE
3005:Middlewares/Third_Party/FreeRTOS/Source/tasks.c **** 				portALT_GET_RUN_TIME_COUNTER_VALUE( ulTotalRunTime );
3006:Middlewares/Third_Party/FreeRTOS/Source/tasks.c **** 			#else
3007:Middlewares/Third_Party/FreeRTOS/Source/tasks.c **** 				ulTotalRunTime = portGET_RUN_TIME_COUNTER_VALUE();
3008:Middlewares/Third_Party/FreeRTOS/Source/tasks.c **** 			#endif
3009:Middlewares/Third_Party/FreeRTOS/Source/tasks.c **** 
3010:Middlewares/Third_Party/FreeRTOS/Source/tasks.c **** 			/* Add the amount of time the task has been running to the
3011:Middlewares/Third_Party/FreeRTOS/Source/tasks.c **** 			accumulated time so far.  The time the task started running was
3012:Middlewares/Third_Party/FreeRTOS/Source/tasks.c **** 			stored in ulTaskSwitchedInTime.  Note that there is no overflow
3013:Middlewares/Third_Party/FreeRTOS/Source/tasks.c **** 			protection here so count values are only valid until the timer
3014:Middlewares/Third_Party/FreeRTOS/Source/tasks.c **** 			overflows.  The guard against negative values is to protect
3015:Middlewares/Third_Party/FreeRTOS/Source/tasks.c **** 			against suspect run time stat counter implementations - which
3016:Middlewares/Third_Party/FreeRTOS/Source/tasks.c **** 			are provided by the application, not the kernel. */
3017:Middlewares/Third_Party/FreeRTOS/Source/tasks.c **** 			if( ulTotalRunTime > ulTaskSwitchedInTime )
3018:Middlewares/Third_Party/FreeRTOS/Source/tasks.c **** 			{
3019:Middlewares/Third_Party/FreeRTOS/Source/tasks.c **** 				pxCurrentTCB->ulRunTimeCounter += ( ulTotalRunTime - ulTaskSwitchedInTime );
3020:Middlewares/Third_Party/FreeRTOS/Source/tasks.c **** 			}
3021:Middlewares/Third_Party/FreeRTOS/Source/tasks.c **** 			else
3022:Middlewares/Third_Party/FreeRTOS/Source/tasks.c **** 			{
3023:Middlewares/Third_Party/FreeRTOS/Source/tasks.c **** 				mtCOVERAGE_TEST_MARKER();
3024:Middlewares/Third_Party/FreeRTOS/Source/tasks.c **** 			}
3025:Middlewares/Third_Party/FreeRTOS/Source/tasks.c **** 			ulTaskSwitchedInTime = ulTotalRunTime;
3026:Middlewares/Third_Party/FreeRTOS/Source/tasks.c **** 		}
3027:Middlewares/Third_Party/FreeRTOS/Source/tasks.c **** 		#endif /* configGENERATE_RUN_TIME_STATS */
3028:Middlewares/Third_Party/FreeRTOS/Source/tasks.c **** 
3029:Middlewares/Third_Party/FreeRTOS/Source/tasks.c **** 		/* Check for stack overflow, if configured. */
3030:Middlewares/Third_Party/FreeRTOS/Source/tasks.c **** 		taskCHECK_FOR_STACK_OVERFLOW();
3031:Middlewares/Third_Party/FreeRTOS/Source/tasks.c **** 
3032:Middlewares/Third_Party/FreeRTOS/Source/tasks.c **** 		/* Before the currently running task is switched out, save its errno. */
3033:Middlewares/Third_Party/FreeRTOS/Source/tasks.c **** 		#if( configUSE_POSIX_ERRNO == 1 )
3034:Middlewares/Third_Party/FreeRTOS/Source/tasks.c **** 		{
3035:Middlewares/Third_Party/FreeRTOS/Source/tasks.c **** 			pxCurrentTCB->iTaskErrno = FreeRTOS_errno;
3036:Middlewares/Third_Party/FreeRTOS/Source/tasks.c **** 		}
3037:Middlewares/Third_Party/FreeRTOS/Source/tasks.c **** 		#endif
ARM GAS  /tmp/ccbSDz7D.s 			page 60


3038:Middlewares/Third_Party/FreeRTOS/Source/tasks.c **** 
3039:Middlewares/Third_Party/FreeRTOS/Source/tasks.c **** 		/* Select a new task to run using either the generic C or port
3040:Middlewares/Third_Party/FreeRTOS/Source/tasks.c **** 		optimised asm code. */
3041:Middlewares/Third_Party/FreeRTOS/Source/tasks.c **** 		taskSELECT_HIGHEST_PRIORITY_TASK(); /*lint !e9079 void * is used as this macro is used with timer
3042:Middlewares/Third_Party/FreeRTOS/Source/tasks.c **** 		traceTASK_SWITCHED_IN();
3043:Middlewares/Third_Party/FreeRTOS/Source/tasks.c **** 
3044:Middlewares/Third_Party/FreeRTOS/Source/tasks.c **** 		/* After the new task is switched in, update the global errno. */
3045:Middlewares/Third_Party/FreeRTOS/Source/tasks.c **** 		#if( configUSE_POSIX_ERRNO == 1 )
3046:Middlewares/Third_Party/FreeRTOS/Source/tasks.c **** 		{
3047:Middlewares/Third_Party/FreeRTOS/Source/tasks.c **** 			FreeRTOS_errno = pxCurrentTCB->iTaskErrno;
3048:Middlewares/Third_Party/FreeRTOS/Source/tasks.c **** 		}
3049:Middlewares/Third_Party/FreeRTOS/Source/tasks.c **** 		#endif
3050:Middlewares/Third_Party/FreeRTOS/Source/tasks.c **** 
3051:Middlewares/Third_Party/FreeRTOS/Source/tasks.c **** 		#if ( configUSE_NEWLIB_REENTRANT == 1 )
3052:Middlewares/Third_Party/FreeRTOS/Source/tasks.c **** 		{
3053:Middlewares/Third_Party/FreeRTOS/Source/tasks.c **** 			/* Switch Newlib's _impure_ptr variable to point to the _reent
3054:Middlewares/Third_Party/FreeRTOS/Source/tasks.c **** 			structure specific to this task.
3055:Middlewares/Third_Party/FreeRTOS/Source/tasks.c **** 			See the third party link http://www.nadler.com/embedded/newlibAndFreeRTOS.html
3056:Middlewares/Third_Party/FreeRTOS/Source/tasks.c **** 			for additional information. */
3057:Middlewares/Third_Party/FreeRTOS/Source/tasks.c **** 			_impure_ptr = &( pxCurrentTCB->xNewLib_reent );
3058:Middlewares/Third_Party/FreeRTOS/Source/tasks.c **** 		}
3059:Middlewares/Third_Party/FreeRTOS/Source/tasks.c **** 		#endif /* configUSE_NEWLIB_REENTRANT */
3060:Middlewares/Third_Party/FreeRTOS/Source/tasks.c **** 	}
3061:Middlewares/Third_Party/FreeRTOS/Source/tasks.c **** }
3062:Middlewares/Third_Party/FreeRTOS/Source/tasks.c **** /*-----------------------------------------------------------*/
3063:Middlewares/Third_Party/FreeRTOS/Source/tasks.c **** 
3064:Middlewares/Third_Party/FreeRTOS/Source/tasks.c **** void vTaskPlaceOnEventList( List_t * const pxEventList, const TickType_t xTicksToWait )
3065:Middlewares/Third_Party/FreeRTOS/Source/tasks.c **** {
3066:Middlewares/Third_Party/FreeRTOS/Source/tasks.c **** 	configASSERT( pxEventList );
3067:Middlewares/Third_Party/FreeRTOS/Source/tasks.c **** 
3068:Middlewares/Third_Party/FreeRTOS/Source/tasks.c **** 	/* THIS FUNCTION MUST BE CALLED WITH EITHER INTERRUPTS DISABLED OR THE
3069:Middlewares/Third_Party/FreeRTOS/Source/tasks.c **** 	SCHEDULER SUSPENDED AND THE QUEUE BEING ACCESSED LOCKED. */
3070:Middlewares/Third_Party/FreeRTOS/Source/tasks.c **** 
3071:Middlewares/Third_Party/FreeRTOS/Source/tasks.c **** 	/* Place the event list item of the TCB in the appropriate event list.
3072:Middlewares/Third_Party/FreeRTOS/Source/tasks.c **** 	This is placed in the list in priority order so the highest priority task
3073:Middlewares/Third_Party/FreeRTOS/Source/tasks.c **** 	is the first to be woken by the event.  The queue that contains the event
3074:Middlewares/Third_Party/FreeRTOS/Source/tasks.c **** 	list is locked, preventing simultaneous access from interrupts. */
3075:Middlewares/Third_Party/FreeRTOS/Source/tasks.c **** 	vListInsert( pxEventList, &( pxCurrentTCB->xEventListItem ) );
3076:Middlewares/Third_Party/FreeRTOS/Source/tasks.c **** 
3077:Middlewares/Third_Party/FreeRTOS/Source/tasks.c **** 	prvAddCurrentTaskToDelayedList( xTicksToWait, pdTRUE );
3078:Middlewares/Third_Party/FreeRTOS/Source/tasks.c **** }
3079:Middlewares/Third_Party/FreeRTOS/Source/tasks.c **** /*-----------------------------------------------------------*/
3080:Middlewares/Third_Party/FreeRTOS/Source/tasks.c **** 
3081:Middlewares/Third_Party/FreeRTOS/Source/tasks.c **** void vTaskPlaceOnUnorderedEventList( List_t * pxEventList, const TickType_t xItemValue, const TickT
3082:Middlewares/Third_Party/FreeRTOS/Source/tasks.c **** {
3083:Middlewares/Third_Party/FreeRTOS/Source/tasks.c **** 	configASSERT( pxEventList );
3084:Middlewares/Third_Party/FreeRTOS/Source/tasks.c **** 
3085:Middlewares/Third_Party/FreeRTOS/Source/tasks.c **** 	/* THIS FUNCTION MUST BE CALLED WITH THE SCHEDULER SUSPENDED.  It is used by
3086:Middlewares/Third_Party/FreeRTOS/Source/tasks.c **** 	the event groups implementation. */
3087:Middlewares/Third_Party/FreeRTOS/Source/tasks.c **** 	configASSERT( uxSchedulerSuspended != 0 );
3088:Middlewares/Third_Party/FreeRTOS/Source/tasks.c **** 
3089:Middlewares/Third_Party/FreeRTOS/Source/tasks.c **** 	/* Store the item value in the event list item.  It is safe to access the
3090:Middlewares/Third_Party/FreeRTOS/Source/tasks.c **** 	event list item here as interrupts won't access the event list item of a
3091:Middlewares/Third_Party/FreeRTOS/Source/tasks.c **** 	task that is not in the Blocked state. */
3092:Middlewares/Third_Party/FreeRTOS/Source/tasks.c **** 	listSET_LIST_ITEM_VALUE( &( pxCurrentTCB->xEventListItem ), xItemValue | taskEVENT_LIST_ITEM_VALUE
3093:Middlewares/Third_Party/FreeRTOS/Source/tasks.c **** 
3094:Middlewares/Third_Party/FreeRTOS/Source/tasks.c **** 	/* Place the event list item of the TCB at the end of the appropriate event
ARM GAS  /tmp/ccbSDz7D.s 			page 61


3095:Middlewares/Third_Party/FreeRTOS/Source/tasks.c **** 	list.  It is safe to access the event list here because it is part of an
3096:Middlewares/Third_Party/FreeRTOS/Source/tasks.c **** 	event group implementation - and interrupts don't access event groups
3097:Middlewares/Third_Party/FreeRTOS/Source/tasks.c **** 	directly (instead they access them indirectly by pending function calls to
3098:Middlewares/Third_Party/FreeRTOS/Source/tasks.c **** 	the task level). */
3099:Middlewares/Third_Party/FreeRTOS/Source/tasks.c **** 	vListInsertEnd( pxEventList, &( pxCurrentTCB->xEventListItem ) );
3100:Middlewares/Third_Party/FreeRTOS/Source/tasks.c **** 
3101:Middlewares/Third_Party/FreeRTOS/Source/tasks.c **** 	prvAddCurrentTaskToDelayedList( xTicksToWait, pdTRUE );
3102:Middlewares/Third_Party/FreeRTOS/Source/tasks.c **** }
3103:Middlewares/Third_Party/FreeRTOS/Source/tasks.c **** /*-----------------------------------------------------------*/
3104:Middlewares/Third_Party/FreeRTOS/Source/tasks.c **** 
3105:Middlewares/Third_Party/FreeRTOS/Source/tasks.c **** #if( configUSE_TIMERS == 1 )
3106:Middlewares/Third_Party/FreeRTOS/Source/tasks.c **** 
3107:Middlewares/Third_Party/FreeRTOS/Source/tasks.c **** 	void vTaskPlaceOnEventListRestricted( List_t * const pxEventList, TickType_t xTicksToWait, const B
3108:Middlewares/Third_Party/FreeRTOS/Source/tasks.c **** 	{
3109:Middlewares/Third_Party/FreeRTOS/Source/tasks.c **** 		configASSERT( pxEventList );
3110:Middlewares/Third_Party/FreeRTOS/Source/tasks.c **** 
3111:Middlewares/Third_Party/FreeRTOS/Source/tasks.c **** 		/* This function should not be called by application code hence the
3112:Middlewares/Third_Party/FreeRTOS/Source/tasks.c **** 		'Restricted' in its name.  It is not part of the public API.  It is
3113:Middlewares/Third_Party/FreeRTOS/Source/tasks.c **** 		designed for use by kernel code, and has special calling requirements -
3114:Middlewares/Third_Party/FreeRTOS/Source/tasks.c **** 		it should be called with the scheduler suspended. */
3115:Middlewares/Third_Party/FreeRTOS/Source/tasks.c **** 
3116:Middlewares/Third_Party/FreeRTOS/Source/tasks.c **** 
3117:Middlewares/Third_Party/FreeRTOS/Source/tasks.c **** 		/* Place the event list item of the TCB in the appropriate event list.
3118:Middlewares/Third_Party/FreeRTOS/Source/tasks.c **** 		In this case it is assume that this is the only task that is going to
3119:Middlewares/Third_Party/FreeRTOS/Source/tasks.c **** 		be waiting on this event list, so the faster vListInsertEnd() function
3120:Middlewares/Third_Party/FreeRTOS/Source/tasks.c **** 		can be used in place of vListInsert. */
3121:Middlewares/Third_Party/FreeRTOS/Source/tasks.c **** 		vListInsertEnd( pxEventList, &( pxCurrentTCB->xEventListItem ) );
3122:Middlewares/Third_Party/FreeRTOS/Source/tasks.c **** 
3123:Middlewares/Third_Party/FreeRTOS/Source/tasks.c **** 		/* If the task should block indefinitely then set the block time to a
3124:Middlewares/Third_Party/FreeRTOS/Source/tasks.c **** 		value that will be recognised as an indefinite delay inside the
3125:Middlewares/Third_Party/FreeRTOS/Source/tasks.c **** 		prvAddCurrentTaskToDelayedList() function. */
3126:Middlewares/Third_Party/FreeRTOS/Source/tasks.c **** 		if( xWaitIndefinitely != pdFALSE )
3127:Middlewares/Third_Party/FreeRTOS/Source/tasks.c **** 		{
3128:Middlewares/Third_Party/FreeRTOS/Source/tasks.c **** 			xTicksToWait = portMAX_DELAY;
3129:Middlewares/Third_Party/FreeRTOS/Source/tasks.c **** 		}
3130:Middlewares/Third_Party/FreeRTOS/Source/tasks.c **** 
3131:Middlewares/Third_Party/FreeRTOS/Source/tasks.c **** 		traceTASK_DELAY_UNTIL( ( xTickCount + xTicksToWait ) );
3132:Middlewares/Third_Party/FreeRTOS/Source/tasks.c **** 		prvAddCurrentTaskToDelayedList( xTicksToWait, xWaitIndefinitely );
3133:Middlewares/Third_Party/FreeRTOS/Source/tasks.c **** 	}
3134:Middlewares/Third_Party/FreeRTOS/Source/tasks.c **** 
3135:Middlewares/Third_Party/FreeRTOS/Source/tasks.c **** #endif /* configUSE_TIMERS */
3136:Middlewares/Third_Party/FreeRTOS/Source/tasks.c **** /*-----------------------------------------------------------*/
3137:Middlewares/Third_Party/FreeRTOS/Source/tasks.c **** 
3138:Middlewares/Third_Party/FreeRTOS/Source/tasks.c **** BaseType_t xTaskRemoveFromEventList( const List_t * const pxEventList )
3139:Middlewares/Third_Party/FreeRTOS/Source/tasks.c **** {
3140:Middlewares/Third_Party/FreeRTOS/Source/tasks.c **** TCB_t *pxUnblockedTCB;
3141:Middlewares/Third_Party/FreeRTOS/Source/tasks.c **** BaseType_t xReturn;
3142:Middlewares/Third_Party/FreeRTOS/Source/tasks.c **** 
3143:Middlewares/Third_Party/FreeRTOS/Source/tasks.c **** 	/* THIS FUNCTION MUST BE CALLED FROM A CRITICAL SECTION.  It can also be
3144:Middlewares/Third_Party/FreeRTOS/Source/tasks.c **** 	called from a critical section within an ISR. */
3145:Middlewares/Third_Party/FreeRTOS/Source/tasks.c **** 
3146:Middlewares/Third_Party/FreeRTOS/Source/tasks.c **** 	/* The event list is sorted in priority order, so the first in the list can
3147:Middlewares/Third_Party/FreeRTOS/Source/tasks.c **** 	be removed as it is known to be the highest priority.  Remove the TCB from
3148:Middlewares/Third_Party/FreeRTOS/Source/tasks.c **** 	the delayed list, and add it to the ready list.
3149:Middlewares/Third_Party/FreeRTOS/Source/tasks.c **** 
3150:Middlewares/Third_Party/FreeRTOS/Source/tasks.c **** 	If an event is for a queue that is locked then this function will never
3151:Middlewares/Third_Party/FreeRTOS/Source/tasks.c **** 	get called - the lock count on the queue will get modified instead.  This
ARM GAS  /tmp/ccbSDz7D.s 			page 62


3152:Middlewares/Third_Party/FreeRTOS/Source/tasks.c **** 	means exclusive access to the event list is guaranteed here.
3153:Middlewares/Third_Party/FreeRTOS/Source/tasks.c **** 
3154:Middlewares/Third_Party/FreeRTOS/Source/tasks.c **** 	This function assumes that a check has already been made to ensure that
3155:Middlewares/Third_Party/FreeRTOS/Source/tasks.c **** 	pxEventList is not empty. */
3156:Middlewares/Third_Party/FreeRTOS/Source/tasks.c **** 	pxUnblockedTCB = listGET_OWNER_OF_HEAD_ENTRY( pxEventList ); /*lint !e9079 void * is used as this 
3157:Middlewares/Third_Party/FreeRTOS/Source/tasks.c **** 	configASSERT( pxUnblockedTCB );
3158:Middlewares/Third_Party/FreeRTOS/Source/tasks.c **** 	( void ) uxListRemove( &( pxUnblockedTCB->xEventListItem ) );
3159:Middlewares/Third_Party/FreeRTOS/Source/tasks.c **** 
3160:Middlewares/Third_Party/FreeRTOS/Source/tasks.c **** 	if( uxSchedulerSuspended == ( UBaseType_t ) pdFALSE )
3161:Middlewares/Third_Party/FreeRTOS/Source/tasks.c **** 	{
3162:Middlewares/Third_Party/FreeRTOS/Source/tasks.c **** 		( void ) uxListRemove( &( pxUnblockedTCB->xStateListItem ) );
3163:Middlewares/Third_Party/FreeRTOS/Source/tasks.c **** 		prvAddTaskToReadyList( pxUnblockedTCB );
3164:Middlewares/Third_Party/FreeRTOS/Source/tasks.c **** 
3165:Middlewares/Third_Party/FreeRTOS/Source/tasks.c **** 		#if( configUSE_TICKLESS_IDLE != 0 )
3166:Middlewares/Third_Party/FreeRTOS/Source/tasks.c **** 		{
3167:Middlewares/Third_Party/FreeRTOS/Source/tasks.c **** 			/* If a task is blocked on a kernel object then xNextTaskUnblockTime
3168:Middlewares/Third_Party/FreeRTOS/Source/tasks.c **** 			might be set to the blocked task's time out time.  If the task is
3169:Middlewares/Third_Party/FreeRTOS/Source/tasks.c **** 			unblocked for a reason other than a timeout xNextTaskUnblockTime is
3170:Middlewares/Third_Party/FreeRTOS/Source/tasks.c **** 			normally left unchanged, because it is automatically reset to a new
3171:Middlewares/Third_Party/FreeRTOS/Source/tasks.c **** 			value when the tick count equals xNextTaskUnblockTime.  However if
3172:Middlewares/Third_Party/FreeRTOS/Source/tasks.c **** 			tickless idling is used it might be more important to enter sleep mode
3173:Middlewares/Third_Party/FreeRTOS/Source/tasks.c **** 			at the earliest possible time - so reset xNextTaskUnblockTime here to
3174:Middlewares/Third_Party/FreeRTOS/Source/tasks.c **** 			ensure it is updated at the earliest possible time. */
3175:Middlewares/Third_Party/FreeRTOS/Source/tasks.c **** 			prvResetNextTaskUnblockTime();
3176:Middlewares/Third_Party/FreeRTOS/Source/tasks.c **** 		}
3177:Middlewares/Third_Party/FreeRTOS/Source/tasks.c **** 		#endif
3178:Middlewares/Third_Party/FreeRTOS/Source/tasks.c **** 	}
3179:Middlewares/Third_Party/FreeRTOS/Source/tasks.c **** 	else
3180:Middlewares/Third_Party/FreeRTOS/Source/tasks.c **** 	{
3181:Middlewares/Third_Party/FreeRTOS/Source/tasks.c **** 		/* The delayed and ready lists cannot be accessed, so hold this task
3182:Middlewares/Third_Party/FreeRTOS/Source/tasks.c **** 		pending until the scheduler is resumed. */
3183:Middlewares/Third_Party/FreeRTOS/Source/tasks.c **** 		vListInsertEnd( &( xPendingReadyList ), &( pxUnblockedTCB->xEventListItem ) );
3184:Middlewares/Third_Party/FreeRTOS/Source/tasks.c **** 	}
3185:Middlewares/Third_Party/FreeRTOS/Source/tasks.c **** 
3186:Middlewares/Third_Party/FreeRTOS/Source/tasks.c **** 	if( pxUnblockedTCB->uxPriority > pxCurrentTCB->uxPriority )
3187:Middlewares/Third_Party/FreeRTOS/Source/tasks.c **** 	{
3188:Middlewares/Third_Party/FreeRTOS/Source/tasks.c **** 		/* Return true if the task removed from the event list has a higher
3189:Middlewares/Third_Party/FreeRTOS/Source/tasks.c **** 		priority than the calling task.  This allows the calling task to know if
3190:Middlewares/Third_Party/FreeRTOS/Source/tasks.c **** 		it should force a context switch now. */
3191:Middlewares/Third_Party/FreeRTOS/Source/tasks.c **** 		xReturn = pdTRUE;
3192:Middlewares/Third_Party/FreeRTOS/Source/tasks.c **** 
3193:Middlewares/Third_Party/FreeRTOS/Source/tasks.c **** 		/* Mark that a yield is pending in case the user is not using the
3194:Middlewares/Third_Party/FreeRTOS/Source/tasks.c **** 		"xHigherPriorityTaskWoken" parameter to an ISR safe FreeRTOS function. */
3195:Middlewares/Third_Party/FreeRTOS/Source/tasks.c **** 		xYieldPending = pdTRUE;
3196:Middlewares/Third_Party/FreeRTOS/Source/tasks.c **** 	}
3197:Middlewares/Third_Party/FreeRTOS/Source/tasks.c **** 	else
3198:Middlewares/Third_Party/FreeRTOS/Source/tasks.c **** 	{
3199:Middlewares/Third_Party/FreeRTOS/Source/tasks.c **** 		xReturn = pdFALSE;
3200:Middlewares/Third_Party/FreeRTOS/Source/tasks.c **** 	}
3201:Middlewares/Third_Party/FreeRTOS/Source/tasks.c **** 
3202:Middlewares/Third_Party/FreeRTOS/Source/tasks.c **** 	return xReturn;
3203:Middlewares/Third_Party/FreeRTOS/Source/tasks.c **** }
3204:Middlewares/Third_Party/FreeRTOS/Source/tasks.c **** /*-----------------------------------------------------------*/
3205:Middlewares/Third_Party/FreeRTOS/Source/tasks.c **** 
3206:Middlewares/Third_Party/FreeRTOS/Source/tasks.c **** void vTaskRemoveFromUnorderedEventList( ListItem_t * pxEventListItem, const TickType_t xItemValue )
3207:Middlewares/Third_Party/FreeRTOS/Source/tasks.c **** {
3208:Middlewares/Third_Party/FreeRTOS/Source/tasks.c **** TCB_t *pxUnblockedTCB;
ARM GAS  /tmp/ccbSDz7D.s 			page 63


3209:Middlewares/Third_Party/FreeRTOS/Source/tasks.c **** 
3210:Middlewares/Third_Party/FreeRTOS/Source/tasks.c **** 	/* THIS FUNCTION MUST BE CALLED WITH THE SCHEDULER SUSPENDED.  It is used by
3211:Middlewares/Third_Party/FreeRTOS/Source/tasks.c **** 	the event flags implementation. */
3212:Middlewares/Third_Party/FreeRTOS/Source/tasks.c **** 	configASSERT( uxSchedulerSuspended != pdFALSE );
3213:Middlewares/Third_Party/FreeRTOS/Source/tasks.c **** 
3214:Middlewares/Third_Party/FreeRTOS/Source/tasks.c **** 	/* Store the new item value in the event list. */
3215:Middlewares/Third_Party/FreeRTOS/Source/tasks.c **** 	listSET_LIST_ITEM_VALUE( pxEventListItem, xItemValue | taskEVENT_LIST_ITEM_VALUE_IN_USE );
3216:Middlewares/Third_Party/FreeRTOS/Source/tasks.c **** 
3217:Middlewares/Third_Party/FreeRTOS/Source/tasks.c **** 	/* Remove the event list form the event flag.  Interrupts do not access
3218:Middlewares/Third_Party/FreeRTOS/Source/tasks.c **** 	event flags. */
3219:Middlewares/Third_Party/FreeRTOS/Source/tasks.c **** 	pxUnblockedTCB = listGET_LIST_ITEM_OWNER( pxEventListItem ); /*lint !e9079 void * is used as this 
3220:Middlewares/Third_Party/FreeRTOS/Source/tasks.c **** 	configASSERT( pxUnblockedTCB );
3221:Middlewares/Third_Party/FreeRTOS/Source/tasks.c **** 	( void ) uxListRemove( pxEventListItem );
3222:Middlewares/Third_Party/FreeRTOS/Source/tasks.c **** 
3223:Middlewares/Third_Party/FreeRTOS/Source/tasks.c **** 	#if( configUSE_TICKLESS_IDLE != 0 )
3224:Middlewares/Third_Party/FreeRTOS/Source/tasks.c **** 	{
3225:Middlewares/Third_Party/FreeRTOS/Source/tasks.c **** 		/* If a task is blocked on a kernel object then xNextTaskUnblockTime
3226:Middlewares/Third_Party/FreeRTOS/Source/tasks.c **** 		might be set to the blocked task's time out time.  If the task is
3227:Middlewares/Third_Party/FreeRTOS/Source/tasks.c **** 		unblocked for a reason other than a timeout xNextTaskUnblockTime is
3228:Middlewares/Third_Party/FreeRTOS/Source/tasks.c **** 		normally left unchanged, because it is automatically reset to a new
3229:Middlewares/Third_Party/FreeRTOS/Source/tasks.c **** 		value when the tick count equals xNextTaskUnblockTime.  However if
3230:Middlewares/Third_Party/FreeRTOS/Source/tasks.c **** 		tickless idling is used it might be more important to enter sleep mode
3231:Middlewares/Third_Party/FreeRTOS/Source/tasks.c **** 		at the earliest possible time - so reset xNextTaskUnblockTime here to
3232:Middlewares/Third_Party/FreeRTOS/Source/tasks.c **** 		ensure it is updated at the earliest possible time. */
3233:Middlewares/Third_Party/FreeRTOS/Source/tasks.c **** 		prvResetNextTaskUnblockTime();
3234:Middlewares/Third_Party/FreeRTOS/Source/tasks.c **** 	}
3235:Middlewares/Third_Party/FreeRTOS/Source/tasks.c **** 	#endif
3236:Middlewares/Third_Party/FreeRTOS/Source/tasks.c **** 
3237:Middlewares/Third_Party/FreeRTOS/Source/tasks.c **** 	/* Remove the task from the delayed list and add it to the ready list.  The
3238:Middlewares/Third_Party/FreeRTOS/Source/tasks.c **** 	scheduler is suspended so interrupts will not be accessing the ready
3239:Middlewares/Third_Party/FreeRTOS/Source/tasks.c **** 	lists. */
3240:Middlewares/Third_Party/FreeRTOS/Source/tasks.c **** 	( void ) uxListRemove( &( pxUnblockedTCB->xStateListItem ) );
3241:Middlewares/Third_Party/FreeRTOS/Source/tasks.c **** 	prvAddTaskToReadyList( pxUnblockedTCB );
3242:Middlewares/Third_Party/FreeRTOS/Source/tasks.c **** 
3243:Middlewares/Third_Party/FreeRTOS/Source/tasks.c **** 	if( pxUnblockedTCB->uxPriority > pxCurrentTCB->uxPriority )
3244:Middlewares/Third_Party/FreeRTOS/Source/tasks.c **** 	{
3245:Middlewares/Third_Party/FreeRTOS/Source/tasks.c **** 		/* The unblocked task has a priority above that of the calling task, so
3246:Middlewares/Third_Party/FreeRTOS/Source/tasks.c **** 		a context switch is required.  This function is called with the
3247:Middlewares/Third_Party/FreeRTOS/Source/tasks.c **** 		scheduler suspended so xYieldPending is set so the context switch
3248:Middlewares/Third_Party/FreeRTOS/Source/tasks.c **** 		occurs immediately that the scheduler is resumed (unsuspended). */
3249:Middlewares/Third_Party/FreeRTOS/Source/tasks.c **** 		xYieldPending = pdTRUE;
3250:Middlewares/Third_Party/FreeRTOS/Source/tasks.c **** 	}
3251:Middlewares/Third_Party/FreeRTOS/Source/tasks.c **** }
3252:Middlewares/Third_Party/FreeRTOS/Source/tasks.c **** /*-----------------------------------------------------------*/
3253:Middlewares/Third_Party/FreeRTOS/Source/tasks.c **** 
3254:Middlewares/Third_Party/FreeRTOS/Source/tasks.c **** void vTaskSetTimeOutState( TimeOut_t * const pxTimeOut )
3255:Middlewares/Third_Party/FreeRTOS/Source/tasks.c **** {
3256:Middlewares/Third_Party/FreeRTOS/Source/tasks.c **** 	configASSERT( pxTimeOut );
3257:Middlewares/Third_Party/FreeRTOS/Source/tasks.c **** 	taskENTER_CRITICAL();
3258:Middlewares/Third_Party/FreeRTOS/Source/tasks.c **** 	{
3259:Middlewares/Third_Party/FreeRTOS/Source/tasks.c **** 		pxTimeOut->xOverflowCount = xNumOfOverflows;
3260:Middlewares/Third_Party/FreeRTOS/Source/tasks.c **** 		pxTimeOut->xTimeOnEntering = xTickCount;
3261:Middlewares/Third_Party/FreeRTOS/Source/tasks.c **** 	}
3262:Middlewares/Third_Party/FreeRTOS/Source/tasks.c **** 	taskEXIT_CRITICAL();
3263:Middlewares/Third_Party/FreeRTOS/Source/tasks.c **** }
3264:Middlewares/Third_Party/FreeRTOS/Source/tasks.c **** /*-----------------------------------------------------------*/
3265:Middlewares/Third_Party/FreeRTOS/Source/tasks.c **** 
ARM GAS  /tmp/ccbSDz7D.s 			page 64


3266:Middlewares/Third_Party/FreeRTOS/Source/tasks.c **** void vTaskInternalSetTimeOutState( TimeOut_t * const pxTimeOut )
3267:Middlewares/Third_Party/FreeRTOS/Source/tasks.c **** {
3268:Middlewares/Third_Party/FreeRTOS/Source/tasks.c **** 	/* For internal use only as it does not use a critical section. */
3269:Middlewares/Third_Party/FreeRTOS/Source/tasks.c **** 	pxTimeOut->xOverflowCount = xNumOfOverflows;
3270:Middlewares/Third_Party/FreeRTOS/Source/tasks.c **** 	pxTimeOut->xTimeOnEntering = xTickCount;
3271:Middlewares/Third_Party/FreeRTOS/Source/tasks.c **** }
3272:Middlewares/Third_Party/FreeRTOS/Source/tasks.c **** /*-----------------------------------------------------------*/
3273:Middlewares/Third_Party/FreeRTOS/Source/tasks.c **** 
3274:Middlewares/Third_Party/FreeRTOS/Source/tasks.c **** BaseType_t xTaskCheckForTimeOut( TimeOut_t * const pxTimeOut, TickType_t * const pxTicksToWait )
3275:Middlewares/Third_Party/FreeRTOS/Source/tasks.c **** {
3276:Middlewares/Third_Party/FreeRTOS/Source/tasks.c **** BaseType_t xReturn;
3277:Middlewares/Third_Party/FreeRTOS/Source/tasks.c **** 
3278:Middlewares/Third_Party/FreeRTOS/Source/tasks.c **** 	configASSERT( pxTimeOut );
3279:Middlewares/Third_Party/FreeRTOS/Source/tasks.c **** 	configASSERT( pxTicksToWait );
3280:Middlewares/Third_Party/FreeRTOS/Source/tasks.c **** 
3281:Middlewares/Third_Party/FreeRTOS/Source/tasks.c **** 	taskENTER_CRITICAL();
3282:Middlewares/Third_Party/FreeRTOS/Source/tasks.c **** 	{
3283:Middlewares/Third_Party/FreeRTOS/Source/tasks.c **** 		/* Minor optimisation.  The tick count cannot change in this block. */
3284:Middlewares/Third_Party/FreeRTOS/Source/tasks.c **** 		const TickType_t xConstTickCount = xTickCount;
3285:Middlewares/Third_Party/FreeRTOS/Source/tasks.c **** 		const TickType_t xElapsedTime = xConstTickCount - pxTimeOut->xTimeOnEntering;
3286:Middlewares/Third_Party/FreeRTOS/Source/tasks.c **** 
3287:Middlewares/Third_Party/FreeRTOS/Source/tasks.c **** 		#if( INCLUDE_xTaskAbortDelay == 1 )
3288:Middlewares/Third_Party/FreeRTOS/Source/tasks.c **** 			if( pxCurrentTCB->ucDelayAborted != ( uint8_t ) pdFALSE )
3289:Middlewares/Third_Party/FreeRTOS/Source/tasks.c **** 			{
3290:Middlewares/Third_Party/FreeRTOS/Source/tasks.c **** 				/* The delay was aborted, which is not the same as a time out,
3291:Middlewares/Third_Party/FreeRTOS/Source/tasks.c **** 				but has the same result. */
3292:Middlewares/Third_Party/FreeRTOS/Source/tasks.c **** 				pxCurrentTCB->ucDelayAborted = pdFALSE;
3293:Middlewares/Third_Party/FreeRTOS/Source/tasks.c **** 				xReturn = pdTRUE;
3294:Middlewares/Third_Party/FreeRTOS/Source/tasks.c **** 			}
3295:Middlewares/Third_Party/FreeRTOS/Source/tasks.c **** 			else
3296:Middlewares/Third_Party/FreeRTOS/Source/tasks.c **** 		#endif
3297:Middlewares/Third_Party/FreeRTOS/Source/tasks.c **** 
3298:Middlewares/Third_Party/FreeRTOS/Source/tasks.c **** 		#if ( INCLUDE_vTaskSuspend == 1 )
3299:Middlewares/Third_Party/FreeRTOS/Source/tasks.c **** 			if( *pxTicksToWait == portMAX_DELAY )
3300:Middlewares/Third_Party/FreeRTOS/Source/tasks.c **** 			{
3301:Middlewares/Third_Party/FreeRTOS/Source/tasks.c **** 				/* If INCLUDE_vTaskSuspend is set to 1 and the block time
3302:Middlewares/Third_Party/FreeRTOS/Source/tasks.c **** 				specified is the maximum block time then the task should block
3303:Middlewares/Third_Party/FreeRTOS/Source/tasks.c **** 				indefinitely, and therefore never time out. */
3304:Middlewares/Third_Party/FreeRTOS/Source/tasks.c **** 				xReturn = pdFALSE;
3305:Middlewares/Third_Party/FreeRTOS/Source/tasks.c **** 			}
3306:Middlewares/Third_Party/FreeRTOS/Source/tasks.c **** 			else
3307:Middlewares/Third_Party/FreeRTOS/Source/tasks.c **** 		#endif
3308:Middlewares/Third_Party/FreeRTOS/Source/tasks.c **** 
3309:Middlewares/Third_Party/FreeRTOS/Source/tasks.c **** 		if( ( xNumOfOverflows != pxTimeOut->xOverflowCount ) && ( xConstTickCount >= pxTimeOut->xTimeOnEn
3310:Middlewares/Third_Party/FreeRTOS/Source/tasks.c **** 		{
3311:Middlewares/Third_Party/FreeRTOS/Source/tasks.c **** 			/* The tick count is greater than the time at which
3312:Middlewares/Third_Party/FreeRTOS/Source/tasks.c **** 			vTaskSetTimeout() was called, but has also overflowed since
3313:Middlewares/Third_Party/FreeRTOS/Source/tasks.c **** 			vTaskSetTimeOut() was called.  It must have wrapped all the way
3314:Middlewares/Third_Party/FreeRTOS/Source/tasks.c **** 			around and gone past again. This passed since vTaskSetTimeout()
3315:Middlewares/Third_Party/FreeRTOS/Source/tasks.c **** 			was called. */
3316:Middlewares/Third_Party/FreeRTOS/Source/tasks.c **** 			xReturn = pdTRUE;
3317:Middlewares/Third_Party/FreeRTOS/Source/tasks.c **** 		}
3318:Middlewares/Third_Party/FreeRTOS/Source/tasks.c **** 		else if( xElapsedTime < *pxTicksToWait ) /*lint !e961 Explicit casting is only redundant with som
3319:Middlewares/Third_Party/FreeRTOS/Source/tasks.c **** 		{
3320:Middlewares/Third_Party/FreeRTOS/Source/tasks.c **** 			/* Not a genuine timeout. Adjust parameters for time remaining. */
3321:Middlewares/Third_Party/FreeRTOS/Source/tasks.c **** 			*pxTicksToWait -= xElapsedTime;
3322:Middlewares/Third_Party/FreeRTOS/Source/tasks.c **** 			vTaskInternalSetTimeOutState( pxTimeOut );
ARM GAS  /tmp/ccbSDz7D.s 			page 65


3323:Middlewares/Third_Party/FreeRTOS/Source/tasks.c **** 			xReturn = pdFALSE;
3324:Middlewares/Third_Party/FreeRTOS/Source/tasks.c **** 		}
3325:Middlewares/Third_Party/FreeRTOS/Source/tasks.c **** 		else
3326:Middlewares/Third_Party/FreeRTOS/Source/tasks.c **** 		{
3327:Middlewares/Third_Party/FreeRTOS/Source/tasks.c **** 			*pxTicksToWait = 0;
3328:Middlewares/Third_Party/FreeRTOS/Source/tasks.c **** 			xReturn = pdTRUE;
3329:Middlewares/Third_Party/FreeRTOS/Source/tasks.c **** 		}
3330:Middlewares/Third_Party/FreeRTOS/Source/tasks.c **** 	}
3331:Middlewares/Third_Party/FreeRTOS/Source/tasks.c **** 	taskEXIT_CRITICAL();
3332:Middlewares/Third_Party/FreeRTOS/Source/tasks.c **** 
3333:Middlewares/Third_Party/FreeRTOS/Source/tasks.c **** 	return xReturn;
3334:Middlewares/Third_Party/FreeRTOS/Source/tasks.c **** }
3335:Middlewares/Third_Party/FreeRTOS/Source/tasks.c **** /*-----------------------------------------------------------*/
3336:Middlewares/Third_Party/FreeRTOS/Source/tasks.c **** 
3337:Middlewares/Third_Party/FreeRTOS/Source/tasks.c **** void vTaskMissedYield( void )
3338:Middlewares/Third_Party/FreeRTOS/Source/tasks.c **** {
3339:Middlewares/Third_Party/FreeRTOS/Source/tasks.c **** 	xYieldPending = pdTRUE;
3340:Middlewares/Third_Party/FreeRTOS/Source/tasks.c **** }
3341:Middlewares/Third_Party/FreeRTOS/Source/tasks.c **** /*-----------------------------------------------------------*/
3342:Middlewares/Third_Party/FreeRTOS/Source/tasks.c **** 
3343:Middlewares/Third_Party/FreeRTOS/Source/tasks.c **** #if ( configUSE_TRACE_FACILITY == 1 )
3344:Middlewares/Third_Party/FreeRTOS/Source/tasks.c **** 
3345:Middlewares/Third_Party/FreeRTOS/Source/tasks.c **** 	UBaseType_t uxTaskGetTaskNumber( TaskHandle_t xTask )
3346:Middlewares/Third_Party/FreeRTOS/Source/tasks.c **** 	{
3347:Middlewares/Third_Party/FreeRTOS/Source/tasks.c **** 	UBaseType_t uxReturn;
3348:Middlewares/Third_Party/FreeRTOS/Source/tasks.c **** 	TCB_t const *pxTCB;
3349:Middlewares/Third_Party/FreeRTOS/Source/tasks.c **** 
3350:Middlewares/Third_Party/FreeRTOS/Source/tasks.c **** 		if( xTask != NULL )
3351:Middlewares/Third_Party/FreeRTOS/Source/tasks.c **** 		{
3352:Middlewares/Third_Party/FreeRTOS/Source/tasks.c **** 			pxTCB = xTask;
3353:Middlewares/Third_Party/FreeRTOS/Source/tasks.c **** 			uxReturn = pxTCB->uxTaskNumber;
3354:Middlewares/Third_Party/FreeRTOS/Source/tasks.c **** 		}
3355:Middlewares/Third_Party/FreeRTOS/Source/tasks.c **** 		else
3356:Middlewares/Third_Party/FreeRTOS/Source/tasks.c **** 		{
3357:Middlewares/Third_Party/FreeRTOS/Source/tasks.c **** 			uxReturn = 0U;
3358:Middlewares/Third_Party/FreeRTOS/Source/tasks.c **** 		}
3359:Middlewares/Third_Party/FreeRTOS/Source/tasks.c **** 
3360:Middlewares/Third_Party/FreeRTOS/Source/tasks.c **** 		return uxReturn;
3361:Middlewares/Third_Party/FreeRTOS/Source/tasks.c **** 	}
3362:Middlewares/Third_Party/FreeRTOS/Source/tasks.c **** 
3363:Middlewares/Third_Party/FreeRTOS/Source/tasks.c **** #endif /* configUSE_TRACE_FACILITY */
3364:Middlewares/Third_Party/FreeRTOS/Source/tasks.c **** /*-----------------------------------------------------------*/
3365:Middlewares/Third_Party/FreeRTOS/Source/tasks.c **** 
3366:Middlewares/Third_Party/FreeRTOS/Source/tasks.c **** #if ( configUSE_TRACE_FACILITY == 1 )
3367:Middlewares/Third_Party/FreeRTOS/Source/tasks.c **** 
3368:Middlewares/Third_Party/FreeRTOS/Source/tasks.c **** 	void vTaskSetTaskNumber( TaskHandle_t xTask, const UBaseType_t uxHandle )
3369:Middlewares/Third_Party/FreeRTOS/Source/tasks.c **** 	{
3370:Middlewares/Third_Party/FreeRTOS/Source/tasks.c **** 	TCB_t * pxTCB;
3371:Middlewares/Third_Party/FreeRTOS/Source/tasks.c **** 
3372:Middlewares/Third_Party/FreeRTOS/Source/tasks.c **** 		if( xTask != NULL )
3373:Middlewares/Third_Party/FreeRTOS/Source/tasks.c **** 		{
3374:Middlewares/Third_Party/FreeRTOS/Source/tasks.c **** 			pxTCB = xTask;
3375:Middlewares/Third_Party/FreeRTOS/Source/tasks.c **** 			pxTCB->uxTaskNumber = uxHandle;
3376:Middlewares/Third_Party/FreeRTOS/Source/tasks.c **** 		}
3377:Middlewares/Third_Party/FreeRTOS/Source/tasks.c **** 	}
3378:Middlewares/Third_Party/FreeRTOS/Source/tasks.c **** 
3379:Middlewares/Third_Party/FreeRTOS/Source/tasks.c **** #endif /* configUSE_TRACE_FACILITY */
ARM GAS  /tmp/ccbSDz7D.s 			page 66


3380:Middlewares/Third_Party/FreeRTOS/Source/tasks.c **** 
3381:Middlewares/Third_Party/FreeRTOS/Source/tasks.c **** /*
3382:Middlewares/Third_Party/FreeRTOS/Source/tasks.c ****  * -----------------------------------------------------------
3383:Middlewares/Third_Party/FreeRTOS/Source/tasks.c ****  * The Idle task.
3384:Middlewares/Third_Party/FreeRTOS/Source/tasks.c ****  * ----------------------------------------------------------
3385:Middlewares/Third_Party/FreeRTOS/Source/tasks.c ****  *
3386:Middlewares/Third_Party/FreeRTOS/Source/tasks.c ****  * The portTASK_FUNCTION() macro is used to allow port/compiler specific
3387:Middlewares/Third_Party/FreeRTOS/Source/tasks.c ****  * language extensions.  The equivalent prototype for this function is:
3388:Middlewares/Third_Party/FreeRTOS/Source/tasks.c ****  *
3389:Middlewares/Third_Party/FreeRTOS/Source/tasks.c ****  * void prvIdleTask( void *pvParameters );
3390:Middlewares/Third_Party/FreeRTOS/Source/tasks.c ****  *
3391:Middlewares/Third_Party/FreeRTOS/Source/tasks.c ****  */
3392:Middlewares/Third_Party/FreeRTOS/Source/tasks.c **** static portTASK_FUNCTION( prvIdleTask, pvParameters )
3393:Middlewares/Third_Party/FreeRTOS/Source/tasks.c **** {
3394:Middlewares/Third_Party/FreeRTOS/Source/tasks.c **** 	/* Stop warnings. */
3395:Middlewares/Third_Party/FreeRTOS/Source/tasks.c **** 	( void ) pvParameters;
3396:Middlewares/Third_Party/FreeRTOS/Source/tasks.c **** 
3397:Middlewares/Third_Party/FreeRTOS/Source/tasks.c **** 	/** THIS IS THE RTOS IDLE TASK - WHICH IS CREATED AUTOMATICALLY WHEN THE
3398:Middlewares/Third_Party/FreeRTOS/Source/tasks.c **** 	SCHEDULER IS STARTED. **/
3399:Middlewares/Third_Party/FreeRTOS/Source/tasks.c **** 
3400:Middlewares/Third_Party/FreeRTOS/Source/tasks.c **** 	/* In case a task that has a secure context deletes itself, in which case
3401:Middlewares/Third_Party/FreeRTOS/Source/tasks.c **** 	the idle task is responsible for deleting the task's secure context, if
3402:Middlewares/Third_Party/FreeRTOS/Source/tasks.c **** 	any. */
3403:Middlewares/Third_Party/FreeRTOS/Source/tasks.c **** 	portALLOCATE_SECURE_CONTEXT( configMINIMAL_SECURE_STACK_SIZE );
3404:Middlewares/Third_Party/FreeRTOS/Source/tasks.c **** 
3405:Middlewares/Third_Party/FreeRTOS/Source/tasks.c **** 	for( ;; )
3406:Middlewares/Third_Party/FreeRTOS/Source/tasks.c **** 	{
3407:Middlewares/Third_Party/FreeRTOS/Source/tasks.c **** 		/* See if any tasks have deleted themselves - if so then the idle task
3408:Middlewares/Third_Party/FreeRTOS/Source/tasks.c **** 		is responsible for freeing the deleted task's TCB and stack. */
3409:Middlewares/Third_Party/FreeRTOS/Source/tasks.c **** 		prvCheckTasksWaitingTermination();
3410:Middlewares/Third_Party/FreeRTOS/Source/tasks.c **** 
3411:Middlewares/Third_Party/FreeRTOS/Source/tasks.c **** 		#if ( configUSE_PREEMPTION == 0 )
3412:Middlewares/Third_Party/FreeRTOS/Source/tasks.c **** 		{
3413:Middlewares/Third_Party/FreeRTOS/Source/tasks.c **** 			/* If we are not using preemption we keep forcing a task switch to
3414:Middlewares/Third_Party/FreeRTOS/Source/tasks.c **** 			see if any other task has become available.  If we are using
3415:Middlewares/Third_Party/FreeRTOS/Source/tasks.c **** 			preemption we don't need to do this as any task becoming available
3416:Middlewares/Third_Party/FreeRTOS/Source/tasks.c **** 			will automatically get the processor anyway. */
3417:Middlewares/Third_Party/FreeRTOS/Source/tasks.c **** 			taskYIELD();
3418:Middlewares/Third_Party/FreeRTOS/Source/tasks.c **** 		}
3419:Middlewares/Third_Party/FreeRTOS/Source/tasks.c **** 		#endif /* configUSE_PREEMPTION */
3420:Middlewares/Third_Party/FreeRTOS/Source/tasks.c **** 
3421:Middlewares/Third_Party/FreeRTOS/Source/tasks.c **** 		#if ( ( configUSE_PREEMPTION == 1 ) && ( configIDLE_SHOULD_YIELD == 1 ) )
3422:Middlewares/Third_Party/FreeRTOS/Source/tasks.c **** 		{
3423:Middlewares/Third_Party/FreeRTOS/Source/tasks.c **** 			/* When using preemption tasks of equal priority will be
3424:Middlewares/Third_Party/FreeRTOS/Source/tasks.c **** 			timesliced.  If a task that is sharing the idle priority is ready
3425:Middlewares/Third_Party/FreeRTOS/Source/tasks.c **** 			to run then the idle task should yield before the end of the
3426:Middlewares/Third_Party/FreeRTOS/Source/tasks.c **** 			timeslice.
3427:Middlewares/Third_Party/FreeRTOS/Source/tasks.c **** 
3428:Middlewares/Third_Party/FreeRTOS/Source/tasks.c **** 			A critical region is not required here as we are just reading from
3429:Middlewares/Third_Party/FreeRTOS/Source/tasks.c **** 			the list, and an occasional incorrect value will not matter.  If
3430:Middlewares/Third_Party/FreeRTOS/Source/tasks.c **** 			the ready list at the idle priority contains more than one task
3431:Middlewares/Third_Party/FreeRTOS/Source/tasks.c **** 			then a task other than the idle task is ready to execute. */
3432:Middlewares/Third_Party/FreeRTOS/Source/tasks.c **** 			if( listCURRENT_LIST_LENGTH( &( pxReadyTasksLists[ tskIDLE_PRIORITY ] ) ) > ( UBaseType_t ) 1 )
3433:Middlewares/Third_Party/FreeRTOS/Source/tasks.c **** 			{
3434:Middlewares/Third_Party/FreeRTOS/Source/tasks.c **** 				taskYIELD();
3435:Middlewares/Third_Party/FreeRTOS/Source/tasks.c **** 			}
3436:Middlewares/Third_Party/FreeRTOS/Source/tasks.c **** 			else
ARM GAS  /tmp/ccbSDz7D.s 			page 67


3437:Middlewares/Third_Party/FreeRTOS/Source/tasks.c **** 			{
3438:Middlewares/Third_Party/FreeRTOS/Source/tasks.c **** 				mtCOVERAGE_TEST_MARKER();
3439:Middlewares/Third_Party/FreeRTOS/Source/tasks.c **** 			}
3440:Middlewares/Third_Party/FreeRTOS/Source/tasks.c **** 		}
3441:Middlewares/Third_Party/FreeRTOS/Source/tasks.c **** 		#endif /* ( ( configUSE_PREEMPTION == 1 ) && ( configIDLE_SHOULD_YIELD == 1 ) ) */
3442:Middlewares/Third_Party/FreeRTOS/Source/tasks.c **** 
3443:Middlewares/Third_Party/FreeRTOS/Source/tasks.c **** 		#if ( configUSE_IDLE_HOOK == 1 )
3444:Middlewares/Third_Party/FreeRTOS/Source/tasks.c **** 		{
3445:Middlewares/Third_Party/FreeRTOS/Source/tasks.c **** 			extern void vApplicationIdleHook( void );
3446:Middlewares/Third_Party/FreeRTOS/Source/tasks.c **** 
3447:Middlewares/Third_Party/FreeRTOS/Source/tasks.c **** 			/* Call the user defined function from within the idle task.  This
3448:Middlewares/Third_Party/FreeRTOS/Source/tasks.c **** 			allows the application designer to add background functionality
3449:Middlewares/Third_Party/FreeRTOS/Source/tasks.c **** 			without the overhead of a separate task.
3450:Middlewares/Third_Party/FreeRTOS/Source/tasks.c **** 			NOTE: vApplicationIdleHook() MUST NOT, UNDER ANY CIRCUMSTANCES,
3451:Middlewares/Third_Party/FreeRTOS/Source/tasks.c **** 			CALL A FUNCTION THAT MIGHT BLOCK. */
3452:Middlewares/Third_Party/FreeRTOS/Source/tasks.c **** 			vApplicationIdleHook();
3453:Middlewares/Third_Party/FreeRTOS/Source/tasks.c **** 		}
3454:Middlewares/Third_Party/FreeRTOS/Source/tasks.c **** 		#endif /* configUSE_IDLE_HOOK */
3455:Middlewares/Third_Party/FreeRTOS/Source/tasks.c **** 
3456:Middlewares/Third_Party/FreeRTOS/Source/tasks.c **** 		/* This conditional compilation should use inequality to 0, not equality
3457:Middlewares/Third_Party/FreeRTOS/Source/tasks.c **** 		to 1.  This is to ensure portSUPPRESS_TICKS_AND_SLEEP() is called when
3458:Middlewares/Third_Party/FreeRTOS/Source/tasks.c **** 		user defined low power mode	implementations require
3459:Middlewares/Third_Party/FreeRTOS/Source/tasks.c **** 		configUSE_TICKLESS_IDLE to be set to a value other than 1. */
3460:Middlewares/Third_Party/FreeRTOS/Source/tasks.c **** 		#if ( configUSE_TICKLESS_IDLE != 0 )
3461:Middlewares/Third_Party/FreeRTOS/Source/tasks.c **** 		{
3462:Middlewares/Third_Party/FreeRTOS/Source/tasks.c **** 		TickType_t xExpectedIdleTime;
3463:Middlewares/Third_Party/FreeRTOS/Source/tasks.c **** 
3464:Middlewares/Third_Party/FreeRTOS/Source/tasks.c **** 			/* It is not desirable to suspend then resume the scheduler on
3465:Middlewares/Third_Party/FreeRTOS/Source/tasks.c **** 			each iteration of the idle task.  Therefore, a preliminary
3466:Middlewares/Third_Party/FreeRTOS/Source/tasks.c **** 			test of the expected idle time is performed without the
3467:Middlewares/Third_Party/FreeRTOS/Source/tasks.c **** 			scheduler suspended.  The result here is not necessarily
3468:Middlewares/Third_Party/FreeRTOS/Source/tasks.c **** 			valid. */
3469:Middlewares/Third_Party/FreeRTOS/Source/tasks.c **** 			xExpectedIdleTime = prvGetExpectedIdleTime();
3470:Middlewares/Third_Party/FreeRTOS/Source/tasks.c **** 
3471:Middlewares/Third_Party/FreeRTOS/Source/tasks.c **** 			if( xExpectedIdleTime >= configEXPECTED_IDLE_TIME_BEFORE_SLEEP )
3472:Middlewares/Third_Party/FreeRTOS/Source/tasks.c **** 			{
3473:Middlewares/Third_Party/FreeRTOS/Source/tasks.c **** 				vTaskSuspendAll();
3474:Middlewares/Third_Party/FreeRTOS/Source/tasks.c **** 				{
3475:Middlewares/Third_Party/FreeRTOS/Source/tasks.c **** 					/* Now the scheduler is suspended, the expected idle
3476:Middlewares/Third_Party/FreeRTOS/Source/tasks.c **** 					time can be sampled again, and this time its value can
3477:Middlewares/Third_Party/FreeRTOS/Source/tasks.c **** 					be used. */
3478:Middlewares/Third_Party/FreeRTOS/Source/tasks.c **** 					configASSERT( xNextTaskUnblockTime >= xTickCount );
3479:Middlewares/Third_Party/FreeRTOS/Source/tasks.c **** 					xExpectedIdleTime = prvGetExpectedIdleTime();
3480:Middlewares/Third_Party/FreeRTOS/Source/tasks.c **** 
3481:Middlewares/Third_Party/FreeRTOS/Source/tasks.c **** 					/* Define the following macro to set xExpectedIdleTime to 0
3482:Middlewares/Third_Party/FreeRTOS/Source/tasks.c **** 					if the application does not want
3483:Middlewares/Third_Party/FreeRTOS/Source/tasks.c **** 					portSUPPRESS_TICKS_AND_SLEEP() to be called. */
3484:Middlewares/Third_Party/FreeRTOS/Source/tasks.c **** 					configPRE_SUPPRESS_TICKS_AND_SLEEP_PROCESSING( xExpectedIdleTime );
3485:Middlewares/Third_Party/FreeRTOS/Source/tasks.c **** 
3486:Middlewares/Third_Party/FreeRTOS/Source/tasks.c **** 					if( xExpectedIdleTime >= configEXPECTED_IDLE_TIME_BEFORE_SLEEP )
3487:Middlewares/Third_Party/FreeRTOS/Source/tasks.c **** 					{
3488:Middlewares/Third_Party/FreeRTOS/Source/tasks.c **** 						traceLOW_POWER_IDLE_BEGIN();
3489:Middlewares/Third_Party/FreeRTOS/Source/tasks.c **** 						portSUPPRESS_TICKS_AND_SLEEP( xExpectedIdleTime );
3490:Middlewares/Third_Party/FreeRTOS/Source/tasks.c **** 						traceLOW_POWER_IDLE_END();
3491:Middlewares/Third_Party/FreeRTOS/Source/tasks.c **** 					}
3492:Middlewares/Third_Party/FreeRTOS/Source/tasks.c **** 					else
3493:Middlewares/Third_Party/FreeRTOS/Source/tasks.c **** 					{
ARM GAS  /tmp/ccbSDz7D.s 			page 68


3494:Middlewares/Third_Party/FreeRTOS/Source/tasks.c **** 						mtCOVERAGE_TEST_MARKER();
3495:Middlewares/Third_Party/FreeRTOS/Source/tasks.c **** 					}
3496:Middlewares/Third_Party/FreeRTOS/Source/tasks.c **** 				}
3497:Middlewares/Third_Party/FreeRTOS/Source/tasks.c **** 				( void ) xTaskResumeAll();
3498:Middlewares/Third_Party/FreeRTOS/Source/tasks.c **** 			}
3499:Middlewares/Third_Party/FreeRTOS/Source/tasks.c **** 			else
3500:Middlewares/Third_Party/FreeRTOS/Source/tasks.c **** 			{
3501:Middlewares/Third_Party/FreeRTOS/Source/tasks.c **** 				mtCOVERAGE_TEST_MARKER();
3502:Middlewares/Third_Party/FreeRTOS/Source/tasks.c **** 			}
3503:Middlewares/Third_Party/FreeRTOS/Source/tasks.c **** 		}
3504:Middlewares/Third_Party/FreeRTOS/Source/tasks.c **** 		#endif /* configUSE_TICKLESS_IDLE */
3505:Middlewares/Third_Party/FreeRTOS/Source/tasks.c **** 	}
3506:Middlewares/Third_Party/FreeRTOS/Source/tasks.c **** }
3507:Middlewares/Third_Party/FreeRTOS/Source/tasks.c **** /*-----------------------------------------------------------*/
3508:Middlewares/Third_Party/FreeRTOS/Source/tasks.c **** 
3509:Middlewares/Third_Party/FreeRTOS/Source/tasks.c **** #if( configUSE_TICKLESS_IDLE != 0 )
3510:Middlewares/Third_Party/FreeRTOS/Source/tasks.c **** 
3511:Middlewares/Third_Party/FreeRTOS/Source/tasks.c **** 	eSleepModeStatus eTaskConfirmSleepModeStatus( void )
3512:Middlewares/Third_Party/FreeRTOS/Source/tasks.c **** 	{
3513:Middlewares/Third_Party/FreeRTOS/Source/tasks.c **** 	/* The idle task exists in addition to the application tasks. */
3514:Middlewares/Third_Party/FreeRTOS/Source/tasks.c **** 	const UBaseType_t uxNonApplicationTasks = 1;
3515:Middlewares/Third_Party/FreeRTOS/Source/tasks.c **** 	eSleepModeStatus eReturn = eStandardSleep;
3516:Middlewares/Third_Party/FreeRTOS/Source/tasks.c **** 
3517:Middlewares/Third_Party/FreeRTOS/Source/tasks.c **** 		/* This function must be called from a critical section. */
3518:Middlewares/Third_Party/FreeRTOS/Source/tasks.c **** 
3519:Middlewares/Third_Party/FreeRTOS/Source/tasks.c **** 		if( listCURRENT_LIST_LENGTH( &xPendingReadyList ) != 0 )
3520:Middlewares/Third_Party/FreeRTOS/Source/tasks.c **** 		{
3521:Middlewares/Third_Party/FreeRTOS/Source/tasks.c **** 			/* A task was made ready while the scheduler was suspended. */
3522:Middlewares/Third_Party/FreeRTOS/Source/tasks.c **** 			eReturn = eAbortSleep;
3523:Middlewares/Third_Party/FreeRTOS/Source/tasks.c **** 		}
3524:Middlewares/Third_Party/FreeRTOS/Source/tasks.c **** 		else if( xYieldPending != pdFALSE )
3525:Middlewares/Third_Party/FreeRTOS/Source/tasks.c **** 		{
3526:Middlewares/Third_Party/FreeRTOS/Source/tasks.c **** 			/* A yield was pended while the scheduler was suspended. */
3527:Middlewares/Third_Party/FreeRTOS/Source/tasks.c **** 			eReturn = eAbortSleep;
3528:Middlewares/Third_Party/FreeRTOS/Source/tasks.c **** 		}
3529:Middlewares/Third_Party/FreeRTOS/Source/tasks.c **** 		else
3530:Middlewares/Third_Party/FreeRTOS/Source/tasks.c **** 		{
3531:Middlewares/Third_Party/FreeRTOS/Source/tasks.c **** 			/* If all the tasks are in the suspended list (which might mean they
3532:Middlewares/Third_Party/FreeRTOS/Source/tasks.c **** 			have an infinite block time rather than actually being suspended)
3533:Middlewares/Third_Party/FreeRTOS/Source/tasks.c **** 			then it is safe to turn all clocks off and just wait for external
3534:Middlewares/Third_Party/FreeRTOS/Source/tasks.c **** 			interrupts. */
3535:Middlewares/Third_Party/FreeRTOS/Source/tasks.c **** 			if( listCURRENT_LIST_LENGTH( &xSuspendedTaskList ) == ( uxCurrentNumberOfTasks - uxNonApplicatio
3536:Middlewares/Third_Party/FreeRTOS/Source/tasks.c **** 			{
3537:Middlewares/Third_Party/FreeRTOS/Source/tasks.c **** 				eReturn = eNoTasksWaitingTimeout;
3538:Middlewares/Third_Party/FreeRTOS/Source/tasks.c **** 			}
3539:Middlewares/Third_Party/FreeRTOS/Source/tasks.c **** 			else
3540:Middlewares/Third_Party/FreeRTOS/Source/tasks.c **** 			{
3541:Middlewares/Third_Party/FreeRTOS/Source/tasks.c **** 				mtCOVERAGE_TEST_MARKER();
3542:Middlewares/Third_Party/FreeRTOS/Source/tasks.c **** 			}
3543:Middlewares/Third_Party/FreeRTOS/Source/tasks.c **** 		}
3544:Middlewares/Third_Party/FreeRTOS/Source/tasks.c **** 
3545:Middlewares/Third_Party/FreeRTOS/Source/tasks.c **** 		return eReturn;
3546:Middlewares/Third_Party/FreeRTOS/Source/tasks.c **** 	}
3547:Middlewares/Third_Party/FreeRTOS/Source/tasks.c **** 
3548:Middlewares/Third_Party/FreeRTOS/Source/tasks.c **** #endif /* configUSE_TICKLESS_IDLE */
3549:Middlewares/Third_Party/FreeRTOS/Source/tasks.c **** /*-----------------------------------------------------------*/
3550:Middlewares/Third_Party/FreeRTOS/Source/tasks.c **** 
ARM GAS  /tmp/ccbSDz7D.s 			page 69


3551:Middlewares/Third_Party/FreeRTOS/Source/tasks.c **** #if ( configNUM_THREAD_LOCAL_STORAGE_POINTERS != 0 )
3552:Middlewares/Third_Party/FreeRTOS/Source/tasks.c **** 
3553:Middlewares/Third_Party/FreeRTOS/Source/tasks.c **** 	void vTaskSetThreadLocalStoragePointer( TaskHandle_t xTaskToSet, BaseType_t xIndex, void *pvValue 
3554:Middlewares/Third_Party/FreeRTOS/Source/tasks.c **** 	{
3555:Middlewares/Third_Party/FreeRTOS/Source/tasks.c **** 	TCB_t *pxTCB;
3556:Middlewares/Third_Party/FreeRTOS/Source/tasks.c **** 
3557:Middlewares/Third_Party/FreeRTOS/Source/tasks.c **** 		if( xIndex < configNUM_THREAD_LOCAL_STORAGE_POINTERS )
3558:Middlewares/Third_Party/FreeRTOS/Source/tasks.c **** 		{
3559:Middlewares/Third_Party/FreeRTOS/Source/tasks.c **** 			pxTCB = prvGetTCBFromHandle( xTaskToSet );
3560:Middlewares/Third_Party/FreeRTOS/Source/tasks.c **** 			configASSERT( pxTCB != NULL );
3561:Middlewares/Third_Party/FreeRTOS/Source/tasks.c **** 			pxTCB->pvThreadLocalStoragePointers[ xIndex ] = pvValue;
3562:Middlewares/Third_Party/FreeRTOS/Source/tasks.c **** 		}
3563:Middlewares/Third_Party/FreeRTOS/Source/tasks.c **** 	}
3564:Middlewares/Third_Party/FreeRTOS/Source/tasks.c **** 
3565:Middlewares/Third_Party/FreeRTOS/Source/tasks.c **** #endif /* configNUM_THREAD_LOCAL_STORAGE_POINTERS */
3566:Middlewares/Third_Party/FreeRTOS/Source/tasks.c **** /*-----------------------------------------------------------*/
3567:Middlewares/Third_Party/FreeRTOS/Source/tasks.c **** 
3568:Middlewares/Third_Party/FreeRTOS/Source/tasks.c **** #if ( configNUM_THREAD_LOCAL_STORAGE_POINTERS != 0 )
3569:Middlewares/Third_Party/FreeRTOS/Source/tasks.c **** 
3570:Middlewares/Third_Party/FreeRTOS/Source/tasks.c **** 	void *pvTaskGetThreadLocalStoragePointer( TaskHandle_t xTaskToQuery, BaseType_t xIndex )
3571:Middlewares/Third_Party/FreeRTOS/Source/tasks.c **** 	{
3572:Middlewares/Third_Party/FreeRTOS/Source/tasks.c **** 	void *pvReturn = NULL;
3573:Middlewares/Third_Party/FreeRTOS/Source/tasks.c **** 	TCB_t *pxTCB;
3574:Middlewares/Third_Party/FreeRTOS/Source/tasks.c **** 
3575:Middlewares/Third_Party/FreeRTOS/Source/tasks.c **** 		if( xIndex < configNUM_THREAD_LOCAL_STORAGE_POINTERS )
3576:Middlewares/Third_Party/FreeRTOS/Source/tasks.c **** 		{
3577:Middlewares/Third_Party/FreeRTOS/Source/tasks.c **** 			pxTCB = prvGetTCBFromHandle( xTaskToQuery );
3578:Middlewares/Third_Party/FreeRTOS/Source/tasks.c **** 			pvReturn = pxTCB->pvThreadLocalStoragePointers[ xIndex ];
3579:Middlewares/Third_Party/FreeRTOS/Source/tasks.c **** 		}
3580:Middlewares/Third_Party/FreeRTOS/Source/tasks.c **** 		else
3581:Middlewares/Third_Party/FreeRTOS/Source/tasks.c **** 		{
3582:Middlewares/Third_Party/FreeRTOS/Source/tasks.c **** 			pvReturn = NULL;
3583:Middlewares/Third_Party/FreeRTOS/Source/tasks.c **** 		}
3584:Middlewares/Third_Party/FreeRTOS/Source/tasks.c **** 
3585:Middlewares/Third_Party/FreeRTOS/Source/tasks.c **** 		return pvReturn;
3586:Middlewares/Third_Party/FreeRTOS/Source/tasks.c **** 	}
3587:Middlewares/Third_Party/FreeRTOS/Source/tasks.c **** 
3588:Middlewares/Third_Party/FreeRTOS/Source/tasks.c **** #endif /* configNUM_THREAD_LOCAL_STORAGE_POINTERS */
3589:Middlewares/Third_Party/FreeRTOS/Source/tasks.c **** /*-----------------------------------------------------------*/
3590:Middlewares/Third_Party/FreeRTOS/Source/tasks.c **** 
3591:Middlewares/Third_Party/FreeRTOS/Source/tasks.c **** #if ( portUSING_MPU_WRAPPERS == 1 )
3592:Middlewares/Third_Party/FreeRTOS/Source/tasks.c **** 
3593:Middlewares/Third_Party/FreeRTOS/Source/tasks.c **** 	void vTaskAllocateMPURegions( TaskHandle_t xTaskToModify, const MemoryRegion_t * const xRegions )
3594:Middlewares/Third_Party/FreeRTOS/Source/tasks.c **** 	{
3595:Middlewares/Third_Party/FreeRTOS/Source/tasks.c **** 	TCB_t *pxTCB;
3596:Middlewares/Third_Party/FreeRTOS/Source/tasks.c **** 
3597:Middlewares/Third_Party/FreeRTOS/Source/tasks.c **** 		/* If null is passed in here then we are modifying the MPU settings of
3598:Middlewares/Third_Party/FreeRTOS/Source/tasks.c **** 		the calling task. */
3599:Middlewares/Third_Party/FreeRTOS/Source/tasks.c **** 		pxTCB = prvGetTCBFromHandle( xTaskToModify );
3600:Middlewares/Third_Party/FreeRTOS/Source/tasks.c **** 
3601:Middlewares/Third_Party/FreeRTOS/Source/tasks.c **** 		vPortStoreTaskMPUSettings( &( pxTCB->xMPUSettings ), xRegions, NULL, 0 );
3602:Middlewares/Third_Party/FreeRTOS/Source/tasks.c **** 	}
3603:Middlewares/Third_Party/FreeRTOS/Source/tasks.c **** 
3604:Middlewares/Third_Party/FreeRTOS/Source/tasks.c **** #endif /* portUSING_MPU_WRAPPERS */
3605:Middlewares/Third_Party/FreeRTOS/Source/tasks.c **** /*-----------------------------------------------------------*/
3606:Middlewares/Third_Party/FreeRTOS/Source/tasks.c **** 
3607:Middlewares/Third_Party/FreeRTOS/Source/tasks.c **** static void prvInitialiseTaskLists( void )
ARM GAS  /tmp/ccbSDz7D.s 			page 70


3608:Middlewares/Third_Party/FreeRTOS/Source/tasks.c **** {
3609:Middlewares/Third_Party/FreeRTOS/Source/tasks.c **** UBaseType_t uxPriority;
3610:Middlewares/Third_Party/FreeRTOS/Source/tasks.c **** 
3611:Middlewares/Third_Party/FreeRTOS/Source/tasks.c **** 	for( uxPriority = ( UBaseType_t ) 0U; uxPriority < ( UBaseType_t ) configMAX_PRIORITIES; uxPriorit
3612:Middlewares/Third_Party/FreeRTOS/Source/tasks.c **** 	{
3613:Middlewares/Third_Party/FreeRTOS/Source/tasks.c **** 		vListInitialise( &( pxReadyTasksLists[ uxPriority ] ) );
3614:Middlewares/Third_Party/FreeRTOS/Source/tasks.c **** 	}
3615:Middlewares/Third_Party/FreeRTOS/Source/tasks.c **** 
3616:Middlewares/Third_Party/FreeRTOS/Source/tasks.c **** 	vListInitialise( &xDelayedTaskList1 );
3617:Middlewares/Third_Party/FreeRTOS/Source/tasks.c **** 	vListInitialise( &xDelayedTaskList2 );
3618:Middlewares/Third_Party/FreeRTOS/Source/tasks.c **** 	vListInitialise( &xPendingReadyList );
3619:Middlewares/Third_Party/FreeRTOS/Source/tasks.c **** 
3620:Middlewares/Third_Party/FreeRTOS/Source/tasks.c **** 	#if ( INCLUDE_vTaskDelete == 1 )
3621:Middlewares/Third_Party/FreeRTOS/Source/tasks.c **** 	{
3622:Middlewares/Third_Party/FreeRTOS/Source/tasks.c **** 		vListInitialise( &xTasksWaitingTermination );
3623:Middlewares/Third_Party/FreeRTOS/Source/tasks.c **** 	}
3624:Middlewares/Third_Party/FreeRTOS/Source/tasks.c **** 	#endif /* INCLUDE_vTaskDelete */
3625:Middlewares/Third_Party/FreeRTOS/Source/tasks.c **** 
3626:Middlewares/Third_Party/FreeRTOS/Source/tasks.c **** 	#if ( INCLUDE_vTaskSuspend == 1 )
3627:Middlewares/Third_Party/FreeRTOS/Source/tasks.c **** 	{
3628:Middlewares/Third_Party/FreeRTOS/Source/tasks.c **** 		vListInitialise( &xSuspendedTaskList );
3629:Middlewares/Third_Party/FreeRTOS/Source/tasks.c **** 	}
3630:Middlewares/Third_Party/FreeRTOS/Source/tasks.c **** 	#endif /* INCLUDE_vTaskSuspend */
3631:Middlewares/Third_Party/FreeRTOS/Source/tasks.c **** 
3632:Middlewares/Third_Party/FreeRTOS/Source/tasks.c **** 	/* Start with pxDelayedTaskList using list1 and the pxOverflowDelayedTaskList
3633:Middlewares/Third_Party/FreeRTOS/Source/tasks.c **** 	using list2. */
3634:Middlewares/Third_Party/FreeRTOS/Source/tasks.c **** 	pxDelayedTaskList = &xDelayedTaskList1;
3635:Middlewares/Third_Party/FreeRTOS/Source/tasks.c **** 	pxOverflowDelayedTaskList = &xDelayedTaskList2;
3636:Middlewares/Third_Party/FreeRTOS/Source/tasks.c **** }
3637:Middlewares/Third_Party/FreeRTOS/Source/tasks.c **** /*-----------------------------------------------------------*/
3638:Middlewares/Third_Party/FreeRTOS/Source/tasks.c **** 
3639:Middlewares/Third_Party/FreeRTOS/Source/tasks.c **** static void prvCheckTasksWaitingTermination( void )
3640:Middlewares/Third_Party/FreeRTOS/Source/tasks.c **** {
3641:Middlewares/Third_Party/FreeRTOS/Source/tasks.c **** 
3642:Middlewares/Third_Party/FreeRTOS/Source/tasks.c **** 	/** THIS FUNCTION IS CALLED FROM THE RTOS IDLE TASK **/
3643:Middlewares/Third_Party/FreeRTOS/Source/tasks.c **** 
3644:Middlewares/Third_Party/FreeRTOS/Source/tasks.c **** 	#if ( INCLUDE_vTaskDelete == 1 )
3645:Middlewares/Third_Party/FreeRTOS/Source/tasks.c **** 	{
3646:Middlewares/Third_Party/FreeRTOS/Source/tasks.c **** 		TCB_t *pxTCB;
3647:Middlewares/Third_Party/FreeRTOS/Source/tasks.c **** 
3648:Middlewares/Third_Party/FreeRTOS/Source/tasks.c **** 		/* uxDeletedTasksWaitingCleanUp is used to prevent taskENTER_CRITICAL()
3649:Middlewares/Third_Party/FreeRTOS/Source/tasks.c **** 		being called too often in the idle task. */
3650:Middlewares/Third_Party/FreeRTOS/Source/tasks.c **** 		while( uxDeletedTasksWaitingCleanUp > ( UBaseType_t ) 0U )
3651:Middlewares/Third_Party/FreeRTOS/Source/tasks.c **** 		{
3652:Middlewares/Third_Party/FreeRTOS/Source/tasks.c **** 			taskENTER_CRITICAL();
3653:Middlewares/Third_Party/FreeRTOS/Source/tasks.c **** 			{
3654:Middlewares/Third_Party/FreeRTOS/Source/tasks.c **** 				pxTCB = listGET_OWNER_OF_HEAD_ENTRY( ( &xTasksWaitingTermination ) ); /*lint !e9079 void * is u
3655:Middlewares/Third_Party/FreeRTOS/Source/tasks.c **** 				( void ) uxListRemove( &( pxTCB->xStateListItem ) );
3656:Middlewares/Third_Party/FreeRTOS/Source/tasks.c **** 				--uxCurrentNumberOfTasks;
3657:Middlewares/Third_Party/FreeRTOS/Source/tasks.c **** 				--uxDeletedTasksWaitingCleanUp;
3658:Middlewares/Third_Party/FreeRTOS/Source/tasks.c **** 			}
3659:Middlewares/Third_Party/FreeRTOS/Source/tasks.c **** 			taskEXIT_CRITICAL();
3660:Middlewares/Third_Party/FreeRTOS/Source/tasks.c **** 
3661:Middlewares/Third_Party/FreeRTOS/Source/tasks.c **** 			prvDeleteTCB( pxTCB );
3662:Middlewares/Third_Party/FreeRTOS/Source/tasks.c **** 		}
3663:Middlewares/Third_Party/FreeRTOS/Source/tasks.c **** 	}
3664:Middlewares/Third_Party/FreeRTOS/Source/tasks.c **** 	#endif /* INCLUDE_vTaskDelete */
ARM GAS  /tmp/ccbSDz7D.s 			page 71


3665:Middlewares/Third_Party/FreeRTOS/Source/tasks.c **** }
3666:Middlewares/Third_Party/FreeRTOS/Source/tasks.c **** /*-----------------------------------------------------------*/
3667:Middlewares/Third_Party/FreeRTOS/Source/tasks.c **** 
3668:Middlewares/Third_Party/FreeRTOS/Source/tasks.c **** #if( configUSE_TRACE_FACILITY == 1 )
3669:Middlewares/Third_Party/FreeRTOS/Source/tasks.c **** 
3670:Middlewares/Third_Party/FreeRTOS/Source/tasks.c **** 	void vTaskGetInfo( TaskHandle_t xTask, TaskStatus_t *pxTaskStatus, BaseType_t xGetFreeStackSpace, 
3671:Middlewares/Third_Party/FreeRTOS/Source/tasks.c **** 	{
3672:Middlewares/Third_Party/FreeRTOS/Source/tasks.c **** 	TCB_t *pxTCB;
3673:Middlewares/Third_Party/FreeRTOS/Source/tasks.c **** 
3674:Middlewares/Third_Party/FreeRTOS/Source/tasks.c **** 		/* xTask is NULL then get the state of the calling task. */
3675:Middlewares/Third_Party/FreeRTOS/Source/tasks.c **** 		pxTCB = prvGetTCBFromHandle( xTask );
3676:Middlewares/Third_Party/FreeRTOS/Source/tasks.c **** 
3677:Middlewares/Third_Party/FreeRTOS/Source/tasks.c **** 		pxTaskStatus->xHandle = ( TaskHandle_t ) pxTCB;
3678:Middlewares/Third_Party/FreeRTOS/Source/tasks.c **** 		pxTaskStatus->pcTaskName = ( const char * ) &( pxTCB->pcTaskName [ 0 ] );
3679:Middlewares/Third_Party/FreeRTOS/Source/tasks.c **** 		pxTaskStatus->uxCurrentPriority = pxTCB->uxPriority;
3680:Middlewares/Third_Party/FreeRTOS/Source/tasks.c **** 		pxTaskStatus->pxStackBase = pxTCB->pxStack;
3681:Middlewares/Third_Party/FreeRTOS/Source/tasks.c **** 		pxTaskStatus->xTaskNumber = pxTCB->uxTCBNumber;
3682:Middlewares/Third_Party/FreeRTOS/Source/tasks.c **** 
3683:Middlewares/Third_Party/FreeRTOS/Source/tasks.c **** 		#if ( configUSE_MUTEXES == 1 )
3684:Middlewares/Third_Party/FreeRTOS/Source/tasks.c **** 		{
3685:Middlewares/Third_Party/FreeRTOS/Source/tasks.c **** 			pxTaskStatus->uxBasePriority = pxTCB->uxBasePriority;
3686:Middlewares/Third_Party/FreeRTOS/Source/tasks.c **** 		}
3687:Middlewares/Third_Party/FreeRTOS/Source/tasks.c **** 		#else
3688:Middlewares/Third_Party/FreeRTOS/Source/tasks.c **** 		{
3689:Middlewares/Third_Party/FreeRTOS/Source/tasks.c **** 			pxTaskStatus->uxBasePriority = 0;
3690:Middlewares/Third_Party/FreeRTOS/Source/tasks.c **** 		}
3691:Middlewares/Third_Party/FreeRTOS/Source/tasks.c **** 		#endif
3692:Middlewares/Third_Party/FreeRTOS/Source/tasks.c **** 
3693:Middlewares/Third_Party/FreeRTOS/Source/tasks.c **** 		#if ( configGENERATE_RUN_TIME_STATS == 1 )
3694:Middlewares/Third_Party/FreeRTOS/Source/tasks.c **** 		{
3695:Middlewares/Third_Party/FreeRTOS/Source/tasks.c **** 			pxTaskStatus->ulRunTimeCounter = pxTCB->ulRunTimeCounter;
3696:Middlewares/Third_Party/FreeRTOS/Source/tasks.c **** 		}
3697:Middlewares/Third_Party/FreeRTOS/Source/tasks.c **** 		#else
3698:Middlewares/Third_Party/FreeRTOS/Source/tasks.c **** 		{
3699:Middlewares/Third_Party/FreeRTOS/Source/tasks.c **** 			pxTaskStatus->ulRunTimeCounter = 0;
3700:Middlewares/Third_Party/FreeRTOS/Source/tasks.c **** 		}
3701:Middlewares/Third_Party/FreeRTOS/Source/tasks.c **** 		#endif
3702:Middlewares/Third_Party/FreeRTOS/Source/tasks.c **** 
3703:Middlewares/Third_Party/FreeRTOS/Source/tasks.c **** 		/* Obtaining the task state is a little fiddly, so is only done if the
3704:Middlewares/Third_Party/FreeRTOS/Source/tasks.c **** 		value of eState passed into this function is eInvalid - otherwise the
3705:Middlewares/Third_Party/FreeRTOS/Source/tasks.c **** 		state is just set to whatever is passed in. */
3706:Middlewares/Third_Party/FreeRTOS/Source/tasks.c **** 		if( eState != eInvalid )
3707:Middlewares/Third_Party/FreeRTOS/Source/tasks.c **** 		{
3708:Middlewares/Third_Party/FreeRTOS/Source/tasks.c **** 			if( pxTCB == pxCurrentTCB )
3709:Middlewares/Third_Party/FreeRTOS/Source/tasks.c **** 			{
3710:Middlewares/Third_Party/FreeRTOS/Source/tasks.c **** 				pxTaskStatus->eCurrentState = eRunning;
3711:Middlewares/Third_Party/FreeRTOS/Source/tasks.c **** 			}
3712:Middlewares/Third_Party/FreeRTOS/Source/tasks.c **** 			else
3713:Middlewares/Third_Party/FreeRTOS/Source/tasks.c **** 			{
3714:Middlewares/Third_Party/FreeRTOS/Source/tasks.c **** 				pxTaskStatus->eCurrentState = eState;
3715:Middlewares/Third_Party/FreeRTOS/Source/tasks.c **** 
3716:Middlewares/Third_Party/FreeRTOS/Source/tasks.c **** 				#if ( INCLUDE_vTaskSuspend == 1 )
3717:Middlewares/Third_Party/FreeRTOS/Source/tasks.c **** 				{
3718:Middlewares/Third_Party/FreeRTOS/Source/tasks.c **** 					/* If the task is in the suspended list then there is a
3719:Middlewares/Third_Party/FreeRTOS/Source/tasks.c **** 					chance it is actually just blocked indefinitely - so really
3720:Middlewares/Third_Party/FreeRTOS/Source/tasks.c **** 					it should be reported as being in the Blocked state. */
3721:Middlewares/Third_Party/FreeRTOS/Source/tasks.c **** 					if( eState == eSuspended )
ARM GAS  /tmp/ccbSDz7D.s 			page 72


3722:Middlewares/Third_Party/FreeRTOS/Source/tasks.c **** 					{
3723:Middlewares/Third_Party/FreeRTOS/Source/tasks.c **** 						vTaskSuspendAll();
3724:Middlewares/Third_Party/FreeRTOS/Source/tasks.c **** 						{
3725:Middlewares/Third_Party/FreeRTOS/Source/tasks.c **** 							if( listLIST_ITEM_CONTAINER( &( pxTCB->xEventListItem ) ) != NULL )
3726:Middlewares/Third_Party/FreeRTOS/Source/tasks.c **** 							{
3727:Middlewares/Third_Party/FreeRTOS/Source/tasks.c **** 								pxTaskStatus->eCurrentState = eBlocked;
3728:Middlewares/Third_Party/FreeRTOS/Source/tasks.c **** 							}
3729:Middlewares/Third_Party/FreeRTOS/Source/tasks.c **** 						}
3730:Middlewares/Third_Party/FreeRTOS/Source/tasks.c **** 						( void ) xTaskResumeAll();
3731:Middlewares/Third_Party/FreeRTOS/Source/tasks.c **** 					}
3732:Middlewares/Third_Party/FreeRTOS/Source/tasks.c **** 				}
3733:Middlewares/Third_Party/FreeRTOS/Source/tasks.c **** 				#endif /* INCLUDE_vTaskSuspend */
3734:Middlewares/Third_Party/FreeRTOS/Source/tasks.c **** 			}
3735:Middlewares/Third_Party/FreeRTOS/Source/tasks.c **** 		}
3736:Middlewares/Third_Party/FreeRTOS/Source/tasks.c **** 		else
3737:Middlewares/Third_Party/FreeRTOS/Source/tasks.c **** 		{
3738:Middlewares/Third_Party/FreeRTOS/Source/tasks.c **** 			pxTaskStatus->eCurrentState = eTaskGetState( pxTCB );
3739:Middlewares/Third_Party/FreeRTOS/Source/tasks.c **** 		}
3740:Middlewares/Third_Party/FreeRTOS/Source/tasks.c **** 
3741:Middlewares/Third_Party/FreeRTOS/Source/tasks.c **** 		/* Obtaining the stack space takes some time, so the xGetFreeStackSpace
3742:Middlewares/Third_Party/FreeRTOS/Source/tasks.c **** 		parameter is provided to allow it to be skipped. */
3743:Middlewares/Third_Party/FreeRTOS/Source/tasks.c **** 		if( xGetFreeStackSpace != pdFALSE )
3744:Middlewares/Third_Party/FreeRTOS/Source/tasks.c **** 		{
3745:Middlewares/Third_Party/FreeRTOS/Source/tasks.c **** 			#if ( portSTACK_GROWTH > 0 )
3746:Middlewares/Third_Party/FreeRTOS/Source/tasks.c **** 			{
3747:Middlewares/Third_Party/FreeRTOS/Source/tasks.c **** 				pxTaskStatus->usStackHighWaterMark = prvTaskCheckFreeStackSpace( ( uint8_t * ) pxTCB->pxEndOfSt
3748:Middlewares/Third_Party/FreeRTOS/Source/tasks.c **** 			}
3749:Middlewares/Third_Party/FreeRTOS/Source/tasks.c **** 			#else
3750:Middlewares/Third_Party/FreeRTOS/Source/tasks.c **** 			{
3751:Middlewares/Third_Party/FreeRTOS/Source/tasks.c **** 				pxTaskStatus->usStackHighWaterMark = prvTaskCheckFreeStackSpace( ( uint8_t * ) pxTCB->pxStack )
3752:Middlewares/Third_Party/FreeRTOS/Source/tasks.c **** 			}
3753:Middlewares/Third_Party/FreeRTOS/Source/tasks.c **** 			#endif
3754:Middlewares/Third_Party/FreeRTOS/Source/tasks.c **** 		}
3755:Middlewares/Third_Party/FreeRTOS/Source/tasks.c **** 		else
3756:Middlewares/Third_Party/FreeRTOS/Source/tasks.c **** 		{
3757:Middlewares/Third_Party/FreeRTOS/Source/tasks.c **** 			pxTaskStatus->usStackHighWaterMark = 0;
3758:Middlewares/Third_Party/FreeRTOS/Source/tasks.c **** 		}
3759:Middlewares/Third_Party/FreeRTOS/Source/tasks.c **** 	}
3760:Middlewares/Third_Party/FreeRTOS/Source/tasks.c **** 
3761:Middlewares/Third_Party/FreeRTOS/Source/tasks.c **** #endif /* configUSE_TRACE_FACILITY */
3762:Middlewares/Third_Party/FreeRTOS/Source/tasks.c **** /*-----------------------------------------------------------*/
3763:Middlewares/Third_Party/FreeRTOS/Source/tasks.c **** 
3764:Middlewares/Third_Party/FreeRTOS/Source/tasks.c **** #if ( configUSE_TRACE_FACILITY == 1 )
3765:Middlewares/Third_Party/FreeRTOS/Source/tasks.c **** 
3766:Middlewares/Third_Party/FreeRTOS/Source/tasks.c **** 	static UBaseType_t prvListTasksWithinSingleList( TaskStatus_t *pxTaskStatusArray, List_t *pxList, 
3767:Middlewares/Third_Party/FreeRTOS/Source/tasks.c **** 	{
3768:Middlewares/Third_Party/FreeRTOS/Source/tasks.c **** 	configLIST_VOLATILE TCB_t *pxNextTCB, *pxFirstTCB;
3769:Middlewares/Third_Party/FreeRTOS/Source/tasks.c **** 	UBaseType_t uxTask = 0;
3770:Middlewares/Third_Party/FreeRTOS/Source/tasks.c **** 
3771:Middlewares/Third_Party/FreeRTOS/Source/tasks.c **** 		if( listCURRENT_LIST_LENGTH( pxList ) > ( UBaseType_t ) 0 )
3772:Middlewares/Third_Party/FreeRTOS/Source/tasks.c **** 		{
3773:Middlewares/Third_Party/FreeRTOS/Source/tasks.c **** 			listGET_OWNER_OF_NEXT_ENTRY( pxFirstTCB, pxList ); /*lint !e9079 void * is used as this macro is
3774:Middlewares/Third_Party/FreeRTOS/Source/tasks.c **** 
3775:Middlewares/Third_Party/FreeRTOS/Source/tasks.c **** 			/* Populate an TaskStatus_t structure within the
3776:Middlewares/Third_Party/FreeRTOS/Source/tasks.c **** 			pxTaskStatusArray array for each task that is referenced from
3777:Middlewares/Third_Party/FreeRTOS/Source/tasks.c **** 			pxList.  See the definition of TaskStatus_t in task.h for the
3778:Middlewares/Third_Party/FreeRTOS/Source/tasks.c **** 			meaning of each TaskStatus_t structure member. */
ARM GAS  /tmp/ccbSDz7D.s 			page 73


3779:Middlewares/Third_Party/FreeRTOS/Source/tasks.c **** 			do
3780:Middlewares/Third_Party/FreeRTOS/Source/tasks.c **** 			{
3781:Middlewares/Third_Party/FreeRTOS/Source/tasks.c **** 				listGET_OWNER_OF_NEXT_ENTRY( pxNextTCB, pxList ); /*lint !e9079 void * is used as this macro is
3782:Middlewares/Third_Party/FreeRTOS/Source/tasks.c **** 				vTaskGetInfo( ( TaskHandle_t ) pxNextTCB, &( pxTaskStatusArray[ uxTask ] ), pdTRUE, eState );
3783:Middlewares/Third_Party/FreeRTOS/Source/tasks.c **** 				uxTask++;
3784:Middlewares/Third_Party/FreeRTOS/Source/tasks.c **** 			} while( pxNextTCB != pxFirstTCB );
3785:Middlewares/Third_Party/FreeRTOS/Source/tasks.c **** 		}
3786:Middlewares/Third_Party/FreeRTOS/Source/tasks.c **** 		else
3787:Middlewares/Third_Party/FreeRTOS/Source/tasks.c **** 		{
3788:Middlewares/Third_Party/FreeRTOS/Source/tasks.c **** 			mtCOVERAGE_TEST_MARKER();
3789:Middlewares/Third_Party/FreeRTOS/Source/tasks.c **** 		}
3790:Middlewares/Third_Party/FreeRTOS/Source/tasks.c **** 
3791:Middlewares/Third_Party/FreeRTOS/Source/tasks.c **** 		return uxTask;
3792:Middlewares/Third_Party/FreeRTOS/Source/tasks.c **** 	}
3793:Middlewares/Third_Party/FreeRTOS/Source/tasks.c **** 
3794:Middlewares/Third_Party/FreeRTOS/Source/tasks.c **** #endif /* configUSE_TRACE_FACILITY */
3795:Middlewares/Third_Party/FreeRTOS/Source/tasks.c **** /*-----------------------------------------------------------*/
3796:Middlewares/Third_Party/FreeRTOS/Source/tasks.c **** 
3797:Middlewares/Third_Party/FreeRTOS/Source/tasks.c **** #if ( ( configUSE_TRACE_FACILITY == 1 ) || ( INCLUDE_uxTaskGetStackHighWaterMark == 1 ) || ( INCLUD
3798:Middlewares/Third_Party/FreeRTOS/Source/tasks.c **** 
3799:Middlewares/Third_Party/FreeRTOS/Source/tasks.c **** 	static configSTACK_DEPTH_TYPE prvTaskCheckFreeStackSpace( const uint8_t * pucStackByte )
3800:Middlewares/Third_Party/FreeRTOS/Source/tasks.c **** 	{
 126              		.loc 1 3800 2 is_stmt 1 view -0
 127              		.cfi_startproc
 128              		@ args = 0, pretend = 0, frame = 0
 129              		@ frame_needed = 0, uses_anonymous_args = 0
 130              		@ link register save eliminated.
3801:Middlewares/Third_Party/FreeRTOS/Source/tasks.c **** 	uint32_t ulCount = 0U;
 131              		.loc 1 3801 2 view .LVU30
3802:Middlewares/Third_Party/FreeRTOS/Source/tasks.c **** 
3803:Middlewares/Third_Party/FreeRTOS/Source/tasks.c **** 		while( *pucStackByte == ( uint8_t ) tskSTACK_FILL_BYTE )
 132              		.loc 1 3803 3 view .LVU31
3801:Middlewares/Third_Party/FreeRTOS/Source/tasks.c **** 	uint32_t ulCount = 0U;
 133              		.loc 1 3801 11 is_stmt 0 view .LVU32
 134 0000 0023     		movs	r3, #0
 135              		.loc 1 3803 8 view .LVU33
 136 0002 01E0     		b	.L13
 137              	.LVL9:
 138              	.L14:
3804:Middlewares/Third_Party/FreeRTOS/Source/tasks.c **** 		{
3805:Middlewares/Third_Party/FreeRTOS/Source/tasks.c **** 			pucStackByte -= portSTACK_GROWTH;
 139              		.loc 1 3805 4 is_stmt 1 view .LVU34
 140              		.loc 1 3805 17 is_stmt 0 view .LVU35
 141 0004 0130     		adds	r0, r0, #1
 142              	.LVL10:
3806:Middlewares/Third_Party/FreeRTOS/Source/tasks.c **** 			ulCount++;
 143              		.loc 1 3806 4 is_stmt 1 view .LVU36
 144              		.loc 1 3806 11 is_stmt 0 view .LVU37
 145 0006 0133     		adds	r3, r3, #1
 146              	.LVL11:
 147              	.L13:
3803:Middlewares/Third_Party/FreeRTOS/Source/tasks.c **** 		{
 148              		.loc 1 3803 24 is_stmt 1 view .LVU38
3803:Middlewares/Third_Party/FreeRTOS/Source/tasks.c **** 		{
 149              		.loc 1 3803 10 is_stmt 0 view .LVU39
 150 0008 0278     		ldrb	r2, [r0]	@ zero_extendqisi2
3803:Middlewares/Third_Party/FreeRTOS/Source/tasks.c **** 		{
ARM GAS  /tmp/ccbSDz7D.s 			page 74


 151              		.loc 1 3803 24 view .LVU40
 152 000a A52A     		cmp	r2, #165
 153 000c FAD0     		beq	.L14
3807:Middlewares/Third_Party/FreeRTOS/Source/tasks.c **** 		}
3808:Middlewares/Third_Party/FreeRTOS/Source/tasks.c **** 
3809:Middlewares/Third_Party/FreeRTOS/Source/tasks.c **** 		ulCount /= ( uint32_t ) sizeof( StackType_t ); /*lint !e961 Casting is not redundant on smaller a
 154              		.loc 1 3809 3 is_stmt 1 view .LVU41
 155              	.LVL12:
3810:Middlewares/Third_Party/FreeRTOS/Source/tasks.c **** 
3811:Middlewares/Third_Party/FreeRTOS/Source/tasks.c **** 		return ( configSTACK_DEPTH_TYPE ) ulCount;
 156              		.loc 1 3811 3 view .LVU42
3812:Middlewares/Third_Party/FreeRTOS/Source/tasks.c **** 	}
 157              		.loc 1 3812 2 is_stmt 0 view .LVU43
 158 000e C3F38F00 		ubfx	r0, r3, #2, #16
 159              	.LVL13:
 160              		.loc 1 3812 2 view .LVU44
 161 0012 7047     		bx	lr
 162              		.cfi_endproc
 163              	.LFE47:
 165              		.section	.text.prvResetNextTaskUnblockTime,"ax",%progbits
 166              		.align	1
 167              		.syntax unified
 168              		.thumb
 169              		.thumb_func
 171              	prvResetNextTaskUnblockTime:
 172              	.LFB50:
3813:Middlewares/Third_Party/FreeRTOS/Source/tasks.c **** 
3814:Middlewares/Third_Party/FreeRTOS/Source/tasks.c **** #endif /* ( ( configUSE_TRACE_FACILITY == 1 ) || ( INCLUDE_uxTaskGetStackHighWaterMark == 1 ) || ( 
3815:Middlewares/Third_Party/FreeRTOS/Source/tasks.c **** /*-----------------------------------------------------------*/
3816:Middlewares/Third_Party/FreeRTOS/Source/tasks.c **** 
3817:Middlewares/Third_Party/FreeRTOS/Source/tasks.c **** #if ( INCLUDE_uxTaskGetStackHighWaterMark2 == 1 )
3818:Middlewares/Third_Party/FreeRTOS/Source/tasks.c **** 
3819:Middlewares/Third_Party/FreeRTOS/Source/tasks.c **** 	/* uxTaskGetStackHighWaterMark() and uxTaskGetStackHighWaterMark2() are the
3820:Middlewares/Third_Party/FreeRTOS/Source/tasks.c **** 	same except for their return type.  Using configSTACK_DEPTH_TYPE allows the
3821:Middlewares/Third_Party/FreeRTOS/Source/tasks.c **** 	user to determine the return type.  It gets around the problem of the value
3822:Middlewares/Third_Party/FreeRTOS/Source/tasks.c **** 	overflowing on 8-bit types without breaking backward compatibility for
3823:Middlewares/Third_Party/FreeRTOS/Source/tasks.c **** 	applications that expect an 8-bit return type. */
3824:Middlewares/Third_Party/FreeRTOS/Source/tasks.c **** 	configSTACK_DEPTH_TYPE uxTaskGetStackHighWaterMark2( TaskHandle_t xTask )
3825:Middlewares/Third_Party/FreeRTOS/Source/tasks.c **** 	{
3826:Middlewares/Third_Party/FreeRTOS/Source/tasks.c **** 	TCB_t *pxTCB;
3827:Middlewares/Third_Party/FreeRTOS/Source/tasks.c **** 	uint8_t *pucEndOfStack;
3828:Middlewares/Third_Party/FreeRTOS/Source/tasks.c **** 	configSTACK_DEPTH_TYPE uxReturn;
3829:Middlewares/Third_Party/FreeRTOS/Source/tasks.c **** 
3830:Middlewares/Third_Party/FreeRTOS/Source/tasks.c **** 		/* uxTaskGetStackHighWaterMark() and uxTaskGetStackHighWaterMark2() are
3831:Middlewares/Third_Party/FreeRTOS/Source/tasks.c **** 		the same except for their return type.  Using configSTACK_DEPTH_TYPE
3832:Middlewares/Third_Party/FreeRTOS/Source/tasks.c **** 		allows the user to determine the return type.  It gets around the
3833:Middlewares/Third_Party/FreeRTOS/Source/tasks.c **** 		problem of the value overflowing on 8-bit types without breaking
3834:Middlewares/Third_Party/FreeRTOS/Source/tasks.c **** 		backward compatibility for applications that expect an 8-bit return
3835:Middlewares/Third_Party/FreeRTOS/Source/tasks.c **** 		type. */
3836:Middlewares/Third_Party/FreeRTOS/Source/tasks.c **** 
3837:Middlewares/Third_Party/FreeRTOS/Source/tasks.c **** 		pxTCB = prvGetTCBFromHandle( xTask );
3838:Middlewares/Third_Party/FreeRTOS/Source/tasks.c **** 
3839:Middlewares/Third_Party/FreeRTOS/Source/tasks.c **** 		#if portSTACK_GROWTH < 0
3840:Middlewares/Third_Party/FreeRTOS/Source/tasks.c **** 		{
3841:Middlewares/Third_Party/FreeRTOS/Source/tasks.c **** 			pucEndOfStack = ( uint8_t * ) pxTCB->pxStack;
3842:Middlewares/Third_Party/FreeRTOS/Source/tasks.c **** 		}
3843:Middlewares/Third_Party/FreeRTOS/Source/tasks.c **** 		#else
ARM GAS  /tmp/ccbSDz7D.s 			page 75


3844:Middlewares/Third_Party/FreeRTOS/Source/tasks.c **** 		{
3845:Middlewares/Third_Party/FreeRTOS/Source/tasks.c **** 			pucEndOfStack = ( uint8_t * ) pxTCB->pxEndOfStack;
3846:Middlewares/Third_Party/FreeRTOS/Source/tasks.c **** 		}
3847:Middlewares/Third_Party/FreeRTOS/Source/tasks.c **** 		#endif
3848:Middlewares/Third_Party/FreeRTOS/Source/tasks.c **** 
3849:Middlewares/Third_Party/FreeRTOS/Source/tasks.c **** 		uxReturn = prvTaskCheckFreeStackSpace( pucEndOfStack );
3850:Middlewares/Third_Party/FreeRTOS/Source/tasks.c **** 
3851:Middlewares/Third_Party/FreeRTOS/Source/tasks.c **** 		return uxReturn;
3852:Middlewares/Third_Party/FreeRTOS/Source/tasks.c **** 	}
3853:Middlewares/Third_Party/FreeRTOS/Source/tasks.c **** 
3854:Middlewares/Third_Party/FreeRTOS/Source/tasks.c **** #endif /* INCLUDE_uxTaskGetStackHighWaterMark2 */
3855:Middlewares/Third_Party/FreeRTOS/Source/tasks.c **** /*-----------------------------------------------------------*/
3856:Middlewares/Third_Party/FreeRTOS/Source/tasks.c **** 
3857:Middlewares/Third_Party/FreeRTOS/Source/tasks.c **** #if ( INCLUDE_uxTaskGetStackHighWaterMark == 1 )
3858:Middlewares/Third_Party/FreeRTOS/Source/tasks.c **** 
3859:Middlewares/Third_Party/FreeRTOS/Source/tasks.c **** 	UBaseType_t uxTaskGetStackHighWaterMark( TaskHandle_t xTask )
3860:Middlewares/Third_Party/FreeRTOS/Source/tasks.c **** 	{
3861:Middlewares/Third_Party/FreeRTOS/Source/tasks.c **** 	TCB_t *pxTCB;
3862:Middlewares/Third_Party/FreeRTOS/Source/tasks.c **** 	uint8_t *pucEndOfStack;
3863:Middlewares/Third_Party/FreeRTOS/Source/tasks.c **** 	UBaseType_t uxReturn;
3864:Middlewares/Third_Party/FreeRTOS/Source/tasks.c **** 
3865:Middlewares/Third_Party/FreeRTOS/Source/tasks.c **** 		pxTCB = prvGetTCBFromHandle( xTask );
3866:Middlewares/Third_Party/FreeRTOS/Source/tasks.c **** 
3867:Middlewares/Third_Party/FreeRTOS/Source/tasks.c **** 		#if portSTACK_GROWTH < 0
3868:Middlewares/Third_Party/FreeRTOS/Source/tasks.c **** 		{
3869:Middlewares/Third_Party/FreeRTOS/Source/tasks.c **** 			pucEndOfStack = ( uint8_t * ) pxTCB->pxStack;
3870:Middlewares/Third_Party/FreeRTOS/Source/tasks.c **** 		}
3871:Middlewares/Third_Party/FreeRTOS/Source/tasks.c **** 		#else
3872:Middlewares/Third_Party/FreeRTOS/Source/tasks.c **** 		{
3873:Middlewares/Third_Party/FreeRTOS/Source/tasks.c **** 			pucEndOfStack = ( uint8_t * ) pxTCB->pxEndOfStack;
3874:Middlewares/Third_Party/FreeRTOS/Source/tasks.c **** 		}
3875:Middlewares/Third_Party/FreeRTOS/Source/tasks.c **** 		#endif
3876:Middlewares/Third_Party/FreeRTOS/Source/tasks.c **** 
3877:Middlewares/Third_Party/FreeRTOS/Source/tasks.c **** 		uxReturn = ( UBaseType_t ) prvTaskCheckFreeStackSpace( pucEndOfStack );
3878:Middlewares/Third_Party/FreeRTOS/Source/tasks.c **** 
3879:Middlewares/Third_Party/FreeRTOS/Source/tasks.c **** 		return uxReturn;
3880:Middlewares/Third_Party/FreeRTOS/Source/tasks.c **** 	}
3881:Middlewares/Third_Party/FreeRTOS/Source/tasks.c **** 
3882:Middlewares/Third_Party/FreeRTOS/Source/tasks.c **** #endif /* INCLUDE_uxTaskGetStackHighWaterMark */
3883:Middlewares/Third_Party/FreeRTOS/Source/tasks.c **** /*-----------------------------------------------------------*/
3884:Middlewares/Third_Party/FreeRTOS/Source/tasks.c **** 
3885:Middlewares/Third_Party/FreeRTOS/Source/tasks.c **** #if ( INCLUDE_vTaskDelete == 1 )
3886:Middlewares/Third_Party/FreeRTOS/Source/tasks.c **** 
3887:Middlewares/Third_Party/FreeRTOS/Source/tasks.c **** 	static void prvDeleteTCB( TCB_t *pxTCB )
3888:Middlewares/Third_Party/FreeRTOS/Source/tasks.c **** 	{
3889:Middlewares/Third_Party/FreeRTOS/Source/tasks.c **** 		/* This call is required specifically for the TriCore port.  It must be
3890:Middlewares/Third_Party/FreeRTOS/Source/tasks.c **** 		above the vPortFree() calls.  The call is also used by ports/demos that
3891:Middlewares/Third_Party/FreeRTOS/Source/tasks.c **** 		want to allocate and clean RAM statically. */
3892:Middlewares/Third_Party/FreeRTOS/Source/tasks.c **** 		portCLEAN_UP_TCB( pxTCB );
3893:Middlewares/Third_Party/FreeRTOS/Source/tasks.c **** 
3894:Middlewares/Third_Party/FreeRTOS/Source/tasks.c **** 		/* Free up the memory allocated by the scheduler for the task.  It is up
3895:Middlewares/Third_Party/FreeRTOS/Source/tasks.c **** 		to the task to free any memory allocated at the application level.
3896:Middlewares/Third_Party/FreeRTOS/Source/tasks.c **** 		See the third party link http://www.nadler.com/embedded/newlibAndFreeRTOS.html
3897:Middlewares/Third_Party/FreeRTOS/Source/tasks.c **** 		for additional information. */
3898:Middlewares/Third_Party/FreeRTOS/Source/tasks.c **** 		#if ( configUSE_NEWLIB_REENTRANT == 1 )
3899:Middlewares/Third_Party/FreeRTOS/Source/tasks.c **** 		{
3900:Middlewares/Third_Party/FreeRTOS/Source/tasks.c **** 			_reclaim_reent( &( pxTCB->xNewLib_reent ) );
ARM GAS  /tmp/ccbSDz7D.s 			page 76


3901:Middlewares/Third_Party/FreeRTOS/Source/tasks.c **** 		}
3902:Middlewares/Third_Party/FreeRTOS/Source/tasks.c **** 		#endif /* configUSE_NEWLIB_REENTRANT */
3903:Middlewares/Third_Party/FreeRTOS/Source/tasks.c **** 
3904:Middlewares/Third_Party/FreeRTOS/Source/tasks.c **** 		#if( ( configSUPPORT_DYNAMIC_ALLOCATION == 1 ) && ( configSUPPORT_STATIC_ALLOCATION == 0 ) && ( p
3905:Middlewares/Third_Party/FreeRTOS/Source/tasks.c **** 		{
3906:Middlewares/Third_Party/FreeRTOS/Source/tasks.c **** 			/* The task can only have been allocated dynamically - free both
3907:Middlewares/Third_Party/FreeRTOS/Source/tasks.c **** 			the stack and TCB. */
3908:Middlewares/Third_Party/FreeRTOS/Source/tasks.c **** 			vPortFree( pxTCB->pxStack );
3909:Middlewares/Third_Party/FreeRTOS/Source/tasks.c **** 			vPortFree( pxTCB );
3910:Middlewares/Third_Party/FreeRTOS/Source/tasks.c **** 		}
3911:Middlewares/Third_Party/FreeRTOS/Source/tasks.c **** 		#elif( tskSTATIC_AND_DYNAMIC_ALLOCATION_POSSIBLE != 0 ) /*lint !e731 !e9029 Macro has been consol
3912:Middlewares/Third_Party/FreeRTOS/Source/tasks.c **** 		{
3913:Middlewares/Third_Party/FreeRTOS/Source/tasks.c **** 			/* The task could have been allocated statically or dynamically, so
3914:Middlewares/Third_Party/FreeRTOS/Source/tasks.c **** 			check what was statically allocated before trying to free the
3915:Middlewares/Third_Party/FreeRTOS/Source/tasks.c **** 			memory. */
3916:Middlewares/Third_Party/FreeRTOS/Source/tasks.c **** 			if( pxTCB->ucStaticallyAllocated == tskDYNAMICALLY_ALLOCATED_STACK_AND_TCB )
3917:Middlewares/Third_Party/FreeRTOS/Source/tasks.c **** 			{
3918:Middlewares/Third_Party/FreeRTOS/Source/tasks.c **** 				/* Both the stack and TCB were allocated dynamically, so both
3919:Middlewares/Third_Party/FreeRTOS/Source/tasks.c **** 				must be freed. */
3920:Middlewares/Third_Party/FreeRTOS/Source/tasks.c **** 				vPortFree( pxTCB->pxStack );
3921:Middlewares/Third_Party/FreeRTOS/Source/tasks.c **** 				vPortFree( pxTCB );
3922:Middlewares/Third_Party/FreeRTOS/Source/tasks.c **** 			}
3923:Middlewares/Third_Party/FreeRTOS/Source/tasks.c **** 			else if( pxTCB->ucStaticallyAllocated == tskSTATICALLY_ALLOCATED_STACK_ONLY )
3924:Middlewares/Third_Party/FreeRTOS/Source/tasks.c **** 			{
3925:Middlewares/Third_Party/FreeRTOS/Source/tasks.c **** 				/* Only the stack was statically allocated, so the TCB is the
3926:Middlewares/Third_Party/FreeRTOS/Source/tasks.c **** 				only memory that must be freed. */
3927:Middlewares/Third_Party/FreeRTOS/Source/tasks.c **** 				vPortFree( pxTCB );
3928:Middlewares/Third_Party/FreeRTOS/Source/tasks.c **** 			}
3929:Middlewares/Third_Party/FreeRTOS/Source/tasks.c **** 			else
3930:Middlewares/Third_Party/FreeRTOS/Source/tasks.c **** 			{
3931:Middlewares/Third_Party/FreeRTOS/Source/tasks.c **** 				/* Neither the stack nor the TCB were allocated dynamically, so
3932:Middlewares/Third_Party/FreeRTOS/Source/tasks.c **** 				nothing needs to be freed. */
3933:Middlewares/Third_Party/FreeRTOS/Source/tasks.c **** 				configASSERT( pxTCB->ucStaticallyAllocated == tskSTATICALLY_ALLOCATED_STACK_AND_TCB	);
3934:Middlewares/Third_Party/FreeRTOS/Source/tasks.c **** 				mtCOVERAGE_TEST_MARKER();
3935:Middlewares/Third_Party/FreeRTOS/Source/tasks.c **** 			}
3936:Middlewares/Third_Party/FreeRTOS/Source/tasks.c **** 		}
3937:Middlewares/Third_Party/FreeRTOS/Source/tasks.c **** 		#endif /* configSUPPORT_DYNAMIC_ALLOCATION */
3938:Middlewares/Third_Party/FreeRTOS/Source/tasks.c **** 	}
3939:Middlewares/Third_Party/FreeRTOS/Source/tasks.c **** 
3940:Middlewares/Third_Party/FreeRTOS/Source/tasks.c **** #endif /* INCLUDE_vTaskDelete */
3941:Middlewares/Third_Party/FreeRTOS/Source/tasks.c **** /*-----------------------------------------------------------*/
3942:Middlewares/Third_Party/FreeRTOS/Source/tasks.c **** 
3943:Middlewares/Third_Party/FreeRTOS/Source/tasks.c **** static void prvResetNextTaskUnblockTime( void )
3944:Middlewares/Third_Party/FreeRTOS/Source/tasks.c **** {
 173              		.loc 1 3944 1 is_stmt 1 view -0
 174              		.cfi_startproc
 175              		@ args = 0, pretend = 0, frame = 0
 176              		@ frame_needed = 0, uses_anonymous_args = 0
 177              		@ link register save eliminated.
3945:Middlewares/Third_Party/FreeRTOS/Source/tasks.c **** TCB_t *pxTCB;
 178              		.loc 1 3945 1 view .LVU46
3946:Middlewares/Third_Party/FreeRTOS/Source/tasks.c **** 
3947:Middlewares/Third_Party/FreeRTOS/Source/tasks.c **** 	if( listLIST_IS_EMPTY( pxDelayedTaskList ) != pdFALSE )
 179              		.loc 1 3947 2 view .LVU47
 180              		.loc 1 3947 6 is_stmt 0 view .LVU48
 181 0000 084B     		ldr	r3, .L18
 182 0002 1B68     		ldr	r3, [r3]
ARM GAS  /tmp/ccbSDz7D.s 			page 77


 183 0004 1B68     		ldr	r3, [r3]
 184              		.loc 1 3947 4 view .LVU49
 185 0006 23B9     		cbnz	r3, .L16
3948:Middlewares/Third_Party/FreeRTOS/Source/tasks.c **** 	{
3949:Middlewares/Third_Party/FreeRTOS/Source/tasks.c **** 		/* The new current delayed list is empty.  Set xNextTaskUnblockTime to
3950:Middlewares/Third_Party/FreeRTOS/Source/tasks.c **** 		the maximum possible value so it is	extremely unlikely that the
3951:Middlewares/Third_Party/FreeRTOS/Source/tasks.c **** 		if( xTickCount >= xNextTaskUnblockTime ) test will pass until
3952:Middlewares/Third_Party/FreeRTOS/Source/tasks.c **** 		there is an item in the delayed list. */
3953:Middlewares/Third_Party/FreeRTOS/Source/tasks.c **** 		xNextTaskUnblockTime = portMAX_DELAY;
 186              		.loc 1 3953 3 is_stmt 1 view .LVU50
 187              		.loc 1 3953 24 is_stmt 0 view .LVU51
 188 0008 074B     		ldr	r3, .L18+4
 189 000a 4FF0FF32 		mov	r2, #-1
 190 000e 1A60     		str	r2, [r3]
 191 0010 7047     		bx	lr
 192              	.L16:
3954:Middlewares/Third_Party/FreeRTOS/Source/tasks.c **** 	}
3955:Middlewares/Third_Party/FreeRTOS/Source/tasks.c **** 	else
3956:Middlewares/Third_Party/FreeRTOS/Source/tasks.c **** 	{
3957:Middlewares/Third_Party/FreeRTOS/Source/tasks.c **** 		/* The new current delayed list is not empty, get the value of
3958:Middlewares/Third_Party/FreeRTOS/Source/tasks.c **** 		the item at the head of the delayed list.  This is the time at
3959:Middlewares/Third_Party/FreeRTOS/Source/tasks.c **** 		which the task at the head of the delayed list should be removed
3960:Middlewares/Third_Party/FreeRTOS/Source/tasks.c **** 		from the Blocked state. */
3961:Middlewares/Third_Party/FreeRTOS/Source/tasks.c **** 		( pxTCB ) = listGET_OWNER_OF_HEAD_ENTRY( pxDelayedTaskList ); /*lint !e9079 void * is used as thi
 193              		.loc 1 3961 3 is_stmt 1 view .LVU52
 194              		.loc 1 3961 15 is_stmt 0 view .LVU53
 195 0012 044B     		ldr	r3, .L18
 196 0014 1B68     		ldr	r3, [r3]
 197 0016 DB68     		ldr	r3, [r3, #12]
 198              		.loc 1 3961 13 view .LVU54
 199 0018 DB68     		ldr	r3, [r3, #12]
 200              	.LVL14:
3962:Middlewares/Third_Party/FreeRTOS/Source/tasks.c **** 		xNextTaskUnblockTime = listGET_LIST_ITEM_VALUE( &( ( pxTCB )->xStateListItem ) );
 201              		.loc 1 3962 3 is_stmt 1 view .LVU55
 202              		.loc 1 3962 26 is_stmt 0 view .LVU56
 203 001a 5A68     		ldr	r2, [r3, #4]
 204              		.loc 1 3962 24 view .LVU57
 205 001c 024B     		ldr	r3, .L18+4
 206              	.LVL15:
 207              		.loc 1 3962 24 view .LVU58
 208 001e 1A60     		str	r2, [r3]
3963:Middlewares/Third_Party/FreeRTOS/Source/tasks.c **** 	}
3964:Middlewares/Third_Party/FreeRTOS/Source/tasks.c **** }
 209              		.loc 1 3964 1 view .LVU59
 210 0020 7047     		bx	lr
 211              	.L19:
 212 0022 00BF     		.align	2
 213              	.L18:
 214 0024 00000000 		.word	pxDelayedTaskList
 215 0028 00000000 		.word	xNextTaskUnblockTime
 216              		.cfi_endproc
 217              	.LFE50:
 219              		.section	.text.prvInitialiseNewTask,"ax",%progbits
 220              		.align	1
 221              		.syntax unified
 222              		.thumb
 223              		.thumb_func
ARM GAS  /tmp/ccbSDz7D.s 			page 78


 225              	prvInitialiseNewTask:
 226              	.LVL16:
 227              	.LFB6:
 832:Middlewares/Third_Party/FreeRTOS/Source/tasks.c **** StackType_t *pxTopOfStack;
 228              		.loc 1 832 1 is_stmt 1 view -0
 229              		.cfi_startproc
 230              		@ args = 16, pretend = 0, frame = 0
 231              		@ frame_needed = 0, uses_anonymous_args = 0
 832:Middlewares/Third_Party/FreeRTOS/Source/tasks.c **** StackType_t *pxTopOfStack;
 232              		.loc 1 832 1 is_stmt 0 view .LVU61
 233 0000 2DE9F047 		push	{r4, r5, r6, r7, r8, r9, r10, lr}
 234              	.LCFI0:
 235              		.cfi_def_cfa_offset 32
 236              		.cfi_offset 4, -32
 237              		.cfi_offset 5, -28
 238              		.cfi_offset 6, -24
 239              		.cfi_offset 7, -20
 240              		.cfi_offset 8, -16
 241              		.cfi_offset 9, -12
 242              		.cfi_offset 10, -8
 243              		.cfi_offset 14, -4
 244 0004 8046     		mov	r8, r0
 245 0006 0D46     		mov	r5, r1
 246 0008 1746     		mov	r7, r2
 247 000a 9946     		mov	r9, r3
 248 000c 089E     		ldr	r6, [sp, #32]
 249 000e DDF824A0 		ldr	r10, [sp, #36]
 250 0012 0A9C     		ldr	r4, [sp, #40]
 833:Middlewares/Third_Party/FreeRTOS/Source/tasks.c **** UBaseType_t x;
 251              		.loc 1 833 1 is_stmt 1 view .LVU62
 834:Middlewares/Third_Party/FreeRTOS/Source/tasks.c **** 
 252              		.loc 1 834 1 view .LVU63
 854:Middlewares/Third_Party/FreeRTOS/Source/tasks.c **** 	}
 253              		.loc 1 854 3 view .LVU64
 854:Middlewares/Third_Party/FreeRTOS/Source/tasks.c **** 	}
 254              		.loc 1 854 12 is_stmt 0 view .LVU65
 255 0014 9200     		lsls	r2, r2, #2
 256              	.LVL17:
 854:Middlewares/Third_Party/FreeRTOS/Source/tasks.c **** 	}
 257              		.loc 1 854 12 view .LVU66
 258 0016 A521     		movs	r1, #165
 259              	.LVL18:
 854:Middlewares/Third_Party/FreeRTOS/Source/tasks.c **** 	}
 260              		.loc 1 854 12 view .LVU67
 261 0018 206B     		ldr	r0, [r4, #48]
 262              	.LVL19:
 854:Middlewares/Third_Party/FreeRTOS/Source/tasks.c **** 	}
 263              		.loc 1 854 12 view .LVU68
 264 001a FFF7FEFF 		bl	memset
 265              	.LVL20:
 864:Middlewares/Third_Party/FreeRTOS/Source/tasks.c **** 		pxTopOfStack = ( StackType_t * ) ( ( ( portPOINTER_SIZE_TYPE ) pxTopOfStack ) & ( ~( ( portPOINTE
 266              		.loc 1 864 3 is_stmt 1 view .LVU69
 864:Middlewares/Third_Party/FreeRTOS/Source/tasks.c **** 		pxTopOfStack = ( StackType_t * ) ( ( ( portPOINTER_SIZE_TYPE ) pxTopOfStack ) & ( ~( ( portPOINTE
 267              		.loc 1 864 29 is_stmt 0 view .LVU70
 268 001e 236B     		ldr	r3, [r4, #48]
 864:Middlewares/Third_Party/FreeRTOS/Source/tasks.c **** 		pxTopOfStack = ( StackType_t * ) ( ( ( portPOINTER_SIZE_TYPE ) pxTopOfStack ) & ( ~( ( portPOINTE
 269              		.loc 1 864 38 view .LVU71
ARM GAS  /tmp/ccbSDz7D.s 			page 79


 270 0020 07F18042 		add	r2, r7, #1073741824
 271 0024 013A     		subs	r2, r2, #1
 864:Middlewares/Third_Party/FreeRTOS/Source/tasks.c **** 		pxTopOfStack = ( StackType_t * ) ( ( ( portPOINTER_SIZE_TYPE ) pxTopOfStack ) & ( ~( ( portPOINTE
 272              		.loc 1 864 16 view .LVU72
 273 0026 03EB8207 		add	r7, r3, r2, lsl #2
 274              	.LVL21:
 865:Middlewares/Third_Party/FreeRTOS/Source/tasks.c **** 
 275              		.loc 1 865 3 is_stmt 1 view .LVU73
 865:Middlewares/Third_Party/FreeRTOS/Source/tasks.c **** 
 276              		.loc 1 865 81 is_stmt 0 view .LVU74
 277 002a 27F00707 		bic	r7, r7, #7
 278              	.LVL22:
 868:Middlewares/Third_Party/FreeRTOS/Source/tasks.c **** 
 279              		.loc 1 868 3 is_stmt 1 view .LVU75
 868:Middlewares/Third_Party/FreeRTOS/Source/tasks.c **** 
 280              		.loc 1 868 124 view .LVU76
 892:Middlewares/Third_Party/FreeRTOS/Source/tasks.c **** 	{
 281              		.loc 1 892 2 view .LVU77
 892:Middlewares/Third_Party/FreeRTOS/Source/tasks.c **** 	{
 282              		.loc 1 892 4 is_stmt 0 view .LVU78
 283 002e A5B3     		cbz	r5, .L32
 894:Middlewares/Third_Party/FreeRTOS/Source/tasks.c **** 		{
 284              		.loc 1 894 10 view .LVU79
 285 0030 4FF0000C 		mov	ip, #0
 286              	.LVL23:
 287              	.L21:
 894:Middlewares/Third_Party/FreeRTOS/Source/tasks.c **** 		{
 288              		.loc 1 894 33 is_stmt 1 discriminator 1 view .LVU80
 289 0034 BCF10F0F 		cmp	ip, #15
 290 0038 09D8     		bhi	.L23
 896:Middlewares/Third_Party/FreeRTOS/Source/tasks.c **** 
 291              		.loc 1 896 4 view .LVU81
 896:Middlewares/Third_Party/FreeRTOS/Source/tasks.c **** 
 292              		.loc 1 896 38 is_stmt 0 view .LVU82
 293 003a 15F80C30 		ldrb	r3, [r5, ip]	@ zero_extendqisi2
 896:Middlewares/Third_Party/FreeRTOS/Source/tasks.c **** 
 294              		.loc 1 896 30 view .LVU83
 295 003e 04EB0C02 		add	r2, r4, ip
 296 0042 82F83430 		strb	r3, [r2, #52]
 901:Middlewares/Third_Party/FreeRTOS/Source/tasks.c **** 			{
 297              		.loc 1 901 4 is_stmt 1 view .LVU84
 901:Middlewares/Third_Party/FreeRTOS/Source/tasks.c **** 			{
 298              		.loc 1 901 6 is_stmt 0 view .LVU85
 299 0046 13B1     		cbz	r3, .L23
 907:Middlewares/Third_Party/FreeRTOS/Source/tasks.c **** 			}
 300              		.loc 1 907 29 is_stmt 1 view .LVU86
 894:Middlewares/Third_Party/FreeRTOS/Source/tasks.c **** 		{
 301              		.loc 1 894 77 discriminator 2 view .LVU87
 302 0048 0CF1010C 		add	ip, ip, #1
 303              	.LVL24:
 894:Middlewares/Third_Party/FreeRTOS/Source/tasks.c **** 		{
 304              		.loc 1 894 77 is_stmt 0 discriminator 2 view .LVU88
 305 004c F2E7     		b	.L21
 306              	.L23:
 913:Middlewares/Third_Party/FreeRTOS/Source/tasks.c **** 	}
 307              		.loc 1 913 3 is_stmt 1 view .LVU89
 913:Middlewares/Third_Party/FreeRTOS/Source/tasks.c **** 	}
ARM GAS  /tmp/ccbSDz7D.s 			page 80


 308              		.loc 1 913 55 is_stmt 0 view .LVU90
 309 004e 0023     		movs	r3, #0
 310 0050 84F84330 		strb	r3, [r4, #67]
 311              	.LVL25:
 312              	.L25:
 924:Middlewares/Third_Party/FreeRTOS/Source/tasks.c **** 	{
 313              		.loc 1 924 2 is_stmt 1 view .LVU91
 924:Middlewares/Third_Party/FreeRTOS/Source/tasks.c **** 	{
 314              		.loc 1 924 4 is_stmt 0 view .LVU92
 315 0054 372E     		cmp	r6, #55
 316 0056 00D9     		bls	.L26
 926:Middlewares/Third_Party/FreeRTOS/Source/tasks.c **** 	}
 317              		.loc 1 926 14 view .LVU93
 318 0058 3726     		movs	r6, #55
 319              	.L26:
 320              	.LVL26:
 930:Middlewares/Third_Party/FreeRTOS/Source/tasks.c **** 	}
 321              		.loc 1 930 27 is_stmt 1 view .LVU94
 933:Middlewares/Third_Party/FreeRTOS/Source/tasks.c **** 	#if ( configUSE_MUTEXES == 1 )
 322              		.loc 1 933 2 view .LVU95
 933:Middlewares/Third_Party/FreeRTOS/Source/tasks.c **** 	#if ( configUSE_MUTEXES == 1 )
 323              		.loc 1 933 23 is_stmt 0 view .LVU96
 324 005a E662     		str	r6, [r4, #44]
 936:Middlewares/Third_Party/FreeRTOS/Source/tasks.c **** 		pxNewTCB->uxMutexesHeld = 0;
 325              		.loc 1 936 3 is_stmt 1 view .LVU97
 936:Middlewares/Third_Party/FreeRTOS/Source/tasks.c **** 		pxNewTCB->uxMutexesHeld = 0;
 326              		.loc 1 936 28 is_stmt 0 view .LVU98
 327 005c E664     		str	r6, [r4, #76]
 937:Middlewares/Third_Party/FreeRTOS/Source/tasks.c **** 	}
 328              		.loc 1 937 3 is_stmt 1 view .LVU99
 937:Middlewares/Third_Party/FreeRTOS/Source/tasks.c **** 	}
 329              		.loc 1 937 27 is_stmt 0 view .LVU100
 330 005e 0025     		movs	r5, #0
 331              	.LVL27:
 937:Middlewares/Third_Party/FreeRTOS/Source/tasks.c **** 	}
 332              		.loc 1 937 27 view .LVU101
 333 0060 2565     		str	r5, [r4, #80]
 941:Middlewares/Third_Party/FreeRTOS/Source/tasks.c **** 	vListInitialiseItem( &( pxNewTCB->xEventListItem ) );
 334              		.loc 1 941 2 is_stmt 1 view .LVU102
 335 0062 201D     		adds	r0, r4, #4
 336 0064 FFF7FEFF 		bl	vListInitialiseItem
 337              	.LVL28:
 942:Middlewares/Third_Party/FreeRTOS/Source/tasks.c **** 
 338              		.loc 1 942 2 view .LVU103
 339 0068 04F11800 		add	r0, r4, #24
 340 006c FFF7FEFF 		bl	vListInitialiseItem
 341              	.LVL29:
 946:Middlewares/Third_Party/FreeRTOS/Source/tasks.c **** 
 342              		.loc 1 946 2 view .LVU104
 343 0070 2461     		str	r4, [r4, #16]
 949:Middlewares/Third_Party/FreeRTOS/Source/tasks.c **** 	listSET_LIST_ITEM_OWNER( &( pxNewTCB->xEventListItem ), pxNewTCB );
 344              		.loc 1 949 2 view .LVU105
 345 0072 C6F13806 		rsb	r6, r6, #56
 346              	.LVL30:
 949:Middlewares/Third_Party/FreeRTOS/Source/tasks.c **** 	listSET_LIST_ITEM_OWNER( &( pxNewTCB->xEventListItem ), pxNewTCB );
 347              		.loc 1 949 2 is_stmt 0 view .LVU106
 348 0076 A661     		str	r6, [r4, #24]
ARM GAS  /tmp/ccbSDz7D.s 			page 81


 950:Middlewares/Third_Party/FreeRTOS/Source/tasks.c **** 
 349              		.loc 1 950 2 is_stmt 1 view .LVU107
 350 0078 6462     		str	r4, [r4, #36]
 977:Middlewares/Third_Party/FreeRTOS/Source/tasks.c **** 	}
 351              		.loc 1 977 3 view .LVU108
 992:Middlewares/Third_Party/FreeRTOS/Source/tasks.c **** 		pxNewTCB->ucNotifyState = taskNOT_WAITING_NOTIFICATION;
 352              		.loc 1 992 3 view .LVU109
 992:Middlewares/Third_Party/FreeRTOS/Source/tasks.c **** 		pxNewTCB->ucNotifyState = taskNOT_WAITING_NOTIFICATION;
 353              		.loc 1 992 29 is_stmt 0 view .LVU110
 354 007a 6565     		str	r5, [r4, #84]
 993:Middlewares/Third_Party/FreeRTOS/Source/tasks.c **** 	}
 355              		.loc 1 993 3 is_stmt 1 view .LVU111
 993:Middlewares/Third_Party/FreeRTOS/Source/tasks.c **** 	}
 356              		.loc 1 993 27 is_stmt 0 view .LVU112
 357 007c 84F85850 		strb	r5, [r4, #88]
1058:Middlewares/Third_Party/FreeRTOS/Source/tasks.c **** 		}
 358              		.loc 1 1058 4 is_stmt 1 view .LVU113
1058:Middlewares/Third_Party/FreeRTOS/Source/tasks.c **** 		}
 359              		.loc 1 1058 29 is_stmt 0 view .LVU114
 360 0080 4A46     		mov	r2, r9
 361 0082 4146     		mov	r1, r8
 362 0084 3846     		mov	r0, r7
 363 0086 FFF7FEFF 		bl	pxPortInitialiseStack
 364              	.LVL31:
1058:Middlewares/Third_Party/FreeRTOS/Source/tasks.c **** 		}
 365              		.loc 1 1058 27 discriminator 1 view .LVU115
 366 008a 2060     		str	r0, [r4]
1064:Middlewares/Third_Party/FreeRTOS/Source/tasks.c **** 	{
 367              		.loc 1 1064 2 is_stmt 1 view .LVU116
1064:Middlewares/Third_Party/FreeRTOS/Source/tasks.c **** 	{
 368              		.loc 1 1064 4 is_stmt 0 view .LVU117
 369 008c BAF1000F 		cmp	r10, #0
 370 0090 01D0     		beq	.L20
1068:Middlewares/Third_Party/FreeRTOS/Source/tasks.c **** 	}
 371              		.loc 1 1068 3 is_stmt 1 view .LVU118
1068:Middlewares/Third_Party/FreeRTOS/Source/tasks.c **** 	}
 372              		.loc 1 1068 18 is_stmt 0 view .LVU119
 373 0092 CAF80040 		str	r4, [r10]
1072:Middlewares/Third_Party/FreeRTOS/Source/tasks.c **** 	}
 374              		.loc 1 1072 27 is_stmt 1 view .LVU120
 375              	.L20:
1074:Middlewares/Third_Party/FreeRTOS/Source/tasks.c **** /*-----------------------------------------------------------*/
 376              		.loc 1 1074 1 is_stmt 0 view .LVU121
 377 0096 BDE8F087 		pop	{r4, r5, r6, r7, r8, r9, r10, pc}
 378              	.LVL32:
 379              	.L32:
 919:Middlewares/Third_Party/FreeRTOS/Source/tasks.c **** 	}
 380              		.loc 1 919 3 is_stmt 1 view .LVU122
 919:Middlewares/Third_Party/FreeRTOS/Source/tasks.c **** 	}
 381              		.loc 1 919 29 is_stmt 0 view .LVU123
 382 009a 0023     		movs	r3, #0
 383 009c 84F83430 		strb	r3, [r4, #52]
 384 00a0 D8E7     		b	.L25
 385              		.cfi_endproc
 386              	.LFE6:
 388              		.section	.text.prvInitialiseTaskLists,"ax",%progbits
 389              		.align	1
ARM GAS  /tmp/ccbSDz7D.s 			page 82


 390              		.syntax unified
 391              		.thumb
 392              		.thumb_func
 394              	prvInitialiseTaskLists:
 395              	.LFB43:
3608:Middlewares/Third_Party/FreeRTOS/Source/tasks.c **** UBaseType_t uxPriority;
 396              		.loc 1 3608 1 is_stmt 1 view -0
 397              		.cfi_startproc
 398              		@ args = 0, pretend = 0, frame = 0
 399              		@ frame_needed = 0, uses_anonymous_args = 0
 400 0000 38B5     		push	{r3, r4, r5, lr}
 401              	.LCFI1:
 402              		.cfi_def_cfa_offset 16
 403              		.cfi_offset 3, -16
 404              		.cfi_offset 4, -12
 405              		.cfi_offset 5, -8
 406              		.cfi_offset 14, -4
3609:Middlewares/Third_Party/FreeRTOS/Source/tasks.c **** 
 407              		.loc 1 3609 1 view .LVU125
3611:Middlewares/Third_Party/FreeRTOS/Source/tasks.c **** 	{
 408              		.loc 1 3611 2 view .LVU126
 409              	.LVL33:
3611:Middlewares/Third_Party/FreeRTOS/Source/tasks.c **** 	{
 410              		.loc 1 3611 18 is_stmt 0 view .LVU127
 411 0002 0024     		movs	r4, #0
3611:Middlewares/Third_Party/FreeRTOS/Source/tasks.c **** 	{
 412              		.loc 1 3611 2 view .LVU128
 413 0004 07E0     		b	.L34
 414              	.LVL34:
 415              	.L35:
3613:Middlewares/Third_Party/FreeRTOS/Source/tasks.c **** 	}
 416              		.loc 1 3613 3 is_stmt 1 view .LVU129
3613:Middlewares/Third_Party/FreeRTOS/Source/tasks.c **** 	}
 417              		.loc 1 3613 20 is_stmt 0 view .LVU130
 418 0006 04EB8402 		add	r2, r4, r4, lsl #2
 419 000a 9300     		lsls	r3, r2, #2
3613:Middlewares/Third_Party/FreeRTOS/Source/tasks.c **** 	}
 420              		.loc 1 3613 3 view .LVU131
 421 000c 0E48     		ldr	r0, .L37
 422 000e 1844     		add	r0, r0, r3
 423 0010 FFF7FEFF 		bl	vListInitialise
 424              	.LVL35:
3611:Middlewares/Third_Party/FreeRTOS/Source/tasks.c **** 	{
 425              		.loc 1 3611 101 is_stmt 1 discriminator 3 view .LVU132
 426 0014 0134     		adds	r4, r4, #1
 427              	.LVL36:
 428              	.L34:
3611:Middlewares/Third_Party/FreeRTOS/Source/tasks.c **** 	{
 429              		.loc 1 3611 51 discriminator 1 view .LVU133
 430 0016 372C     		cmp	r4, #55
 431 0018 F5D9     		bls	.L35
3616:Middlewares/Third_Party/FreeRTOS/Source/tasks.c **** 	vListInitialise( &xDelayedTaskList2 );
 432              		.loc 1 3616 2 view .LVU134
 433 001a 0C4D     		ldr	r5, .L37+4
 434 001c 2846     		mov	r0, r5
 435 001e FFF7FEFF 		bl	vListInitialise
 436              	.LVL37:
ARM GAS  /tmp/ccbSDz7D.s 			page 83


3617:Middlewares/Third_Party/FreeRTOS/Source/tasks.c **** 	vListInitialise( &xPendingReadyList );
 437              		.loc 1 3617 2 view .LVU135
 438 0022 0B4C     		ldr	r4, .L37+8
 439              	.LVL38:
3617:Middlewares/Third_Party/FreeRTOS/Source/tasks.c **** 	vListInitialise( &xPendingReadyList );
 440              		.loc 1 3617 2 is_stmt 0 view .LVU136
 441 0024 2046     		mov	r0, r4
 442 0026 FFF7FEFF 		bl	vListInitialise
 443              	.LVL39:
3618:Middlewares/Third_Party/FreeRTOS/Source/tasks.c **** 
 444              		.loc 1 3618 2 is_stmt 1 view .LVU137
 445 002a 0A48     		ldr	r0, .L37+12
 446 002c FFF7FEFF 		bl	vListInitialise
 447              	.LVL40:
3622:Middlewares/Third_Party/FreeRTOS/Source/tasks.c **** 	}
 448              		.loc 1 3622 3 view .LVU138
 449 0030 0948     		ldr	r0, .L37+16
 450 0032 FFF7FEFF 		bl	vListInitialise
 451              	.LVL41:
3628:Middlewares/Third_Party/FreeRTOS/Source/tasks.c **** 	}
 452              		.loc 1 3628 3 view .LVU139
 453 0036 0948     		ldr	r0, .L37+20
 454 0038 FFF7FEFF 		bl	vListInitialise
 455              	.LVL42:
3634:Middlewares/Third_Party/FreeRTOS/Source/tasks.c **** 	pxOverflowDelayedTaskList = &xDelayedTaskList2;
 456              		.loc 1 3634 2 view .LVU140
3634:Middlewares/Third_Party/FreeRTOS/Source/tasks.c **** 	pxOverflowDelayedTaskList = &xDelayedTaskList2;
 457              		.loc 1 3634 20 is_stmt 0 view .LVU141
 458 003c 084B     		ldr	r3, .L37+24
 459 003e 1D60     		str	r5, [r3]
3635:Middlewares/Third_Party/FreeRTOS/Source/tasks.c **** }
 460              		.loc 1 3635 2 is_stmt 1 view .LVU142
3635:Middlewares/Third_Party/FreeRTOS/Source/tasks.c **** }
 461              		.loc 1 3635 28 is_stmt 0 view .LVU143
 462 0040 084B     		ldr	r3, .L37+28
 463 0042 1C60     		str	r4, [r3]
3636:Middlewares/Third_Party/FreeRTOS/Source/tasks.c **** /*-----------------------------------------------------------*/
 464              		.loc 1 3636 1 view .LVU144
 465 0044 38BD     		pop	{r3, r4, r5, pc}
 466              	.L38:
 467 0046 00BF     		.align	2
 468              	.L37:
 469 0048 00000000 		.word	pxReadyTasksLists
 470 004c 00000000 		.word	xDelayedTaskList1
 471 0050 00000000 		.word	xDelayedTaskList2
 472 0054 00000000 		.word	xPendingReadyList
 473 0058 00000000 		.word	xTasksWaitingTermination
 474 005c 00000000 		.word	xSuspendedTaskList
 475 0060 00000000 		.word	pxDelayedTaskList
 476 0064 00000000 		.word	pxOverflowDelayedTaskList
 477              		.cfi_endproc
 478              	.LFE43:
 480              		.section	.text.prvAddNewTaskToReadyList,"ax",%progbits
 481              		.align	1
 482              		.syntax unified
 483              		.thumb
 484              		.thumb_func
ARM GAS  /tmp/ccbSDz7D.s 			page 84


 486              	prvAddNewTaskToReadyList:
 487              	.LVL43:
 488              	.LFB7:
1078:Middlewares/Third_Party/FreeRTOS/Source/tasks.c **** 	/* Ensure interrupts don't access the task lists while the lists are being
 489              		.loc 1 1078 1 is_stmt 1 view -0
 490              		.cfi_startproc
 491              		@ args = 0, pretend = 0, frame = 0
 492              		@ frame_needed = 0, uses_anonymous_args = 0
1078:Middlewares/Third_Party/FreeRTOS/Source/tasks.c **** 	/* Ensure interrupts don't access the task lists while the lists are being
 493              		.loc 1 1078 1 is_stmt 0 view .LVU146
 494 0000 10B5     		push	{r4, lr}
 495              	.LCFI2:
 496              		.cfi_def_cfa_offset 8
 497              		.cfi_offset 4, -8
 498              		.cfi_offset 14, -4
 499 0002 0446     		mov	r4, r0
1081:Middlewares/Third_Party/FreeRTOS/Source/tasks.c **** 	{
 500              		.loc 1 1081 2 is_stmt 1 view .LVU147
 501 0004 FFF7FEFF 		bl	vPortEnterCritical
 502              	.LVL44:
1083:Middlewares/Third_Party/FreeRTOS/Source/tasks.c **** 		if( pxCurrentTCB == NULL )
 503              		.loc 1 1083 3 view .LVU148
1083:Middlewares/Third_Party/FreeRTOS/Source/tasks.c **** 		if( pxCurrentTCB == NULL )
 504              		.loc 1 1083 25 is_stmt 0 view .LVU149
 505 0008 224A     		ldr	r2, .L47
 506 000a 1368     		ldr	r3, [r2]
 507 000c 0133     		adds	r3, r3, #1
 508 000e 1360     		str	r3, [r2]
1084:Middlewares/Third_Party/FreeRTOS/Source/tasks.c **** 		{
 509              		.loc 1 1084 3 is_stmt 1 view .LVU150
1084:Middlewares/Third_Party/FreeRTOS/Source/tasks.c **** 		{
 510              		.loc 1 1084 20 is_stmt 0 view .LVU151
 511 0010 214B     		ldr	r3, .L47+4
 512 0012 1B68     		ldr	r3, [r3]
1084:Middlewares/Third_Party/FreeRTOS/Source/tasks.c **** 		{
 513              		.loc 1 1084 5 view .LVU152
 514 0014 5BB1     		cbz	r3, .L45
1107:Middlewares/Third_Party/FreeRTOS/Source/tasks.c **** 			{
 515              		.loc 1 1107 4 is_stmt 1 view .LVU153
1107:Middlewares/Third_Party/FreeRTOS/Source/tasks.c **** 			{
 516              		.loc 1 1107 26 is_stmt 0 view .LVU154
 517 0016 214B     		ldr	r3, .L47+8
 518 0018 1B68     		ldr	r3, [r3]
1107:Middlewares/Third_Party/FreeRTOS/Source/tasks.c **** 			{
 519              		.loc 1 1107 6 view .LVU155
 520 001a 6BB9     		cbnz	r3, .L41
1109:Middlewares/Third_Party/FreeRTOS/Source/tasks.c **** 				{
 521              		.loc 1 1109 5 is_stmt 1 view .LVU156
1109:Middlewares/Third_Party/FreeRTOS/Source/tasks.c **** 				{
 522              		.loc 1 1109 21 is_stmt 0 view .LVU157
 523 001c 1E4B     		ldr	r3, .L47+4
 524 001e 1B68     		ldr	r3, [r3]
 525 0020 DA6A     		ldr	r2, [r3, #44]
1109:Middlewares/Third_Party/FreeRTOS/Source/tasks.c **** 				{
 526              		.loc 1 1109 45 view .LVU158
 527 0022 E36A     		ldr	r3, [r4, #44]
1109:Middlewares/Third_Party/FreeRTOS/Source/tasks.c **** 				{
ARM GAS  /tmp/ccbSDz7D.s 			page 85


 528              		.loc 1 1109 7 view .LVU159
 529 0024 9A42     		cmp	r2, r3
 530 0026 07D8     		bhi	.L41
1111:Middlewares/Third_Party/FreeRTOS/Source/tasks.c **** 				}
 531              		.loc 1 1111 6 is_stmt 1 view .LVU160
1111:Middlewares/Third_Party/FreeRTOS/Source/tasks.c **** 				}
 532              		.loc 1 1111 19 is_stmt 0 view .LVU161
 533 0028 1B4B     		ldr	r3, .L47+4
 534 002a 1C60     		str	r4, [r3]
 535 002c 04E0     		b	.L41
 536              	.L45:
1088:Middlewares/Third_Party/FreeRTOS/Source/tasks.c **** 
 537              		.loc 1 1088 4 is_stmt 1 view .LVU162
1088:Middlewares/Third_Party/FreeRTOS/Source/tasks.c **** 
 538              		.loc 1 1088 17 is_stmt 0 view .LVU163
 539 002e 1A4B     		ldr	r3, .L47+4
 540 0030 1C60     		str	r4, [r3]
1090:Middlewares/Third_Party/FreeRTOS/Source/tasks.c **** 			{
 541              		.loc 1 1090 4 is_stmt 1 view .LVU164
1090:Middlewares/Third_Party/FreeRTOS/Source/tasks.c **** 			{
 542              		.loc 1 1090 31 is_stmt 0 view .LVU165
 543 0032 1368     		ldr	r3, [r2]
1090:Middlewares/Third_Party/FreeRTOS/Source/tasks.c **** 			{
 544              		.loc 1 1090 6 view .LVU166
 545 0034 012B     		cmp	r3, #1
 546 0036 29D0     		beq	.L46
 547              	.L41:
1120:Middlewares/Third_Party/FreeRTOS/Source/tasks.c **** 			}
 548              		.loc 1 1120 29 is_stmt 1 view .LVU167
1124:Middlewares/Third_Party/FreeRTOS/Source/tasks.c **** 
 549              		.loc 1 1124 3 view .LVU168
1124:Middlewares/Third_Party/FreeRTOS/Source/tasks.c **** 
 550              		.loc 1 1124 15 is_stmt 0 view .LVU169
 551 0038 194A     		ldr	r2, .L47+12
 552 003a 1368     		ldr	r3, [r2]
 553 003c 0133     		adds	r3, r3, #1
 554 003e 1360     		str	r3, [r2]
1129:Middlewares/Third_Party/FreeRTOS/Source/tasks.c **** 		}
 555              		.loc 1 1129 4 is_stmt 1 view .LVU170
1129:Middlewares/Third_Party/FreeRTOS/Source/tasks.c **** 		}
 556              		.loc 1 1129 26 is_stmt 0 view .LVU171
 557 0040 6364     		str	r3, [r4, #68]
1132:Middlewares/Third_Party/FreeRTOS/Source/tasks.c **** 
 558              		.loc 1 1132 31 is_stmt 1 view .LVU172
1134:Middlewares/Third_Party/FreeRTOS/Source/tasks.c **** 
 559              		.loc 1 1134 3 view .LVU173
1134:Middlewares/Third_Party/FreeRTOS/Source/tasks.c **** 
 560              		.loc 1 1134 3 view .LVU174
 561 0042 E06A     		ldr	r0, [r4, #44]
 562 0044 174B     		ldr	r3, .L47+16
 563 0046 1B68     		ldr	r3, [r3]
 564 0048 9842     		cmp	r0, r3
 565 004a 01D9     		bls	.L42
1134:Middlewares/Third_Party/FreeRTOS/Source/tasks.c **** 
 566              		.loc 1 1134 3 discriminator 1 view .LVU175
 567 004c 154B     		ldr	r3, .L47+16
 568 004e 1860     		str	r0, [r3]
ARM GAS  /tmp/ccbSDz7D.s 			page 86


 569              	.L42:
1134:Middlewares/Third_Party/FreeRTOS/Source/tasks.c **** 
 570              		.loc 1 1134 3 discriminator 3 view .LVU176
1134:Middlewares/Third_Party/FreeRTOS/Source/tasks.c **** 
 571              		.loc 1 1134 3 discriminator 3 view .LVU177
 572 0050 00EB8000 		add	r0, r0, r0, lsl #2
 573 0054 211D     		adds	r1, r4, #4
 574 0056 144B     		ldr	r3, .L47+20
 575 0058 03EB8000 		add	r0, r3, r0, lsl #2
 576 005c FFF7FEFF 		bl	vListInsertEnd
 577              	.LVL45:
1134:Middlewares/Third_Party/FreeRTOS/Source/tasks.c **** 
 578              		.loc 1 1134 36 discriminator 1 view .LVU178
1136:Middlewares/Third_Party/FreeRTOS/Source/tasks.c **** 	}
 579              		.loc 1 1136 3 view .LVU179
1138:Middlewares/Third_Party/FreeRTOS/Source/tasks.c **** 
 580              		.loc 1 1138 2 view .LVU180
 581 0060 FFF7FEFF 		bl	vPortExitCritical
 582              	.LVL46:
1140:Middlewares/Third_Party/FreeRTOS/Source/tasks.c **** 	{
 583              		.loc 1 1140 2 view .LVU181
1140:Middlewares/Third_Party/FreeRTOS/Source/tasks.c **** 	{
 584              		.loc 1 1140 24 is_stmt 0 view .LVU182
 585 0064 0D4B     		ldr	r3, .L47+8
 586 0066 1B68     		ldr	r3, [r3]
1140:Middlewares/Third_Party/FreeRTOS/Source/tasks.c **** 	{
 587              		.loc 1 1140 4 view .LVU183
 588 0068 7BB1     		cbz	r3, .L39
1144:Middlewares/Third_Party/FreeRTOS/Source/tasks.c **** 		{
 589              		.loc 1 1144 3 is_stmt 1 view .LVU184
1144:Middlewares/Third_Party/FreeRTOS/Source/tasks.c **** 		{
 590              		.loc 1 1144 19 is_stmt 0 view .LVU185
 591 006a 0B4B     		ldr	r3, .L47+4
 592 006c 1B68     		ldr	r3, [r3]
 593 006e DA6A     		ldr	r2, [r3, #44]
1144:Middlewares/Third_Party/FreeRTOS/Source/tasks.c **** 		{
 594              		.loc 1 1144 42 view .LVU186
 595 0070 E36A     		ldr	r3, [r4, #44]
1144:Middlewares/Third_Party/FreeRTOS/Source/tasks.c **** 		{
 596              		.loc 1 1144 5 view .LVU187
 597 0072 9A42     		cmp	r2, r3
 598 0074 09D2     		bcs	.L39
1146:Middlewares/Third_Party/FreeRTOS/Source/tasks.c **** 		}
 599              		.loc 1 1146 4 is_stmt 1 view .LVU188
 600 0076 4FF0E023 		mov	r3, #-536813568
 601 007a 4FF08052 		mov	r2, #268435456
 602 007e C3F8042D 		str	r2, [r3, #3332]
1146:Middlewares/Third_Party/FreeRTOS/Source/tasks.c **** 		}
 603              		.loc 1 1146 4 view .LVU189
 604              		.syntax unified
 605              	@ 1146 "Middlewares/Third_Party/FreeRTOS/Source/tasks.c" 1
 606 0082 BFF34F8F 		dsb
 607              	@ 0 "" 2
1146:Middlewares/Third_Party/FreeRTOS/Source/tasks.c **** 		}
 608              		.loc 1 1146 4 view .LVU190
 609              	@ 1146 "Middlewares/Third_Party/FreeRTOS/Source/tasks.c" 1
 610 0086 BFF36F8F 		isb
ARM GAS  /tmp/ccbSDz7D.s 			page 87


 611              	@ 0 "" 2
1146:Middlewares/Third_Party/FreeRTOS/Source/tasks.c **** 		}
 612              		.loc 1 1146 35 view .LVU191
1155:Middlewares/Third_Party/FreeRTOS/Source/tasks.c **** 	}
 613              		.loc 1 1155 27 view .LVU192
 614              		.thumb
 615              		.syntax unified
 616              	.L39:
1157:Middlewares/Third_Party/FreeRTOS/Source/tasks.c **** /*-----------------------------------------------------------*/
 617              		.loc 1 1157 1 is_stmt 0 view .LVU193
 618 008a 10BD     		pop	{r4, pc}
 619              	.LVL47:
 620              	.L46:
1095:Middlewares/Third_Party/FreeRTOS/Source/tasks.c **** 			}
 621              		.loc 1 1095 5 is_stmt 1 view .LVU194
 622 008c FFF7FEFF 		bl	prvInitialiseTaskLists
 623              	.LVL48:
 624 0090 D2E7     		b	.L41
 625              	.L48:
 626 0092 00BF     		.align	2
 627              	.L47:
 628 0094 00000000 		.word	uxCurrentNumberOfTasks
 629 0098 00000000 		.word	pxCurrentTCB
 630 009c 00000000 		.word	xSchedulerRunning
 631 00a0 00000000 		.word	uxTaskNumber
 632 00a4 00000000 		.word	uxTopReadyPriority
 633 00a8 00000000 		.word	pxReadyTasksLists
 634              		.cfi_endproc
 635              	.LFE7:
 637              		.section	.text.prvDeleteTCB,"ax",%progbits
 638              		.align	1
 639              		.syntax unified
 640              		.thumb
 641              		.thumb_func
 643              	prvDeleteTCB:
 644              	.LVL49:
 645              	.LFB49:
3888:Middlewares/Third_Party/FreeRTOS/Source/tasks.c **** 		/* This call is required specifically for the TriCore port.  It must be
 646              		.loc 1 3888 2 view -0
 647              		.cfi_startproc
 648              		@ args = 0, pretend = 0, frame = 0
 649              		@ frame_needed = 0, uses_anonymous_args = 0
3888:Middlewares/Third_Party/FreeRTOS/Source/tasks.c **** 		/* This call is required specifically for the TriCore port.  It must be
 650              		.loc 1 3888 2 is_stmt 0 view .LVU196
 651 0000 10B5     		push	{r4, lr}
 652              	.LCFI3:
 653              		.cfi_def_cfa_offset 8
 654              		.cfi_offset 4, -8
 655              		.cfi_offset 14, -4
 656 0002 0446     		mov	r4, r0
3892:Middlewares/Third_Party/FreeRTOS/Source/tasks.c **** 
 657              		.loc 1 3892 3 is_stmt 1 view .LVU197
3916:Middlewares/Third_Party/FreeRTOS/Source/tasks.c **** 			{
 658              		.loc 1 3916 4 view .LVU198
3916:Middlewares/Third_Party/FreeRTOS/Source/tasks.c **** 			{
 659              		.loc 1 3916 13 is_stmt 0 view .LVU199
 660 0004 90F85930 		ldrb	r3, [r0, #89]	@ zero_extendqisi2
ARM GAS  /tmp/ccbSDz7D.s 			page 88


3916:Middlewares/Third_Party/FreeRTOS/Source/tasks.c **** 			{
 661              		.loc 1 3916 6 view .LVU200
 662 0008 63B1     		cbz	r3, .L55
3923:Middlewares/Third_Party/FreeRTOS/Source/tasks.c **** 			{
 663              		.loc 1 3923 9 is_stmt 1 view .LVU201
3923:Middlewares/Third_Party/FreeRTOS/Source/tasks.c **** 			{
 664              		.loc 1 3923 11 is_stmt 0 view .LVU202
 665 000a 012B     		cmp	r3, #1
 666 000c 11D0     		beq	.L56
3933:Middlewares/Third_Party/FreeRTOS/Source/tasks.c **** 				mtCOVERAGE_TEST_MARKER();
 667              		.loc 1 3933 5 is_stmt 1 view .LVU203
 668 000e 022B     		cmp	r3, #2
 669 0010 0ED0     		beq	.L49
3933:Middlewares/Third_Party/FreeRTOS/Source/tasks.c **** 				mtCOVERAGE_TEST_MARKER();
 670              		.loc 1 3933 5 discriminator 1 view .LVU204
 671              	.LBB121:
 672              	.LBI121:
 191:Middlewares/Third_Party/FreeRTOS/Source/portable/GCC/ARM_CM4F/portmacro.h **** {
 673              		.loc 2 191 30 view .LVU205
 674              	.LBB122:
 193:Middlewares/Third_Party/FreeRTOS/Source/portable/GCC/ARM_CM4F/portmacro.h **** 
 675              		.loc 2 193 1 view .LVU206
 676              		.loc 2 195 2 view .LVU207
 677              		.syntax unified
 678              	@ 195 "Middlewares/Third_Party/FreeRTOS/Source/portable/GCC/ARM_CM4F/portmacro.h" 1
 679 0012 4FF05003 			mov r3, #80												
 680 0016 83F31188 		msr basepri, r3											
 681 001a BFF36F8F 		isb														
 682 001e BFF34F8F 		dsb														
 683              	
 684              	@ 0 "" 2
 685              		.thumb
 686              		.syntax unified
 687              	.L53:
 688              	.LBE122:
 689              	.LBE121:
3933:Middlewares/Third_Party/FreeRTOS/Source/tasks.c **** 				mtCOVERAGE_TEST_MARKER();
 690              		.loc 1 3933 5 view .LVU208
3933:Middlewares/Third_Party/FreeRTOS/Source/tasks.c **** 				mtCOVERAGE_TEST_MARKER();
 691              		.loc 1 3933 5 view .LVU209
 692 0022 FEE7     		b	.L53
 693              	.L55:
3920:Middlewares/Third_Party/FreeRTOS/Source/tasks.c **** 				vPortFree( pxTCB );
 694              		.loc 1 3920 5 view .LVU210
 695 0024 006B     		ldr	r0, [r0, #48]
 696              	.LVL50:
3920:Middlewares/Third_Party/FreeRTOS/Source/tasks.c **** 				vPortFree( pxTCB );
 697              		.loc 1 3920 5 is_stmt 0 view .LVU211
 698 0026 FFF7FEFF 		bl	vPortFree
 699              	.LVL51:
3921:Middlewares/Third_Party/FreeRTOS/Source/tasks.c **** 			}
 700              		.loc 1 3921 5 is_stmt 1 view .LVU212
 701 002a 2046     		mov	r0, r4
 702 002c FFF7FEFF 		bl	vPortFree
 703              	.LVL52:
 704              	.L49:
3938:Middlewares/Third_Party/FreeRTOS/Source/tasks.c **** 
ARM GAS  /tmp/ccbSDz7D.s 			page 89


 705              		.loc 1 3938 2 is_stmt 0 view .LVU213
 706 0030 10BD     		pop	{r4, pc}
 707              	.LVL53:
 708              	.L56:
3927:Middlewares/Third_Party/FreeRTOS/Source/tasks.c **** 			}
 709              		.loc 1 3927 5 is_stmt 1 view .LVU214
 710 0032 FFF7FEFF 		bl	vPortFree
 711              	.LVL54:
3927:Middlewares/Third_Party/FreeRTOS/Source/tasks.c **** 			}
 712              		.loc 1 3927 5 is_stmt 0 view .LVU215
 713 0036 FBE7     		b	.L49
 714              		.cfi_endproc
 715              	.LFE49:
 717              		.section	.text.prvCheckTasksWaitingTermination,"ax",%progbits
 718              		.align	1
 719              		.syntax unified
 720              		.thumb
 721              		.thumb_func
 723              	prvCheckTasksWaitingTermination:
 724              	.LFB44:
3640:Middlewares/Third_Party/FreeRTOS/Source/tasks.c **** 
 725              		.loc 1 3640 1 is_stmt 1 view -0
 726              		.cfi_startproc
 727              		@ args = 0, pretend = 0, frame = 0
 728              		@ frame_needed = 0, uses_anonymous_args = 0
 729              	.LBB123:
3646:Middlewares/Third_Party/FreeRTOS/Source/tasks.c **** 
 730              		.loc 1 3646 3 view .LVU217
3650:Middlewares/Third_Party/FreeRTOS/Source/tasks.c **** 		{
 731              		.loc 1 3650 3 view .LVU218
3650:Middlewares/Third_Party/FreeRTOS/Source/tasks.c **** 		{
 732              		.loc 1 3650 39 view .LVU219
 733 0000 0F4B     		ldr	r3, .L64
 734 0002 1B68     		ldr	r3, [r3]
 735 0004 D3B1     		cbz	r3, .L63
 736              	.LBE123:
3640:Middlewares/Third_Party/FreeRTOS/Source/tasks.c **** 
 737              		.loc 1 3640 1 is_stmt 0 view .LVU220
 738 0006 10B5     		push	{r4, lr}
 739              	.LCFI4:
 740              		.cfi_def_cfa_offset 8
 741              		.cfi_offset 4, -8
 742              		.cfi_offset 14, -4
 743              	.L59:
 744              	.LBB124:
3652:Middlewares/Third_Party/FreeRTOS/Source/tasks.c **** 			{
 745              		.loc 1 3652 4 is_stmt 1 view .LVU221
 746 0008 FFF7FEFF 		bl	vPortEnterCritical
 747              	.LVL55:
3654:Middlewares/Third_Party/FreeRTOS/Source/tasks.c **** 				( void ) uxListRemove( &( pxTCB->xStateListItem ) );
 748              		.loc 1 3654 5 view .LVU222
3654:Middlewares/Third_Party/FreeRTOS/Source/tasks.c **** 				( void ) uxListRemove( &( pxTCB->xStateListItem ) );
 749              		.loc 1 3654 13 is_stmt 0 view .LVU223
 750 000c 0D4B     		ldr	r3, .L64+4
 751 000e DB68     		ldr	r3, [r3, #12]
3654:Middlewares/Third_Party/FreeRTOS/Source/tasks.c **** 				( void ) uxListRemove( &( pxTCB->xStateListItem ) );
 752              		.loc 1 3654 11 view .LVU224
ARM GAS  /tmp/ccbSDz7D.s 			page 90


 753 0010 DC68     		ldr	r4, [r3, #12]
 754              	.LVL56:
3655:Middlewares/Third_Party/FreeRTOS/Source/tasks.c **** 				--uxCurrentNumberOfTasks;
 755              		.loc 1 3655 5 is_stmt 1 view .LVU225
3655:Middlewares/Third_Party/FreeRTOS/Source/tasks.c **** 				--uxCurrentNumberOfTasks;
 756              		.loc 1 3655 14 is_stmt 0 view .LVU226
 757 0012 201D     		adds	r0, r4, #4
 758 0014 FFF7FEFF 		bl	uxListRemove
 759              	.LVL57:
3656:Middlewares/Third_Party/FreeRTOS/Source/tasks.c **** 				--uxDeletedTasksWaitingCleanUp;
 760              		.loc 1 3656 5 is_stmt 1 view .LVU227
 761 0018 0B4A     		ldr	r2, .L64+8
 762 001a 1368     		ldr	r3, [r2]
 763 001c 013B     		subs	r3, r3, #1
 764 001e 1360     		str	r3, [r2]
3657:Middlewares/Third_Party/FreeRTOS/Source/tasks.c **** 			}
 765              		.loc 1 3657 5 view .LVU228
 766 0020 074A     		ldr	r2, .L64
 767 0022 1368     		ldr	r3, [r2]
 768 0024 013B     		subs	r3, r3, #1
 769 0026 1360     		str	r3, [r2]
3659:Middlewares/Third_Party/FreeRTOS/Source/tasks.c **** 
 770              		.loc 1 3659 4 view .LVU229
 771 0028 FFF7FEFF 		bl	vPortExitCritical
 772              	.LVL58:
3661:Middlewares/Third_Party/FreeRTOS/Source/tasks.c **** 		}
 773              		.loc 1 3661 4 view .LVU230
 774 002c 2046     		mov	r0, r4
 775 002e FFF7FEFF 		bl	prvDeleteTCB
 776              	.LVL59:
3650:Middlewares/Third_Party/FreeRTOS/Source/tasks.c **** 		{
 777              		.loc 1 3650 39 view .LVU231
 778 0032 034B     		ldr	r3, .L64
 779 0034 1B68     		ldr	r3, [r3]
 780 0036 002B     		cmp	r3, #0
 781 0038 E6D1     		bne	.L59
 782              	.LBE124:
3665:Middlewares/Third_Party/FreeRTOS/Source/tasks.c **** /*-----------------------------------------------------------*/
 783              		.loc 1 3665 1 is_stmt 0 view .LVU232
 784 003a 10BD     		pop	{r4, pc}
 785              	.LVL60:
 786              	.L63:
 787              	.LCFI5:
 788              		.cfi_def_cfa_offset 0
 789              		.cfi_restore 4
 790              		.cfi_restore 14
3665:Middlewares/Third_Party/FreeRTOS/Source/tasks.c **** /*-----------------------------------------------------------*/
 791              		.loc 1 3665 1 view .LVU233
 792 003c 7047     		bx	lr
 793              	.L65:
 794 003e 00BF     		.align	2
 795              	.L64:
 796 0040 00000000 		.word	uxDeletedTasksWaitingCleanUp
 797 0044 00000000 		.word	xTasksWaitingTermination
 798 0048 00000000 		.word	uxCurrentNumberOfTasks
 799              		.cfi_endproc
 800              	.LFE44:
ARM GAS  /tmp/ccbSDz7D.s 			page 91


 802              		.section	.text.prvIdleTask,"ax",%progbits
 803              		.align	1
 804              		.syntax unified
 805              		.thumb
 806              		.thumb_func
 808              	prvIdleTask:
 809              	.LFB42:
3393:Middlewares/Third_Party/FreeRTOS/Source/tasks.c **** 	/* Stop warnings. */
 810              		.loc 1 3393 1 is_stmt 1 view -0
 811              		.cfi_startproc
 812              		@ Volatile: function does not return.
 813              		@ args = 0, pretend = 0, frame = 0
 814              		@ frame_needed = 0, uses_anonymous_args = 0
 815              	.LVL61:
3393:Middlewares/Third_Party/FreeRTOS/Source/tasks.c **** 	/* Stop warnings. */
 816              		.loc 1 3393 1 is_stmt 0 view .LVU235
 817 0000 08B5     		push	{r3, lr}
 818              	.LCFI6:
 819              		.cfi_def_cfa_offset 8
 820              		.cfi_offset 3, -8
 821              		.cfi_offset 14, -4
 822              	.LVL62:
 823              	.L67:
3395:Middlewares/Third_Party/FreeRTOS/Source/tasks.c **** 
 824              		.loc 1 3395 2 is_stmt 1 view .LVU236
3403:Middlewares/Third_Party/FreeRTOS/Source/tasks.c **** 
 825              		.loc 1 3403 64 view .LVU237
3405:Middlewares/Third_Party/FreeRTOS/Source/tasks.c **** 	{
 826              		.loc 1 3405 2 view .LVU238
3409:Middlewares/Third_Party/FreeRTOS/Source/tasks.c **** 
 827              		.loc 1 3409 3 view .LVU239
 828 0002 FFF7FEFF 		bl	prvCheckTasksWaitingTermination
 829              	.LVL63:
3432:Middlewares/Third_Party/FreeRTOS/Source/tasks.c **** 			{
 830              		.loc 1 3432 4 view .LVU240
3432:Middlewares/Third_Party/FreeRTOS/Source/tasks.c **** 			{
 831              		.loc 1 3432 8 is_stmt 0 view .LVU241
 832 0006 074B     		ldr	r3, .L70
 833 0008 1B68     		ldr	r3, [r3]
3432:Middlewares/Third_Party/FreeRTOS/Source/tasks.c **** 			{
 834              		.loc 1 3432 6 view .LVU242
 835 000a 012B     		cmp	r3, #1
 836 000c F9D9     		bls	.L67
3434:Middlewares/Third_Party/FreeRTOS/Source/tasks.c **** 			}
 837              		.loc 1 3434 5 is_stmt 1 view .LVU243
 838 000e 4FF0E023 		mov	r3, #-536813568
 839 0012 4FF08052 		mov	r2, #268435456
 840 0016 C3F8042D 		str	r2, [r3, #3332]
3434:Middlewares/Third_Party/FreeRTOS/Source/tasks.c **** 			}
 841              		.loc 1 3434 5 view .LVU244
 842              		.syntax unified
 843              	@ 3434 "Middlewares/Third_Party/FreeRTOS/Source/tasks.c" 1
 844 001a BFF34F8F 		dsb
 845              	@ 0 "" 2
3434:Middlewares/Third_Party/FreeRTOS/Source/tasks.c **** 			}
 846              		.loc 1 3434 5 view .LVU245
 847              	@ 3434 "Middlewares/Third_Party/FreeRTOS/Source/tasks.c" 1
ARM GAS  /tmp/ccbSDz7D.s 			page 92


 848 001e BFF36F8F 		isb
 849              	@ 0 "" 2
3434:Middlewares/Third_Party/FreeRTOS/Source/tasks.c **** 			}
 850              		.loc 1 3434 16 view .LVU246
 851              		.thumb
 852              		.syntax unified
 853 0022 EEE7     		b	.L67
 854              	.L71:
 855              		.align	2
 856              	.L70:
 857 0024 00000000 		.word	pxReadyTasksLists
 858              		.cfi_endproc
 859              	.LFE42:
 861              		.section	.text.prvAddCurrentTaskToDelayedList,"ax",%progbits
 862              		.align	1
 863              		.syntax unified
 864              		.thumb
 865              		.thumb_func
 867              	prvAddCurrentTaskToDelayedList:
 868              	.LVL64:
 869              	.LFB65:
3965:Middlewares/Third_Party/FreeRTOS/Source/tasks.c **** /*-----------------------------------------------------------*/
3966:Middlewares/Third_Party/FreeRTOS/Source/tasks.c **** 
3967:Middlewares/Third_Party/FreeRTOS/Source/tasks.c **** #if ( ( INCLUDE_xTaskGetCurrentTaskHandle == 1 ) || ( configUSE_MUTEXES == 1 ) )
3968:Middlewares/Third_Party/FreeRTOS/Source/tasks.c **** 
3969:Middlewares/Third_Party/FreeRTOS/Source/tasks.c **** 	TaskHandle_t xTaskGetCurrentTaskHandle( void )
3970:Middlewares/Third_Party/FreeRTOS/Source/tasks.c **** 	{
3971:Middlewares/Third_Party/FreeRTOS/Source/tasks.c **** 	TaskHandle_t xReturn;
3972:Middlewares/Third_Party/FreeRTOS/Source/tasks.c **** 
3973:Middlewares/Third_Party/FreeRTOS/Source/tasks.c **** 		/* A critical section is not required as this is not called from
3974:Middlewares/Third_Party/FreeRTOS/Source/tasks.c **** 		an interrupt and the current TCB will always be the same for any
3975:Middlewares/Third_Party/FreeRTOS/Source/tasks.c **** 		individual execution thread. */
3976:Middlewares/Third_Party/FreeRTOS/Source/tasks.c **** 		xReturn = pxCurrentTCB;
3977:Middlewares/Third_Party/FreeRTOS/Source/tasks.c **** 
3978:Middlewares/Third_Party/FreeRTOS/Source/tasks.c **** 		return xReturn;
3979:Middlewares/Third_Party/FreeRTOS/Source/tasks.c **** 	}
3980:Middlewares/Third_Party/FreeRTOS/Source/tasks.c **** 
3981:Middlewares/Third_Party/FreeRTOS/Source/tasks.c **** #endif /* ( ( INCLUDE_xTaskGetCurrentTaskHandle == 1 ) || ( configUSE_MUTEXES == 1 ) ) */
3982:Middlewares/Third_Party/FreeRTOS/Source/tasks.c **** /*-----------------------------------------------------------*/
3983:Middlewares/Third_Party/FreeRTOS/Source/tasks.c **** 
3984:Middlewares/Third_Party/FreeRTOS/Source/tasks.c **** #if ( ( INCLUDE_xTaskGetSchedulerState == 1 ) || ( configUSE_TIMERS == 1 ) )
3985:Middlewares/Third_Party/FreeRTOS/Source/tasks.c **** 
3986:Middlewares/Third_Party/FreeRTOS/Source/tasks.c **** 	BaseType_t xTaskGetSchedulerState( void )
3987:Middlewares/Third_Party/FreeRTOS/Source/tasks.c **** 	{
3988:Middlewares/Third_Party/FreeRTOS/Source/tasks.c **** 	BaseType_t xReturn;
3989:Middlewares/Third_Party/FreeRTOS/Source/tasks.c **** 
3990:Middlewares/Third_Party/FreeRTOS/Source/tasks.c **** 		if( xSchedulerRunning == pdFALSE )
3991:Middlewares/Third_Party/FreeRTOS/Source/tasks.c **** 		{
3992:Middlewares/Third_Party/FreeRTOS/Source/tasks.c **** 			xReturn = taskSCHEDULER_NOT_STARTED;
3993:Middlewares/Third_Party/FreeRTOS/Source/tasks.c **** 		}
3994:Middlewares/Third_Party/FreeRTOS/Source/tasks.c **** 		else
3995:Middlewares/Third_Party/FreeRTOS/Source/tasks.c **** 		{
3996:Middlewares/Third_Party/FreeRTOS/Source/tasks.c **** 			if( uxSchedulerSuspended == ( UBaseType_t ) pdFALSE )
3997:Middlewares/Third_Party/FreeRTOS/Source/tasks.c **** 			{
3998:Middlewares/Third_Party/FreeRTOS/Source/tasks.c **** 				xReturn = taskSCHEDULER_RUNNING;
3999:Middlewares/Third_Party/FreeRTOS/Source/tasks.c **** 			}
4000:Middlewares/Third_Party/FreeRTOS/Source/tasks.c **** 			else
ARM GAS  /tmp/ccbSDz7D.s 			page 93


4001:Middlewares/Third_Party/FreeRTOS/Source/tasks.c **** 			{
4002:Middlewares/Third_Party/FreeRTOS/Source/tasks.c **** 				xReturn = taskSCHEDULER_SUSPENDED;
4003:Middlewares/Third_Party/FreeRTOS/Source/tasks.c **** 			}
4004:Middlewares/Third_Party/FreeRTOS/Source/tasks.c **** 		}
4005:Middlewares/Third_Party/FreeRTOS/Source/tasks.c **** 
4006:Middlewares/Third_Party/FreeRTOS/Source/tasks.c **** 		return xReturn;
4007:Middlewares/Third_Party/FreeRTOS/Source/tasks.c **** 	}
4008:Middlewares/Third_Party/FreeRTOS/Source/tasks.c **** 
4009:Middlewares/Third_Party/FreeRTOS/Source/tasks.c **** #endif /* ( ( INCLUDE_xTaskGetSchedulerState == 1 ) || ( configUSE_TIMERS == 1 ) ) */
4010:Middlewares/Third_Party/FreeRTOS/Source/tasks.c **** /*-----------------------------------------------------------*/
4011:Middlewares/Third_Party/FreeRTOS/Source/tasks.c **** 
4012:Middlewares/Third_Party/FreeRTOS/Source/tasks.c **** #if ( configUSE_MUTEXES == 1 )
4013:Middlewares/Third_Party/FreeRTOS/Source/tasks.c **** 
4014:Middlewares/Third_Party/FreeRTOS/Source/tasks.c **** 	BaseType_t xTaskPriorityInherit( TaskHandle_t const pxMutexHolder )
4015:Middlewares/Third_Party/FreeRTOS/Source/tasks.c **** 	{
4016:Middlewares/Third_Party/FreeRTOS/Source/tasks.c **** 	TCB_t * const pxMutexHolderTCB = pxMutexHolder;
4017:Middlewares/Third_Party/FreeRTOS/Source/tasks.c **** 	BaseType_t xReturn = pdFALSE;
4018:Middlewares/Third_Party/FreeRTOS/Source/tasks.c **** 
4019:Middlewares/Third_Party/FreeRTOS/Source/tasks.c **** 		/* If the mutex was given back by an interrupt while the queue was
4020:Middlewares/Third_Party/FreeRTOS/Source/tasks.c **** 		locked then the mutex holder might now be NULL.  _RB_ Is this still
4021:Middlewares/Third_Party/FreeRTOS/Source/tasks.c **** 		needed as interrupts can no longer use mutexes? */
4022:Middlewares/Third_Party/FreeRTOS/Source/tasks.c **** 		if( pxMutexHolder != NULL )
4023:Middlewares/Third_Party/FreeRTOS/Source/tasks.c **** 		{
4024:Middlewares/Third_Party/FreeRTOS/Source/tasks.c **** 			/* If the holder of the mutex has a priority below the priority of
4025:Middlewares/Third_Party/FreeRTOS/Source/tasks.c **** 			the task attempting to obtain the mutex then it will temporarily
4026:Middlewares/Third_Party/FreeRTOS/Source/tasks.c **** 			inherit the priority of the task attempting to obtain the mutex. */
4027:Middlewares/Third_Party/FreeRTOS/Source/tasks.c **** 			if( pxMutexHolderTCB->uxPriority < pxCurrentTCB->uxPriority )
4028:Middlewares/Third_Party/FreeRTOS/Source/tasks.c **** 			{
4029:Middlewares/Third_Party/FreeRTOS/Source/tasks.c **** 				/* Adjust the mutex holder state to account for its new
4030:Middlewares/Third_Party/FreeRTOS/Source/tasks.c **** 				priority.  Only reset the event list item value if the value is
4031:Middlewares/Third_Party/FreeRTOS/Source/tasks.c **** 				not being used for anything else. */
4032:Middlewares/Third_Party/FreeRTOS/Source/tasks.c **** 				if( ( listGET_LIST_ITEM_VALUE( &( pxMutexHolderTCB->xEventListItem ) ) & taskEVENT_LIST_ITEM_VA
4033:Middlewares/Third_Party/FreeRTOS/Source/tasks.c **** 				{
4034:Middlewares/Third_Party/FreeRTOS/Source/tasks.c **** 					listSET_LIST_ITEM_VALUE( &( pxMutexHolderTCB->xEventListItem ), ( TickType_t ) configMAX_PRIOR
4035:Middlewares/Third_Party/FreeRTOS/Source/tasks.c **** 				}
4036:Middlewares/Third_Party/FreeRTOS/Source/tasks.c **** 				else
4037:Middlewares/Third_Party/FreeRTOS/Source/tasks.c **** 				{
4038:Middlewares/Third_Party/FreeRTOS/Source/tasks.c **** 					mtCOVERAGE_TEST_MARKER();
4039:Middlewares/Third_Party/FreeRTOS/Source/tasks.c **** 				}
4040:Middlewares/Third_Party/FreeRTOS/Source/tasks.c **** 
4041:Middlewares/Third_Party/FreeRTOS/Source/tasks.c **** 				/* If the task being modified is in the ready state it will need
4042:Middlewares/Third_Party/FreeRTOS/Source/tasks.c **** 				to be moved into a new list. */
4043:Middlewares/Third_Party/FreeRTOS/Source/tasks.c **** 				if( listIS_CONTAINED_WITHIN( &( pxReadyTasksLists[ pxMutexHolderTCB->uxPriority ] ), &( pxMutex
4044:Middlewares/Third_Party/FreeRTOS/Source/tasks.c **** 				{
4045:Middlewares/Third_Party/FreeRTOS/Source/tasks.c **** 					if( uxListRemove( &( pxMutexHolderTCB->xStateListItem ) ) == ( UBaseType_t ) 0 )
4046:Middlewares/Third_Party/FreeRTOS/Source/tasks.c **** 					{
4047:Middlewares/Third_Party/FreeRTOS/Source/tasks.c **** 						/* It is known that the task is in its ready list so
4048:Middlewares/Third_Party/FreeRTOS/Source/tasks.c **** 						there is no need to check again and the port level
4049:Middlewares/Third_Party/FreeRTOS/Source/tasks.c **** 						reset macro can be called directly. */
4050:Middlewares/Third_Party/FreeRTOS/Source/tasks.c **** 						portRESET_READY_PRIORITY( pxMutexHolderTCB->uxPriority, uxTopReadyPriority );
4051:Middlewares/Third_Party/FreeRTOS/Source/tasks.c **** 					}
4052:Middlewares/Third_Party/FreeRTOS/Source/tasks.c **** 					else
4053:Middlewares/Third_Party/FreeRTOS/Source/tasks.c **** 					{
4054:Middlewares/Third_Party/FreeRTOS/Source/tasks.c **** 						mtCOVERAGE_TEST_MARKER();
4055:Middlewares/Third_Party/FreeRTOS/Source/tasks.c **** 					}
4056:Middlewares/Third_Party/FreeRTOS/Source/tasks.c **** 
4057:Middlewares/Third_Party/FreeRTOS/Source/tasks.c **** 					/* Inherit the priority before being moved into the new list. */
ARM GAS  /tmp/ccbSDz7D.s 			page 94


4058:Middlewares/Third_Party/FreeRTOS/Source/tasks.c **** 					pxMutexHolderTCB->uxPriority = pxCurrentTCB->uxPriority;
4059:Middlewares/Third_Party/FreeRTOS/Source/tasks.c **** 					prvAddTaskToReadyList( pxMutexHolderTCB );
4060:Middlewares/Third_Party/FreeRTOS/Source/tasks.c **** 				}
4061:Middlewares/Third_Party/FreeRTOS/Source/tasks.c **** 				else
4062:Middlewares/Third_Party/FreeRTOS/Source/tasks.c **** 				{
4063:Middlewares/Third_Party/FreeRTOS/Source/tasks.c **** 					/* Just inherit the priority. */
4064:Middlewares/Third_Party/FreeRTOS/Source/tasks.c **** 					pxMutexHolderTCB->uxPriority = pxCurrentTCB->uxPriority;
4065:Middlewares/Third_Party/FreeRTOS/Source/tasks.c **** 				}
4066:Middlewares/Third_Party/FreeRTOS/Source/tasks.c **** 
4067:Middlewares/Third_Party/FreeRTOS/Source/tasks.c **** 				traceTASK_PRIORITY_INHERIT( pxMutexHolderTCB, pxCurrentTCB->uxPriority );
4068:Middlewares/Third_Party/FreeRTOS/Source/tasks.c **** 
4069:Middlewares/Third_Party/FreeRTOS/Source/tasks.c **** 				/* Inheritance occurred. */
4070:Middlewares/Third_Party/FreeRTOS/Source/tasks.c **** 				xReturn = pdTRUE;
4071:Middlewares/Third_Party/FreeRTOS/Source/tasks.c **** 			}
4072:Middlewares/Third_Party/FreeRTOS/Source/tasks.c **** 			else
4073:Middlewares/Third_Party/FreeRTOS/Source/tasks.c **** 			{
4074:Middlewares/Third_Party/FreeRTOS/Source/tasks.c **** 				if( pxMutexHolderTCB->uxBasePriority < pxCurrentTCB->uxPriority )
4075:Middlewares/Third_Party/FreeRTOS/Source/tasks.c **** 				{
4076:Middlewares/Third_Party/FreeRTOS/Source/tasks.c **** 					/* The base priority of the mutex holder is lower than the
4077:Middlewares/Third_Party/FreeRTOS/Source/tasks.c **** 					priority of the task attempting to take the mutex, but the
4078:Middlewares/Third_Party/FreeRTOS/Source/tasks.c **** 					current priority of the mutex holder is not lower than the
4079:Middlewares/Third_Party/FreeRTOS/Source/tasks.c **** 					priority of the task attempting to take the mutex.
4080:Middlewares/Third_Party/FreeRTOS/Source/tasks.c **** 					Therefore the mutex holder must have already inherited a
4081:Middlewares/Third_Party/FreeRTOS/Source/tasks.c **** 					priority, but inheritance would have occurred if that had
4082:Middlewares/Third_Party/FreeRTOS/Source/tasks.c **** 					not been the case. */
4083:Middlewares/Third_Party/FreeRTOS/Source/tasks.c **** 					xReturn = pdTRUE;
4084:Middlewares/Third_Party/FreeRTOS/Source/tasks.c **** 				}
4085:Middlewares/Third_Party/FreeRTOS/Source/tasks.c **** 				else
4086:Middlewares/Third_Party/FreeRTOS/Source/tasks.c **** 				{
4087:Middlewares/Third_Party/FreeRTOS/Source/tasks.c **** 					mtCOVERAGE_TEST_MARKER();
4088:Middlewares/Third_Party/FreeRTOS/Source/tasks.c **** 				}
4089:Middlewares/Third_Party/FreeRTOS/Source/tasks.c **** 			}
4090:Middlewares/Third_Party/FreeRTOS/Source/tasks.c **** 		}
4091:Middlewares/Third_Party/FreeRTOS/Source/tasks.c **** 		else
4092:Middlewares/Third_Party/FreeRTOS/Source/tasks.c **** 		{
4093:Middlewares/Third_Party/FreeRTOS/Source/tasks.c **** 			mtCOVERAGE_TEST_MARKER();
4094:Middlewares/Third_Party/FreeRTOS/Source/tasks.c **** 		}
4095:Middlewares/Third_Party/FreeRTOS/Source/tasks.c **** 
4096:Middlewares/Third_Party/FreeRTOS/Source/tasks.c **** 		return xReturn;
4097:Middlewares/Third_Party/FreeRTOS/Source/tasks.c **** 	}
4098:Middlewares/Third_Party/FreeRTOS/Source/tasks.c **** 
4099:Middlewares/Third_Party/FreeRTOS/Source/tasks.c **** #endif /* configUSE_MUTEXES */
4100:Middlewares/Third_Party/FreeRTOS/Source/tasks.c **** /*-----------------------------------------------------------*/
4101:Middlewares/Third_Party/FreeRTOS/Source/tasks.c **** 
4102:Middlewares/Third_Party/FreeRTOS/Source/tasks.c **** #if ( configUSE_MUTEXES == 1 )
4103:Middlewares/Third_Party/FreeRTOS/Source/tasks.c **** 
4104:Middlewares/Third_Party/FreeRTOS/Source/tasks.c **** 	BaseType_t xTaskPriorityDisinherit( TaskHandle_t const pxMutexHolder )
4105:Middlewares/Third_Party/FreeRTOS/Source/tasks.c **** 	{
4106:Middlewares/Third_Party/FreeRTOS/Source/tasks.c **** 	TCB_t * const pxTCB = pxMutexHolder;
4107:Middlewares/Third_Party/FreeRTOS/Source/tasks.c **** 	BaseType_t xReturn = pdFALSE;
4108:Middlewares/Third_Party/FreeRTOS/Source/tasks.c **** 
4109:Middlewares/Third_Party/FreeRTOS/Source/tasks.c **** 		if( pxMutexHolder != NULL )
4110:Middlewares/Third_Party/FreeRTOS/Source/tasks.c **** 		{
4111:Middlewares/Third_Party/FreeRTOS/Source/tasks.c **** 			/* A task can only have an inherited priority if it holds the mutex.
4112:Middlewares/Third_Party/FreeRTOS/Source/tasks.c **** 			If the mutex is held by a task then it cannot be given from an
4113:Middlewares/Third_Party/FreeRTOS/Source/tasks.c **** 			interrupt, and if a mutex is given by the holding task then it must
4114:Middlewares/Third_Party/FreeRTOS/Source/tasks.c **** 			be the running state task. */
ARM GAS  /tmp/ccbSDz7D.s 			page 95


4115:Middlewares/Third_Party/FreeRTOS/Source/tasks.c **** 			configASSERT( pxTCB == pxCurrentTCB );
4116:Middlewares/Third_Party/FreeRTOS/Source/tasks.c **** 			configASSERT( pxTCB->uxMutexesHeld );
4117:Middlewares/Third_Party/FreeRTOS/Source/tasks.c **** 			( pxTCB->uxMutexesHeld )--;
4118:Middlewares/Third_Party/FreeRTOS/Source/tasks.c **** 
4119:Middlewares/Third_Party/FreeRTOS/Source/tasks.c **** 			/* Has the holder of the mutex inherited the priority of another
4120:Middlewares/Third_Party/FreeRTOS/Source/tasks.c **** 			task? */
4121:Middlewares/Third_Party/FreeRTOS/Source/tasks.c **** 			if( pxTCB->uxPriority != pxTCB->uxBasePriority )
4122:Middlewares/Third_Party/FreeRTOS/Source/tasks.c **** 			{
4123:Middlewares/Third_Party/FreeRTOS/Source/tasks.c **** 				/* Only disinherit if no other mutexes are held. */
4124:Middlewares/Third_Party/FreeRTOS/Source/tasks.c **** 				if( pxTCB->uxMutexesHeld == ( UBaseType_t ) 0 )
4125:Middlewares/Third_Party/FreeRTOS/Source/tasks.c **** 				{
4126:Middlewares/Third_Party/FreeRTOS/Source/tasks.c **** 					/* A task can only have an inherited priority if it holds
4127:Middlewares/Third_Party/FreeRTOS/Source/tasks.c **** 					the mutex.  If the mutex is held by a task then it cannot be
4128:Middlewares/Third_Party/FreeRTOS/Source/tasks.c **** 					given from an interrupt, and if a mutex is given by the
4129:Middlewares/Third_Party/FreeRTOS/Source/tasks.c **** 					holding task then it must be the running state task.  Remove
4130:Middlewares/Third_Party/FreeRTOS/Source/tasks.c **** 					the holding task from the ready/delayed list. */
4131:Middlewares/Third_Party/FreeRTOS/Source/tasks.c **** 					if( uxListRemove( &( pxTCB->xStateListItem ) ) == ( UBaseType_t ) 0 )
4132:Middlewares/Third_Party/FreeRTOS/Source/tasks.c **** 					{
4133:Middlewares/Third_Party/FreeRTOS/Source/tasks.c **** 						taskRESET_READY_PRIORITY( pxTCB->uxPriority );
4134:Middlewares/Third_Party/FreeRTOS/Source/tasks.c **** 					}
4135:Middlewares/Third_Party/FreeRTOS/Source/tasks.c **** 					else
4136:Middlewares/Third_Party/FreeRTOS/Source/tasks.c **** 					{
4137:Middlewares/Third_Party/FreeRTOS/Source/tasks.c **** 						mtCOVERAGE_TEST_MARKER();
4138:Middlewares/Third_Party/FreeRTOS/Source/tasks.c **** 					}
4139:Middlewares/Third_Party/FreeRTOS/Source/tasks.c **** 
4140:Middlewares/Third_Party/FreeRTOS/Source/tasks.c **** 					/* Disinherit the priority before adding the task into the
4141:Middlewares/Third_Party/FreeRTOS/Source/tasks.c **** 					new	ready list. */
4142:Middlewares/Third_Party/FreeRTOS/Source/tasks.c **** 					traceTASK_PRIORITY_DISINHERIT( pxTCB, pxTCB->uxBasePriority );
4143:Middlewares/Third_Party/FreeRTOS/Source/tasks.c **** 					pxTCB->uxPriority = pxTCB->uxBasePriority;
4144:Middlewares/Third_Party/FreeRTOS/Source/tasks.c **** 
4145:Middlewares/Third_Party/FreeRTOS/Source/tasks.c **** 					/* Reset the event list item value.  It cannot be in use for
4146:Middlewares/Third_Party/FreeRTOS/Source/tasks.c **** 					any other purpose if this task is running, and it must be
4147:Middlewares/Third_Party/FreeRTOS/Source/tasks.c **** 					running to give back the mutex. */
4148:Middlewares/Third_Party/FreeRTOS/Source/tasks.c **** 					listSET_LIST_ITEM_VALUE( &( pxTCB->xEventListItem ), ( TickType_t ) configMAX_PRIORITIES - ( T
4149:Middlewares/Third_Party/FreeRTOS/Source/tasks.c **** 					prvAddTaskToReadyList( pxTCB );
4150:Middlewares/Third_Party/FreeRTOS/Source/tasks.c **** 
4151:Middlewares/Third_Party/FreeRTOS/Source/tasks.c **** 					/* Return true to indicate that a context switch is required.
4152:Middlewares/Third_Party/FreeRTOS/Source/tasks.c **** 					This is only actually required in the corner case whereby
4153:Middlewares/Third_Party/FreeRTOS/Source/tasks.c **** 					multiple mutexes were held and the mutexes were given back
4154:Middlewares/Third_Party/FreeRTOS/Source/tasks.c **** 					in an order different to that in which they were taken.
4155:Middlewares/Third_Party/FreeRTOS/Source/tasks.c **** 					If a context switch did not occur when the first mutex was
4156:Middlewares/Third_Party/FreeRTOS/Source/tasks.c **** 					returned, even if a task was waiting on it, then a context
4157:Middlewares/Third_Party/FreeRTOS/Source/tasks.c **** 					switch should occur when the last mutex is returned whether
4158:Middlewares/Third_Party/FreeRTOS/Source/tasks.c **** 					a task is waiting on it or not. */
4159:Middlewares/Third_Party/FreeRTOS/Source/tasks.c **** 					xReturn = pdTRUE;
4160:Middlewares/Third_Party/FreeRTOS/Source/tasks.c **** 				}
4161:Middlewares/Third_Party/FreeRTOS/Source/tasks.c **** 				else
4162:Middlewares/Third_Party/FreeRTOS/Source/tasks.c **** 				{
4163:Middlewares/Third_Party/FreeRTOS/Source/tasks.c **** 					mtCOVERAGE_TEST_MARKER();
4164:Middlewares/Third_Party/FreeRTOS/Source/tasks.c **** 				}
4165:Middlewares/Third_Party/FreeRTOS/Source/tasks.c **** 			}
4166:Middlewares/Third_Party/FreeRTOS/Source/tasks.c **** 			else
4167:Middlewares/Third_Party/FreeRTOS/Source/tasks.c **** 			{
4168:Middlewares/Third_Party/FreeRTOS/Source/tasks.c **** 				mtCOVERAGE_TEST_MARKER();
4169:Middlewares/Third_Party/FreeRTOS/Source/tasks.c **** 			}
4170:Middlewares/Third_Party/FreeRTOS/Source/tasks.c **** 		}
4171:Middlewares/Third_Party/FreeRTOS/Source/tasks.c **** 		else
ARM GAS  /tmp/ccbSDz7D.s 			page 96


4172:Middlewares/Third_Party/FreeRTOS/Source/tasks.c **** 		{
4173:Middlewares/Third_Party/FreeRTOS/Source/tasks.c **** 			mtCOVERAGE_TEST_MARKER();
4174:Middlewares/Third_Party/FreeRTOS/Source/tasks.c **** 		}
4175:Middlewares/Third_Party/FreeRTOS/Source/tasks.c **** 
4176:Middlewares/Third_Party/FreeRTOS/Source/tasks.c **** 		return xReturn;
4177:Middlewares/Third_Party/FreeRTOS/Source/tasks.c **** 	}
4178:Middlewares/Third_Party/FreeRTOS/Source/tasks.c **** 
4179:Middlewares/Third_Party/FreeRTOS/Source/tasks.c **** #endif /* configUSE_MUTEXES */
4180:Middlewares/Third_Party/FreeRTOS/Source/tasks.c **** /*-----------------------------------------------------------*/
4181:Middlewares/Third_Party/FreeRTOS/Source/tasks.c **** 
4182:Middlewares/Third_Party/FreeRTOS/Source/tasks.c **** #if ( configUSE_MUTEXES == 1 )
4183:Middlewares/Third_Party/FreeRTOS/Source/tasks.c **** 
4184:Middlewares/Third_Party/FreeRTOS/Source/tasks.c **** 	void vTaskPriorityDisinheritAfterTimeout( TaskHandle_t const pxMutexHolder, UBaseType_t uxHighestP
4185:Middlewares/Third_Party/FreeRTOS/Source/tasks.c **** 	{
4186:Middlewares/Third_Party/FreeRTOS/Source/tasks.c **** 	TCB_t * const pxTCB = pxMutexHolder;
4187:Middlewares/Third_Party/FreeRTOS/Source/tasks.c **** 	UBaseType_t uxPriorityUsedOnEntry, uxPriorityToUse;
4188:Middlewares/Third_Party/FreeRTOS/Source/tasks.c **** 	const UBaseType_t uxOnlyOneMutexHeld = ( UBaseType_t ) 1;
4189:Middlewares/Third_Party/FreeRTOS/Source/tasks.c **** 
4190:Middlewares/Third_Party/FreeRTOS/Source/tasks.c **** 		if( pxMutexHolder != NULL )
4191:Middlewares/Third_Party/FreeRTOS/Source/tasks.c **** 		{
4192:Middlewares/Third_Party/FreeRTOS/Source/tasks.c **** 			/* If pxMutexHolder is not NULL then the holder must hold at least
4193:Middlewares/Third_Party/FreeRTOS/Source/tasks.c **** 			one mutex. */
4194:Middlewares/Third_Party/FreeRTOS/Source/tasks.c **** 			configASSERT( pxTCB->uxMutexesHeld );
4195:Middlewares/Third_Party/FreeRTOS/Source/tasks.c **** 
4196:Middlewares/Third_Party/FreeRTOS/Source/tasks.c **** 			/* Determine the priority to which the priority of the task that
4197:Middlewares/Third_Party/FreeRTOS/Source/tasks.c **** 			holds the mutex should be set.  This will be the greater of the
4198:Middlewares/Third_Party/FreeRTOS/Source/tasks.c **** 			holding task's base priority and the priority of the highest
4199:Middlewares/Third_Party/FreeRTOS/Source/tasks.c **** 			priority task that is waiting to obtain the mutex. */
4200:Middlewares/Third_Party/FreeRTOS/Source/tasks.c **** 			if( pxTCB->uxBasePriority < uxHighestPriorityWaitingTask )
4201:Middlewares/Third_Party/FreeRTOS/Source/tasks.c **** 			{
4202:Middlewares/Third_Party/FreeRTOS/Source/tasks.c **** 				uxPriorityToUse = uxHighestPriorityWaitingTask;
4203:Middlewares/Third_Party/FreeRTOS/Source/tasks.c **** 			}
4204:Middlewares/Third_Party/FreeRTOS/Source/tasks.c **** 			else
4205:Middlewares/Third_Party/FreeRTOS/Source/tasks.c **** 			{
4206:Middlewares/Third_Party/FreeRTOS/Source/tasks.c **** 				uxPriorityToUse = pxTCB->uxBasePriority;
4207:Middlewares/Third_Party/FreeRTOS/Source/tasks.c **** 			}
4208:Middlewares/Third_Party/FreeRTOS/Source/tasks.c **** 
4209:Middlewares/Third_Party/FreeRTOS/Source/tasks.c **** 			/* Does the priority need to change? */
4210:Middlewares/Third_Party/FreeRTOS/Source/tasks.c **** 			if( pxTCB->uxPriority != uxPriorityToUse )
4211:Middlewares/Third_Party/FreeRTOS/Source/tasks.c **** 			{
4212:Middlewares/Third_Party/FreeRTOS/Source/tasks.c **** 				/* Only disinherit if no other mutexes are held.  This is a
4213:Middlewares/Third_Party/FreeRTOS/Source/tasks.c **** 				simplification in the priority inheritance implementation.  If
4214:Middlewares/Third_Party/FreeRTOS/Source/tasks.c **** 				the task that holds the mutex is also holding other mutexes then
4215:Middlewares/Third_Party/FreeRTOS/Source/tasks.c **** 				the other mutexes may have caused the priority inheritance. */
4216:Middlewares/Third_Party/FreeRTOS/Source/tasks.c **** 				if( pxTCB->uxMutexesHeld == uxOnlyOneMutexHeld )
4217:Middlewares/Third_Party/FreeRTOS/Source/tasks.c **** 				{
4218:Middlewares/Third_Party/FreeRTOS/Source/tasks.c **** 					/* If a task has timed out because it already holds the
4219:Middlewares/Third_Party/FreeRTOS/Source/tasks.c **** 					mutex it was trying to obtain then it cannot of inherited
4220:Middlewares/Third_Party/FreeRTOS/Source/tasks.c **** 					its own priority. */
4221:Middlewares/Third_Party/FreeRTOS/Source/tasks.c **** 					configASSERT( pxTCB != pxCurrentTCB );
4222:Middlewares/Third_Party/FreeRTOS/Source/tasks.c **** 
4223:Middlewares/Third_Party/FreeRTOS/Source/tasks.c **** 					/* Disinherit the priority, remembering the previous
4224:Middlewares/Third_Party/FreeRTOS/Source/tasks.c **** 					priority to facilitate determining the subject task's
4225:Middlewares/Third_Party/FreeRTOS/Source/tasks.c **** 					state. */
4226:Middlewares/Third_Party/FreeRTOS/Source/tasks.c **** 					traceTASK_PRIORITY_DISINHERIT( pxTCB, pxTCB->uxBasePriority );
4227:Middlewares/Third_Party/FreeRTOS/Source/tasks.c **** 					uxPriorityUsedOnEntry = pxTCB->uxPriority;
4228:Middlewares/Third_Party/FreeRTOS/Source/tasks.c **** 					pxTCB->uxPriority = uxPriorityToUse;
ARM GAS  /tmp/ccbSDz7D.s 			page 97


4229:Middlewares/Third_Party/FreeRTOS/Source/tasks.c **** 
4230:Middlewares/Third_Party/FreeRTOS/Source/tasks.c **** 					/* Only reset the event list item value if the value is not
4231:Middlewares/Third_Party/FreeRTOS/Source/tasks.c **** 					being used for anything else. */
4232:Middlewares/Third_Party/FreeRTOS/Source/tasks.c **** 					if( ( listGET_LIST_ITEM_VALUE( &( pxTCB->xEventListItem ) ) & taskEVENT_LIST_ITEM_VALUE_IN_USE
4233:Middlewares/Third_Party/FreeRTOS/Source/tasks.c **** 					{
4234:Middlewares/Third_Party/FreeRTOS/Source/tasks.c **** 						listSET_LIST_ITEM_VALUE( &( pxTCB->xEventListItem ), ( TickType_t ) configMAX_PRIORITIES - ( 
4235:Middlewares/Third_Party/FreeRTOS/Source/tasks.c **** 					}
4236:Middlewares/Third_Party/FreeRTOS/Source/tasks.c **** 					else
4237:Middlewares/Third_Party/FreeRTOS/Source/tasks.c **** 					{
4238:Middlewares/Third_Party/FreeRTOS/Source/tasks.c **** 						mtCOVERAGE_TEST_MARKER();
4239:Middlewares/Third_Party/FreeRTOS/Source/tasks.c **** 					}
4240:Middlewares/Third_Party/FreeRTOS/Source/tasks.c **** 
4241:Middlewares/Third_Party/FreeRTOS/Source/tasks.c **** 					/* If the running task is not the task that holds the mutex
4242:Middlewares/Third_Party/FreeRTOS/Source/tasks.c **** 					then the task that holds the mutex could be in either the
4243:Middlewares/Third_Party/FreeRTOS/Source/tasks.c **** 					Ready, Blocked or Suspended states.  Only remove the task
4244:Middlewares/Third_Party/FreeRTOS/Source/tasks.c **** 					from its current state list if it is in the Ready state as
4245:Middlewares/Third_Party/FreeRTOS/Source/tasks.c **** 					the task's priority is going to change and there is one
4246:Middlewares/Third_Party/FreeRTOS/Source/tasks.c **** 					Ready list per priority. */
4247:Middlewares/Third_Party/FreeRTOS/Source/tasks.c **** 					if( listIS_CONTAINED_WITHIN( &( pxReadyTasksLists[ uxPriorityUsedOnEntry ] ), &( pxTCB->xState
4248:Middlewares/Third_Party/FreeRTOS/Source/tasks.c **** 					{
4249:Middlewares/Third_Party/FreeRTOS/Source/tasks.c **** 						if( uxListRemove( &( pxTCB->xStateListItem ) ) == ( UBaseType_t ) 0 )
4250:Middlewares/Third_Party/FreeRTOS/Source/tasks.c **** 						{
4251:Middlewares/Third_Party/FreeRTOS/Source/tasks.c **** 							/* It is known that the task is in its ready list so
4252:Middlewares/Third_Party/FreeRTOS/Source/tasks.c **** 							there is no need to check again and the port level
4253:Middlewares/Third_Party/FreeRTOS/Source/tasks.c **** 							reset macro can be called directly. */
4254:Middlewares/Third_Party/FreeRTOS/Source/tasks.c **** 							portRESET_READY_PRIORITY( pxTCB->uxPriority, uxTopReadyPriority );
4255:Middlewares/Third_Party/FreeRTOS/Source/tasks.c **** 						}
4256:Middlewares/Third_Party/FreeRTOS/Source/tasks.c **** 						else
4257:Middlewares/Third_Party/FreeRTOS/Source/tasks.c **** 						{
4258:Middlewares/Third_Party/FreeRTOS/Source/tasks.c **** 							mtCOVERAGE_TEST_MARKER();
4259:Middlewares/Third_Party/FreeRTOS/Source/tasks.c **** 						}
4260:Middlewares/Third_Party/FreeRTOS/Source/tasks.c **** 
4261:Middlewares/Third_Party/FreeRTOS/Source/tasks.c **** 						prvAddTaskToReadyList( pxTCB );
4262:Middlewares/Third_Party/FreeRTOS/Source/tasks.c **** 					}
4263:Middlewares/Third_Party/FreeRTOS/Source/tasks.c **** 					else
4264:Middlewares/Third_Party/FreeRTOS/Source/tasks.c **** 					{
4265:Middlewares/Third_Party/FreeRTOS/Source/tasks.c **** 						mtCOVERAGE_TEST_MARKER();
4266:Middlewares/Third_Party/FreeRTOS/Source/tasks.c **** 					}
4267:Middlewares/Third_Party/FreeRTOS/Source/tasks.c **** 				}
4268:Middlewares/Third_Party/FreeRTOS/Source/tasks.c **** 				else
4269:Middlewares/Third_Party/FreeRTOS/Source/tasks.c **** 				{
4270:Middlewares/Third_Party/FreeRTOS/Source/tasks.c **** 					mtCOVERAGE_TEST_MARKER();
4271:Middlewares/Third_Party/FreeRTOS/Source/tasks.c **** 				}
4272:Middlewares/Third_Party/FreeRTOS/Source/tasks.c **** 			}
4273:Middlewares/Third_Party/FreeRTOS/Source/tasks.c **** 			else
4274:Middlewares/Third_Party/FreeRTOS/Source/tasks.c **** 			{
4275:Middlewares/Third_Party/FreeRTOS/Source/tasks.c **** 				mtCOVERAGE_TEST_MARKER();
4276:Middlewares/Third_Party/FreeRTOS/Source/tasks.c **** 			}
4277:Middlewares/Third_Party/FreeRTOS/Source/tasks.c **** 		}
4278:Middlewares/Third_Party/FreeRTOS/Source/tasks.c **** 		else
4279:Middlewares/Third_Party/FreeRTOS/Source/tasks.c **** 		{
4280:Middlewares/Third_Party/FreeRTOS/Source/tasks.c **** 			mtCOVERAGE_TEST_MARKER();
4281:Middlewares/Third_Party/FreeRTOS/Source/tasks.c **** 		}
4282:Middlewares/Third_Party/FreeRTOS/Source/tasks.c **** 	}
4283:Middlewares/Third_Party/FreeRTOS/Source/tasks.c **** 
4284:Middlewares/Third_Party/FreeRTOS/Source/tasks.c **** #endif /* configUSE_MUTEXES */
4285:Middlewares/Third_Party/FreeRTOS/Source/tasks.c **** /*-----------------------------------------------------------*/
ARM GAS  /tmp/ccbSDz7D.s 			page 98


4286:Middlewares/Third_Party/FreeRTOS/Source/tasks.c **** 
4287:Middlewares/Third_Party/FreeRTOS/Source/tasks.c **** #if ( portCRITICAL_NESTING_IN_TCB == 1 )
4288:Middlewares/Third_Party/FreeRTOS/Source/tasks.c **** 
4289:Middlewares/Third_Party/FreeRTOS/Source/tasks.c **** 	void vTaskEnterCritical( void )
4290:Middlewares/Third_Party/FreeRTOS/Source/tasks.c **** 	{
4291:Middlewares/Third_Party/FreeRTOS/Source/tasks.c **** 		portDISABLE_INTERRUPTS();
4292:Middlewares/Third_Party/FreeRTOS/Source/tasks.c **** 
4293:Middlewares/Third_Party/FreeRTOS/Source/tasks.c **** 		if( xSchedulerRunning != pdFALSE )
4294:Middlewares/Third_Party/FreeRTOS/Source/tasks.c **** 		{
4295:Middlewares/Third_Party/FreeRTOS/Source/tasks.c **** 			( pxCurrentTCB->uxCriticalNesting )++;
4296:Middlewares/Third_Party/FreeRTOS/Source/tasks.c **** 
4297:Middlewares/Third_Party/FreeRTOS/Source/tasks.c **** 			/* This is not the interrupt safe version of the enter critical
4298:Middlewares/Third_Party/FreeRTOS/Source/tasks.c **** 			function so	assert() if it is being called from an interrupt
4299:Middlewares/Third_Party/FreeRTOS/Source/tasks.c **** 			context.  Only API functions that end in "FromISR" can be used in an
4300:Middlewares/Third_Party/FreeRTOS/Source/tasks.c **** 			interrupt.  Only assert if the critical nesting count is 1 to
4301:Middlewares/Third_Party/FreeRTOS/Source/tasks.c **** 			protect against recursive calls if the assert function also uses a
4302:Middlewares/Third_Party/FreeRTOS/Source/tasks.c **** 			critical section. */
4303:Middlewares/Third_Party/FreeRTOS/Source/tasks.c **** 			if( pxCurrentTCB->uxCriticalNesting == 1 )
4304:Middlewares/Third_Party/FreeRTOS/Source/tasks.c **** 			{
4305:Middlewares/Third_Party/FreeRTOS/Source/tasks.c **** 				portASSERT_IF_IN_ISR();
4306:Middlewares/Third_Party/FreeRTOS/Source/tasks.c **** 			}
4307:Middlewares/Third_Party/FreeRTOS/Source/tasks.c **** 		}
4308:Middlewares/Third_Party/FreeRTOS/Source/tasks.c **** 		else
4309:Middlewares/Third_Party/FreeRTOS/Source/tasks.c **** 		{
4310:Middlewares/Third_Party/FreeRTOS/Source/tasks.c **** 			mtCOVERAGE_TEST_MARKER();
4311:Middlewares/Third_Party/FreeRTOS/Source/tasks.c **** 		}
4312:Middlewares/Third_Party/FreeRTOS/Source/tasks.c **** 	}
4313:Middlewares/Third_Party/FreeRTOS/Source/tasks.c **** 
4314:Middlewares/Third_Party/FreeRTOS/Source/tasks.c **** #endif /* portCRITICAL_NESTING_IN_TCB */
4315:Middlewares/Third_Party/FreeRTOS/Source/tasks.c **** /*-----------------------------------------------------------*/
4316:Middlewares/Third_Party/FreeRTOS/Source/tasks.c **** 
4317:Middlewares/Third_Party/FreeRTOS/Source/tasks.c **** #if ( portCRITICAL_NESTING_IN_TCB == 1 )
4318:Middlewares/Third_Party/FreeRTOS/Source/tasks.c **** 
4319:Middlewares/Third_Party/FreeRTOS/Source/tasks.c **** 	void vTaskExitCritical( void )
4320:Middlewares/Third_Party/FreeRTOS/Source/tasks.c **** 	{
4321:Middlewares/Third_Party/FreeRTOS/Source/tasks.c **** 		if( xSchedulerRunning != pdFALSE )
4322:Middlewares/Third_Party/FreeRTOS/Source/tasks.c **** 		{
4323:Middlewares/Third_Party/FreeRTOS/Source/tasks.c **** 			if( pxCurrentTCB->uxCriticalNesting > 0U )
4324:Middlewares/Third_Party/FreeRTOS/Source/tasks.c **** 			{
4325:Middlewares/Third_Party/FreeRTOS/Source/tasks.c **** 				( pxCurrentTCB->uxCriticalNesting )--;
4326:Middlewares/Third_Party/FreeRTOS/Source/tasks.c **** 
4327:Middlewares/Third_Party/FreeRTOS/Source/tasks.c **** 				if( pxCurrentTCB->uxCriticalNesting == 0U )
4328:Middlewares/Third_Party/FreeRTOS/Source/tasks.c **** 				{
4329:Middlewares/Third_Party/FreeRTOS/Source/tasks.c **** 					portENABLE_INTERRUPTS();
4330:Middlewares/Third_Party/FreeRTOS/Source/tasks.c **** 				}
4331:Middlewares/Third_Party/FreeRTOS/Source/tasks.c **** 				else
4332:Middlewares/Third_Party/FreeRTOS/Source/tasks.c **** 				{
4333:Middlewares/Third_Party/FreeRTOS/Source/tasks.c **** 					mtCOVERAGE_TEST_MARKER();
4334:Middlewares/Third_Party/FreeRTOS/Source/tasks.c **** 				}
4335:Middlewares/Third_Party/FreeRTOS/Source/tasks.c **** 			}
4336:Middlewares/Third_Party/FreeRTOS/Source/tasks.c **** 			else
4337:Middlewares/Third_Party/FreeRTOS/Source/tasks.c **** 			{
4338:Middlewares/Third_Party/FreeRTOS/Source/tasks.c **** 				mtCOVERAGE_TEST_MARKER();
4339:Middlewares/Third_Party/FreeRTOS/Source/tasks.c **** 			}
4340:Middlewares/Third_Party/FreeRTOS/Source/tasks.c **** 		}
4341:Middlewares/Third_Party/FreeRTOS/Source/tasks.c **** 		else
4342:Middlewares/Third_Party/FreeRTOS/Source/tasks.c **** 		{
ARM GAS  /tmp/ccbSDz7D.s 			page 99


4343:Middlewares/Third_Party/FreeRTOS/Source/tasks.c **** 			mtCOVERAGE_TEST_MARKER();
4344:Middlewares/Third_Party/FreeRTOS/Source/tasks.c **** 		}
4345:Middlewares/Third_Party/FreeRTOS/Source/tasks.c **** 	}
4346:Middlewares/Third_Party/FreeRTOS/Source/tasks.c **** 
4347:Middlewares/Third_Party/FreeRTOS/Source/tasks.c **** #endif /* portCRITICAL_NESTING_IN_TCB */
4348:Middlewares/Third_Party/FreeRTOS/Source/tasks.c **** /*-----------------------------------------------------------*/
4349:Middlewares/Third_Party/FreeRTOS/Source/tasks.c **** 
4350:Middlewares/Third_Party/FreeRTOS/Source/tasks.c **** #if ( ( configUSE_TRACE_FACILITY == 1 ) && ( configUSE_STATS_FORMATTING_FUNCTIONS > 0 ) )
4351:Middlewares/Third_Party/FreeRTOS/Source/tasks.c **** 
4352:Middlewares/Third_Party/FreeRTOS/Source/tasks.c **** 	static char *prvWriteNameToBuffer( char *pcBuffer, const char *pcTaskName )
4353:Middlewares/Third_Party/FreeRTOS/Source/tasks.c **** 	{
4354:Middlewares/Third_Party/FreeRTOS/Source/tasks.c **** 	size_t x;
4355:Middlewares/Third_Party/FreeRTOS/Source/tasks.c **** 
4356:Middlewares/Third_Party/FreeRTOS/Source/tasks.c **** 		/* Start by copying the entire string. */
4357:Middlewares/Third_Party/FreeRTOS/Source/tasks.c **** 		strcpy( pcBuffer, pcTaskName );
4358:Middlewares/Third_Party/FreeRTOS/Source/tasks.c **** 
4359:Middlewares/Third_Party/FreeRTOS/Source/tasks.c **** 		/* Pad the end of the string with spaces to ensure columns line up when
4360:Middlewares/Third_Party/FreeRTOS/Source/tasks.c **** 		printed out. */
4361:Middlewares/Third_Party/FreeRTOS/Source/tasks.c **** 		for( x = strlen( pcBuffer ); x < ( size_t ) ( configMAX_TASK_NAME_LEN - 1 ); x++ )
4362:Middlewares/Third_Party/FreeRTOS/Source/tasks.c **** 		{
4363:Middlewares/Third_Party/FreeRTOS/Source/tasks.c **** 			pcBuffer[ x ] = ' ';
4364:Middlewares/Third_Party/FreeRTOS/Source/tasks.c **** 		}
4365:Middlewares/Third_Party/FreeRTOS/Source/tasks.c **** 
4366:Middlewares/Third_Party/FreeRTOS/Source/tasks.c **** 		/* Terminate. */
4367:Middlewares/Third_Party/FreeRTOS/Source/tasks.c **** 		pcBuffer[ x ] = ( char ) 0x00;
4368:Middlewares/Third_Party/FreeRTOS/Source/tasks.c **** 
4369:Middlewares/Third_Party/FreeRTOS/Source/tasks.c **** 		/* Return the new end of string. */
4370:Middlewares/Third_Party/FreeRTOS/Source/tasks.c **** 		return &( pcBuffer[ x ] );
4371:Middlewares/Third_Party/FreeRTOS/Source/tasks.c **** 	}
4372:Middlewares/Third_Party/FreeRTOS/Source/tasks.c **** 
4373:Middlewares/Third_Party/FreeRTOS/Source/tasks.c **** #endif /* ( configUSE_TRACE_FACILITY == 1 ) && ( configUSE_STATS_FORMATTING_FUNCTIONS > 0 ) */
4374:Middlewares/Third_Party/FreeRTOS/Source/tasks.c **** /*-----------------------------------------------------------*/
4375:Middlewares/Third_Party/FreeRTOS/Source/tasks.c **** 
4376:Middlewares/Third_Party/FreeRTOS/Source/tasks.c **** #if ( ( configUSE_TRACE_FACILITY == 1 ) && ( configUSE_STATS_FORMATTING_FUNCTIONS > 0 ) && ( config
4377:Middlewares/Third_Party/FreeRTOS/Source/tasks.c **** 
4378:Middlewares/Third_Party/FreeRTOS/Source/tasks.c **** 	void vTaskList( char * pcWriteBuffer )
4379:Middlewares/Third_Party/FreeRTOS/Source/tasks.c **** 	{
4380:Middlewares/Third_Party/FreeRTOS/Source/tasks.c **** 	TaskStatus_t *pxTaskStatusArray;
4381:Middlewares/Third_Party/FreeRTOS/Source/tasks.c **** 	UBaseType_t uxArraySize, x;
4382:Middlewares/Third_Party/FreeRTOS/Source/tasks.c **** 	char cStatus;
4383:Middlewares/Third_Party/FreeRTOS/Source/tasks.c **** 
4384:Middlewares/Third_Party/FreeRTOS/Source/tasks.c **** 		/*
4385:Middlewares/Third_Party/FreeRTOS/Source/tasks.c **** 		 * PLEASE NOTE:
4386:Middlewares/Third_Party/FreeRTOS/Source/tasks.c **** 		 *
4387:Middlewares/Third_Party/FreeRTOS/Source/tasks.c **** 		 * This function is provided for convenience only, and is used by many
4388:Middlewares/Third_Party/FreeRTOS/Source/tasks.c **** 		 * of the demo applications.  Do not consider it to be part of the
4389:Middlewares/Third_Party/FreeRTOS/Source/tasks.c **** 		 * scheduler.
4390:Middlewares/Third_Party/FreeRTOS/Source/tasks.c **** 		 *
4391:Middlewares/Third_Party/FreeRTOS/Source/tasks.c **** 		 * vTaskList() calls uxTaskGetSystemState(), then formats part of the
4392:Middlewares/Third_Party/FreeRTOS/Source/tasks.c **** 		 * uxTaskGetSystemState() output into a human readable table that
4393:Middlewares/Third_Party/FreeRTOS/Source/tasks.c **** 		 * displays task names, states and stack usage.
4394:Middlewares/Third_Party/FreeRTOS/Source/tasks.c **** 		 *
4395:Middlewares/Third_Party/FreeRTOS/Source/tasks.c **** 		 * vTaskList() has a dependency on the sprintf() C library function that
4396:Middlewares/Third_Party/FreeRTOS/Source/tasks.c **** 		 * might bloat the code size, use a lot of stack, and provide different
4397:Middlewares/Third_Party/FreeRTOS/Source/tasks.c **** 		 * results on different platforms.  An alternative, tiny, third party,
4398:Middlewares/Third_Party/FreeRTOS/Source/tasks.c **** 		 * and limited functionality implementation of sprintf() is provided in
4399:Middlewares/Third_Party/FreeRTOS/Source/tasks.c **** 		 * many of the FreeRTOS/Demo sub-directories in a file called
ARM GAS  /tmp/ccbSDz7D.s 			page 100


4400:Middlewares/Third_Party/FreeRTOS/Source/tasks.c **** 		 * printf-stdarg.c (note printf-stdarg.c does not provide a full
4401:Middlewares/Third_Party/FreeRTOS/Source/tasks.c **** 		 * snprintf() implementation!).
4402:Middlewares/Third_Party/FreeRTOS/Source/tasks.c **** 		 *
4403:Middlewares/Third_Party/FreeRTOS/Source/tasks.c **** 		 * It is recommended that production systems call uxTaskGetSystemState()
4404:Middlewares/Third_Party/FreeRTOS/Source/tasks.c **** 		 * directly to get access to raw stats data, rather than indirectly
4405:Middlewares/Third_Party/FreeRTOS/Source/tasks.c **** 		 * through a call to vTaskList().
4406:Middlewares/Third_Party/FreeRTOS/Source/tasks.c **** 		 */
4407:Middlewares/Third_Party/FreeRTOS/Source/tasks.c **** 
4408:Middlewares/Third_Party/FreeRTOS/Source/tasks.c **** 
4409:Middlewares/Third_Party/FreeRTOS/Source/tasks.c **** 		/* Make sure the write buffer does not contain a string. */
4410:Middlewares/Third_Party/FreeRTOS/Source/tasks.c **** 		*pcWriteBuffer = ( char ) 0x00;
4411:Middlewares/Third_Party/FreeRTOS/Source/tasks.c **** 
4412:Middlewares/Third_Party/FreeRTOS/Source/tasks.c **** 		/* Take a snapshot of the number of tasks in case it changes while this
4413:Middlewares/Third_Party/FreeRTOS/Source/tasks.c **** 		function is executing. */
4414:Middlewares/Third_Party/FreeRTOS/Source/tasks.c **** 		uxArraySize = uxCurrentNumberOfTasks;
4415:Middlewares/Third_Party/FreeRTOS/Source/tasks.c **** 
4416:Middlewares/Third_Party/FreeRTOS/Source/tasks.c **** 		/* Allocate an array index for each task.  NOTE!  if
4417:Middlewares/Third_Party/FreeRTOS/Source/tasks.c **** 		configSUPPORT_DYNAMIC_ALLOCATION is set to 0 then pvPortMalloc() will
4418:Middlewares/Third_Party/FreeRTOS/Source/tasks.c **** 		equate to NULL. */
4419:Middlewares/Third_Party/FreeRTOS/Source/tasks.c **** 		pxTaskStatusArray = pvPortMalloc( uxCurrentNumberOfTasks * sizeof( TaskStatus_t ) ); /*lint !e907
4420:Middlewares/Third_Party/FreeRTOS/Source/tasks.c **** 
4421:Middlewares/Third_Party/FreeRTOS/Source/tasks.c **** 		if( pxTaskStatusArray != NULL )
4422:Middlewares/Third_Party/FreeRTOS/Source/tasks.c **** 		{
4423:Middlewares/Third_Party/FreeRTOS/Source/tasks.c **** 			/* Generate the (binary) data. */
4424:Middlewares/Third_Party/FreeRTOS/Source/tasks.c **** 			uxArraySize = uxTaskGetSystemState( pxTaskStatusArray, uxArraySize, NULL );
4425:Middlewares/Third_Party/FreeRTOS/Source/tasks.c **** 
4426:Middlewares/Third_Party/FreeRTOS/Source/tasks.c **** 			/* Create a human readable table from the binary data. */
4427:Middlewares/Third_Party/FreeRTOS/Source/tasks.c **** 			for( x = 0; x < uxArraySize; x++ )
4428:Middlewares/Third_Party/FreeRTOS/Source/tasks.c **** 			{
4429:Middlewares/Third_Party/FreeRTOS/Source/tasks.c **** 				switch( pxTaskStatusArray[ x ].eCurrentState )
4430:Middlewares/Third_Party/FreeRTOS/Source/tasks.c **** 				{
4431:Middlewares/Third_Party/FreeRTOS/Source/tasks.c **** 					case eRunning:		cStatus = tskRUNNING_CHAR;
4432:Middlewares/Third_Party/FreeRTOS/Source/tasks.c **** 										break;
4433:Middlewares/Third_Party/FreeRTOS/Source/tasks.c **** 
4434:Middlewares/Third_Party/FreeRTOS/Source/tasks.c **** 					case eReady:		cStatus = tskREADY_CHAR;
4435:Middlewares/Third_Party/FreeRTOS/Source/tasks.c **** 										break;
4436:Middlewares/Third_Party/FreeRTOS/Source/tasks.c **** 
4437:Middlewares/Third_Party/FreeRTOS/Source/tasks.c **** 					case eBlocked:		cStatus = tskBLOCKED_CHAR;
4438:Middlewares/Third_Party/FreeRTOS/Source/tasks.c **** 										break;
4439:Middlewares/Third_Party/FreeRTOS/Source/tasks.c **** 
4440:Middlewares/Third_Party/FreeRTOS/Source/tasks.c **** 					case eSuspended:	cStatus = tskSUSPENDED_CHAR;
4441:Middlewares/Third_Party/FreeRTOS/Source/tasks.c **** 										break;
4442:Middlewares/Third_Party/FreeRTOS/Source/tasks.c **** 
4443:Middlewares/Third_Party/FreeRTOS/Source/tasks.c **** 					case eDeleted:		cStatus = tskDELETED_CHAR;
4444:Middlewares/Third_Party/FreeRTOS/Source/tasks.c **** 										break;
4445:Middlewares/Third_Party/FreeRTOS/Source/tasks.c **** 
4446:Middlewares/Third_Party/FreeRTOS/Source/tasks.c **** 					case eInvalid:		/* Fall through. */
4447:Middlewares/Third_Party/FreeRTOS/Source/tasks.c **** 					default:			/* Should not get here, but it is included
4448:Middlewares/Third_Party/FreeRTOS/Source/tasks.c **** 										to prevent static checking errors. */
4449:Middlewares/Third_Party/FreeRTOS/Source/tasks.c **** 										cStatus = ( char ) 0x00;
4450:Middlewares/Third_Party/FreeRTOS/Source/tasks.c **** 										break;
4451:Middlewares/Third_Party/FreeRTOS/Source/tasks.c **** 				}
4452:Middlewares/Third_Party/FreeRTOS/Source/tasks.c **** 
4453:Middlewares/Third_Party/FreeRTOS/Source/tasks.c **** 				/* Write the task name to the string, padding with spaces so it
4454:Middlewares/Third_Party/FreeRTOS/Source/tasks.c **** 				can be printed in tabular form more easily. */
4455:Middlewares/Third_Party/FreeRTOS/Source/tasks.c **** 				pcWriteBuffer = prvWriteNameToBuffer( pcWriteBuffer, pxTaskStatusArray[ x ].pcTaskName );
4456:Middlewares/Third_Party/FreeRTOS/Source/tasks.c **** 
ARM GAS  /tmp/ccbSDz7D.s 			page 101


4457:Middlewares/Third_Party/FreeRTOS/Source/tasks.c **** 				/* Write the rest of the string. */
4458:Middlewares/Third_Party/FreeRTOS/Source/tasks.c **** 				sprintf( pcWriteBuffer, "\t%c\t%u\t%u\t%u\r\n", cStatus, ( unsigned int ) pxTaskStatusArray[ x 
4459:Middlewares/Third_Party/FreeRTOS/Source/tasks.c **** 				pcWriteBuffer += strlen( pcWriteBuffer ); /*lint !e9016 Pointer arithmetic ok on char pointers 
4460:Middlewares/Third_Party/FreeRTOS/Source/tasks.c **** 			}
4461:Middlewares/Third_Party/FreeRTOS/Source/tasks.c **** 
4462:Middlewares/Third_Party/FreeRTOS/Source/tasks.c **** 			/* Free the array again.  NOTE!  If configSUPPORT_DYNAMIC_ALLOCATION
4463:Middlewares/Third_Party/FreeRTOS/Source/tasks.c **** 			is 0 then vPortFree() will be #defined to nothing. */
4464:Middlewares/Third_Party/FreeRTOS/Source/tasks.c **** 			vPortFree( pxTaskStatusArray );
4465:Middlewares/Third_Party/FreeRTOS/Source/tasks.c **** 		}
4466:Middlewares/Third_Party/FreeRTOS/Source/tasks.c **** 		else
4467:Middlewares/Third_Party/FreeRTOS/Source/tasks.c **** 		{
4468:Middlewares/Third_Party/FreeRTOS/Source/tasks.c **** 			mtCOVERAGE_TEST_MARKER();
4469:Middlewares/Third_Party/FreeRTOS/Source/tasks.c **** 		}
4470:Middlewares/Third_Party/FreeRTOS/Source/tasks.c **** 	}
4471:Middlewares/Third_Party/FreeRTOS/Source/tasks.c **** 
4472:Middlewares/Third_Party/FreeRTOS/Source/tasks.c **** #endif /* ( ( configUSE_TRACE_FACILITY == 1 ) && ( configUSE_STATS_FORMATTING_FUNCTIONS > 0 ) && ( 
4473:Middlewares/Third_Party/FreeRTOS/Source/tasks.c **** /*----------------------------------------------------------*/
4474:Middlewares/Third_Party/FreeRTOS/Source/tasks.c **** 
4475:Middlewares/Third_Party/FreeRTOS/Source/tasks.c **** #if ( ( configGENERATE_RUN_TIME_STATS == 1 ) && ( configUSE_STATS_FORMATTING_FUNCTIONS > 0 ) && ( c
4476:Middlewares/Third_Party/FreeRTOS/Source/tasks.c **** 
4477:Middlewares/Third_Party/FreeRTOS/Source/tasks.c **** 	void vTaskGetRunTimeStats( char *pcWriteBuffer )
4478:Middlewares/Third_Party/FreeRTOS/Source/tasks.c **** 	{
4479:Middlewares/Third_Party/FreeRTOS/Source/tasks.c **** 	TaskStatus_t *pxTaskStatusArray;
4480:Middlewares/Third_Party/FreeRTOS/Source/tasks.c **** 	UBaseType_t uxArraySize, x;
4481:Middlewares/Third_Party/FreeRTOS/Source/tasks.c **** 	uint32_t ulTotalTime, ulStatsAsPercentage;
4482:Middlewares/Third_Party/FreeRTOS/Source/tasks.c **** 
4483:Middlewares/Third_Party/FreeRTOS/Source/tasks.c **** 		#if( configUSE_TRACE_FACILITY != 1 )
4484:Middlewares/Third_Party/FreeRTOS/Source/tasks.c **** 		{
4485:Middlewares/Third_Party/FreeRTOS/Source/tasks.c **** 			#error configUSE_TRACE_FACILITY must also be set to 1 in FreeRTOSConfig.h to use vTaskGetRunTime
4486:Middlewares/Third_Party/FreeRTOS/Source/tasks.c **** 		}
4487:Middlewares/Third_Party/FreeRTOS/Source/tasks.c **** 		#endif
4488:Middlewares/Third_Party/FreeRTOS/Source/tasks.c **** 
4489:Middlewares/Third_Party/FreeRTOS/Source/tasks.c **** 		/*
4490:Middlewares/Third_Party/FreeRTOS/Source/tasks.c **** 		 * PLEASE NOTE:
4491:Middlewares/Third_Party/FreeRTOS/Source/tasks.c **** 		 *
4492:Middlewares/Third_Party/FreeRTOS/Source/tasks.c **** 		 * This function is provided for convenience only, and is used by many
4493:Middlewares/Third_Party/FreeRTOS/Source/tasks.c **** 		 * of the demo applications.  Do not consider it to be part of the
4494:Middlewares/Third_Party/FreeRTOS/Source/tasks.c **** 		 * scheduler.
4495:Middlewares/Third_Party/FreeRTOS/Source/tasks.c **** 		 *
4496:Middlewares/Third_Party/FreeRTOS/Source/tasks.c **** 		 * vTaskGetRunTimeStats() calls uxTaskGetSystemState(), then formats part
4497:Middlewares/Third_Party/FreeRTOS/Source/tasks.c **** 		 * of the uxTaskGetSystemState() output into a human readable table that
4498:Middlewares/Third_Party/FreeRTOS/Source/tasks.c **** 		 * displays the amount of time each task has spent in the Running state
4499:Middlewares/Third_Party/FreeRTOS/Source/tasks.c **** 		 * in both absolute and percentage terms.
4500:Middlewares/Third_Party/FreeRTOS/Source/tasks.c **** 		 *
4501:Middlewares/Third_Party/FreeRTOS/Source/tasks.c **** 		 * vTaskGetRunTimeStats() has a dependency on the sprintf() C library
4502:Middlewares/Third_Party/FreeRTOS/Source/tasks.c **** 		 * function that might bloat the code size, use a lot of stack, and
4503:Middlewares/Third_Party/FreeRTOS/Source/tasks.c **** 		 * provide different results on different platforms.  An alternative,
4504:Middlewares/Third_Party/FreeRTOS/Source/tasks.c **** 		 * tiny, third party, and limited functionality implementation of
4505:Middlewares/Third_Party/FreeRTOS/Source/tasks.c **** 		 * sprintf() is provided in many of the FreeRTOS/Demo sub-directories in
4506:Middlewares/Third_Party/FreeRTOS/Source/tasks.c **** 		 * a file called printf-stdarg.c (note printf-stdarg.c does not provide
4507:Middlewares/Third_Party/FreeRTOS/Source/tasks.c **** 		 * a full snprintf() implementation!).
4508:Middlewares/Third_Party/FreeRTOS/Source/tasks.c **** 		 *
4509:Middlewares/Third_Party/FreeRTOS/Source/tasks.c **** 		 * It is recommended that production systems call uxTaskGetSystemState()
4510:Middlewares/Third_Party/FreeRTOS/Source/tasks.c **** 		 * directly to get access to raw stats data, rather than indirectly
4511:Middlewares/Third_Party/FreeRTOS/Source/tasks.c **** 		 * through a call to vTaskGetRunTimeStats().
4512:Middlewares/Third_Party/FreeRTOS/Source/tasks.c **** 		 */
4513:Middlewares/Third_Party/FreeRTOS/Source/tasks.c **** 
ARM GAS  /tmp/ccbSDz7D.s 			page 102


4514:Middlewares/Third_Party/FreeRTOS/Source/tasks.c **** 		/* Make sure the write buffer does not contain a string. */
4515:Middlewares/Third_Party/FreeRTOS/Source/tasks.c **** 		*pcWriteBuffer = ( char ) 0x00;
4516:Middlewares/Third_Party/FreeRTOS/Source/tasks.c **** 
4517:Middlewares/Third_Party/FreeRTOS/Source/tasks.c **** 		/* Take a snapshot of the number of tasks in case it changes while this
4518:Middlewares/Third_Party/FreeRTOS/Source/tasks.c **** 		function is executing. */
4519:Middlewares/Third_Party/FreeRTOS/Source/tasks.c **** 		uxArraySize = uxCurrentNumberOfTasks;
4520:Middlewares/Third_Party/FreeRTOS/Source/tasks.c **** 
4521:Middlewares/Third_Party/FreeRTOS/Source/tasks.c **** 		/* Allocate an array index for each task.  NOTE!  If
4522:Middlewares/Third_Party/FreeRTOS/Source/tasks.c **** 		configSUPPORT_DYNAMIC_ALLOCATION is set to 0 then pvPortMalloc() will
4523:Middlewares/Third_Party/FreeRTOS/Source/tasks.c **** 		equate to NULL. */
4524:Middlewares/Third_Party/FreeRTOS/Source/tasks.c **** 		pxTaskStatusArray = pvPortMalloc( uxCurrentNumberOfTasks * sizeof( TaskStatus_t ) ); /*lint !e907
4525:Middlewares/Third_Party/FreeRTOS/Source/tasks.c **** 
4526:Middlewares/Third_Party/FreeRTOS/Source/tasks.c **** 		if( pxTaskStatusArray != NULL )
4527:Middlewares/Third_Party/FreeRTOS/Source/tasks.c **** 		{
4528:Middlewares/Third_Party/FreeRTOS/Source/tasks.c **** 			/* Generate the (binary) data. */
4529:Middlewares/Third_Party/FreeRTOS/Source/tasks.c **** 			uxArraySize = uxTaskGetSystemState( pxTaskStatusArray, uxArraySize, &ulTotalTime );
4530:Middlewares/Third_Party/FreeRTOS/Source/tasks.c **** 
4531:Middlewares/Third_Party/FreeRTOS/Source/tasks.c **** 			/* For percentage calculations. */
4532:Middlewares/Third_Party/FreeRTOS/Source/tasks.c **** 			ulTotalTime /= 100UL;
4533:Middlewares/Third_Party/FreeRTOS/Source/tasks.c **** 
4534:Middlewares/Third_Party/FreeRTOS/Source/tasks.c **** 			/* Avoid divide by zero errors. */
4535:Middlewares/Third_Party/FreeRTOS/Source/tasks.c **** 			if( ulTotalTime > 0UL )
4536:Middlewares/Third_Party/FreeRTOS/Source/tasks.c **** 			{
4537:Middlewares/Third_Party/FreeRTOS/Source/tasks.c **** 				/* Create a human readable table from the binary data. */
4538:Middlewares/Third_Party/FreeRTOS/Source/tasks.c **** 				for( x = 0; x < uxArraySize; x++ )
4539:Middlewares/Third_Party/FreeRTOS/Source/tasks.c **** 				{
4540:Middlewares/Third_Party/FreeRTOS/Source/tasks.c **** 					/* What percentage of the total run time has the task used?
4541:Middlewares/Third_Party/FreeRTOS/Source/tasks.c **** 					This will always be rounded down to the nearest integer.
4542:Middlewares/Third_Party/FreeRTOS/Source/tasks.c **** 					ulTotalRunTimeDiv100 has already been divided by 100. */
4543:Middlewares/Third_Party/FreeRTOS/Source/tasks.c **** 					ulStatsAsPercentage = pxTaskStatusArray[ x ].ulRunTimeCounter / ulTotalTime;
4544:Middlewares/Third_Party/FreeRTOS/Source/tasks.c **** 
4545:Middlewares/Third_Party/FreeRTOS/Source/tasks.c **** 					/* Write the task name to the string, padding with
4546:Middlewares/Third_Party/FreeRTOS/Source/tasks.c **** 					spaces so it can be printed in tabular form more
4547:Middlewares/Third_Party/FreeRTOS/Source/tasks.c **** 					easily. */
4548:Middlewares/Third_Party/FreeRTOS/Source/tasks.c **** 					pcWriteBuffer = prvWriteNameToBuffer( pcWriteBuffer, pxTaskStatusArray[ x ].pcTaskName );
4549:Middlewares/Third_Party/FreeRTOS/Source/tasks.c **** 
4550:Middlewares/Third_Party/FreeRTOS/Source/tasks.c **** 					if( ulStatsAsPercentage > 0UL )
4551:Middlewares/Third_Party/FreeRTOS/Source/tasks.c **** 					{
4552:Middlewares/Third_Party/FreeRTOS/Source/tasks.c **** 						#ifdef portLU_PRINTF_SPECIFIER_REQUIRED
4553:Middlewares/Third_Party/FreeRTOS/Source/tasks.c **** 						{
4554:Middlewares/Third_Party/FreeRTOS/Source/tasks.c **** 							sprintf( pcWriteBuffer, "\t%lu\t\t%lu%%\r\n", pxTaskStatusArray[ x ].ulRunTimeCounter, ulSta
4555:Middlewares/Third_Party/FreeRTOS/Source/tasks.c **** 						}
4556:Middlewares/Third_Party/FreeRTOS/Source/tasks.c **** 						#else
4557:Middlewares/Third_Party/FreeRTOS/Source/tasks.c **** 						{
4558:Middlewares/Third_Party/FreeRTOS/Source/tasks.c **** 							/* sizeof( int ) == sizeof( long ) so a smaller
4559:Middlewares/Third_Party/FreeRTOS/Source/tasks.c **** 							printf() library can be used. */
4560:Middlewares/Third_Party/FreeRTOS/Source/tasks.c **** 							sprintf( pcWriteBuffer, "\t%u\t\t%u%%\r\n", ( unsigned int ) pxTaskStatusArray[ x ].ulRunTim
4561:Middlewares/Third_Party/FreeRTOS/Source/tasks.c **** 						}
4562:Middlewares/Third_Party/FreeRTOS/Source/tasks.c **** 						#endif
4563:Middlewares/Third_Party/FreeRTOS/Source/tasks.c **** 					}
4564:Middlewares/Third_Party/FreeRTOS/Source/tasks.c **** 					else
4565:Middlewares/Third_Party/FreeRTOS/Source/tasks.c **** 					{
4566:Middlewares/Third_Party/FreeRTOS/Source/tasks.c **** 						/* If the percentage is zero here then the task has
4567:Middlewares/Third_Party/FreeRTOS/Source/tasks.c **** 						consumed less than 1% of the total run time. */
4568:Middlewares/Third_Party/FreeRTOS/Source/tasks.c **** 						#ifdef portLU_PRINTF_SPECIFIER_REQUIRED
4569:Middlewares/Third_Party/FreeRTOS/Source/tasks.c **** 						{
4570:Middlewares/Third_Party/FreeRTOS/Source/tasks.c **** 							sprintf( pcWriteBuffer, "\t%lu\t\t<1%%\r\n", pxTaskStatusArray[ x ].ulRunTimeCounter );
ARM GAS  /tmp/ccbSDz7D.s 			page 103


4571:Middlewares/Third_Party/FreeRTOS/Source/tasks.c **** 						}
4572:Middlewares/Third_Party/FreeRTOS/Source/tasks.c **** 						#else
4573:Middlewares/Third_Party/FreeRTOS/Source/tasks.c **** 						{
4574:Middlewares/Third_Party/FreeRTOS/Source/tasks.c **** 							/* sizeof( int ) == sizeof( long ) so a smaller
4575:Middlewares/Third_Party/FreeRTOS/Source/tasks.c **** 							printf() library can be used. */
4576:Middlewares/Third_Party/FreeRTOS/Source/tasks.c **** 							sprintf( pcWriteBuffer, "\t%u\t\t<1%%\r\n", ( unsigned int ) pxTaskStatusArray[ x ].ulRunTim
4577:Middlewares/Third_Party/FreeRTOS/Source/tasks.c **** 						}
4578:Middlewares/Third_Party/FreeRTOS/Source/tasks.c **** 						#endif
4579:Middlewares/Third_Party/FreeRTOS/Source/tasks.c **** 					}
4580:Middlewares/Third_Party/FreeRTOS/Source/tasks.c **** 
4581:Middlewares/Third_Party/FreeRTOS/Source/tasks.c **** 					pcWriteBuffer += strlen( pcWriteBuffer ); /*lint !e9016 Pointer arithmetic ok on char pointers
4582:Middlewares/Third_Party/FreeRTOS/Source/tasks.c **** 				}
4583:Middlewares/Third_Party/FreeRTOS/Source/tasks.c **** 			}
4584:Middlewares/Third_Party/FreeRTOS/Source/tasks.c **** 			else
4585:Middlewares/Third_Party/FreeRTOS/Source/tasks.c **** 			{
4586:Middlewares/Third_Party/FreeRTOS/Source/tasks.c **** 				mtCOVERAGE_TEST_MARKER();
4587:Middlewares/Third_Party/FreeRTOS/Source/tasks.c **** 			}
4588:Middlewares/Third_Party/FreeRTOS/Source/tasks.c **** 
4589:Middlewares/Third_Party/FreeRTOS/Source/tasks.c **** 			/* Free the array again.  NOTE!  If configSUPPORT_DYNAMIC_ALLOCATION
4590:Middlewares/Third_Party/FreeRTOS/Source/tasks.c **** 			is 0 then vPortFree() will be #defined to nothing. */
4591:Middlewares/Third_Party/FreeRTOS/Source/tasks.c **** 			vPortFree( pxTaskStatusArray );
4592:Middlewares/Third_Party/FreeRTOS/Source/tasks.c **** 		}
4593:Middlewares/Third_Party/FreeRTOS/Source/tasks.c **** 		else
4594:Middlewares/Third_Party/FreeRTOS/Source/tasks.c **** 		{
4595:Middlewares/Third_Party/FreeRTOS/Source/tasks.c **** 			mtCOVERAGE_TEST_MARKER();
4596:Middlewares/Third_Party/FreeRTOS/Source/tasks.c **** 		}
4597:Middlewares/Third_Party/FreeRTOS/Source/tasks.c **** 	}
4598:Middlewares/Third_Party/FreeRTOS/Source/tasks.c **** 
4599:Middlewares/Third_Party/FreeRTOS/Source/tasks.c **** #endif /* ( ( configGENERATE_RUN_TIME_STATS == 1 ) && ( configUSE_STATS_FORMATTING_FUNCTIONS > 0 ) 
4600:Middlewares/Third_Party/FreeRTOS/Source/tasks.c **** /*-----------------------------------------------------------*/
4601:Middlewares/Third_Party/FreeRTOS/Source/tasks.c **** 
4602:Middlewares/Third_Party/FreeRTOS/Source/tasks.c **** TickType_t uxTaskResetEventItemValue( void )
4603:Middlewares/Third_Party/FreeRTOS/Source/tasks.c **** {
4604:Middlewares/Third_Party/FreeRTOS/Source/tasks.c **** TickType_t uxReturn;
4605:Middlewares/Third_Party/FreeRTOS/Source/tasks.c **** 
4606:Middlewares/Third_Party/FreeRTOS/Source/tasks.c **** 	uxReturn = listGET_LIST_ITEM_VALUE( &( pxCurrentTCB->xEventListItem ) );
4607:Middlewares/Third_Party/FreeRTOS/Source/tasks.c **** 
4608:Middlewares/Third_Party/FreeRTOS/Source/tasks.c **** 	/* Reset the event list item to its normal value - so it can be used with
4609:Middlewares/Third_Party/FreeRTOS/Source/tasks.c **** 	queues and semaphores. */
4610:Middlewares/Third_Party/FreeRTOS/Source/tasks.c **** 	listSET_LIST_ITEM_VALUE( &( pxCurrentTCB->xEventListItem ), ( ( TickType_t ) configMAX_PRIORITIES 
4611:Middlewares/Third_Party/FreeRTOS/Source/tasks.c **** 
4612:Middlewares/Third_Party/FreeRTOS/Source/tasks.c **** 	return uxReturn;
4613:Middlewares/Third_Party/FreeRTOS/Source/tasks.c **** }
4614:Middlewares/Third_Party/FreeRTOS/Source/tasks.c **** /*-----------------------------------------------------------*/
4615:Middlewares/Third_Party/FreeRTOS/Source/tasks.c **** 
4616:Middlewares/Third_Party/FreeRTOS/Source/tasks.c **** #if ( configUSE_MUTEXES == 1 )
4617:Middlewares/Third_Party/FreeRTOS/Source/tasks.c **** 
4618:Middlewares/Third_Party/FreeRTOS/Source/tasks.c **** 	TaskHandle_t pvTaskIncrementMutexHeldCount( void )
4619:Middlewares/Third_Party/FreeRTOS/Source/tasks.c **** 	{
4620:Middlewares/Third_Party/FreeRTOS/Source/tasks.c **** 		/* If xSemaphoreCreateMutex() is called before any tasks have been created
4621:Middlewares/Third_Party/FreeRTOS/Source/tasks.c **** 		then pxCurrentTCB will be NULL. */
4622:Middlewares/Third_Party/FreeRTOS/Source/tasks.c **** 		if( pxCurrentTCB != NULL )
4623:Middlewares/Third_Party/FreeRTOS/Source/tasks.c **** 		{
4624:Middlewares/Third_Party/FreeRTOS/Source/tasks.c **** 			( pxCurrentTCB->uxMutexesHeld )++;
4625:Middlewares/Third_Party/FreeRTOS/Source/tasks.c **** 		}
4626:Middlewares/Third_Party/FreeRTOS/Source/tasks.c **** 
4627:Middlewares/Third_Party/FreeRTOS/Source/tasks.c **** 		return pxCurrentTCB;
ARM GAS  /tmp/ccbSDz7D.s 			page 104


4628:Middlewares/Third_Party/FreeRTOS/Source/tasks.c **** 	}
4629:Middlewares/Third_Party/FreeRTOS/Source/tasks.c **** 
4630:Middlewares/Third_Party/FreeRTOS/Source/tasks.c **** #endif /* configUSE_MUTEXES */
4631:Middlewares/Third_Party/FreeRTOS/Source/tasks.c **** /*-----------------------------------------------------------*/
4632:Middlewares/Third_Party/FreeRTOS/Source/tasks.c **** 
4633:Middlewares/Third_Party/FreeRTOS/Source/tasks.c **** #if( configUSE_TASK_NOTIFICATIONS == 1 )
4634:Middlewares/Third_Party/FreeRTOS/Source/tasks.c **** 
4635:Middlewares/Third_Party/FreeRTOS/Source/tasks.c **** 	uint32_t ulTaskNotifyTake( BaseType_t xClearCountOnExit, TickType_t xTicksToWait )
4636:Middlewares/Third_Party/FreeRTOS/Source/tasks.c **** 	{
4637:Middlewares/Third_Party/FreeRTOS/Source/tasks.c **** 	uint32_t ulReturn;
4638:Middlewares/Third_Party/FreeRTOS/Source/tasks.c **** 
4639:Middlewares/Third_Party/FreeRTOS/Source/tasks.c **** 		taskENTER_CRITICAL();
4640:Middlewares/Third_Party/FreeRTOS/Source/tasks.c **** 		{
4641:Middlewares/Third_Party/FreeRTOS/Source/tasks.c **** 			/* Only block if the notification count is not already non-zero. */
4642:Middlewares/Third_Party/FreeRTOS/Source/tasks.c **** 			if( pxCurrentTCB->ulNotifiedValue == 0UL )
4643:Middlewares/Third_Party/FreeRTOS/Source/tasks.c **** 			{
4644:Middlewares/Third_Party/FreeRTOS/Source/tasks.c **** 				/* Mark this task as waiting for a notification. */
4645:Middlewares/Third_Party/FreeRTOS/Source/tasks.c **** 				pxCurrentTCB->ucNotifyState = taskWAITING_NOTIFICATION;
4646:Middlewares/Third_Party/FreeRTOS/Source/tasks.c **** 
4647:Middlewares/Third_Party/FreeRTOS/Source/tasks.c **** 				if( xTicksToWait > ( TickType_t ) 0 )
4648:Middlewares/Third_Party/FreeRTOS/Source/tasks.c **** 				{
4649:Middlewares/Third_Party/FreeRTOS/Source/tasks.c **** 					prvAddCurrentTaskToDelayedList( xTicksToWait, pdTRUE );
4650:Middlewares/Third_Party/FreeRTOS/Source/tasks.c **** 					traceTASK_NOTIFY_TAKE_BLOCK();
4651:Middlewares/Third_Party/FreeRTOS/Source/tasks.c **** 
4652:Middlewares/Third_Party/FreeRTOS/Source/tasks.c **** 					/* All ports are written to allow a yield in a critical
4653:Middlewares/Third_Party/FreeRTOS/Source/tasks.c **** 					section (some will yield immediately, others wait until the
4654:Middlewares/Third_Party/FreeRTOS/Source/tasks.c **** 					critical section exits) - but it is not something that
4655:Middlewares/Third_Party/FreeRTOS/Source/tasks.c **** 					application code should ever do. */
4656:Middlewares/Third_Party/FreeRTOS/Source/tasks.c **** 					portYIELD_WITHIN_API();
4657:Middlewares/Third_Party/FreeRTOS/Source/tasks.c **** 				}
4658:Middlewares/Third_Party/FreeRTOS/Source/tasks.c **** 				else
4659:Middlewares/Third_Party/FreeRTOS/Source/tasks.c **** 				{
4660:Middlewares/Third_Party/FreeRTOS/Source/tasks.c **** 					mtCOVERAGE_TEST_MARKER();
4661:Middlewares/Third_Party/FreeRTOS/Source/tasks.c **** 				}
4662:Middlewares/Third_Party/FreeRTOS/Source/tasks.c **** 			}
4663:Middlewares/Third_Party/FreeRTOS/Source/tasks.c **** 			else
4664:Middlewares/Third_Party/FreeRTOS/Source/tasks.c **** 			{
4665:Middlewares/Third_Party/FreeRTOS/Source/tasks.c **** 				mtCOVERAGE_TEST_MARKER();
4666:Middlewares/Third_Party/FreeRTOS/Source/tasks.c **** 			}
4667:Middlewares/Third_Party/FreeRTOS/Source/tasks.c **** 		}
4668:Middlewares/Third_Party/FreeRTOS/Source/tasks.c **** 		taskEXIT_CRITICAL();
4669:Middlewares/Third_Party/FreeRTOS/Source/tasks.c **** 
4670:Middlewares/Third_Party/FreeRTOS/Source/tasks.c **** 		taskENTER_CRITICAL();
4671:Middlewares/Third_Party/FreeRTOS/Source/tasks.c **** 		{
4672:Middlewares/Third_Party/FreeRTOS/Source/tasks.c **** 			traceTASK_NOTIFY_TAKE();
4673:Middlewares/Third_Party/FreeRTOS/Source/tasks.c **** 			ulReturn = pxCurrentTCB->ulNotifiedValue;
4674:Middlewares/Third_Party/FreeRTOS/Source/tasks.c **** 
4675:Middlewares/Third_Party/FreeRTOS/Source/tasks.c **** 			if( ulReturn != 0UL )
4676:Middlewares/Third_Party/FreeRTOS/Source/tasks.c **** 			{
4677:Middlewares/Third_Party/FreeRTOS/Source/tasks.c **** 				if( xClearCountOnExit != pdFALSE )
4678:Middlewares/Third_Party/FreeRTOS/Source/tasks.c **** 				{
4679:Middlewares/Third_Party/FreeRTOS/Source/tasks.c **** 					pxCurrentTCB->ulNotifiedValue = 0UL;
4680:Middlewares/Third_Party/FreeRTOS/Source/tasks.c **** 				}
4681:Middlewares/Third_Party/FreeRTOS/Source/tasks.c **** 				else
4682:Middlewares/Third_Party/FreeRTOS/Source/tasks.c **** 				{
4683:Middlewares/Third_Party/FreeRTOS/Source/tasks.c **** 					pxCurrentTCB->ulNotifiedValue = ulReturn - ( uint32_t ) 1;
4684:Middlewares/Third_Party/FreeRTOS/Source/tasks.c **** 				}
ARM GAS  /tmp/ccbSDz7D.s 			page 105


4685:Middlewares/Third_Party/FreeRTOS/Source/tasks.c **** 			}
4686:Middlewares/Third_Party/FreeRTOS/Source/tasks.c **** 			else
4687:Middlewares/Third_Party/FreeRTOS/Source/tasks.c **** 			{
4688:Middlewares/Third_Party/FreeRTOS/Source/tasks.c **** 				mtCOVERAGE_TEST_MARKER();
4689:Middlewares/Third_Party/FreeRTOS/Source/tasks.c **** 			}
4690:Middlewares/Third_Party/FreeRTOS/Source/tasks.c **** 
4691:Middlewares/Third_Party/FreeRTOS/Source/tasks.c **** 			pxCurrentTCB->ucNotifyState = taskNOT_WAITING_NOTIFICATION;
4692:Middlewares/Third_Party/FreeRTOS/Source/tasks.c **** 		}
4693:Middlewares/Third_Party/FreeRTOS/Source/tasks.c **** 		taskEXIT_CRITICAL();
4694:Middlewares/Third_Party/FreeRTOS/Source/tasks.c **** 
4695:Middlewares/Third_Party/FreeRTOS/Source/tasks.c **** 		return ulReturn;
4696:Middlewares/Third_Party/FreeRTOS/Source/tasks.c **** 	}
4697:Middlewares/Third_Party/FreeRTOS/Source/tasks.c **** 
4698:Middlewares/Third_Party/FreeRTOS/Source/tasks.c **** #endif /* configUSE_TASK_NOTIFICATIONS */
4699:Middlewares/Third_Party/FreeRTOS/Source/tasks.c **** /*-----------------------------------------------------------*/
4700:Middlewares/Third_Party/FreeRTOS/Source/tasks.c **** 
4701:Middlewares/Third_Party/FreeRTOS/Source/tasks.c **** #if( configUSE_TASK_NOTIFICATIONS == 1 )
4702:Middlewares/Third_Party/FreeRTOS/Source/tasks.c **** 
4703:Middlewares/Third_Party/FreeRTOS/Source/tasks.c **** 	BaseType_t xTaskNotifyWait( uint32_t ulBitsToClearOnEntry, uint32_t ulBitsToClearOnExit, uint32_t 
4704:Middlewares/Third_Party/FreeRTOS/Source/tasks.c **** 	{
4705:Middlewares/Third_Party/FreeRTOS/Source/tasks.c **** 	BaseType_t xReturn;
4706:Middlewares/Third_Party/FreeRTOS/Source/tasks.c **** 
4707:Middlewares/Third_Party/FreeRTOS/Source/tasks.c **** 		taskENTER_CRITICAL();
4708:Middlewares/Third_Party/FreeRTOS/Source/tasks.c **** 		{
4709:Middlewares/Third_Party/FreeRTOS/Source/tasks.c **** 			/* Only block if a notification is not already pending. */
4710:Middlewares/Third_Party/FreeRTOS/Source/tasks.c **** 			if( pxCurrentTCB->ucNotifyState != taskNOTIFICATION_RECEIVED )
4711:Middlewares/Third_Party/FreeRTOS/Source/tasks.c **** 			{
4712:Middlewares/Third_Party/FreeRTOS/Source/tasks.c **** 				/* Clear bits in the task's notification value as bits may get
4713:Middlewares/Third_Party/FreeRTOS/Source/tasks.c **** 				set	by the notifying task or interrupt.  This can be used to
4714:Middlewares/Third_Party/FreeRTOS/Source/tasks.c **** 				clear the value to zero. */
4715:Middlewares/Third_Party/FreeRTOS/Source/tasks.c **** 				pxCurrentTCB->ulNotifiedValue &= ~ulBitsToClearOnEntry;
4716:Middlewares/Third_Party/FreeRTOS/Source/tasks.c **** 
4717:Middlewares/Third_Party/FreeRTOS/Source/tasks.c **** 				/* Mark this task as waiting for a notification. */
4718:Middlewares/Third_Party/FreeRTOS/Source/tasks.c **** 				pxCurrentTCB->ucNotifyState = taskWAITING_NOTIFICATION;
4719:Middlewares/Third_Party/FreeRTOS/Source/tasks.c **** 
4720:Middlewares/Third_Party/FreeRTOS/Source/tasks.c **** 				if( xTicksToWait > ( TickType_t ) 0 )
4721:Middlewares/Third_Party/FreeRTOS/Source/tasks.c **** 				{
4722:Middlewares/Third_Party/FreeRTOS/Source/tasks.c **** 					prvAddCurrentTaskToDelayedList( xTicksToWait, pdTRUE );
4723:Middlewares/Third_Party/FreeRTOS/Source/tasks.c **** 					traceTASK_NOTIFY_WAIT_BLOCK();
4724:Middlewares/Third_Party/FreeRTOS/Source/tasks.c **** 
4725:Middlewares/Third_Party/FreeRTOS/Source/tasks.c **** 					/* All ports are written to allow a yield in a critical
4726:Middlewares/Third_Party/FreeRTOS/Source/tasks.c **** 					section (some will yield immediately, others wait until the
4727:Middlewares/Third_Party/FreeRTOS/Source/tasks.c **** 					critical section exits) - but it is not something that
4728:Middlewares/Third_Party/FreeRTOS/Source/tasks.c **** 					application code should ever do. */
4729:Middlewares/Third_Party/FreeRTOS/Source/tasks.c **** 					portYIELD_WITHIN_API();
4730:Middlewares/Third_Party/FreeRTOS/Source/tasks.c **** 				}
4731:Middlewares/Third_Party/FreeRTOS/Source/tasks.c **** 				else
4732:Middlewares/Third_Party/FreeRTOS/Source/tasks.c **** 				{
4733:Middlewares/Third_Party/FreeRTOS/Source/tasks.c **** 					mtCOVERAGE_TEST_MARKER();
4734:Middlewares/Third_Party/FreeRTOS/Source/tasks.c **** 				}
4735:Middlewares/Third_Party/FreeRTOS/Source/tasks.c **** 			}
4736:Middlewares/Third_Party/FreeRTOS/Source/tasks.c **** 			else
4737:Middlewares/Third_Party/FreeRTOS/Source/tasks.c **** 			{
4738:Middlewares/Third_Party/FreeRTOS/Source/tasks.c **** 				mtCOVERAGE_TEST_MARKER();
4739:Middlewares/Third_Party/FreeRTOS/Source/tasks.c **** 			}
4740:Middlewares/Third_Party/FreeRTOS/Source/tasks.c **** 		}
4741:Middlewares/Third_Party/FreeRTOS/Source/tasks.c **** 		taskEXIT_CRITICAL();
ARM GAS  /tmp/ccbSDz7D.s 			page 106


4742:Middlewares/Third_Party/FreeRTOS/Source/tasks.c **** 
4743:Middlewares/Third_Party/FreeRTOS/Source/tasks.c **** 		taskENTER_CRITICAL();
4744:Middlewares/Third_Party/FreeRTOS/Source/tasks.c **** 		{
4745:Middlewares/Third_Party/FreeRTOS/Source/tasks.c **** 			traceTASK_NOTIFY_WAIT();
4746:Middlewares/Third_Party/FreeRTOS/Source/tasks.c **** 
4747:Middlewares/Third_Party/FreeRTOS/Source/tasks.c **** 			if( pulNotificationValue != NULL )
4748:Middlewares/Third_Party/FreeRTOS/Source/tasks.c **** 			{
4749:Middlewares/Third_Party/FreeRTOS/Source/tasks.c **** 				/* Output the current notification value, which may or may not
4750:Middlewares/Third_Party/FreeRTOS/Source/tasks.c **** 				have changed. */
4751:Middlewares/Third_Party/FreeRTOS/Source/tasks.c **** 				*pulNotificationValue = pxCurrentTCB->ulNotifiedValue;
4752:Middlewares/Third_Party/FreeRTOS/Source/tasks.c **** 			}
4753:Middlewares/Third_Party/FreeRTOS/Source/tasks.c **** 
4754:Middlewares/Third_Party/FreeRTOS/Source/tasks.c **** 			/* If ucNotifyValue is set then either the task never entered the
4755:Middlewares/Third_Party/FreeRTOS/Source/tasks.c **** 			blocked state (because a notification was already pending) or the
4756:Middlewares/Third_Party/FreeRTOS/Source/tasks.c **** 			task unblocked because of a notification.  Otherwise the task
4757:Middlewares/Third_Party/FreeRTOS/Source/tasks.c **** 			unblocked because of a timeout. */
4758:Middlewares/Third_Party/FreeRTOS/Source/tasks.c **** 			if( pxCurrentTCB->ucNotifyState != taskNOTIFICATION_RECEIVED )
4759:Middlewares/Third_Party/FreeRTOS/Source/tasks.c **** 			{
4760:Middlewares/Third_Party/FreeRTOS/Source/tasks.c **** 				/* A notification was not received. */
4761:Middlewares/Third_Party/FreeRTOS/Source/tasks.c **** 				xReturn = pdFALSE;
4762:Middlewares/Third_Party/FreeRTOS/Source/tasks.c **** 			}
4763:Middlewares/Third_Party/FreeRTOS/Source/tasks.c **** 			else
4764:Middlewares/Third_Party/FreeRTOS/Source/tasks.c **** 			{
4765:Middlewares/Third_Party/FreeRTOS/Source/tasks.c **** 				/* A notification was already pending or a notification was
4766:Middlewares/Third_Party/FreeRTOS/Source/tasks.c **** 				received while the task was waiting. */
4767:Middlewares/Third_Party/FreeRTOS/Source/tasks.c **** 				pxCurrentTCB->ulNotifiedValue &= ~ulBitsToClearOnExit;
4768:Middlewares/Third_Party/FreeRTOS/Source/tasks.c **** 				xReturn = pdTRUE;
4769:Middlewares/Third_Party/FreeRTOS/Source/tasks.c **** 			}
4770:Middlewares/Third_Party/FreeRTOS/Source/tasks.c **** 
4771:Middlewares/Third_Party/FreeRTOS/Source/tasks.c **** 			pxCurrentTCB->ucNotifyState = taskNOT_WAITING_NOTIFICATION;
4772:Middlewares/Third_Party/FreeRTOS/Source/tasks.c **** 		}
4773:Middlewares/Third_Party/FreeRTOS/Source/tasks.c **** 		taskEXIT_CRITICAL();
4774:Middlewares/Third_Party/FreeRTOS/Source/tasks.c **** 
4775:Middlewares/Third_Party/FreeRTOS/Source/tasks.c **** 		return xReturn;
4776:Middlewares/Third_Party/FreeRTOS/Source/tasks.c **** 	}
4777:Middlewares/Third_Party/FreeRTOS/Source/tasks.c **** 
4778:Middlewares/Third_Party/FreeRTOS/Source/tasks.c **** #endif /* configUSE_TASK_NOTIFICATIONS */
4779:Middlewares/Third_Party/FreeRTOS/Source/tasks.c **** /*-----------------------------------------------------------*/
4780:Middlewares/Third_Party/FreeRTOS/Source/tasks.c **** 
4781:Middlewares/Third_Party/FreeRTOS/Source/tasks.c **** #if( configUSE_TASK_NOTIFICATIONS == 1 )
4782:Middlewares/Third_Party/FreeRTOS/Source/tasks.c **** 
4783:Middlewares/Third_Party/FreeRTOS/Source/tasks.c **** 	BaseType_t xTaskGenericNotify( TaskHandle_t xTaskToNotify, uint32_t ulValue, eNotifyAction eAction
4784:Middlewares/Third_Party/FreeRTOS/Source/tasks.c **** 	{
4785:Middlewares/Third_Party/FreeRTOS/Source/tasks.c **** 	TCB_t * pxTCB;
4786:Middlewares/Third_Party/FreeRTOS/Source/tasks.c **** 	BaseType_t xReturn = pdPASS;
4787:Middlewares/Third_Party/FreeRTOS/Source/tasks.c **** 	uint8_t ucOriginalNotifyState;
4788:Middlewares/Third_Party/FreeRTOS/Source/tasks.c **** 
4789:Middlewares/Third_Party/FreeRTOS/Source/tasks.c **** 		configASSERT( xTaskToNotify );
4790:Middlewares/Third_Party/FreeRTOS/Source/tasks.c **** 		pxTCB = xTaskToNotify;
4791:Middlewares/Third_Party/FreeRTOS/Source/tasks.c **** 
4792:Middlewares/Third_Party/FreeRTOS/Source/tasks.c **** 		taskENTER_CRITICAL();
4793:Middlewares/Third_Party/FreeRTOS/Source/tasks.c **** 		{
4794:Middlewares/Third_Party/FreeRTOS/Source/tasks.c **** 			if( pulPreviousNotificationValue != NULL )
4795:Middlewares/Third_Party/FreeRTOS/Source/tasks.c **** 			{
4796:Middlewares/Third_Party/FreeRTOS/Source/tasks.c **** 				*pulPreviousNotificationValue = pxTCB->ulNotifiedValue;
4797:Middlewares/Third_Party/FreeRTOS/Source/tasks.c **** 			}
4798:Middlewares/Third_Party/FreeRTOS/Source/tasks.c **** 
ARM GAS  /tmp/ccbSDz7D.s 			page 107


4799:Middlewares/Third_Party/FreeRTOS/Source/tasks.c **** 			ucOriginalNotifyState = pxTCB->ucNotifyState;
4800:Middlewares/Third_Party/FreeRTOS/Source/tasks.c **** 
4801:Middlewares/Third_Party/FreeRTOS/Source/tasks.c **** 			pxTCB->ucNotifyState = taskNOTIFICATION_RECEIVED;
4802:Middlewares/Third_Party/FreeRTOS/Source/tasks.c **** 
4803:Middlewares/Third_Party/FreeRTOS/Source/tasks.c **** 			switch( eAction )
4804:Middlewares/Third_Party/FreeRTOS/Source/tasks.c **** 			{
4805:Middlewares/Third_Party/FreeRTOS/Source/tasks.c **** 				case eSetBits	:
4806:Middlewares/Third_Party/FreeRTOS/Source/tasks.c **** 					pxTCB->ulNotifiedValue |= ulValue;
4807:Middlewares/Third_Party/FreeRTOS/Source/tasks.c **** 					break;
4808:Middlewares/Third_Party/FreeRTOS/Source/tasks.c **** 
4809:Middlewares/Third_Party/FreeRTOS/Source/tasks.c **** 				case eIncrement	:
4810:Middlewares/Third_Party/FreeRTOS/Source/tasks.c **** 					( pxTCB->ulNotifiedValue )++;
4811:Middlewares/Third_Party/FreeRTOS/Source/tasks.c **** 					break;
4812:Middlewares/Third_Party/FreeRTOS/Source/tasks.c **** 
4813:Middlewares/Third_Party/FreeRTOS/Source/tasks.c **** 				case eSetValueWithOverwrite	:
4814:Middlewares/Third_Party/FreeRTOS/Source/tasks.c **** 					pxTCB->ulNotifiedValue = ulValue;
4815:Middlewares/Third_Party/FreeRTOS/Source/tasks.c **** 					break;
4816:Middlewares/Third_Party/FreeRTOS/Source/tasks.c **** 
4817:Middlewares/Third_Party/FreeRTOS/Source/tasks.c **** 				case eSetValueWithoutOverwrite :
4818:Middlewares/Third_Party/FreeRTOS/Source/tasks.c **** 					if( ucOriginalNotifyState != taskNOTIFICATION_RECEIVED )
4819:Middlewares/Third_Party/FreeRTOS/Source/tasks.c **** 					{
4820:Middlewares/Third_Party/FreeRTOS/Source/tasks.c **** 						pxTCB->ulNotifiedValue = ulValue;
4821:Middlewares/Third_Party/FreeRTOS/Source/tasks.c **** 					}
4822:Middlewares/Third_Party/FreeRTOS/Source/tasks.c **** 					else
4823:Middlewares/Third_Party/FreeRTOS/Source/tasks.c **** 					{
4824:Middlewares/Third_Party/FreeRTOS/Source/tasks.c **** 						/* The value could not be written to the task. */
4825:Middlewares/Third_Party/FreeRTOS/Source/tasks.c **** 						xReturn = pdFAIL;
4826:Middlewares/Third_Party/FreeRTOS/Source/tasks.c **** 					}
4827:Middlewares/Third_Party/FreeRTOS/Source/tasks.c **** 					break;
4828:Middlewares/Third_Party/FreeRTOS/Source/tasks.c **** 
4829:Middlewares/Third_Party/FreeRTOS/Source/tasks.c **** 				case eNoAction:
4830:Middlewares/Third_Party/FreeRTOS/Source/tasks.c **** 					/* The task is being notified without its notify value being
4831:Middlewares/Third_Party/FreeRTOS/Source/tasks.c **** 					updated. */
4832:Middlewares/Third_Party/FreeRTOS/Source/tasks.c **** 					break;
4833:Middlewares/Third_Party/FreeRTOS/Source/tasks.c **** 
4834:Middlewares/Third_Party/FreeRTOS/Source/tasks.c **** 				default:
4835:Middlewares/Third_Party/FreeRTOS/Source/tasks.c **** 					/* Should not get here if all enums are handled.
4836:Middlewares/Third_Party/FreeRTOS/Source/tasks.c **** 					Artificially force an assert by testing a value the
4837:Middlewares/Third_Party/FreeRTOS/Source/tasks.c **** 					compiler can't assume is const. */
4838:Middlewares/Third_Party/FreeRTOS/Source/tasks.c **** 					configASSERT( pxTCB->ulNotifiedValue == ~0UL );
4839:Middlewares/Third_Party/FreeRTOS/Source/tasks.c **** 
4840:Middlewares/Third_Party/FreeRTOS/Source/tasks.c **** 					break;
4841:Middlewares/Third_Party/FreeRTOS/Source/tasks.c **** 			}
4842:Middlewares/Third_Party/FreeRTOS/Source/tasks.c **** 
4843:Middlewares/Third_Party/FreeRTOS/Source/tasks.c **** 			traceTASK_NOTIFY();
4844:Middlewares/Third_Party/FreeRTOS/Source/tasks.c **** 
4845:Middlewares/Third_Party/FreeRTOS/Source/tasks.c **** 			/* If the task is in the blocked state specifically to wait for a
4846:Middlewares/Third_Party/FreeRTOS/Source/tasks.c **** 			notification then unblock it now. */
4847:Middlewares/Third_Party/FreeRTOS/Source/tasks.c **** 			if( ucOriginalNotifyState == taskWAITING_NOTIFICATION )
4848:Middlewares/Third_Party/FreeRTOS/Source/tasks.c **** 			{
4849:Middlewares/Third_Party/FreeRTOS/Source/tasks.c **** 				( void ) uxListRemove( &( pxTCB->xStateListItem ) );
4850:Middlewares/Third_Party/FreeRTOS/Source/tasks.c **** 				prvAddTaskToReadyList( pxTCB );
4851:Middlewares/Third_Party/FreeRTOS/Source/tasks.c **** 
4852:Middlewares/Third_Party/FreeRTOS/Source/tasks.c **** 				/* The task should not have been on an event list. */
4853:Middlewares/Third_Party/FreeRTOS/Source/tasks.c **** 				configASSERT( listLIST_ITEM_CONTAINER( &( pxTCB->xEventListItem ) ) == NULL );
4854:Middlewares/Third_Party/FreeRTOS/Source/tasks.c **** 
4855:Middlewares/Third_Party/FreeRTOS/Source/tasks.c **** 				#if( configUSE_TICKLESS_IDLE != 0 )
ARM GAS  /tmp/ccbSDz7D.s 			page 108


4856:Middlewares/Third_Party/FreeRTOS/Source/tasks.c **** 				{
4857:Middlewares/Third_Party/FreeRTOS/Source/tasks.c **** 					/* If a task is blocked waiting for a notification then
4858:Middlewares/Third_Party/FreeRTOS/Source/tasks.c **** 					xNextTaskUnblockTime might be set to the blocked task's time
4859:Middlewares/Third_Party/FreeRTOS/Source/tasks.c **** 					out time.  If the task is unblocked for a reason other than
4860:Middlewares/Third_Party/FreeRTOS/Source/tasks.c **** 					a timeout xNextTaskUnblockTime is normally left unchanged,
4861:Middlewares/Third_Party/FreeRTOS/Source/tasks.c **** 					because it will automatically get reset to a new value when
4862:Middlewares/Third_Party/FreeRTOS/Source/tasks.c **** 					the tick count equals xNextTaskUnblockTime.  However if
4863:Middlewares/Third_Party/FreeRTOS/Source/tasks.c **** 					tickless idling is used it might be more important to enter
4864:Middlewares/Third_Party/FreeRTOS/Source/tasks.c **** 					sleep mode at the earliest possible time - so reset
4865:Middlewares/Third_Party/FreeRTOS/Source/tasks.c **** 					xNextTaskUnblockTime here to ensure it is updated at the
4866:Middlewares/Third_Party/FreeRTOS/Source/tasks.c **** 					earliest possible time. */
4867:Middlewares/Third_Party/FreeRTOS/Source/tasks.c **** 					prvResetNextTaskUnblockTime();
4868:Middlewares/Third_Party/FreeRTOS/Source/tasks.c **** 				}
4869:Middlewares/Third_Party/FreeRTOS/Source/tasks.c **** 				#endif
4870:Middlewares/Third_Party/FreeRTOS/Source/tasks.c **** 
4871:Middlewares/Third_Party/FreeRTOS/Source/tasks.c **** 				if( pxTCB->uxPriority > pxCurrentTCB->uxPriority )
4872:Middlewares/Third_Party/FreeRTOS/Source/tasks.c **** 				{
4873:Middlewares/Third_Party/FreeRTOS/Source/tasks.c **** 					/* The notified task has a priority above the currently
4874:Middlewares/Third_Party/FreeRTOS/Source/tasks.c **** 					executing task so a yield is required. */
4875:Middlewares/Third_Party/FreeRTOS/Source/tasks.c **** 					taskYIELD_IF_USING_PREEMPTION();
4876:Middlewares/Third_Party/FreeRTOS/Source/tasks.c **** 				}
4877:Middlewares/Third_Party/FreeRTOS/Source/tasks.c **** 				else
4878:Middlewares/Third_Party/FreeRTOS/Source/tasks.c **** 				{
4879:Middlewares/Third_Party/FreeRTOS/Source/tasks.c **** 					mtCOVERAGE_TEST_MARKER();
4880:Middlewares/Third_Party/FreeRTOS/Source/tasks.c **** 				}
4881:Middlewares/Third_Party/FreeRTOS/Source/tasks.c **** 			}
4882:Middlewares/Third_Party/FreeRTOS/Source/tasks.c **** 			else
4883:Middlewares/Third_Party/FreeRTOS/Source/tasks.c **** 			{
4884:Middlewares/Third_Party/FreeRTOS/Source/tasks.c **** 				mtCOVERAGE_TEST_MARKER();
4885:Middlewares/Third_Party/FreeRTOS/Source/tasks.c **** 			}
4886:Middlewares/Third_Party/FreeRTOS/Source/tasks.c **** 		}
4887:Middlewares/Third_Party/FreeRTOS/Source/tasks.c **** 		taskEXIT_CRITICAL();
4888:Middlewares/Third_Party/FreeRTOS/Source/tasks.c **** 
4889:Middlewares/Third_Party/FreeRTOS/Source/tasks.c **** 		return xReturn;
4890:Middlewares/Third_Party/FreeRTOS/Source/tasks.c **** 	}
4891:Middlewares/Third_Party/FreeRTOS/Source/tasks.c **** 
4892:Middlewares/Third_Party/FreeRTOS/Source/tasks.c **** #endif /* configUSE_TASK_NOTIFICATIONS */
4893:Middlewares/Third_Party/FreeRTOS/Source/tasks.c **** /*-----------------------------------------------------------*/
4894:Middlewares/Third_Party/FreeRTOS/Source/tasks.c **** 
4895:Middlewares/Third_Party/FreeRTOS/Source/tasks.c **** #if( configUSE_TASK_NOTIFICATIONS == 1 )
4896:Middlewares/Third_Party/FreeRTOS/Source/tasks.c **** 
4897:Middlewares/Third_Party/FreeRTOS/Source/tasks.c **** 	BaseType_t xTaskGenericNotifyFromISR( TaskHandle_t xTaskToNotify, uint32_t ulValue, eNotifyAction 
4898:Middlewares/Third_Party/FreeRTOS/Source/tasks.c **** 	{
4899:Middlewares/Third_Party/FreeRTOS/Source/tasks.c **** 	TCB_t * pxTCB;
4900:Middlewares/Third_Party/FreeRTOS/Source/tasks.c **** 	uint8_t ucOriginalNotifyState;
4901:Middlewares/Third_Party/FreeRTOS/Source/tasks.c **** 	BaseType_t xReturn = pdPASS;
4902:Middlewares/Third_Party/FreeRTOS/Source/tasks.c **** 	UBaseType_t uxSavedInterruptStatus;
4903:Middlewares/Third_Party/FreeRTOS/Source/tasks.c **** 
4904:Middlewares/Third_Party/FreeRTOS/Source/tasks.c **** 		configASSERT( xTaskToNotify );
4905:Middlewares/Third_Party/FreeRTOS/Source/tasks.c **** 
4906:Middlewares/Third_Party/FreeRTOS/Source/tasks.c **** 		/* RTOS ports that support interrupt nesting have the concept of a
4907:Middlewares/Third_Party/FreeRTOS/Source/tasks.c **** 		maximum	system call (or maximum API call) interrupt priority.
4908:Middlewares/Third_Party/FreeRTOS/Source/tasks.c **** 		Interrupts that are	above the maximum system call priority are keep
4909:Middlewares/Third_Party/FreeRTOS/Source/tasks.c **** 		permanently enabled, even when the RTOS kernel is in a critical section,
4910:Middlewares/Third_Party/FreeRTOS/Source/tasks.c **** 		but cannot make any calls to FreeRTOS API functions.  If configASSERT()
4911:Middlewares/Third_Party/FreeRTOS/Source/tasks.c **** 		is defined in FreeRTOSConfig.h then
4912:Middlewares/Third_Party/FreeRTOS/Source/tasks.c **** 		portASSERT_IF_INTERRUPT_PRIORITY_INVALID() will result in an assertion
ARM GAS  /tmp/ccbSDz7D.s 			page 109


4913:Middlewares/Third_Party/FreeRTOS/Source/tasks.c **** 		failure if a FreeRTOS API function is called from an interrupt that has
4914:Middlewares/Third_Party/FreeRTOS/Source/tasks.c **** 		been assigned a priority above the configured maximum system call
4915:Middlewares/Third_Party/FreeRTOS/Source/tasks.c **** 		priority.  Only FreeRTOS functions that end in FromISR can be called
4916:Middlewares/Third_Party/FreeRTOS/Source/tasks.c **** 		from interrupts	that have been assigned a priority at or (logically)
4917:Middlewares/Third_Party/FreeRTOS/Source/tasks.c **** 		below the maximum system call interrupt priority.  FreeRTOS maintains a
4918:Middlewares/Third_Party/FreeRTOS/Source/tasks.c **** 		separate interrupt safe API to ensure interrupt entry is as fast and as
4919:Middlewares/Third_Party/FreeRTOS/Source/tasks.c **** 		simple as possible.  More information (albeit Cortex-M specific) is
4920:Middlewares/Third_Party/FreeRTOS/Source/tasks.c **** 		provided on the following link:
4921:Middlewares/Third_Party/FreeRTOS/Source/tasks.c **** 		http://www.freertos.org/RTOS-Cortex-M3-M4.html */
4922:Middlewares/Third_Party/FreeRTOS/Source/tasks.c **** 		portASSERT_IF_INTERRUPT_PRIORITY_INVALID();
4923:Middlewares/Third_Party/FreeRTOS/Source/tasks.c **** 
4924:Middlewares/Third_Party/FreeRTOS/Source/tasks.c **** 		pxTCB = xTaskToNotify;
4925:Middlewares/Third_Party/FreeRTOS/Source/tasks.c **** 
4926:Middlewares/Third_Party/FreeRTOS/Source/tasks.c **** 		uxSavedInterruptStatus = portSET_INTERRUPT_MASK_FROM_ISR();
4927:Middlewares/Third_Party/FreeRTOS/Source/tasks.c **** 		{
4928:Middlewares/Third_Party/FreeRTOS/Source/tasks.c **** 			if( pulPreviousNotificationValue != NULL )
4929:Middlewares/Third_Party/FreeRTOS/Source/tasks.c **** 			{
4930:Middlewares/Third_Party/FreeRTOS/Source/tasks.c **** 				*pulPreviousNotificationValue = pxTCB->ulNotifiedValue;
4931:Middlewares/Third_Party/FreeRTOS/Source/tasks.c **** 			}
4932:Middlewares/Third_Party/FreeRTOS/Source/tasks.c **** 
4933:Middlewares/Third_Party/FreeRTOS/Source/tasks.c **** 			ucOriginalNotifyState = pxTCB->ucNotifyState;
4934:Middlewares/Third_Party/FreeRTOS/Source/tasks.c **** 			pxTCB->ucNotifyState = taskNOTIFICATION_RECEIVED;
4935:Middlewares/Third_Party/FreeRTOS/Source/tasks.c **** 
4936:Middlewares/Third_Party/FreeRTOS/Source/tasks.c **** 			switch( eAction )
4937:Middlewares/Third_Party/FreeRTOS/Source/tasks.c **** 			{
4938:Middlewares/Third_Party/FreeRTOS/Source/tasks.c **** 				case eSetBits	:
4939:Middlewares/Third_Party/FreeRTOS/Source/tasks.c **** 					pxTCB->ulNotifiedValue |= ulValue;
4940:Middlewares/Third_Party/FreeRTOS/Source/tasks.c **** 					break;
4941:Middlewares/Third_Party/FreeRTOS/Source/tasks.c **** 
4942:Middlewares/Third_Party/FreeRTOS/Source/tasks.c **** 				case eIncrement	:
4943:Middlewares/Third_Party/FreeRTOS/Source/tasks.c **** 					( pxTCB->ulNotifiedValue )++;
4944:Middlewares/Third_Party/FreeRTOS/Source/tasks.c **** 					break;
4945:Middlewares/Third_Party/FreeRTOS/Source/tasks.c **** 
4946:Middlewares/Third_Party/FreeRTOS/Source/tasks.c **** 				case eSetValueWithOverwrite	:
4947:Middlewares/Third_Party/FreeRTOS/Source/tasks.c **** 					pxTCB->ulNotifiedValue = ulValue;
4948:Middlewares/Third_Party/FreeRTOS/Source/tasks.c **** 					break;
4949:Middlewares/Third_Party/FreeRTOS/Source/tasks.c **** 
4950:Middlewares/Third_Party/FreeRTOS/Source/tasks.c **** 				case eSetValueWithoutOverwrite :
4951:Middlewares/Third_Party/FreeRTOS/Source/tasks.c **** 					if( ucOriginalNotifyState != taskNOTIFICATION_RECEIVED )
4952:Middlewares/Third_Party/FreeRTOS/Source/tasks.c **** 					{
4953:Middlewares/Third_Party/FreeRTOS/Source/tasks.c **** 						pxTCB->ulNotifiedValue = ulValue;
4954:Middlewares/Third_Party/FreeRTOS/Source/tasks.c **** 					}
4955:Middlewares/Third_Party/FreeRTOS/Source/tasks.c **** 					else
4956:Middlewares/Third_Party/FreeRTOS/Source/tasks.c **** 					{
4957:Middlewares/Third_Party/FreeRTOS/Source/tasks.c **** 						/* The value could not be written to the task. */
4958:Middlewares/Third_Party/FreeRTOS/Source/tasks.c **** 						xReturn = pdFAIL;
4959:Middlewares/Third_Party/FreeRTOS/Source/tasks.c **** 					}
4960:Middlewares/Third_Party/FreeRTOS/Source/tasks.c **** 					break;
4961:Middlewares/Third_Party/FreeRTOS/Source/tasks.c **** 
4962:Middlewares/Third_Party/FreeRTOS/Source/tasks.c **** 				case eNoAction :
4963:Middlewares/Third_Party/FreeRTOS/Source/tasks.c **** 					/* The task is being notified without its notify value being
4964:Middlewares/Third_Party/FreeRTOS/Source/tasks.c **** 					updated. */
4965:Middlewares/Third_Party/FreeRTOS/Source/tasks.c **** 					break;
4966:Middlewares/Third_Party/FreeRTOS/Source/tasks.c **** 
4967:Middlewares/Third_Party/FreeRTOS/Source/tasks.c **** 				default:
4968:Middlewares/Third_Party/FreeRTOS/Source/tasks.c **** 					/* Should not get here if all enums are handled.
4969:Middlewares/Third_Party/FreeRTOS/Source/tasks.c **** 					Artificially force an assert by testing a value the
ARM GAS  /tmp/ccbSDz7D.s 			page 110


4970:Middlewares/Third_Party/FreeRTOS/Source/tasks.c **** 					compiler can't assume is const. */
4971:Middlewares/Third_Party/FreeRTOS/Source/tasks.c **** 					configASSERT( pxTCB->ulNotifiedValue == ~0UL );
4972:Middlewares/Third_Party/FreeRTOS/Source/tasks.c **** 					break;
4973:Middlewares/Third_Party/FreeRTOS/Source/tasks.c **** 			}
4974:Middlewares/Third_Party/FreeRTOS/Source/tasks.c **** 
4975:Middlewares/Third_Party/FreeRTOS/Source/tasks.c **** 			traceTASK_NOTIFY_FROM_ISR();
4976:Middlewares/Third_Party/FreeRTOS/Source/tasks.c **** 
4977:Middlewares/Third_Party/FreeRTOS/Source/tasks.c **** 			/* If the task is in the blocked state specifically to wait for a
4978:Middlewares/Third_Party/FreeRTOS/Source/tasks.c **** 			notification then unblock it now. */
4979:Middlewares/Third_Party/FreeRTOS/Source/tasks.c **** 			if( ucOriginalNotifyState == taskWAITING_NOTIFICATION )
4980:Middlewares/Third_Party/FreeRTOS/Source/tasks.c **** 			{
4981:Middlewares/Third_Party/FreeRTOS/Source/tasks.c **** 				/* The task should not have been on an event list. */
4982:Middlewares/Third_Party/FreeRTOS/Source/tasks.c **** 				configASSERT( listLIST_ITEM_CONTAINER( &( pxTCB->xEventListItem ) ) == NULL );
4983:Middlewares/Third_Party/FreeRTOS/Source/tasks.c **** 
4984:Middlewares/Third_Party/FreeRTOS/Source/tasks.c **** 				if( uxSchedulerSuspended == ( UBaseType_t ) pdFALSE )
4985:Middlewares/Third_Party/FreeRTOS/Source/tasks.c **** 				{
4986:Middlewares/Third_Party/FreeRTOS/Source/tasks.c **** 					( void ) uxListRemove( &( pxTCB->xStateListItem ) );
4987:Middlewares/Third_Party/FreeRTOS/Source/tasks.c **** 					prvAddTaskToReadyList( pxTCB );
4988:Middlewares/Third_Party/FreeRTOS/Source/tasks.c **** 				}
4989:Middlewares/Third_Party/FreeRTOS/Source/tasks.c **** 				else
4990:Middlewares/Third_Party/FreeRTOS/Source/tasks.c **** 				{
4991:Middlewares/Third_Party/FreeRTOS/Source/tasks.c **** 					/* The delayed and ready lists cannot be accessed, so hold
4992:Middlewares/Third_Party/FreeRTOS/Source/tasks.c **** 					this task pending until the scheduler is resumed. */
4993:Middlewares/Third_Party/FreeRTOS/Source/tasks.c **** 					vListInsertEnd( &( xPendingReadyList ), &( pxTCB->xEventListItem ) );
4994:Middlewares/Third_Party/FreeRTOS/Source/tasks.c **** 				}
4995:Middlewares/Third_Party/FreeRTOS/Source/tasks.c **** 
4996:Middlewares/Third_Party/FreeRTOS/Source/tasks.c **** 				if( pxTCB->uxPriority > pxCurrentTCB->uxPriority )
4997:Middlewares/Third_Party/FreeRTOS/Source/tasks.c **** 				{
4998:Middlewares/Third_Party/FreeRTOS/Source/tasks.c **** 					/* The notified task has a priority above the currently
4999:Middlewares/Third_Party/FreeRTOS/Source/tasks.c **** 					executing task so a yield is required. */
5000:Middlewares/Third_Party/FreeRTOS/Source/tasks.c **** 					if( pxHigherPriorityTaskWoken != NULL )
5001:Middlewares/Third_Party/FreeRTOS/Source/tasks.c **** 					{
5002:Middlewares/Third_Party/FreeRTOS/Source/tasks.c **** 						*pxHigherPriorityTaskWoken = pdTRUE;
5003:Middlewares/Third_Party/FreeRTOS/Source/tasks.c **** 					}
5004:Middlewares/Third_Party/FreeRTOS/Source/tasks.c **** 
5005:Middlewares/Third_Party/FreeRTOS/Source/tasks.c **** 					/* Mark that a yield is pending in case the user is not
5006:Middlewares/Third_Party/FreeRTOS/Source/tasks.c **** 					using the "xHigherPriorityTaskWoken" parameter to an ISR
5007:Middlewares/Third_Party/FreeRTOS/Source/tasks.c **** 					safe FreeRTOS function. */
5008:Middlewares/Third_Party/FreeRTOS/Source/tasks.c **** 					xYieldPending = pdTRUE;
5009:Middlewares/Third_Party/FreeRTOS/Source/tasks.c **** 				}
5010:Middlewares/Third_Party/FreeRTOS/Source/tasks.c **** 				else
5011:Middlewares/Third_Party/FreeRTOS/Source/tasks.c **** 				{
5012:Middlewares/Third_Party/FreeRTOS/Source/tasks.c **** 					mtCOVERAGE_TEST_MARKER();
5013:Middlewares/Third_Party/FreeRTOS/Source/tasks.c **** 				}
5014:Middlewares/Third_Party/FreeRTOS/Source/tasks.c **** 			}
5015:Middlewares/Third_Party/FreeRTOS/Source/tasks.c **** 		}
5016:Middlewares/Third_Party/FreeRTOS/Source/tasks.c **** 		portCLEAR_INTERRUPT_MASK_FROM_ISR( uxSavedInterruptStatus );
5017:Middlewares/Third_Party/FreeRTOS/Source/tasks.c **** 
5018:Middlewares/Third_Party/FreeRTOS/Source/tasks.c **** 		return xReturn;
5019:Middlewares/Third_Party/FreeRTOS/Source/tasks.c **** 	}
5020:Middlewares/Third_Party/FreeRTOS/Source/tasks.c **** 
5021:Middlewares/Third_Party/FreeRTOS/Source/tasks.c **** #endif /* configUSE_TASK_NOTIFICATIONS */
5022:Middlewares/Third_Party/FreeRTOS/Source/tasks.c **** /*-----------------------------------------------------------*/
5023:Middlewares/Third_Party/FreeRTOS/Source/tasks.c **** 
5024:Middlewares/Third_Party/FreeRTOS/Source/tasks.c **** #if( configUSE_TASK_NOTIFICATIONS == 1 )
5025:Middlewares/Third_Party/FreeRTOS/Source/tasks.c **** 
5026:Middlewares/Third_Party/FreeRTOS/Source/tasks.c **** 	void vTaskNotifyGiveFromISR( TaskHandle_t xTaskToNotify, BaseType_t *pxHigherPriorityTaskWoken )
ARM GAS  /tmp/ccbSDz7D.s 			page 111


5027:Middlewares/Third_Party/FreeRTOS/Source/tasks.c **** 	{
5028:Middlewares/Third_Party/FreeRTOS/Source/tasks.c **** 	TCB_t * pxTCB;
5029:Middlewares/Third_Party/FreeRTOS/Source/tasks.c **** 	uint8_t ucOriginalNotifyState;
5030:Middlewares/Third_Party/FreeRTOS/Source/tasks.c **** 	UBaseType_t uxSavedInterruptStatus;
5031:Middlewares/Third_Party/FreeRTOS/Source/tasks.c **** 
5032:Middlewares/Third_Party/FreeRTOS/Source/tasks.c **** 		configASSERT( xTaskToNotify );
5033:Middlewares/Third_Party/FreeRTOS/Source/tasks.c **** 
5034:Middlewares/Third_Party/FreeRTOS/Source/tasks.c **** 		/* RTOS ports that support interrupt nesting have the concept of a
5035:Middlewares/Third_Party/FreeRTOS/Source/tasks.c **** 		maximum	system call (or maximum API call) interrupt priority.
5036:Middlewares/Third_Party/FreeRTOS/Source/tasks.c **** 		Interrupts that are	above the maximum system call priority are keep
5037:Middlewares/Third_Party/FreeRTOS/Source/tasks.c **** 		permanently enabled, even when the RTOS kernel is in a critical section,
5038:Middlewares/Third_Party/FreeRTOS/Source/tasks.c **** 		but cannot make any calls to FreeRTOS API functions.  If configASSERT()
5039:Middlewares/Third_Party/FreeRTOS/Source/tasks.c **** 		is defined in FreeRTOSConfig.h then
5040:Middlewares/Third_Party/FreeRTOS/Source/tasks.c **** 		portASSERT_IF_INTERRUPT_PRIORITY_INVALID() will result in an assertion
5041:Middlewares/Third_Party/FreeRTOS/Source/tasks.c **** 		failure if a FreeRTOS API function is called from an interrupt that has
5042:Middlewares/Third_Party/FreeRTOS/Source/tasks.c **** 		been assigned a priority above the configured maximum system call
5043:Middlewares/Third_Party/FreeRTOS/Source/tasks.c **** 		priority.  Only FreeRTOS functions that end in FromISR can be called
5044:Middlewares/Third_Party/FreeRTOS/Source/tasks.c **** 		from interrupts	that have been assigned a priority at or (logically)
5045:Middlewares/Third_Party/FreeRTOS/Source/tasks.c **** 		below the maximum system call interrupt priority.  FreeRTOS maintains a
5046:Middlewares/Third_Party/FreeRTOS/Source/tasks.c **** 		separate interrupt safe API to ensure interrupt entry is as fast and as
5047:Middlewares/Third_Party/FreeRTOS/Source/tasks.c **** 		simple as possible.  More information (albeit Cortex-M specific) is
5048:Middlewares/Third_Party/FreeRTOS/Source/tasks.c **** 		provided on the following link:
5049:Middlewares/Third_Party/FreeRTOS/Source/tasks.c **** 		http://www.freertos.org/RTOS-Cortex-M3-M4.html */
5050:Middlewares/Third_Party/FreeRTOS/Source/tasks.c **** 		portASSERT_IF_INTERRUPT_PRIORITY_INVALID();
5051:Middlewares/Third_Party/FreeRTOS/Source/tasks.c **** 
5052:Middlewares/Third_Party/FreeRTOS/Source/tasks.c **** 		pxTCB = xTaskToNotify;
5053:Middlewares/Third_Party/FreeRTOS/Source/tasks.c **** 
5054:Middlewares/Third_Party/FreeRTOS/Source/tasks.c **** 		uxSavedInterruptStatus = portSET_INTERRUPT_MASK_FROM_ISR();
5055:Middlewares/Third_Party/FreeRTOS/Source/tasks.c **** 		{
5056:Middlewares/Third_Party/FreeRTOS/Source/tasks.c **** 			ucOriginalNotifyState = pxTCB->ucNotifyState;
5057:Middlewares/Third_Party/FreeRTOS/Source/tasks.c **** 			pxTCB->ucNotifyState = taskNOTIFICATION_RECEIVED;
5058:Middlewares/Third_Party/FreeRTOS/Source/tasks.c **** 
5059:Middlewares/Third_Party/FreeRTOS/Source/tasks.c **** 			/* 'Giving' is equivalent to incrementing a count in a counting
5060:Middlewares/Third_Party/FreeRTOS/Source/tasks.c **** 			semaphore. */
5061:Middlewares/Third_Party/FreeRTOS/Source/tasks.c **** 			( pxTCB->ulNotifiedValue )++;
5062:Middlewares/Third_Party/FreeRTOS/Source/tasks.c **** 
5063:Middlewares/Third_Party/FreeRTOS/Source/tasks.c **** 			traceTASK_NOTIFY_GIVE_FROM_ISR();
5064:Middlewares/Third_Party/FreeRTOS/Source/tasks.c **** 
5065:Middlewares/Third_Party/FreeRTOS/Source/tasks.c **** 			/* If the task is in the blocked state specifically to wait for a
5066:Middlewares/Third_Party/FreeRTOS/Source/tasks.c **** 			notification then unblock it now. */
5067:Middlewares/Third_Party/FreeRTOS/Source/tasks.c **** 			if( ucOriginalNotifyState == taskWAITING_NOTIFICATION )
5068:Middlewares/Third_Party/FreeRTOS/Source/tasks.c **** 			{
5069:Middlewares/Third_Party/FreeRTOS/Source/tasks.c **** 				/* The task should not have been on an event list. */
5070:Middlewares/Third_Party/FreeRTOS/Source/tasks.c **** 				configASSERT( listLIST_ITEM_CONTAINER( &( pxTCB->xEventListItem ) ) == NULL );
5071:Middlewares/Third_Party/FreeRTOS/Source/tasks.c **** 
5072:Middlewares/Third_Party/FreeRTOS/Source/tasks.c **** 				if( uxSchedulerSuspended == ( UBaseType_t ) pdFALSE )
5073:Middlewares/Third_Party/FreeRTOS/Source/tasks.c **** 				{
5074:Middlewares/Third_Party/FreeRTOS/Source/tasks.c **** 					( void ) uxListRemove( &( pxTCB->xStateListItem ) );
5075:Middlewares/Third_Party/FreeRTOS/Source/tasks.c **** 					prvAddTaskToReadyList( pxTCB );
5076:Middlewares/Third_Party/FreeRTOS/Source/tasks.c **** 				}
5077:Middlewares/Third_Party/FreeRTOS/Source/tasks.c **** 				else
5078:Middlewares/Third_Party/FreeRTOS/Source/tasks.c **** 				{
5079:Middlewares/Third_Party/FreeRTOS/Source/tasks.c **** 					/* The delayed and ready lists cannot be accessed, so hold
5080:Middlewares/Third_Party/FreeRTOS/Source/tasks.c **** 					this task pending until the scheduler is resumed. */
5081:Middlewares/Third_Party/FreeRTOS/Source/tasks.c **** 					vListInsertEnd( &( xPendingReadyList ), &( pxTCB->xEventListItem ) );
5082:Middlewares/Third_Party/FreeRTOS/Source/tasks.c **** 				}
5083:Middlewares/Third_Party/FreeRTOS/Source/tasks.c **** 
ARM GAS  /tmp/ccbSDz7D.s 			page 112


5084:Middlewares/Third_Party/FreeRTOS/Source/tasks.c **** 				if( pxTCB->uxPriority > pxCurrentTCB->uxPriority )
5085:Middlewares/Third_Party/FreeRTOS/Source/tasks.c **** 				{
5086:Middlewares/Third_Party/FreeRTOS/Source/tasks.c **** 					/* The notified task has a priority above the currently
5087:Middlewares/Third_Party/FreeRTOS/Source/tasks.c **** 					executing task so a yield is required. */
5088:Middlewares/Third_Party/FreeRTOS/Source/tasks.c **** 					if( pxHigherPriorityTaskWoken != NULL )
5089:Middlewares/Third_Party/FreeRTOS/Source/tasks.c **** 					{
5090:Middlewares/Third_Party/FreeRTOS/Source/tasks.c **** 						*pxHigherPriorityTaskWoken = pdTRUE;
5091:Middlewares/Third_Party/FreeRTOS/Source/tasks.c **** 					}
5092:Middlewares/Third_Party/FreeRTOS/Source/tasks.c **** 
5093:Middlewares/Third_Party/FreeRTOS/Source/tasks.c **** 					/* Mark that a yield is pending in case the user is not
5094:Middlewares/Third_Party/FreeRTOS/Source/tasks.c **** 					using the "xHigherPriorityTaskWoken" parameter in an ISR
5095:Middlewares/Third_Party/FreeRTOS/Source/tasks.c **** 					safe FreeRTOS function. */
5096:Middlewares/Third_Party/FreeRTOS/Source/tasks.c **** 					xYieldPending = pdTRUE;
5097:Middlewares/Third_Party/FreeRTOS/Source/tasks.c **** 				}
5098:Middlewares/Third_Party/FreeRTOS/Source/tasks.c **** 				else
5099:Middlewares/Third_Party/FreeRTOS/Source/tasks.c **** 				{
5100:Middlewares/Third_Party/FreeRTOS/Source/tasks.c **** 					mtCOVERAGE_TEST_MARKER();
5101:Middlewares/Third_Party/FreeRTOS/Source/tasks.c **** 				}
5102:Middlewares/Third_Party/FreeRTOS/Source/tasks.c **** 			}
5103:Middlewares/Third_Party/FreeRTOS/Source/tasks.c **** 		}
5104:Middlewares/Third_Party/FreeRTOS/Source/tasks.c **** 		portCLEAR_INTERRUPT_MASK_FROM_ISR( uxSavedInterruptStatus );
5105:Middlewares/Third_Party/FreeRTOS/Source/tasks.c **** 	}
5106:Middlewares/Third_Party/FreeRTOS/Source/tasks.c **** 
5107:Middlewares/Third_Party/FreeRTOS/Source/tasks.c **** #endif /* configUSE_TASK_NOTIFICATIONS */
5108:Middlewares/Third_Party/FreeRTOS/Source/tasks.c **** /*-----------------------------------------------------------*/
5109:Middlewares/Third_Party/FreeRTOS/Source/tasks.c **** 
5110:Middlewares/Third_Party/FreeRTOS/Source/tasks.c **** #if( configUSE_TASK_NOTIFICATIONS == 1 )
5111:Middlewares/Third_Party/FreeRTOS/Source/tasks.c **** 
5112:Middlewares/Third_Party/FreeRTOS/Source/tasks.c **** 	BaseType_t xTaskNotifyStateClear( TaskHandle_t xTask )
5113:Middlewares/Third_Party/FreeRTOS/Source/tasks.c **** 	{
5114:Middlewares/Third_Party/FreeRTOS/Source/tasks.c **** 	TCB_t *pxTCB;
5115:Middlewares/Third_Party/FreeRTOS/Source/tasks.c **** 	BaseType_t xReturn;
5116:Middlewares/Third_Party/FreeRTOS/Source/tasks.c **** 
5117:Middlewares/Third_Party/FreeRTOS/Source/tasks.c **** 		/* If null is passed in here then it is the calling task that is having
5118:Middlewares/Third_Party/FreeRTOS/Source/tasks.c **** 		its notification state cleared. */
5119:Middlewares/Third_Party/FreeRTOS/Source/tasks.c **** 		pxTCB = prvGetTCBFromHandle( xTask );
5120:Middlewares/Third_Party/FreeRTOS/Source/tasks.c **** 
5121:Middlewares/Third_Party/FreeRTOS/Source/tasks.c **** 		taskENTER_CRITICAL();
5122:Middlewares/Third_Party/FreeRTOS/Source/tasks.c **** 		{
5123:Middlewares/Third_Party/FreeRTOS/Source/tasks.c **** 			if( pxTCB->ucNotifyState == taskNOTIFICATION_RECEIVED )
5124:Middlewares/Third_Party/FreeRTOS/Source/tasks.c **** 			{
5125:Middlewares/Third_Party/FreeRTOS/Source/tasks.c **** 				pxTCB->ucNotifyState = taskNOT_WAITING_NOTIFICATION;
5126:Middlewares/Third_Party/FreeRTOS/Source/tasks.c **** 				xReturn = pdPASS;
5127:Middlewares/Third_Party/FreeRTOS/Source/tasks.c **** 			}
5128:Middlewares/Third_Party/FreeRTOS/Source/tasks.c **** 			else
5129:Middlewares/Third_Party/FreeRTOS/Source/tasks.c **** 			{
5130:Middlewares/Third_Party/FreeRTOS/Source/tasks.c **** 				xReturn = pdFAIL;
5131:Middlewares/Third_Party/FreeRTOS/Source/tasks.c **** 			}
5132:Middlewares/Third_Party/FreeRTOS/Source/tasks.c **** 		}
5133:Middlewares/Third_Party/FreeRTOS/Source/tasks.c **** 		taskEXIT_CRITICAL();
5134:Middlewares/Third_Party/FreeRTOS/Source/tasks.c **** 
5135:Middlewares/Third_Party/FreeRTOS/Source/tasks.c **** 		return xReturn;
5136:Middlewares/Third_Party/FreeRTOS/Source/tasks.c **** 	}
5137:Middlewares/Third_Party/FreeRTOS/Source/tasks.c **** 
5138:Middlewares/Third_Party/FreeRTOS/Source/tasks.c **** #endif /* configUSE_TASK_NOTIFICATIONS */
5139:Middlewares/Third_Party/FreeRTOS/Source/tasks.c **** /*-----------------------------------------------------------*/
5140:Middlewares/Third_Party/FreeRTOS/Source/tasks.c **** 
ARM GAS  /tmp/ccbSDz7D.s 			page 113


5141:Middlewares/Third_Party/FreeRTOS/Source/tasks.c **** #if( configUSE_TASK_NOTIFICATIONS == 1 )
5142:Middlewares/Third_Party/FreeRTOS/Source/tasks.c **** 
5143:Middlewares/Third_Party/FreeRTOS/Source/tasks.c **** 	uint32_t ulTaskNotifyValueClear( TaskHandle_t xTask, uint32_t ulBitsToClear )
5144:Middlewares/Third_Party/FreeRTOS/Source/tasks.c **** 	{
5145:Middlewares/Third_Party/FreeRTOS/Source/tasks.c **** 	TCB_t *pxTCB;
5146:Middlewares/Third_Party/FreeRTOS/Source/tasks.c **** 	uint32_t ulReturn;
5147:Middlewares/Third_Party/FreeRTOS/Source/tasks.c **** 
5148:Middlewares/Third_Party/FreeRTOS/Source/tasks.c **** 		/* If null is passed in here then it is the calling task that is having
5149:Middlewares/Third_Party/FreeRTOS/Source/tasks.c **** 		its notification state cleared. */
5150:Middlewares/Third_Party/FreeRTOS/Source/tasks.c **** 		pxTCB = prvGetTCBFromHandle( xTask );
5151:Middlewares/Third_Party/FreeRTOS/Source/tasks.c **** 
5152:Middlewares/Third_Party/FreeRTOS/Source/tasks.c **** 		taskENTER_CRITICAL();
5153:Middlewares/Third_Party/FreeRTOS/Source/tasks.c **** 		{
5154:Middlewares/Third_Party/FreeRTOS/Source/tasks.c **** 			/* Return the notification as it was before the bits were cleared,
5155:Middlewares/Third_Party/FreeRTOS/Source/tasks.c **** 			then clear the bit mask. */
5156:Middlewares/Third_Party/FreeRTOS/Source/tasks.c **** 			ulReturn = pxCurrentTCB->ulNotifiedValue;
5157:Middlewares/Third_Party/FreeRTOS/Source/tasks.c **** 			pxTCB->ulNotifiedValue &= ~ulBitsToClear;
5158:Middlewares/Third_Party/FreeRTOS/Source/tasks.c **** 		}
5159:Middlewares/Third_Party/FreeRTOS/Source/tasks.c **** 		taskEXIT_CRITICAL();
5160:Middlewares/Third_Party/FreeRTOS/Source/tasks.c **** 
5161:Middlewares/Third_Party/FreeRTOS/Source/tasks.c **** 		return ulReturn;
5162:Middlewares/Third_Party/FreeRTOS/Source/tasks.c **** 	}
5163:Middlewares/Third_Party/FreeRTOS/Source/tasks.c **** 
5164:Middlewares/Third_Party/FreeRTOS/Source/tasks.c **** #endif /* configUSE_TASK_NOTIFICATIONS */
5165:Middlewares/Third_Party/FreeRTOS/Source/tasks.c **** /*-----------------------------------------------------------*/
5166:Middlewares/Third_Party/FreeRTOS/Source/tasks.c **** 
5167:Middlewares/Third_Party/FreeRTOS/Source/tasks.c **** #if( ( configGENERATE_RUN_TIME_STATS == 1 ) && ( INCLUDE_xTaskGetIdleTaskHandle == 1 ) )
5168:Middlewares/Third_Party/FreeRTOS/Source/tasks.c **** 
5169:Middlewares/Third_Party/FreeRTOS/Source/tasks.c **** 	uint32_t ulTaskGetIdleRunTimeCounter( void )
5170:Middlewares/Third_Party/FreeRTOS/Source/tasks.c **** 	{
5171:Middlewares/Third_Party/FreeRTOS/Source/tasks.c **** 		return xIdleTaskHandle->ulRunTimeCounter;
5172:Middlewares/Third_Party/FreeRTOS/Source/tasks.c **** 	}
5173:Middlewares/Third_Party/FreeRTOS/Source/tasks.c **** 
5174:Middlewares/Third_Party/FreeRTOS/Source/tasks.c **** #endif
5175:Middlewares/Third_Party/FreeRTOS/Source/tasks.c **** /*-----------------------------------------------------------*/
5176:Middlewares/Third_Party/FreeRTOS/Source/tasks.c **** 
5177:Middlewares/Third_Party/FreeRTOS/Source/tasks.c **** static void prvAddCurrentTaskToDelayedList( TickType_t xTicksToWait, const BaseType_t xCanBlockInde
5178:Middlewares/Third_Party/FreeRTOS/Source/tasks.c **** {
 870              		.loc 1 5178 1 view -0
 871              		.cfi_startproc
 872              		@ args = 0, pretend = 0, frame = 0
 873              		@ frame_needed = 0, uses_anonymous_args = 0
 874              		.loc 1 5178 1 is_stmt 0 view .LVU248
 875 0000 70B5     		push	{r4, r5, r6, lr}
 876              	.LCFI7:
 877              		.cfi_def_cfa_offset 16
 878              		.cfi_offset 4, -16
 879              		.cfi_offset 5, -12
 880              		.cfi_offset 6, -8
 881              		.cfi_offset 14, -4
 882 0002 0446     		mov	r4, r0
 883 0004 0D46     		mov	r5, r1
5179:Middlewares/Third_Party/FreeRTOS/Source/tasks.c **** TickType_t xTimeToWake;
 884              		.loc 1 5179 1 is_stmt 1 view .LVU249
5180:Middlewares/Third_Party/FreeRTOS/Source/tasks.c **** const TickType_t xConstTickCount = xTickCount;
 885              		.loc 1 5180 1 view .LVU250
 886              		.loc 1 5180 18 is_stmt 0 view .LVU251
ARM GAS  /tmp/ccbSDz7D.s 			page 114


 887 0006 174B     		ldr	r3, .L78
 888 0008 1E68     		ldr	r6, [r3]
 889              	.LVL65:
5181:Middlewares/Third_Party/FreeRTOS/Source/tasks.c **** 
5182:Middlewares/Third_Party/FreeRTOS/Source/tasks.c **** 	#if( INCLUDE_xTaskAbortDelay == 1 )
5183:Middlewares/Third_Party/FreeRTOS/Source/tasks.c **** 	{
5184:Middlewares/Third_Party/FreeRTOS/Source/tasks.c **** 		/* About to enter a delayed list, so ensure the ucDelayAborted flag is
5185:Middlewares/Third_Party/FreeRTOS/Source/tasks.c **** 		reset to pdFALSE so it can be detected as having been set to pdTRUE
5186:Middlewares/Third_Party/FreeRTOS/Source/tasks.c **** 		when the task leaves the Blocked state. */
5187:Middlewares/Third_Party/FreeRTOS/Source/tasks.c **** 		pxCurrentTCB->ucDelayAborted = pdFALSE;
5188:Middlewares/Third_Party/FreeRTOS/Source/tasks.c **** 	}
5189:Middlewares/Third_Party/FreeRTOS/Source/tasks.c **** 	#endif
5190:Middlewares/Third_Party/FreeRTOS/Source/tasks.c **** 
5191:Middlewares/Third_Party/FreeRTOS/Source/tasks.c **** 	/* Remove the task from the ready list before adding it to the blocked list
5192:Middlewares/Third_Party/FreeRTOS/Source/tasks.c **** 	as the same list item is used for both lists. */
5193:Middlewares/Third_Party/FreeRTOS/Source/tasks.c **** 	if( uxListRemove( &( pxCurrentTCB->xStateListItem ) ) == ( UBaseType_t ) 0 )
 890              		.loc 1 5193 2 is_stmt 1 view .LVU252
 891              		.loc 1 5193 35 is_stmt 0 view .LVU253
 892 000a 174B     		ldr	r3, .L78+4
 893 000c 1868     		ldr	r0, [r3]
 894              	.LVL66:
 895              		.loc 1 5193 6 view .LVU254
 896 000e 0430     		adds	r0, r0, #4
 897 0010 FFF7FEFF 		bl	uxListRemove
 898              	.LVL67:
5194:Middlewares/Third_Party/FreeRTOS/Source/tasks.c **** 	{
5195:Middlewares/Third_Party/FreeRTOS/Source/tasks.c **** 		/* The current task must be in a ready list, so there is no need to
5196:Middlewares/Third_Party/FreeRTOS/Source/tasks.c **** 		check, and the port reset macro can be called directly. */
5197:Middlewares/Third_Party/FreeRTOS/Source/tasks.c **** 		portRESET_READY_PRIORITY( pxCurrentTCB->uxPriority, uxTopReadyPriority ); /*lint !e931 pxCurrentT
 899              		.loc 1 5197 75 is_stmt 1 view .LVU255
5198:Middlewares/Third_Party/FreeRTOS/Source/tasks.c **** 	}
5199:Middlewares/Third_Party/FreeRTOS/Source/tasks.c **** 	else
5200:Middlewares/Third_Party/FreeRTOS/Source/tasks.c **** 	{
5201:Middlewares/Third_Party/FreeRTOS/Source/tasks.c **** 		mtCOVERAGE_TEST_MARKER();
 900              		.loc 1 5201 27 view .LVU256
5202:Middlewares/Third_Party/FreeRTOS/Source/tasks.c **** 	}
5203:Middlewares/Third_Party/FreeRTOS/Source/tasks.c **** 
5204:Middlewares/Third_Party/FreeRTOS/Source/tasks.c **** 	#if ( INCLUDE_vTaskSuspend == 1 )
5205:Middlewares/Third_Party/FreeRTOS/Source/tasks.c **** 	{
5206:Middlewares/Third_Party/FreeRTOS/Source/tasks.c **** 		if( ( xTicksToWait == portMAX_DELAY ) && ( xCanBlockIndefinitely != pdFALSE ) )
 901              		.loc 1 5206 3 view .LVU257
 902              		.loc 1 5206 5 is_stmt 0 view .LVU258
 903 0014 B4F1FF3F 		cmp	r4, #-1
 904 0018 0DD0     		beq	.L77
 905              	.L73:
5207:Middlewares/Third_Party/FreeRTOS/Source/tasks.c **** 		{
5208:Middlewares/Third_Party/FreeRTOS/Source/tasks.c **** 			/* Add the task to the suspended task list instead of a delayed task
5209:Middlewares/Third_Party/FreeRTOS/Source/tasks.c **** 			list to ensure it is not woken by a timing event.  It will block
5210:Middlewares/Third_Party/FreeRTOS/Source/tasks.c **** 			indefinitely. */
5211:Middlewares/Third_Party/FreeRTOS/Source/tasks.c **** 			vListInsertEnd( &xSuspendedTaskList, &( pxCurrentTCB->xStateListItem ) );
5212:Middlewares/Third_Party/FreeRTOS/Source/tasks.c **** 		}
5213:Middlewares/Third_Party/FreeRTOS/Source/tasks.c **** 		else
5214:Middlewares/Third_Party/FreeRTOS/Source/tasks.c **** 		{
5215:Middlewares/Third_Party/FreeRTOS/Source/tasks.c **** 			/* Calculate the time at which the task should be woken if the event
5216:Middlewares/Third_Party/FreeRTOS/Source/tasks.c **** 			does not occur.  This may overflow but this doesn't matter, the
5217:Middlewares/Third_Party/FreeRTOS/Source/tasks.c **** 			kernel will manage it correctly. */
5218:Middlewares/Third_Party/FreeRTOS/Source/tasks.c **** 			xTimeToWake = xConstTickCount + xTicksToWait;
ARM GAS  /tmp/ccbSDz7D.s 			page 115


 906              		.loc 1 5218 4 is_stmt 1 view .LVU259
 907              		.loc 1 5218 16 is_stmt 0 view .LVU260
 908 001a 3444     		add	r4, r4, r6
 909              	.LVL68:
5219:Middlewares/Third_Party/FreeRTOS/Source/tasks.c **** 
5220:Middlewares/Third_Party/FreeRTOS/Source/tasks.c **** 			/* The list item will be inserted in wake time order. */
5221:Middlewares/Third_Party/FreeRTOS/Source/tasks.c **** 			listSET_LIST_ITEM_VALUE( &( pxCurrentTCB->xStateListItem ), xTimeToWake );
 910              		.loc 1 5221 4 is_stmt 1 view .LVU261
 911 001c 124B     		ldr	r3, .L78+4
 912 001e 1B68     		ldr	r3, [r3]
 913 0020 5C60     		str	r4, [r3, #4]
5222:Middlewares/Third_Party/FreeRTOS/Source/tasks.c **** 
5223:Middlewares/Third_Party/FreeRTOS/Source/tasks.c **** 			if( xTimeToWake < xConstTickCount )
 914              		.loc 1 5223 4 view .LVU262
 915              		.loc 1 5223 6 is_stmt 0 view .LVU263
 916 0022 A642     		cmp	r6, r4
 917 0024 10D9     		bls	.L75
5224:Middlewares/Third_Party/FreeRTOS/Source/tasks.c **** 			{
5225:Middlewares/Third_Party/FreeRTOS/Source/tasks.c **** 				/* Wake time has overflowed.  Place this item in the overflow
5226:Middlewares/Third_Party/FreeRTOS/Source/tasks.c **** 				list. */
5227:Middlewares/Third_Party/FreeRTOS/Source/tasks.c **** 				vListInsert( pxOverflowDelayedTaskList, &( pxCurrentTCB->xStateListItem ) );
 918              		.loc 1 5227 5 is_stmt 1 view .LVU264
 919 0026 114B     		ldr	r3, .L78+8
 920 0028 1868     		ldr	r0, [r3]
 921              		.loc 1 5227 60 is_stmt 0 view .LVU265
 922 002a 0F4B     		ldr	r3, .L78+4
 923 002c 1968     		ldr	r1, [r3]
 924              		.loc 1 5227 5 view .LVU266
 925 002e 0431     		adds	r1, r1, #4
 926 0030 FFF7FEFF 		bl	vListInsert
 927              	.LVL69:
 928              	.L72:
5228:Middlewares/Third_Party/FreeRTOS/Source/tasks.c **** 			}
5229:Middlewares/Third_Party/FreeRTOS/Source/tasks.c **** 			else
5230:Middlewares/Third_Party/FreeRTOS/Source/tasks.c **** 			{
5231:Middlewares/Third_Party/FreeRTOS/Source/tasks.c **** 				/* The wake time has not overflowed, so the current block list
5232:Middlewares/Third_Party/FreeRTOS/Source/tasks.c **** 				is used. */
5233:Middlewares/Third_Party/FreeRTOS/Source/tasks.c **** 				vListInsert( pxDelayedTaskList, &( pxCurrentTCB->xStateListItem ) );
5234:Middlewares/Third_Party/FreeRTOS/Source/tasks.c **** 
5235:Middlewares/Third_Party/FreeRTOS/Source/tasks.c **** 				/* If the task entering the blocked state was placed at the
5236:Middlewares/Third_Party/FreeRTOS/Source/tasks.c **** 				head of the list of blocked tasks then xNextTaskUnblockTime
5237:Middlewares/Third_Party/FreeRTOS/Source/tasks.c **** 				needs to be updated too. */
5238:Middlewares/Third_Party/FreeRTOS/Source/tasks.c **** 				if( xTimeToWake < xNextTaskUnblockTime )
5239:Middlewares/Third_Party/FreeRTOS/Source/tasks.c **** 				{
5240:Middlewares/Third_Party/FreeRTOS/Source/tasks.c **** 					xNextTaskUnblockTime = xTimeToWake;
5241:Middlewares/Third_Party/FreeRTOS/Source/tasks.c **** 				}
5242:Middlewares/Third_Party/FreeRTOS/Source/tasks.c **** 				else
5243:Middlewares/Third_Party/FreeRTOS/Source/tasks.c **** 				{
5244:Middlewares/Third_Party/FreeRTOS/Source/tasks.c **** 					mtCOVERAGE_TEST_MARKER();
5245:Middlewares/Third_Party/FreeRTOS/Source/tasks.c **** 				}
5246:Middlewares/Third_Party/FreeRTOS/Source/tasks.c **** 			}
5247:Middlewares/Third_Party/FreeRTOS/Source/tasks.c **** 		}
5248:Middlewares/Third_Party/FreeRTOS/Source/tasks.c **** 	}
5249:Middlewares/Third_Party/FreeRTOS/Source/tasks.c **** 	#else /* INCLUDE_vTaskSuspend */
5250:Middlewares/Third_Party/FreeRTOS/Source/tasks.c **** 	{
5251:Middlewares/Third_Party/FreeRTOS/Source/tasks.c **** 		/* Calculate the time at which the task should be woken if the event
5252:Middlewares/Third_Party/FreeRTOS/Source/tasks.c **** 		does not occur.  This may overflow but this doesn't matter, the kernel
ARM GAS  /tmp/ccbSDz7D.s 			page 116


5253:Middlewares/Third_Party/FreeRTOS/Source/tasks.c **** 		will manage it correctly. */
5254:Middlewares/Third_Party/FreeRTOS/Source/tasks.c **** 		xTimeToWake = xConstTickCount + xTicksToWait;
5255:Middlewares/Third_Party/FreeRTOS/Source/tasks.c **** 
5256:Middlewares/Third_Party/FreeRTOS/Source/tasks.c **** 		/* The list item will be inserted in wake time order. */
5257:Middlewares/Third_Party/FreeRTOS/Source/tasks.c **** 		listSET_LIST_ITEM_VALUE( &( pxCurrentTCB->xStateListItem ), xTimeToWake );
5258:Middlewares/Third_Party/FreeRTOS/Source/tasks.c **** 
5259:Middlewares/Third_Party/FreeRTOS/Source/tasks.c **** 		if( xTimeToWake < xConstTickCount )
5260:Middlewares/Third_Party/FreeRTOS/Source/tasks.c **** 		{
5261:Middlewares/Third_Party/FreeRTOS/Source/tasks.c **** 			/* Wake time has overflowed.  Place this item in the overflow list. */
5262:Middlewares/Third_Party/FreeRTOS/Source/tasks.c **** 			vListInsert( pxOverflowDelayedTaskList, &( pxCurrentTCB->xStateListItem ) );
5263:Middlewares/Third_Party/FreeRTOS/Source/tasks.c **** 		}
5264:Middlewares/Third_Party/FreeRTOS/Source/tasks.c **** 		else
5265:Middlewares/Third_Party/FreeRTOS/Source/tasks.c **** 		{
5266:Middlewares/Third_Party/FreeRTOS/Source/tasks.c **** 			/* The wake time has not overflowed, so the current block list is used. */
5267:Middlewares/Third_Party/FreeRTOS/Source/tasks.c **** 			vListInsert( pxDelayedTaskList, &( pxCurrentTCB->xStateListItem ) );
5268:Middlewares/Third_Party/FreeRTOS/Source/tasks.c **** 
5269:Middlewares/Third_Party/FreeRTOS/Source/tasks.c **** 			/* If the task entering the blocked state was placed at the head of the
5270:Middlewares/Third_Party/FreeRTOS/Source/tasks.c **** 			list of blocked tasks then xNextTaskUnblockTime needs to be updated
5271:Middlewares/Third_Party/FreeRTOS/Source/tasks.c **** 			too. */
5272:Middlewares/Third_Party/FreeRTOS/Source/tasks.c **** 			if( xTimeToWake < xNextTaskUnblockTime )
5273:Middlewares/Third_Party/FreeRTOS/Source/tasks.c **** 			{
5274:Middlewares/Third_Party/FreeRTOS/Source/tasks.c **** 				xNextTaskUnblockTime = xTimeToWake;
5275:Middlewares/Third_Party/FreeRTOS/Source/tasks.c **** 			}
5276:Middlewares/Third_Party/FreeRTOS/Source/tasks.c **** 			else
5277:Middlewares/Third_Party/FreeRTOS/Source/tasks.c **** 			{
5278:Middlewares/Third_Party/FreeRTOS/Source/tasks.c **** 				mtCOVERAGE_TEST_MARKER();
5279:Middlewares/Third_Party/FreeRTOS/Source/tasks.c **** 			}
5280:Middlewares/Third_Party/FreeRTOS/Source/tasks.c **** 		}
5281:Middlewares/Third_Party/FreeRTOS/Source/tasks.c **** 
5282:Middlewares/Third_Party/FreeRTOS/Source/tasks.c **** 		/* Avoid compiler warning when INCLUDE_vTaskSuspend is not 1. */
5283:Middlewares/Third_Party/FreeRTOS/Source/tasks.c **** 		( void ) xCanBlockIndefinitely;
5284:Middlewares/Third_Party/FreeRTOS/Source/tasks.c **** 	}
5285:Middlewares/Third_Party/FreeRTOS/Source/tasks.c **** 	#endif /* INCLUDE_vTaskSuspend */
5286:Middlewares/Third_Party/FreeRTOS/Source/tasks.c **** }
 929              		.loc 1 5286 1 view .LVU267
 930 0034 70BD     		pop	{r4, r5, r6, pc}
 931              	.LVL70:
 932              	.L77:
5206:Middlewares/Third_Party/FreeRTOS/Source/tasks.c **** 		{
 933              		.loc 1 5206 41 discriminator 1 view .LVU268
 934 0036 002D     		cmp	r5, #0
 935 0038 EFD0     		beq	.L73
5211:Middlewares/Third_Party/FreeRTOS/Source/tasks.c **** 		}
 936              		.loc 1 5211 4 is_stmt 1 view .LVU269
5211:Middlewares/Third_Party/FreeRTOS/Source/tasks.c **** 		}
 937              		.loc 1 5211 56 is_stmt 0 view .LVU270
 938 003a 0B4B     		ldr	r3, .L78+4
 939 003c 1968     		ldr	r1, [r3]
5211:Middlewares/Third_Party/FreeRTOS/Source/tasks.c **** 		}
 940              		.loc 1 5211 4 view .LVU271
 941 003e 0431     		adds	r1, r1, #4
 942 0040 0B48     		ldr	r0, .L78+12
 943 0042 FFF7FEFF 		bl	vListInsertEnd
 944              	.LVL71:
 945 0046 F5E7     		b	.L72
 946              	.LVL72:
 947              	.L75:
ARM GAS  /tmp/ccbSDz7D.s 			page 117


5233:Middlewares/Third_Party/FreeRTOS/Source/tasks.c **** 
 948              		.loc 1 5233 5 is_stmt 1 view .LVU272
 949 0048 0A4B     		ldr	r3, .L78+16
 950 004a 1868     		ldr	r0, [r3]
5233:Middlewares/Third_Party/FreeRTOS/Source/tasks.c **** 
 951              		.loc 1 5233 52 is_stmt 0 view .LVU273
 952 004c 064B     		ldr	r3, .L78+4
 953 004e 1968     		ldr	r1, [r3]
5233:Middlewares/Third_Party/FreeRTOS/Source/tasks.c **** 
 954              		.loc 1 5233 5 view .LVU274
 955 0050 0431     		adds	r1, r1, #4
 956 0052 FFF7FEFF 		bl	vListInsert
 957              	.LVL73:
5238:Middlewares/Third_Party/FreeRTOS/Source/tasks.c **** 				{
 958              		.loc 1 5238 5 is_stmt 1 view .LVU275
5238:Middlewares/Third_Party/FreeRTOS/Source/tasks.c **** 				{
 959              		.loc 1 5238 21 is_stmt 0 view .LVU276
 960 0056 084B     		ldr	r3, .L78+20
 961 0058 1B68     		ldr	r3, [r3]
5238:Middlewares/Third_Party/FreeRTOS/Source/tasks.c **** 				{
 962              		.loc 1 5238 7 view .LVU277
 963 005a A342     		cmp	r3, r4
 964 005c EAD9     		bls	.L72
5240:Middlewares/Third_Party/FreeRTOS/Source/tasks.c **** 				}
 965              		.loc 1 5240 6 is_stmt 1 view .LVU278
5240:Middlewares/Third_Party/FreeRTOS/Source/tasks.c **** 				}
 966              		.loc 1 5240 27 is_stmt 0 view .LVU279
 967 005e 064B     		ldr	r3, .L78+20
 968 0060 1C60     		str	r4, [r3]
5244:Middlewares/Third_Party/FreeRTOS/Source/tasks.c **** 				}
 969              		.loc 1 5244 30 is_stmt 1 view .LVU280
 970              		.loc 1 5286 1 is_stmt 0 view .LVU281
 971 0062 E7E7     		b	.L72
 972              	.L79:
 973              		.align	2
 974              	.L78:
 975 0064 00000000 		.word	xTickCount
 976 0068 00000000 		.word	pxCurrentTCB
 977 006c 00000000 		.word	pxOverflowDelayedTaskList
 978 0070 00000000 		.word	xSuspendedTaskList
 979 0074 00000000 		.word	pxDelayedTaskList
 980 0078 00000000 		.word	xNextTaskUnblockTime
 981              		.cfi_endproc
 982              	.LFE65:
 984              		.section	.text.xTaskCreateStatic,"ax",%progbits
 985              		.align	1
 986              		.global	xTaskCreateStatic
 987              		.syntax unified
 988              		.thumb
 989              		.thumb_func
 991              	xTaskCreateStatic:
 992              	.LVL74:
 993              	.LFB4:
 588:Middlewares/Third_Party/FreeRTOS/Source/tasks.c **** 	TCB_t *pxNewTCB;
 994              		.loc 1 588 2 is_stmt 1 view -0
 995              		.cfi_startproc
 996              		@ args = 12, pretend = 0, frame = 8
ARM GAS  /tmp/ccbSDz7D.s 			page 118


 997              		@ frame_needed = 0, uses_anonymous_args = 0
 588:Middlewares/Third_Party/FreeRTOS/Source/tasks.c **** 	TCB_t *pxNewTCB;
 998              		.loc 1 588 2 is_stmt 0 view .LVU283
 999 0000 30B5     		push	{r4, r5, lr}
 1000              	.LCFI8:
 1001              		.cfi_def_cfa_offset 12
 1002              		.cfi_offset 4, -12
 1003              		.cfi_offset 5, -8
 1004              		.cfi_offset 14, -4
 1005 0002 87B0     		sub	sp, sp, #28
 1006              	.LCFI9:
 1007              		.cfi_def_cfa_offset 40
 1008 0004 0B9C     		ldr	r4, [sp, #44]
 589:Middlewares/Third_Party/FreeRTOS/Source/tasks.c **** 	TaskHandle_t xReturn;
 1009              		.loc 1 589 2 is_stmt 1 view .LVU284
 590:Middlewares/Third_Party/FreeRTOS/Source/tasks.c **** 
 1010              		.loc 1 590 2 view .LVU285
 592:Middlewares/Third_Party/FreeRTOS/Source/tasks.c **** 		configASSERT( pxTaskBuffer != NULL );
 1011              		.loc 1 592 3 view .LVU286
 1012 0006 7CB1     		cbz	r4, .L88
 592:Middlewares/Third_Party/FreeRTOS/Source/tasks.c **** 		configASSERT( pxTaskBuffer != NULL );
 1013              		.loc 1 592 41 view .LVU287
 593:Middlewares/Third_Party/FreeRTOS/Source/tasks.c **** 
 1014              		.loc 1 593 3 view .LVU288
 1015 0008 0C9D     		ldr	r5, [sp, #48]
 1016 000a B5B1     		cbz	r5, .L89
 593:Middlewares/Third_Party/FreeRTOS/Source/tasks.c **** 
 1017              		.loc 1 593 39 view .LVU289
 1018              	.LBB125:
 600:Middlewares/Third_Party/FreeRTOS/Source/tasks.c **** 			configASSERT( xSize == sizeof( TCB_t ) );
 1019              		.loc 1 600 4 view .LVU290
 600:Middlewares/Third_Party/FreeRTOS/Source/tasks.c **** 			configASSERT( xSize == sizeof( TCB_t ) );
 1020              		.loc 1 600 20 is_stmt 0 view .LVU291
 1021 000c 5C25     		movs	r5, #92
 1022 000e 0495     		str	r5, [sp, #16]
 601:Middlewares/Third_Party/FreeRTOS/Source/tasks.c **** 			( void ) xSize; /* Prevent lint warning when configASSERT() is not used. */
 1023              		.loc 1 601 4 is_stmt 1 view .LVU292
 1024 0010 049D     		ldr	r5, [sp, #16]
 1025 0012 5C2D     		cmp	r5, #92
 1026 0014 1AD0     		beq	.L85
 601:Middlewares/Third_Party/FreeRTOS/Source/tasks.c **** 			( void ) xSize; /* Prevent lint warning when configASSERT() is not used. */
 1027              		.loc 1 601 4 discriminator 1 view .LVU293
 1028              	.LBB126:
 1029              	.LBI126:
 191:Middlewares/Third_Party/FreeRTOS/Source/portable/GCC/ARM_CM4F/portmacro.h **** {
 1030              		.loc 2 191 30 view .LVU294
 1031              	.LBB127:
 193:Middlewares/Third_Party/FreeRTOS/Source/portable/GCC/ARM_CM4F/portmacro.h **** 
 1032              		.loc 2 193 1 view .LVU295
 1033              		.loc 2 195 2 view .LVU296
 1034              		.syntax unified
 1035              	@ 195 "Middlewares/Third_Party/FreeRTOS/Source/portable/GCC/ARM_CM4F/portmacro.h" 1
 1036 0016 4FF05003 			mov r3, #80												
 1037 001a 83F31188 		msr basepri, r3											
 1038 001e BFF36F8F 		isb														
 1039 0022 BFF34F8F 		dsb														
 1040              	
ARM GAS  /tmp/ccbSDz7D.s 			page 119


 1041              	@ 0 "" 2
 1042              	.LVL75:
 1043              		.thumb
 1044              		.syntax unified
 1045              	.L86:
 1046              		.loc 2 195 2 is_stmt 0 view .LVU297
 1047              	.LBE127:
 1048              	.LBE126:
 601:Middlewares/Third_Party/FreeRTOS/Source/tasks.c **** 			( void ) xSize; /* Prevent lint warning when configASSERT() is not used. */
 1049              		.loc 1 601 4 is_stmt 1 view .LVU298
 601:Middlewares/Third_Party/FreeRTOS/Source/tasks.c **** 			( void ) xSize; /* Prevent lint warning when configASSERT() is not used. */
 1050              		.loc 1 601 4 view .LVU299
 1051 0026 FEE7     		b	.L86
 1052              	.LVL76:
 1053              	.L88:
 601:Middlewares/Third_Party/FreeRTOS/Source/tasks.c **** 			( void ) xSize; /* Prevent lint warning when configASSERT() is not used. */
 1054              		.loc 1 601 4 is_stmt 0 view .LVU300
 1055              	.LBE125:
 592:Middlewares/Third_Party/FreeRTOS/Source/tasks.c **** 		configASSERT( pxTaskBuffer != NULL );
 1056              		.loc 1 592 3 is_stmt 1 discriminator 1 view .LVU301
 1057              	.LBB128:
 1058              	.LBI128:
 191:Middlewares/Third_Party/FreeRTOS/Source/portable/GCC/ARM_CM4F/portmacro.h **** {
 1059              		.loc 2 191 30 view .LVU302
 1060              	.LBB129:
 193:Middlewares/Third_Party/FreeRTOS/Source/portable/GCC/ARM_CM4F/portmacro.h **** 
 1061              		.loc 2 193 1 view .LVU303
 1062              		.loc 2 195 2 view .LVU304
 1063              		.syntax unified
 1064              	@ 195 "Middlewares/Third_Party/FreeRTOS/Source/portable/GCC/ARM_CM4F/portmacro.h" 1
 1065 0028 4FF05003 			mov r3, #80												
 1066 002c 83F31188 		msr basepri, r3											
 1067 0030 BFF36F8F 		isb														
 1068 0034 BFF34F8F 		dsb														
 1069              	
 1070              	@ 0 "" 2
 1071              	.LVL77:
 1072              		.thumb
 1073              		.syntax unified
 1074              	.L82:
 1075              		.loc 2 195 2 is_stmt 0 view .LVU305
 1076              	.LBE129:
 1077              	.LBE128:
 592:Middlewares/Third_Party/FreeRTOS/Source/tasks.c **** 		configASSERT( pxTaskBuffer != NULL );
 1078              		.loc 1 592 3 is_stmt 1 view .LVU306
 592:Middlewares/Third_Party/FreeRTOS/Source/tasks.c **** 		configASSERT( pxTaskBuffer != NULL );
 1079              		.loc 1 592 3 view .LVU307
 1080 0038 FEE7     		b	.L82
 1081              	.LVL78:
 1082              	.L89:
 593:Middlewares/Third_Party/FreeRTOS/Source/tasks.c **** 
 1083              		.loc 1 593 3 discriminator 1 view .LVU308
 1084              	.LBB130:
 1085              	.LBI130:
 191:Middlewares/Third_Party/FreeRTOS/Source/portable/GCC/ARM_CM4F/portmacro.h **** {
 1086              		.loc 2 191 30 view .LVU309
 1087              	.LBB131:
ARM GAS  /tmp/ccbSDz7D.s 			page 120


 193:Middlewares/Third_Party/FreeRTOS/Source/portable/GCC/ARM_CM4F/portmacro.h **** 
 1088              		.loc 2 193 1 view .LVU310
 1089              		.loc 2 195 2 view .LVU311
 1090              		.syntax unified
 1091              	@ 195 "Middlewares/Third_Party/FreeRTOS/Source/portable/GCC/ARM_CM4F/portmacro.h" 1
 1092 003a 4FF05003 			mov r3, #80												
 1093 003e 83F31188 		msr basepri, r3											
 1094 0042 BFF36F8F 		isb														
 1095 0046 BFF34F8F 		dsb														
 1096              	
 1097              	@ 0 "" 2
 1098              	.LVL79:
 1099              		.thumb
 1100              		.syntax unified
 1101              	.L84:
 1102              		.loc 2 195 2 is_stmt 0 view .LVU312
 1103              	.LBE131:
 1104              	.LBE130:
 593:Middlewares/Third_Party/FreeRTOS/Source/tasks.c **** 
 1105              		.loc 1 593 3 is_stmt 1 view .LVU313
 593:Middlewares/Third_Party/FreeRTOS/Source/tasks.c **** 
 1106              		.loc 1 593 3 view .LVU314
 1107 004a FEE7     		b	.L84
 1108              	.LVL80:
 1109              	.L85:
 1110              	.LBB132:
 601:Middlewares/Third_Party/FreeRTOS/Source/tasks.c **** 			( void ) xSize; /* Prevent lint warning when configASSERT() is not used. */
 1111              		.loc 1 601 44 view .LVU315
 602:Middlewares/Third_Party/FreeRTOS/Source/tasks.c **** 		}
 1112              		.loc 1 602 4 view .LVU316
 1113 004c 049D     		ldr	r5, [sp, #16]
 1114              	.LBE132:
 607:Middlewares/Third_Party/FreeRTOS/Source/tasks.c **** 		{
 1115              		.loc 1 607 3 view .LVU317
 611:Middlewares/Third_Party/FreeRTOS/Source/tasks.c **** 			pxNewTCB->pxStack = ( StackType_t * ) puxStackBuffer;
 1116              		.loc 1 611 4 view .LVU318
 1117              	.LVL81:
 612:Middlewares/Third_Party/FreeRTOS/Source/tasks.c **** 
 1118              		.loc 1 612 4 view .LVU319
 612:Middlewares/Third_Party/FreeRTOS/Source/tasks.c **** 
 1119              		.loc 1 612 22 is_stmt 0 view .LVU320
 1120 004e 0C9D     		ldr	r5, [sp, #48]
 1121 0050 2C63     		str	r4, [r5, #48]
 618:Middlewares/Third_Party/FreeRTOS/Source/tasks.c **** 			}
 1122              		.loc 1 618 5 is_stmt 1 view .LVU321
 618:Middlewares/Third_Party/FreeRTOS/Source/tasks.c **** 			}
 1123              		.loc 1 618 37 is_stmt 0 view .LVU322
 1124 0052 0224     		movs	r4, #2
 1125 0054 85F85940 		strb	r4, [r5, #89]
 622:Middlewares/Third_Party/FreeRTOS/Source/tasks.c **** 			prvAddNewTaskToReadyList( pxNewTCB );
 1126              		.loc 1 622 4 is_stmt 1 view .LVU323
 1127 0058 0024     		movs	r4, #0
 1128 005a 0394     		str	r4, [sp, #12]
 1129 005c 0295     		str	r5, [sp, #8]
 1130 005e 05AC     		add	r4, sp, #20
 1131 0060 0194     		str	r4, [sp, #4]
 1132 0062 0A9C     		ldr	r4, [sp, #40]
ARM GAS  /tmp/ccbSDz7D.s 			page 121


 1133 0064 0094     		str	r4, [sp]
 1134 0066 FFF7FEFF 		bl	prvInitialiseNewTask
 1135              	.LVL82:
 623:Middlewares/Third_Party/FreeRTOS/Source/tasks.c **** 		}
 1136              		.loc 1 623 4 view .LVU324
 1137 006a 0C98     		ldr	r0, [sp, #48]
 1138 006c FFF7FEFF 		bl	prvAddNewTaskToReadyList
 1139              	.LVL83:
 630:Middlewares/Third_Party/FreeRTOS/Source/tasks.c **** 	}
 1140              		.loc 1 630 3 view .LVU325
 631:Middlewares/Third_Party/FreeRTOS/Source/tasks.c **** 
 1141              		.loc 1 631 2 is_stmt 0 view .LVU326
 1142 0070 0598     		ldr	r0, [sp, #20]
 1143 0072 07B0     		add	sp, sp, #28
 1144              	.LCFI10:
 1145              		.cfi_def_cfa_offset 12
 1146              		@ sp needed
 1147 0074 30BD     		pop	{r4, r5, pc}
 631:Middlewares/Third_Party/FreeRTOS/Source/tasks.c **** 
 1148              		.loc 1 631 2 view .LVU327
 1149              		.cfi_endproc
 1150              	.LFE4:
 1152              		.section	.text.xTaskCreate,"ax",%progbits
 1153              		.align	1
 1154              		.global	xTaskCreate
 1155              		.syntax unified
 1156              		.thumb
 1157              		.thumb_func
 1159              	xTaskCreate:
 1160              	.LVL84:
 1161              	.LFB5:
 739:Middlewares/Third_Party/FreeRTOS/Source/tasks.c **** 	TCB_t *pxNewTCB;
 1162              		.loc 1 739 2 is_stmt 1 view -0
 1163              		.cfi_startproc
 1164              		@ args = 8, pretend = 0, frame = 0
 1165              		@ frame_needed = 0, uses_anonymous_args = 0
 739:Middlewares/Third_Party/FreeRTOS/Source/tasks.c **** 	TCB_t *pxNewTCB;
 1166              		.loc 1 739 2 is_stmt 0 view .LVU329
 1167 0000 2DE9F043 		push	{r4, r5, r6, r7, r8, r9, lr}
 1168              	.LCFI11:
 1169              		.cfi_def_cfa_offset 28
 1170              		.cfi_offset 4, -28
 1171              		.cfi_offset 5, -24
 1172              		.cfi_offset 6, -20
 1173              		.cfi_offset 7, -16
 1174              		.cfi_offset 8, -12
 1175              		.cfi_offset 9, -8
 1176              		.cfi_offset 14, -4
 1177 0004 85B0     		sub	sp, sp, #20
 1178              	.LCFI12:
 1179              		.cfi_def_cfa_offset 48
 1180 0006 0746     		mov	r7, r0
 1181 0008 8846     		mov	r8, r1
 1182 000a 1446     		mov	r4, r2
 1183 000c 1E46     		mov	r6, r3
 740:Middlewares/Third_Party/FreeRTOS/Source/tasks.c **** 	BaseType_t xReturn;
 1184              		.loc 1 740 2 is_stmt 1 view .LVU330
ARM GAS  /tmp/ccbSDz7D.s 			page 122


 741:Middlewares/Third_Party/FreeRTOS/Source/tasks.c **** 
 1185              		.loc 1 741 2 view .LVU331
 1186              	.LBB133:
 770:Middlewares/Third_Party/FreeRTOS/Source/tasks.c **** 
 1187              		.loc 1 770 3 view .LVU332
 773:Middlewares/Third_Party/FreeRTOS/Source/tasks.c **** 
 1188              		.loc 1 773 4 view .LVU333
 773:Middlewares/Third_Party/FreeRTOS/Source/tasks.c **** 
 1189              		.loc 1 773 14 is_stmt 0 view .LVU334
 1190 000e 9000     		lsls	r0, r2, #2
 1191              	.LVL85:
 773:Middlewares/Third_Party/FreeRTOS/Source/tasks.c **** 
 1192              		.loc 1 773 14 view .LVU335
 1193 0010 FFF7FEFF 		bl	pvPortMalloc
 1194              	.LVL86:
 775:Middlewares/Third_Party/FreeRTOS/Source/tasks.c **** 			{
 1195              		.loc 1 775 4 is_stmt 1 view .LVU336
 775:Middlewares/Third_Party/FreeRTOS/Source/tasks.c **** 			{
 1196              		.loc 1 775 6 is_stmt 0 view .LVU337
 1197 0014 08B3     		cbz	r0, .L93
 1198 0016 8146     		mov	r9, r0
 778:Middlewares/Third_Party/FreeRTOS/Source/tasks.c **** 
 1199              		.loc 1 778 5 is_stmt 1 view .LVU338
 778:Middlewares/Third_Party/FreeRTOS/Source/tasks.c **** 
 1200              		.loc 1 778 28 is_stmt 0 view .LVU339
 1201 0018 5C20     		movs	r0, #92
 1202              	.LVL87:
 778:Middlewares/Third_Party/FreeRTOS/Source/tasks.c **** 
 1203              		.loc 1 778 28 view .LVU340
 1204 001a FFF7FEFF 		bl	pvPortMalloc
 1205              	.LVL88:
 780:Middlewares/Third_Party/FreeRTOS/Source/tasks.c **** 				{
 1206              		.loc 1 780 5 is_stmt 1 view .LVU341
 780:Middlewares/Third_Party/FreeRTOS/Source/tasks.c **** 				{
 1207              		.loc 1 780 7 is_stmt 0 view .LVU342
 1208 001e 0546     		mov	r5, r0
 1209 0020 A8B1     		cbz	r0, .L92
 783:Middlewares/Third_Party/FreeRTOS/Source/tasks.c **** 				}
 1210              		.loc 1 783 6 is_stmt 1 view .LVU343
 783:Middlewares/Third_Party/FreeRTOS/Source/tasks.c **** 				}
 1211              		.loc 1 783 24 is_stmt 0 view .LVU344
 1212 0022 C0F83090 		str	r9, [r0, #48]
 783:Middlewares/Third_Party/FreeRTOS/Source/tasks.c **** 				}
 1213              		.loc 1 783 24 view .LVU345
 1214              	.LBE133:
 799:Middlewares/Third_Party/FreeRTOS/Source/tasks.c **** 		{
 1215              		.loc 1 799 3 is_stmt 1 view .LVU346
 805:Middlewares/Third_Party/FreeRTOS/Source/tasks.c **** 			}
 1216              		.loc 1 805 5 view .LVU347
 805:Middlewares/Third_Party/FreeRTOS/Source/tasks.c **** 			}
 1217              		.loc 1 805 37 is_stmt 0 view .LVU348
 1218 0026 0023     		movs	r3, #0
 1219 0028 80F85930 		strb	r3, [r0, #89]
 809:Middlewares/Third_Party/FreeRTOS/Source/tasks.c **** 			prvAddNewTaskToReadyList( pxNewTCB );
 1220              		.loc 1 809 4 is_stmt 1 view .LVU349
 1221 002c 0393     		str	r3, [sp, #12]
 1222 002e 0290     		str	r0, [sp, #8]
ARM GAS  /tmp/ccbSDz7D.s 			page 123


 1223 0030 0D9B     		ldr	r3, [sp, #52]
 1224 0032 0193     		str	r3, [sp, #4]
 1225 0034 0C9B     		ldr	r3, [sp, #48]
 1226 0036 0093     		str	r3, [sp]
 1227 0038 3346     		mov	r3, r6
 1228 003a 2246     		mov	r2, r4
 1229 003c 4146     		mov	r1, r8
 1230 003e 3846     		mov	r0, r7
 1231              	.LVL89:
 809:Middlewares/Third_Party/FreeRTOS/Source/tasks.c **** 			prvAddNewTaskToReadyList( pxNewTCB );
 1232              		.loc 1 809 4 is_stmt 0 view .LVU350
 1233 0040 FFF7FEFF 		bl	prvInitialiseNewTask
 1234              	.LVL90:
 810:Middlewares/Third_Party/FreeRTOS/Source/tasks.c **** 			xReturn = pdPASS;
 1235              		.loc 1 810 4 is_stmt 1 view .LVU351
 1236 0044 2846     		mov	r0, r5
 1237 0046 FFF7FEFF 		bl	prvAddNewTaskToReadyList
 1238              	.LVL91:
 811:Middlewares/Third_Party/FreeRTOS/Source/tasks.c **** 		}
 1239              		.loc 1 811 4 view .LVU352
 811:Middlewares/Third_Party/FreeRTOS/Source/tasks.c **** 		}
 1240              		.loc 1 811 12 is_stmt 0 view .LVU353
 1241 004a 0120     		movs	r0, #1
 1242 004c 07E0     		b	.L90
 1243              	.LVL92:
 1244              	.L92:
 1245              	.LBB134:
 789:Middlewares/Third_Party/FreeRTOS/Source/tasks.c **** 				}
 1246              		.loc 1 789 6 is_stmt 1 view .LVU354
 1247 004e 4846     		mov	r0, r9
 1248              	.LVL93:
 789:Middlewares/Third_Party/FreeRTOS/Source/tasks.c **** 				}
 1249              		.loc 1 789 6 is_stmt 0 view .LVU355
 1250 0050 FFF7FEFF 		bl	vPortFree
 1251              	.LVL94:
 789:Middlewares/Third_Party/FreeRTOS/Source/tasks.c **** 				}
 1252              		.loc 1 789 6 view .LVU356
 1253              	.LBE134:
 799:Middlewares/Third_Party/FreeRTOS/Source/tasks.c **** 		{
 1254              		.loc 1 799 3 is_stmt 1 view .LVU357
 815:Middlewares/Third_Party/FreeRTOS/Source/tasks.c **** 		}
 1255              		.loc 1 815 12 is_stmt 0 view .LVU358
 1256 0054 4FF0FF30 		mov	r0, #-1
 1257 0058 01E0     		b	.L90
 1258              	.LVL95:
 1259              	.L93:
 815:Middlewares/Third_Party/FreeRTOS/Source/tasks.c **** 		}
 1260              		.loc 1 815 12 view .LVU359
 1261 005a 4FF0FF30 		mov	r0, #-1
 1262              	.LVL96:
 818:Middlewares/Third_Party/FreeRTOS/Source/tasks.c **** 	}
 1263              		.loc 1 818 3 is_stmt 1 view .LVU360
 1264              	.L90:
 819:Middlewares/Third_Party/FreeRTOS/Source/tasks.c **** 
 1265              		.loc 1 819 2 is_stmt 0 view .LVU361
 1266 005e 05B0     		add	sp, sp, #20
 1267              	.LCFI13:
ARM GAS  /tmp/ccbSDz7D.s 			page 124


 1268              		.cfi_def_cfa_offset 28
 1269              		@ sp needed
 1270 0060 BDE8F083 		pop	{r4, r5, r6, r7, r8, r9, pc}
 819:Middlewares/Third_Party/FreeRTOS/Source/tasks.c **** 
 1271              		.loc 1 819 2 view .LVU362
 1272              		.cfi_endproc
 1273              	.LFE5:
 1275              		.section	.text.vTaskDelete,"ax",%progbits
 1276              		.align	1
 1277              		.global	vTaskDelete
 1278              		.syntax unified
 1279              		.thumb
 1280              		.thumb_func
 1282              	vTaskDelete:
 1283              	.LVL97:
 1284              	.LFB8:
1163:Middlewares/Third_Party/FreeRTOS/Source/tasks.c **** 	TCB_t *pxTCB;
 1285              		.loc 1 1163 2 is_stmt 1 view -0
 1286              		.cfi_startproc
 1287              		@ args = 0, pretend = 0, frame = 0
 1288              		@ frame_needed = 0, uses_anonymous_args = 0
1163:Middlewares/Third_Party/FreeRTOS/Source/tasks.c **** 	TCB_t *pxTCB;
 1289              		.loc 1 1163 2 is_stmt 0 view .LVU364
 1290 0000 38B5     		push	{r3, r4, r5, lr}
 1291              	.LCFI14:
 1292              		.cfi_def_cfa_offset 16
 1293              		.cfi_offset 3, -16
 1294              		.cfi_offset 4, -12
 1295              		.cfi_offset 5, -8
 1296              		.cfi_offset 14, -4
 1297 0002 0446     		mov	r4, r0
1164:Middlewares/Third_Party/FreeRTOS/Source/tasks.c **** 
 1298              		.loc 1 1164 2 is_stmt 1 view .LVU365
1166:Middlewares/Third_Party/FreeRTOS/Source/tasks.c **** 		{
 1299              		.loc 1 1166 3 view .LVU366
 1300 0004 FFF7FEFF 		bl	vPortEnterCritical
 1301              	.LVL98:
1170:Middlewares/Third_Party/FreeRTOS/Source/tasks.c **** 
 1302              		.loc 1 1170 4 view .LVU367
1170:Middlewares/Third_Party/FreeRTOS/Source/tasks.c **** 
 1303              		.loc 1 1170 12 is_stmt 0 view .LVU368
 1304 0008 24B3     		cbz	r4, .L104
 1305              	.LVL99:
 1306              	.L96:
1173:Middlewares/Third_Party/FreeRTOS/Source/tasks.c **** 			{
 1307              		.loc 1 1173 4 is_stmt 1 view .LVU369
1173:Middlewares/Third_Party/FreeRTOS/Source/tasks.c **** 			{
 1308              		.loc 1 1173 22 is_stmt 0 view .LVU370
 1309 000a 251D     		adds	r5, r4, #4
1173:Middlewares/Third_Party/FreeRTOS/Source/tasks.c **** 			{
 1310              		.loc 1 1173 8 view .LVU371
 1311 000c 2846     		mov	r0, r5
 1312 000e FFF7FEFF 		bl	uxListRemove
 1313              	.LVL100:
1175:Middlewares/Third_Party/FreeRTOS/Source/tasks.c **** 			}
 1314              		.loc 1 1175 50 is_stmt 1 view .LVU372
1179:Middlewares/Third_Party/FreeRTOS/Source/tasks.c **** 			}
ARM GAS  /tmp/ccbSDz7D.s 			page 125


 1315              		.loc 1 1179 29 view .LVU373
1183:Middlewares/Third_Party/FreeRTOS/Source/tasks.c **** 			{
 1316              		.loc 1 1183 4 view .LVU374
1183:Middlewares/Third_Party/FreeRTOS/Source/tasks.c **** 			{
 1317              		.loc 1 1183 8 is_stmt 0 view .LVU375
 1318 0012 A36A     		ldr	r3, [r4, #40]
1183:Middlewares/Third_Party/FreeRTOS/Source/tasks.c **** 			{
 1319              		.loc 1 1183 6 view .LVU376
 1320 0014 1BB1     		cbz	r3, .L97
1185:Middlewares/Third_Party/FreeRTOS/Source/tasks.c **** 			}
 1321              		.loc 1 1185 5 is_stmt 1 view .LVU377
1185:Middlewares/Third_Party/FreeRTOS/Source/tasks.c **** 			}
 1322              		.loc 1 1185 14 is_stmt 0 view .LVU378
 1323 0016 04F11800 		add	r0, r4, #24
 1324 001a FFF7FEFF 		bl	uxListRemove
 1325              	.LVL101:
 1326              	.L97:
1189:Middlewares/Third_Party/FreeRTOS/Source/tasks.c **** 			}
 1327              		.loc 1 1189 29 is_stmt 1 view .LVU379
1196:Middlewares/Third_Party/FreeRTOS/Source/tasks.c **** 
 1328              		.loc 1 1196 4 view .LVU380
1196:Middlewares/Third_Party/FreeRTOS/Source/tasks.c **** 
 1329              		.loc 1 1196 16 is_stmt 0 view .LVU381
 1330 001e 1F4A     		ldr	r2, .L107
 1331 0020 1368     		ldr	r3, [r2]
 1332 0022 0133     		adds	r3, r3, #1
 1333 0024 1360     		str	r3, [r2]
1198:Middlewares/Third_Party/FreeRTOS/Source/tasks.c **** 			{
 1334              		.loc 1 1198 4 is_stmt 1 view .LVU382
1198:Middlewares/Third_Party/FreeRTOS/Source/tasks.c **** 			{
 1335              		.loc 1 1198 14 is_stmt 0 view .LVU383
 1336 0026 1E4B     		ldr	r3, .L107+4
 1337 0028 1B68     		ldr	r3, [r3]
1198:Middlewares/Third_Party/FreeRTOS/Source/tasks.c **** 			{
 1338              		.loc 1 1198 6 view .LVU384
 1339 002a A342     		cmp	r3, r4
 1340 002c 15D0     		beq	.L105
1225:Middlewares/Third_Party/FreeRTOS/Source/tasks.c **** 				traceTASK_DELETE( pxTCB );
 1341              		.loc 1 1225 5 is_stmt 1 view .LVU385
 1342 002e 1D4A     		ldr	r2, .L107+8
 1343 0030 1368     		ldr	r3, [r2]
 1344 0032 013B     		subs	r3, r3, #1
 1345 0034 1360     		str	r3, [r2]
1226:Middlewares/Third_Party/FreeRTOS/Source/tasks.c **** 				prvDeleteTCB( pxTCB );
 1346              		.loc 1 1226 30 view .LVU386
1227:Middlewares/Third_Party/FreeRTOS/Source/tasks.c **** 
 1347              		.loc 1 1227 5 view .LVU387
 1348 0036 2046     		mov	r0, r4
 1349 0038 FFF7FEFF 		bl	prvDeleteTCB
 1350              	.LVL102:
1231:Middlewares/Third_Party/FreeRTOS/Source/tasks.c **** 			}
 1351              		.loc 1 1231 5 view .LVU388
 1352 003c FFF7FEFF 		bl	prvResetNextTaskUnblockTime
 1353              	.LVL103:
 1354              	.L99:
1234:Middlewares/Third_Party/FreeRTOS/Source/tasks.c **** 
 1355              		.loc 1 1234 3 view .LVU389
ARM GAS  /tmp/ccbSDz7D.s 			page 126


 1356 0040 FFF7FEFF 		bl	vPortExitCritical
 1357              	.LVL104:
1238:Middlewares/Third_Party/FreeRTOS/Source/tasks.c **** 		{
 1358              		.loc 1 1238 3 view .LVU390
1238:Middlewares/Third_Party/FreeRTOS/Source/tasks.c **** 		{
 1359              		.loc 1 1238 25 is_stmt 0 view .LVU391
 1360 0044 184B     		ldr	r3, .L107+12
 1361 0046 1B68     		ldr	r3, [r3]
1238:Middlewares/Third_Party/FreeRTOS/Source/tasks.c **** 		{
 1362              		.loc 1 1238 5 view .LVU392
 1363 0048 1BB1     		cbz	r3, .L95
1240:Middlewares/Third_Party/FreeRTOS/Source/tasks.c **** 			{
 1364              		.loc 1 1240 4 is_stmt 1 view .LVU393
1240:Middlewares/Third_Party/FreeRTOS/Source/tasks.c **** 			{
 1365              		.loc 1 1240 14 is_stmt 0 view .LVU394
 1366 004a 154B     		ldr	r3, .L107+4
 1367 004c 1B68     		ldr	r3, [r3]
1240:Middlewares/Third_Party/FreeRTOS/Source/tasks.c **** 			{
 1368              		.loc 1 1240 6 view .LVU395
 1369 004e A342     		cmp	r3, r4
 1370 0050 0CD0     		beq	.L106
 1371              	.L95:
1250:Middlewares/Third_Party/FreeRTOS/Source/tasks.c **** 
 1372              		.loc 1 1250 2 view .LVU396
 1373 0052 38BD     		pop	{r3, r4, r5, pc}
 1374              	.LVL105:
 1375              	.L104:
1170:Middlewares/Third_Party/FreeRTOS/Source/tasks.c **** 
 1376              		.loc 1 1170 12 discriminator 1 view .LVU397
 1377 0054 124B     		ldr	r3, .L107+4
 1378 0056 1C68     		ldr	r4, [r3]
 1379              	.LVL106:
1170:Middlewares/Third_Party/FreeRTOS/Source/tasks.c **** 
 1380              		.loc 1 1170 12 discriminator 1 view .LVU398
 1381 0058 D7E7     		b	.L96
 1382              	.LVL107:
 1383              	.L105:
1205:Middlewares/Third_Party/FreeRTOS/Source/tasks.c **** 
 1384              		.loc 1 1205 5 is_stmt 1 view .LVU399
 1385 005a 2946     		mov	r1, r5
 1386 005c 1348     		ldr	r0, .L107+16
 1387 005e FFF7FEFF 		bl	vListInsertEnd
 1388              	.LVL108:
1210:Middlewares/Third_Party/FreeRTOS/Source/tasks.c **** 
 1389              		.loc 1 1210 5 view .LVU400
 1390 0062 134A     		ldr	r2, .L107+20
 1391 0064 1368     		ldr	r3, [r2]
 1392 0066 0133     		adds	r3, r3, #1
 1393 0068 1360     		str	r3, [r2]
1214:Middlewares/Third_Party/FreeRTOS/Source/tasks.c **** 
 1394              		.loc 1 1214 30 view .LVU401
1221:Middlewares/Third_Party/FreeRTOS/Source/tasks.c **** 			}
 1395              		.loc 1 1221 54 view .LVU402
 1396 006a E9E7     		b	.L99
 1397              	.L106:
1242:Middlewares/Third_Party/FreeRTOS/Source/tasks.c **** 				portYIELD_WITHIN_API();
 1398              		.loc 1 1242 5 view .LVU403
ARM GAS  /tmp/ccbSDz7D.s 			page 127


 1399 006c 114B     		ldr	r3, .L107+24
 1400 006e 1B68     		ldr	r3, [r3]
 1401 0070 43B1     		cbz	r3, .L101
1242:Middlewares/Third_Party/FreeRTOS/Source/tasks.c **** 				portYIELD_WITHIN_API();
 1402              		.loc 1 1242 5 discriminator 1 view .LVU404
 1403              	.LBB135:
 1404              	.LBI135:
 191:Middlewares/Third_Party/FreeRTOS/Source/portable/GCC/ARM_CM4F/portmacro.h **** {
 1405              		.loc 2 191 30 view .LVU405
 1406              	.LBB136:
 193:Middlewares/Third_Party/FreeRTOS/Source/portable/GCC/ARM_CM4F/portmacro.h **** 
 1407              		.loc 2 193 1 view .LVU406
 1408              		.loc 2 195 2 view .LVU407
 1409              		.syntax unified
 1410              	@ 195 "Middlewares/Third_Party/FreeRTOS/Source/portable/GCC/ARM_CM4F/portmacro.h" 1
 1411 0072 4FF05003 			mov r3, #80												
 1412 0076 83F31188 		msr basepri, r3											
 1413 007a BFF36F8F 		isb														
 1414 007e BFF34F8F 		dsb														
 1415              	
 1416              	@ 0 "" 2
 1417              		.thumb
 1418              		.syntax unified
 1419              	.L102:
 1420              	.LBE136:
 1421              	.LBE135:
1242:Middlewares/Third_Party/FreeRTOS/Source/tasks.c **** 				portYIELD_WITHIN_API();
 1422              		.loc 1 1242 5 view .LVU408
1242:Middlewares/Third_Party/FreeRTOS/Source/tasks.c **** 				portYIELD_WITHIN_API();
 1423              		.loc 1 1242 5 view .LVU409
 1424 0082 FEE7     		b	.L102
 1425              	.L101:
1242:Middlewares/Third_Party/FreeRTOS/Source/tasks.c **** 				portYIELD_WITHIN_API();
 1426              		.loc 1 1242 46 view .LVU410
1243:Middlewares/Third_Party/FreeRTOS/Source/tasks.c **** 			}
 1427              		.loc 1 1243 5 view .LVU411
 1428 0084 4FF0E023 		mov	r3, #-536813568
 1429 0088 4FF08052 		mov	r2, #268435456
 1430 008c C3F8042D 		str	r2, [r3, #3332]
1243:Middlewares/Third_Party/FreeRTOS/Source/tasks.c **** 			}
 1431              		.loc 1 1243 5 view .LVU412
 1432              		.syntax unified
 1433              	@ 1243 "Middlewares/Third_Party/FreeRTOS/Source/tasks.c" 1
 1434 0090 BFF34F8F 		dsb
 1435              	@ 0 "" 2
1243:Middlewares/Third_Party/FreeRTOS/Source/tasks.c **** 			}
 1436              		.loc 1 1243 5 view .LVU413
 1437              	@ 1243 "Middlewares/Third_Party/FreeRTOS/Source/tasks.c" 1
 1438 0094 BFF36F8F 		isb
 1439              	@ 0 "" 2
1243:Middlewares/Third_Party/FreeRTOS/Source/tasks.c **** 			}
 1440              		.loc 1 1243 27 view .LVU414
1247:Middlewares/Third_Party/FreeRTOS/Source/tasks.c **** 			}
 1441              		.loc 1 1247 29 view .LVU415
1250:Middlewares/Third_Party/FreeRTOS/Source/tasks.c **** 
 1442              		.loc 1 1250 2 is_stmt 0 view .LVU416
 1443              		.thumb
ARM GAS  /tmp/ccbSDz7D.s 			page 128


 1444              		.syntax unified
 1445 0098 DBE7     		b	.L95
 1446              	.L108:
 1447 009a 00BF     		.align	2
 1448              	.L107:
 1449 009c 00000000 		.word	uxTaskNumber
 1450 00a0 00000000 		.word	pxCurrentTCB
 1451 00a4 00000000 		.word	uxCurrentNumberOfTasks
 1452 00a8 00000000 		.word	xSchedulerRunning
 1453 00ac 00000000 		.word	xTasksWaitingTermination
 1454 00b0 00000000 		.word	uxDeletedTasksWaitingCleanUp
 1455 00b4 00000000 		.word	uxSchedulerSuspended
 1456              		.cfi_endproc
 1457              	.LFE8:
 1459              		.section	.text.eTaskGetState,"ax",%progbits
 1460              		.align	1
 1461              		.global	eTaskGetState
 1462              		.syntax unified
 1463              		.thumb
 1464              		.thumb_func
 1466              	eTaskGetState:
 1467              	.LVL109:
 1468              	.LFB11:
1387:Middlewares/Third_Party/FreeRTOS/Source/tasks.c **** 	eTaskState eReturn;
 1469              		.loc 1 1387 2 is_stmt 1 view -0
 1470              		.cfi_startproc
 1471              		@ args = 0, pretend = 0, frame = 0
 1472              		@ frame_needed = 0, uses_anonymous_args = 0
1387:Middlewares/Third_Party/FreeRTOS/Source/tasks.c **** 	eTaskState eReturn;
 1473              		.loc 1 1387 2 is_stmt 0 view .LVU418
 1474 0000 F8B5     		push	{r3, r4, r5, r6, r7, lr}
 1475              	.LCFI15:
 1476              		.cfi_def_cfa_offset 24
 1477              		.cfi_offset 3, -24
 1478              		.cfi_offset 4, -20
 1479              		.cfi_offset 5, -16
 1480              		.cfi_offset 6, -12
 1481              		.cfi_offset 7, -8
 1482              		.cfi_offset 14, -4
1388:Middlewares/Third_Party/FreeRTOS/Source/tasks.c **** 	List_t const * pxStateList, *pxDelayedList, *pxOverflowedDelayedList;
 1483              		.loc 1 1388 2 is_stmt 1 view .LVU419
1389:Middlewares/Third_Party/FreeRTOS/Source/tasks.c **** 	const TCB_t * const pxTCB = xTask;
 1484              		.loc 1 1389 2 view .LVU420
1390:Middlewares/Third_Party/FreeRTOS/Source/tasks.c **** 
 1485              		.loc 1 1390 2 view .LVU421
 1486              	.LVL110:
1392:Middlewares/Third_Party/FreeRTOS/Source/tasks.c **** 
 1487              		.loc 1 1392 3 view .LVU422
 1488 0002 D0B1     		cbz	r0, .L122
 1489 0004 0446     		mov	r4, r0
1392:Middlewares/Third_Party/FreeRTOS/Source/tasks.c **** 
 1490              		.loc 1 1392 24 view .LVU423
1394:Middlewares/Third_Party/FreeRTOS/Source/tasks.c **** 		{
 1491              		.loc 1 1394 3 view .LVU424
1394:Middlewares/Third_Party/FreeRTOS/Source/tasks.c **** 		{
 1492              		.loc 1 1394 13 is_stmt 0 view .LVU425
 1493 0006 1C4B     		ldr	r3, .L127
ARM GAS  /tmp/ccbSDz7D.s 			page 129


 1494 0008 1B68     		ldr	r3, [r3]
1394:Middlewares/Third_Party/FreeRTOS/Source/tasks.c **** 		{
 1495              		.loc 1 1394 5 view .LVU426
 1496 000a 8342     		cmp	r3, r0
 1497 000c 2CD0     		beq	.L114
1401:Middlewares/Third_Party/FreeRTOS/Source/tasks.c **** 			{
 1498              		.loc 1 1401 4 is_stmt 1 view .LVU427
 1499 000e FFF7FEFF 		bl	vPortEnterCritical
 1500              	.LVL111:
1403:Middlewares/Third_Party/FreeRTOS/Source/tasks.c **** 				pxDelayedList = pxDelayedTaskList;
 1501              		.loc 1 1403 5 view .LVU428
1403:Middlewares/Third_Party/FreeRTOS/Source/tasks.c **** 				pxDelayedList = pxDelayedTaskList;
 1502              		.loc 1 1403 17 is_stmt 0 view .LVU429
 1503 0012 6569     		ldr	r5, [r4, #20]
 1504              	.LVL112:
1404:Middlewares/Third_Party/FreeRTOS/Source/tasks.c **** 				pxOverflowedDelayedList = pxOverflowDelayedTaskList;
 1505              		.loc 1 1404 5 is_stmt 1 view .LVU430
1404:Middlewares/Third_Party/FreeRTOS/Source/tasks.c **** 				pxOverflowedDelayedList = pxOverflowDelayedTaskList;
 1506              		.loc 1 1404 19 is_stmt 0 view .LVU431
 1507 0014 194B     		ldr	r3, .L127+4
 1508 0016 1E68     		ldr	r6, [r3]
 1509              	.LVL113:
1405:Middlewares/Third_Party/FreeRTOS/Source/tasks.c **** 			}
 1510              		.loc 1 1405 5 is_stmt 1 view .LVU432
1405:Middlewares/Third_Party/FreeRTOS/Source/tasks.c **** 			}
 1511              		.loc 1 1405 29 is_stmt 0 view .LVU433
 1512 0018 194B     		ldr	r3, .L127+8
 1513 001a 1F68     		ldr	r7, [r3]
 1514              	.LVL114:
1407:Middlewares/Third_Party/FreeRTOS/Source/tasks.c **** 
 1515              		.loc 1 1407 4 is_stmt 1 view .LVU434
 1516 001c FFF7FEFF 		bl	vPortExitCritical
 1517              	.LVL115:
1409:Middlewares/Third_Party/FreeRTOS/Source/tasks.c **** 			{
 1518              		.loc 1 1409 4 view .LVU435
1409:Middlewares/Third_Party/FreeRTOS/Source/tasks.c **** 			{
 1519              		.loc 1 1409 6 is_stmt 0 view .LVU436
 1520 0020 B542     		cmp	r5, r6
 1521 0022 23D0     		beq	.L115
1409:Middlewares/Third_Party/FreeRTOS/Source/tasks.c **** 			{
 1522              		.loc 1 1409 41 discriminator 1 view .LVU437
 1523 0024 BD42     		cmp	r5, r7
 1524 0026 23D0     		beq	.L116
1417:Middlewares/Third_Party/FreeRTOS/Source/tasks.c **** 				{
 1525              		.loc 1 1417 10 is_stmt 1 view .LVU438
1417:Middlewares/Third_Party/FreeRTOS/Source/tasks.c **** 				{
 1526              		.loc 1 1417 12 is_stmt 0 view .LVU439
 1527 0028 164B     		ldr	r3, .L127+12
 1528 002a 9D42     		cmp	r5, r3
 1529 002c 0ED0     		beq	.L123
1453:Middlewares/Third_Party/FreeRTOS/Source/tasks.c **** 				{
 1530              		.loc 1 1453 10 is_stmt 1 view .LVU440
1453:Middlewares/Third_Party/FreeRTOS/Source/tasks.c **** 				{
 1531              		.loc 1 1453 12 is_stmt 0 view .LVU441
 1532 002e 164B     		ldr	r3, .L127+16
 1533 0030 9D42     		cmp	r5, r3
 1534 0032 1FD0     		beq	.L119
ARM GAS  /tmp/ccbSDz7D.s 			page 130


1453:Middlewares/Third_Party/FreeRTOS/Source/tasks.c **** 				{
 1535              		.loc 1 1453 59 discriminator 1 view .LVU442
 1536 0034 B5B1     		cbz	r5, .L124
1466:Middlewares/Third_Party/FreeRTOS/Source/tasks.c **** 			}
 1537              		.loc 1 1466 13 view .LVU443
 1538 0036 0120     		movs	r0, #1
 1539 0038 17E0     		b	.L112
 1540              	.LVL116:
 1541              	.L122:
1392:Middlewares/Third_Party/FreeRTOS/Source/tasks.c **** 
 1542              		.loc 1 1392 3 is_stmt 1 discriminator 1 view .LVU444
 1543              	.LBB137:
 1544              	.LBI137:
 191:Middlewares/Third_Party/FreeRTOS/Source/portable/GCC/ARM_CM4F/portmacro.h **** {
 1545              		.loc 2 191 30 view .LVU445
 1546              	.LBB138:
 193:Middlewares/Third_Party/FreeRTOS/Source/portable/GCC/ARM_CM4F/portmacro.h **** 
 1547              		.loc 2 193 1 view .LVU446
 1548              		.loc 2 195 2 view .LVU447
 1549              		.syntax unified
 1550              	@ 195 "Middlewares/Third_Party/FreeRTOS/Source/portable/GCC/ARM_CM4F/portmacro.h" 1
 1551 003a 4FF05003 			mov r3, #80												
 1552 003e 83F31188 		msr basepri, r3											
 1553 0042 BFF36F8F 		isb														
 1554 0046 BFF34F8F 		dsb														
 1555              	
 1556              	@ 0 "" 2
 1557              		.thumb
 1558              		.syntax unified
 1559              	.L111:
 1560              	.LBE138:
 1561              	.LBE137:
1392:Middlewares/Third_Party/FreeRTOS/Source/tasks.c **** 
 1562              		.loc 1 1392 3 view .LVU448
1392:Middlewares/Third_Party/FreeRTOS/Source/tasks.c **** 
 1563              		.loc 1 1392 3 view .LVU449
 1564 004a FEE7     		b	.L111
 1565              	.LVL117:
 1566              	.L123:
1422:Middlewares/Third_Party/FreeRTOS/Source/tasks.c **** 					{
 1567              		.loc 1 1422 6 view .LVU450
1422:Middlewares/Third_Party/FreeRTOS/Source/tasks.c **** 					{
 1568              		.loc 1 1422 10 is_stmt 0 view .LVU451
 1569 004c A36A     		ldr	r3, [r4, #40]
1422:Middlewares/Third_Party/FreeRTOS/Source/tasks.c **** 					{
 1570              		.loc 1 1422 8 view .LVU452
 1571 004e 0BB1     		cbz	r3, .L125
1447:Middlewares/Third_Party/FreeRTOS/Source/tasks.c **** 					}
 1572              		.loc 1 1447 15 view .LVU453
 1573 0050 0220     		movs	r0, #2
 1574 0052 0AE0     		b	.L112
 1575              	.L125:
1430:Middlewares/Third_Party/FreeRTOS/Source/tasks.c **** 							{
 1576              		.loc 1 1430 8 is_stmt 1 view .LVU454
1430:Middlewares/Third_Party/FreeRTOS/Source/tasks.c **** 							{
 1577              		.loc 1 1430 17 is_stmt 0 view .LVU455
 1578 0054 94F85830 		ldrb	r3, [r4, #88]	@ zero_extendqisi2
ARM GAS  /tmp/ccbSDz7D.s 			page 131


1430:Middlewares/Third_Party/FreeRTOS/Source/tasks.c **** 							{
 1579              		.loc 1 1430 10 view .LVU456
 1580 0058 012B     		cmp	r3, #1
 1581 005a 01D0     		beq	.L126
1436:Middlewares/Third_Party/FreeRTOS/Source/tasks.c **** 							}
 1582              		.loc 1 1436 17 view .LVU457
 1583 005c 0320     		movs	r0, #3
 1584 005e 04E0     		b	.L112
 1585              	.L126:
1432:Middlewares/Third_Party/FreeRTOS/Source/tasks.c **** 							}
 1586              		.loc 1 1432 17 view .LVU458
 1587 0060 0220     		movs	r0, #2
 1588 0062 02E0     		b	.L112
 1589              	.L124:
1458:Middlewares/Third_Party/FreeRTOS/Source/tasks.c **** 				}
 1590              		.loc 1 1458 14 view .LVU459
 1591 0064 0420     		movs	r0, #4
 1592 0066 00E0     		b	.L112
 1593              	.LVL118:
 1594              	.L114:
1397:Middlewares/Third_Party/FreeRTOS/Source/tasks.c **** 		}
 1595              		.loc 1 1397 12 view .LVU460
 1596 0068 0020     		movs	r0, #0
 1597              	.LVL119:
 1598              	.L112:
1470:Middlewares/Third_Party/FreeRTOS/Source/tasks.c **** 	} /*lint !e818 xTask cannot be a pointer to const because it is a typedef. */
 1599              		.loc 1 1470 3 is_stmt 1 view .LVU461
1471:Middlewares/Third_Party/FreeRTOS/Source/tasks.c **** 
 1600              		.loc 1 1471 2 is_stmt 0 view .LVU462
 1601 006a F8BD     		pop	{r3, r4, r5, r6, r7, pc}
 1602              	.LVL120:
 1603              	.L115:
1413:Middlewares/Third_Party/FreeRTOS/Source/tasks.c **** 			}
 1604              		.loc 1 1413 13 view .LVU463
 1605 006c 0220     		movs	r0, #2
 1606 006e FCE7     		b	.L112
 1607              	.L116:
 1608 0070 0220     		movs	r0, #2
 1609 0072 FAE7     		b	.L112
 1610              	.L119:
1458:Middlewares/Third_Party/FreeRTOS/Source/tasks.c **** 				}
 1611              		.loc 1 1458 14 view .LVU464
 1612 0074 0420     		movs	r0, #4
 1613 0076 F8E7     		b	.L112
 1614              	.L128:
 1615              		.align	2
 1616              	.L127:
 1617 0078 00000000 		.word	pxCurrentTCB
 1618 007c 00000000 		.word	pxDelayedTaskList
 1619 0080 00000000 		.word	pxOverflowDelayedTaskList
 1620 0084 00000000 		.word	xSuspendedTaskList
 1621 0088 00000000 		.word	xTasksWaitingTermination
 1622              		.cfi_endproc
 1623              	.LFE11:
 1625              		.section	.text.uxTaskPriorityGet,"ax",%progbits
 1626              		.align	1
 1627              		.global	uxTaskPriorityGet
ARM GAS  /tmp/ccbSDz7D.s 			page 132


 1628              		.syntax unified
 1629              		.thumb
 1630              		.thumb_func
 1632              	uxTaskPriorityGet:
 1633              	.LVL121:
 1634              	.LFB12:
1479:Middlewares/Third_Party/FreeRTOS/Source/tasks.c **** 	TCB_t const *pxTCB;
 1635              		.loc 1 1479 2 is_stmt 1 view -0
 1636              		.cfi_startproc
 1637              		@ args = 0, pretend = 0, frame = 0
 1638              		@ frame_needed = 0, uses_anonymous_args = 0
1479:Middlewares/Third_Party/FreeRTOS/Source/tasks.c **** 	TCB_t const *pxTCB;
 1639              		.loc 1 1479 2 is_stmt 0 view .LVU466
 1640 0000 10B5     		push	{r4, lr}
 1641              	.LCFI16:
 1642              		.cfi_def_cfa_offset 8
 1643              		.cfi_offset 4, -8
 1644              		.cfi_offset 14, -4
 1645 0002 0446     		mov	r4, r0
1480:Middlewares/Third_Party/FreeRTOS/Source/tasks.c **** 	UBaseType_t uxReturn;
 1646              		.loc 1 1480 2 is_stmt 1 view .LVU467
1481:Middlewares/Third_Party/FreeRTOS/Source/tasks.c **** 
 1647              		.loc 1 1481 2 view .LVU468
1483:Middlewares/Third_Party/FreeRTOS/Source/tasks.c **** 		{
 1648              		.loc 1 1483 3 view .LVU469
 1649 0004 FFF7FEFF 		bl	vPortEnterCritical
 1650              	.LVL122:
1487:Middlewares/Third_Party/FreeRTOS/Source/tasks.c **** 			uxReturn = pxTCB->uxPriority;
 1651              		.loc 1 1487 4 view .LVU470
1487:Middlewares/Third_Party/FreeRTOS/Source/tasks.c **** 			uxReturn = pxTCB->uxPriority;
 1652              		.loc 1 1487 12 is_stmt 0 view .LVU471
 1653 0008 24B1     		cbz	r4, .L132
 1654              	.LVL123:
 1655              	.L130:
1488:Middlewares/Third_Party/FreeRTOS/Source/tasks.c **** 		}
 1656              		.loc 1 1488 4 is_stmt 1 view .LVU472
1488:Middlewares/Third_Party/FreeRTOS/Source/tasks.c **** 		}
 1657              		.loc 1 1488 13 is_stmt 0 view .LVU473
 1658 000a E46A     		ldr	r4, [r4, #44]
 1659              	.LVL124:
1490:Middlewares/Third_Party/FreeRTOS/Source/tasks.c **** 
 1660              		.loc 1 1490 3 is_stmt 1 view .LVU474
 1661 000c FFF7FEFF 		bl	vPortExitCritical
 1662              	.LVL125:
1492:Middlewares/Third_Party/FreeRTOS/Source/tasks.c **** 	}
 1663              		.loc 1 1492 3 view .LVU475
1493:Middlewares/Third_Party/FreeRTOS/Source/tasks.c **** 
 1664              		.loc 1 1493 2 is_stmt 0 view .LVU476
 1665 0010 2046     		mov	r0, r4
 1666 0012 10BD     		pop	{r4, pc}
 1667              	.LVL126:
 1668              	.L132:
1487:Middlewares/Third_Party/FreeRTOS/Source/tasks.c **** 			uxReturn = pxTCB->uxPriority;
 1669              		.loc 1 1487 12 discriminator 1 view .LVU477
 1670 0014 014B     		ldr	r3, .L133
 1671 0016 1C68     		ldr	r4, [r3]
 1672              	.LVL127:
ARM GAS  /tmp/ccbSDz7D.s 			page 133


1487:Middlewares/Third_Party/FreeRTOS/Source/tasks.c **** 			uxReturn = pxTCB->uxPriority;
 1673              		.loc 1 1487 12 discriminator 1 view .LVU478
 1674 0018 F7E7     		b	.L130
 1675              	.L134:
 1676 001a 00BF     		.align	2
 1677              	.L133:
 1678 001c 00000000 		.word	pxCurrentTCB
 1679              		.cfi_endproc
 1680              	.LFE12:
 1682              		.section	.text.uxTaskPriorityGetFromISR,"ax",%progbits
 1683              		.align	1
 1684              		.global	uxTaskPriorityGetFromISR
 1685              		.syntax unified
 1686              		.thumb
 1687              		.thumb_func
 1689              	uxTaskPriorityGetFromISR:
 1690              	.LVL128:
 1691              	.LFB13:
1501:Middlewares/Third_Party/FreeRTOS/Source/tasks.c **** 	TCB_t const *pxTCB;
 1692              		.loc 1 1501 2 is_stmt 1 view -0
 1693              		.cfi_startproc
 1694              		@ args = 0, pretend = 0, frame = 0
 1695              		@ frame_needed = 0, uses_anonymous_args = 0
1501:Middlewares/Third_Party/FreeRTOS/Source/tasks.c **** 	TCB_t const *pxTCB;
 1696              		.loc 1 1501 2 is_stmt 0 view .LVU480
 1697 0000 10B5     		push	{r4, lr}
 1698              	.LCFI17:
 1699              		.cfi_def_cfa_offset 8
 1700              		.cfi_offset 4, -8
 1701              		.cfi_offset 14, -4
 1702 0002 0446     		mov	r4, r0
1502:Middlewares/Third_Party/FreeRTOS/Source/tasks.c **** 	UBaseType_t uxReturn, uxSavedInterruptState;
 1703              		.loc 1 1502 2 is_stmt 1 view .LVU481
1503:Middlewares/Third_Party/FreeRTOS/Source/tasks.c **** 
 1704              		.loc 1 1503 2 view .LVU482
1521:Middlewares/Third_Party/FreeRTOS/Source/tasks.c **** 
 1705              		.loc 1 1521 3 view .LVU483
 1706 0004 FFF7FEFF 		bl	vPortValidateInterruptPriority
 1707              	.LVL129:
1523:Middlewares/Third_Party/FreeRTOS/Source/tasks.c **** 		{
 1708              		.loc 1 1523 3 view .LVU484
 1709              	.LBB139:
 1710              	.LBI139:
 196:Middlewares/Third_Party/FreeRTOS/Source/portable/GCC/ARM_CM4F/portmacro.h **** 	(
 197:Middlewares/Third_Party/FreeRTOS/Source/portable/GCC/ARM_CM4F/portmacro.h **** 		"	mov %0, %1												\n"	\
 198:Middlewares/Third_Party/FreeRTOS/Source/portable/GCC/ARM_CM4F/portmacro.h **** 		"	msr basepri, %0											\n" \
 199:Middlewares/Third_Party/FreeRTOS/Source/portable/GCC/ARM_CM4F/portmacro.h **** 		"	isb														\n" \
 200:Middlewares/Third_Party/FreeRTOS/Source/portable/GCC/ARM_CM4F/portmacro.h **** 		"	dsb														\n" \
 201:Middlewares/Third_Party/FreeRTOS/Source/portable/GCC/ARM_CM4F/portmacro.h **** 		:"=r" (ulNewBASEPRI) : "i" ( configMAX_SYSCALL_INTERRUPT_PRIORITY ) : "memory"
 202:Middlewares/Third_Party/FreeRTOS/Source/portable/GCC/ARM_CM4F/portmacro.h **** 	);
 203:Middlewares/Third_Party/FreeRTOS/Source/portable/GCC/ARM_CM4F/portmacro.h **** }
 204:Middlewares/Third_Party/FreeRTOS/Source/portable/GCC/ARM_CM4F/portmacro.h **** 
 205:Middlewares/Third_Party/FreeRTOS/Source/portable/GCC/ARM_CM4F/portmacro.h **** /*-----------------------------------------------------------*/
 206:Middlewares/Third_Party/FreeRTOS/Source/portable/GCC/ARM_CM4F/portmacro.h **** 
 207:Middlewares/Third_Party/FreeRTOS/Source/portable/GCC/ARM_CM4F/portmacro.h **** portFORCE_INLINE static uint32_t ulPortRaiseBASEPRI( void )
 1711              		.loc 2 207 34 view .LVU485
 1712              	.LBB140:
ARM GAS  /tmp/ccbSDz7D.s 			page 134


 208:Middlewares/Third_Party/FreeRTOS/Source/portable/GCC/ARM_CM4F/portmacro.h **** {
 209:Middlewares/Third_Party/FreeRTOS/Source/portable/GCC/ARM_CM4F/portmacro.h **** uint32_t ulOriginalBASEPRI, ulNewBASEPRI;
 1713              		.loc 2 209 1 view .LVU486
 210:Middlewares/Third_Party/FreeRTOS/Source/portable/GCC/ARM_CM4F/portmacro.h **** 
 211:Middlewares/Third_Party/FreeRTOS/Source/portable/GCC/ARM_CM4F/portmacro.h **** 	__asm volatile
 1714              		.loc 2 211 2 view .LVU487
 1715              		.syntax unified
 1716              	@ 211 "Middlewares/Third_Party/FreeRTOS/Source/portable/GCC/ARM_CM4F/portmacro.h" 1
 1717 0008 EFF31183 			mrs r3, basepri											
 1718 000c 4FF05002 		mov r2, #80												
 1719 0010 82F31188 		msr basepri, r2											
 1720 0014 BFF36F8F 		isb														
 1721 0018 BFF34F8F 		dsb														
 1722              	
 1723              	@ 0 "" 2
 1724              	.LVL130:
 212:Middlewares/Third_Party/FreeRTOS/Source/portable/GCC/ARM_CM4F/portmacro.h **** 	(
 213:Middlewares/Third_Party/FreeRTOS/Source/portable/GCC/ARM_CM4F/portmacro.h **** 		"	mrs %0, basepri											\n" \
 214:Middlewares/Third_Party/FreeRTOS/Source/portable/GCC/ARM_CM4F/portmacro.h **** 		"	mov %1, %2												\n"	\
 215:Middlewares/Third_Party/FreeRTOS/Source/portable/GCC/ARM_CM4F/portmacro.h **** 		"	msr basepri, %1											\n" \
 216:Middlewares/Third_Party/FreeRTOS/Source/portable/GCC/ARM_CM4F/portmacro.h **** 		"	isb														\n" \
 217:Middlewares/Third_Party/FreeRTOS/Source/portable/GCC/ARM_CM4F/portmacro.h **** 		"	dsb														\n" \
 218:Middlewares/Third_Party/FreeRTOS/Source/portable/GCC/ARM_CM4F/portmacro.h **** 		:"=r" (ulOriginalBASEPRI), "=r" (ulNewBASEPRI) : "i" ( configMAX_SYSCALL_INTERRUPT_PRIORITY ) : "
 219:Middlewares/Third_Party/FreeRTOS/Source/portable/GCC/ARM_CM4F/portmacro.h **** 	);
 220:Middlewares/Third_Party/FreeRTOS/Source/portable/GCC/ARM_CM4F/portmacro.h **** 
 221:Middlewares/Third_Party/FreeRTOS/Source/portable/GCC/ARM_CM4F/portmacro.h **** 	/* This return will not be reached but is necessary to prevent compiler
 222:Middlewares/Third_Party/FreeRTOS/Source/portable/GCC/ARM_CM4F/portmacro.h **** 	warnings. */
 223:Middlewares/Third_Party/FreeRTOS/Source/portable/GCC/ARM_CM4F/portmacro.h **** 	return ulOriginalBASEPRI;
 1725              		.loc 2 223 2 view .LVU488
 1726              		.loc 2 223 2 is_stmt 0 view .LVU489
 1727              		.thumb
 1728              		.syntax unified
 1729              	.LBE140:
 1730              	.LBE139:
1527:Middlewares/Third_Party/FreeRTOS/Source/tasks.c **** 			uxReturn = pxTCB->uxPriority;
 1731              		.loc 1 1527 4 is_stmt 1 view .LVU490
1527:Middlewares/Third_Party/FreeRTOS/Source/tasks.c **** 			uxReturn = pxTCB->uxPriority;
 1732              		.loc 1 1527 12 is_stmt 0 view .LVU491
 1733 001c 1CB1     		cbz	r4, .L138
 1734              	.LVL131:
 1735              	.L136:
1528:Middlewares/Third_Party/FreeRTOS/Source/tasks.c **** 		}
 1736              		.loc 1 1528 4 is_stmt 1 view .LVU492
1528:Middlewares/Third_Party/FreeRTOS/Source/tasks.c **** 		}
 1737              		.loc 1 1528 13 is_stmt 0 view .LVU493
 1738 001e E06A     		ldr	r0, [r4, #44]
 1739              	.LVL132:
1530:Middlewares/Third_Party/FreeRTOS/Source/tasks.c **** 
 1740              		.loc 1 1530 3 is_stmt 1 view .LVU494
 1741              	.LBB141:
 1742              	.LBI141:
 224:Middlewares/Third_Party/FreeRTOS/Source/portable/GCC/ARM_CM4F/portmacro.h **** }
 225:Middlewares/Third_Party/FreeRTOS/Source/portable/GCC/ARM_CM4F/portmacro.h **** /*-----------------------------------------------------------*/
 226:Middlewares/Third_Party/FreeRTOS/Source/portable/GCC/ARM_CM4F/portmacro.h **** 
 227:Middlewares/Third_Party/FreeRTOS/Source/portable/GCC/ARM_CM4F/portmacro.h **** portFORCE_INLINE static void vPortSetBASEPRI( uint32_t ulNewMaskValue )
 1743              		.loc 2 227 30 view .LVU495
 1744              	.LBB142:
ARM GAS  /tmp/ccbSDz7D.s 			page 135


 228:Middlewares/Third_Party/FreeRTOS/Source/portable/GCC/ARM_CM4F/portmacro.h **** {
 229:Middlewares/Third_Party/FreeRTOS/Source/portable/GCC/ARM_CM4F/portmacro.h **** 	__asm volatile
 1745              		.loc 2 229 2 view .LVU496
 1746              		.syntax unified
 1747              	@ 229 "Middlewares/Third_Party/FreeRTOS/Source/portable/GCC/ARM_CM4F/portmacro.h" 1
 1748 0020 83F31188 			msr basepri, r3	
 1749              	@ 0 "" 2
 1750              		.thumb
 1751              		.syntax unified
 1752              	.LBE142:
 1753              	.LBE141:
1532:Middlewares/Third_Party/FreeRTOS/Source/tasks.c **** 	}
 1754              		.loc 1 1532 3 view .LVU497
1533:Middlewares/Third_Party/FreeRTOS/Source/tasks.c **** 
 1755              		.loc 1 1533 2 is_stmt 0 view .LVU498
 1756 0024 10BD     		pop	{r4, pc}
 1757              	.LVL133:
 1758              	.L138:
1527:Middlewares/Third_Party/FreeRTOS/Source/tasks.c **** 			uxReturn = pxTCB->uxPriority;
 1759              		.loc 1 1527 12 discriminator 1 view .LVU499
 1760 0026 014A     		ldr	r2, .L139
 1761 0028 1468     		ldr	r4, [r2]
 1762              	.LVL134:
1527:Middlewares/Third_Party/FreeRTOS/Source/tasks.c **** 			uxReturn = pxTCB->uxPriority;
 1763              		.loc 1 1527 12 discriminator 1 view .LVU500
 1764 002a F8E7     		b	.L136
 1765              	.L140:
 1766              		.align	2
 1767              	.L139:
 1768 002c 00000000 		.word	pxCurrentTCB
 1769              		.cfi_endproc
 1770              	.LFE13:
 1772              		.section	.text.vTaskPrioritySet,"ax",%progbits
 1773              		.align	1
 1774              		.global	vTaskPrioritySet
 1775              		.syntax unified
 1776              		.thumb
 1777              		.thumb_func
 1779              	vTaskPrioritySet:
 1780              	.LVL135:
 1781              	.LFB14:
1541:Middlewares/Third_Party/FreeRTOS/Source/tasks.c **** 	TCB_t *pxTCB;
 1782              		.loc 1 1541 2 is_stmt 1 view -0
 1783              		.cfi_startproc
 1784              		@ args = 0, pretend = 0, frame = 0
 1785              		@ frame_needed = 0, uses_anonymous_args = 0
1542:Middlewares/Third_Party/FreeRTOS/Source/tasks.c **** 	UBaseType_t uxCurrentBasePriority, uxPriorityUsedOnEntry;
 1786              		.loc 1 1542 2 view .LVU502
1543:Middlewares/Third_Party/FreeRTOS/Source/tasks.c **** 	BaseType_t xYieldRequired = pdFALSE;
 1787              		.loc 1 1543 2 view .LVU503
1544:Middlewares/Third_Party/FreeRTOS/Source/tasks.c **** 
 1788              		.loc 1 1544 2 view .LVU504
1546:Middlewares/Third_Party/FreeRTOS/Source/tasks.c **** 
 1789              		.loc 1 1546 3 view .LVU505
 1790 0000 3729     		cmp	r1, #55
 1791 0002 08D9     		bls	.L142
1546:Middlewares/Third_Party/FreeRTOS/Source/tasks.c **** 
ARM GAS  /tmp/ccbSDz7D.s 			page 136


 1792              		.loc 1 1546 3 discriminator 1 view .LVU506
 1793              	.LBB143:
 1794              	.LBI143:
 191:Middlewares/Third_Party/FreeRTOS/Source/portable/GCC/ARM_CM4F/portmacro.h **** {
 1795              		.loc 2 191 30 view .LVU507
 1796              	.LBB144:
 193:Middlewares/Third_Party/FreeRTOS/Source/portable/GCC/ARM_CM4F/portmacro.h **** 
 1797              		.loc 2 193 1 view .LVU508
 195:Middlewares/Third_Party/FreeRTOS/Source/portable/GCC/ARM_CM4F/portmacro.h **** 	(
 1798              		.loc 2 195 2 view .LVU509
 1799              		.syntax unified
 1800              	@ 195 "Middlewares/Third_Party/FreeRTOS/Source/portable/GCC/ARM_CM4F/portmacro.h" 1
 1801 0004 4FF05003 			mov r3, #80												
 1802 0008 83F31188 		msr basepri, r3											
 1803 000c BFF36F8F 		isb														
 1804 0010 BFF34F8F 		dsb														
 1805              	
 1806              	@ 0 "" 2
 1807              		.thumb
 1808              		.syntax unified
 1809              	.L143:
 1810              	.LBE144:
 1811              	.LBE143:
1546:Middlewares/Third_Party/FreeRTOS/Source/tasks.c **** 
 1812              		.loc 1 1546 3 view .LVU510
1546:Middlewares/Third_Party/FreeRTOS/Source/tasks.c **** 
 1813              		.loc 1 1546 3 view .LVU511
 1814 0014 FEE7     		b	.L143
 1815              	.L142:
1541:Middlewares/Third_Party/FreeRTOS/Source/tasks.c **** 	TCB_t *pxTCB;
 1816              		.loc 1 1541 2 is_stmt 0 view .LVU512
 1817 0016 70B5     		push	{r4, r5, r6, lr}
 1818              	.LCFI18:
 1819              		.cfi_def_cfa_offset 16
 1820              		.cfi_offset 4, -16
 1821              		.cfi_offset 5, -12
 1822              		.cfi_offset 6, -8
 1823              		.cfi_offset 14, -4
 1824 0018 0546     		mov	r5, r0
 1825 001a 0C46     		mov	r4, r1
1546:Middlewares/Third_Party/FreeRTOS/Source/tasks.c **** 
 1826              		.loc 1 1546 59 is_stmt 1 view .LVU513
1549:Middlewares/Third_Party/FreeRTOS/Source/tasks.c **** 		{
 1827              		.loc 1 1549 3 view .LVU514
 1828              	.LVL136:
1555:Middlewares/Third_Party/FreeRTOS/Source/tasks.c **** 		}
 1829              		.loc 1 1555 28 view .LVU515
1558:Middlewares/Third_Party/FreeRTOS/Source/tasks.c **** 		{
 1830              		.loc 1 1558 3 view .LVU516
 1831 001c FFF7FEFF 		bl	vPortEnterCritical
 1832              	.LVL137:
1562:Middlewares/Third_Party/FreeRTOS/Source/tasks.c **** 
 1833              		.loc 1 1562 4 view .LVU517
1562:Middlewares/Third_Party/FreeRTOS/Source/tasks.c **** 
 1834              		.loc 1 1562 12 is_stmt 0 view .LVU518
 1835 0020 75B1     		cbz	r5, .L157
 1836              	.LVL138:
ARM GAS  /tmp/ccbSDz7D.s 			page 137


 1837              	.L144:
1564:Middlewares/Third_Party/FreeRTOS/Source/tasks.c **** 
 1838              		.loc 1 1564 50 is_stmt 1 view .LVU519
1568:Middlewares/Third_Party/FreeRTOS/Source/tasks.c **** 			}
 1839              		.loc 1 1568 5 view .LVU520
1568:Middlewares/Third_Party/FreeRTOS/Source/tasks.c **** 			}
 1840              		.loc 1 1568 27 is_stmt 0 view .LVU521
 1841 0022 EA6C     		ldr	r2, [r5, #76]
 1842              	.LVL139:
1576:Middlewares/Third_Party/FreeRTOS/Source/tasks.c **** 			{
 1843              		.loc 1 1576 4 is_stmt 1 view .LVU522
1576:Middlewares/Third_Party/FreeRTOS/Source/tasks.c **** 			{
 1844              		.loc 1 1576 6 is_stmt 0 view .LVU523
 1845 0024 9442     		cmp	r4, r2
 1846 0026 30D0     		beq	.L145
1580:Middlewares/Third_Party/FreeRTOS/Source/tasks.c **** 				{
 1847              		.loc 1 1580 5 is_stmt 1 view .LVU524
1580:Middlewares/Third_Party/FreeRTOS/Source/tasks.c **** 				{
 1848              		.loc 1 1580 7 is_stmt 0 view .LVU525
 1849 0028 0DD9     		bls	.L146
1582:Middlewares/Third_Party/FreeRTOS/Source/tasks.c **** 					{
 1850              		.loc 1 1582 6 is_stmt 1 view .LVU526
1582:Middlewares/Third_Party/FreeRTOS/Source/tasks.c **** 					{
 1851              		.loc 1 1582 16 is_stmt 0 view .LVU527
 1852 002a 274B     		ldr	r3, .L160
 1853 002c 1B68     		ldr	r3, [r3]
1582:Middlewares/Third_Party/FreeRTOS/Source/tasks.c **** 					{
 1854              		.loc 1 1582 8 view .LVU528
 1855 002e AB42     		cmp	r3, r5
 1856 0030 2ED0     		beq	.L152
1587:Middlewares/Third_Party/FreeRTOS/Source/tasks.c **** 						{
 1857              		.loc 1 1587 7 is_stmt 1 view .LVU529
1587:Middlewares/Third_Party/FreeRTOS/Source/tasks.c **** 						{
 1858              		.loc 1 1587 40 is_stmt 0 view .LVU530
 1859 0032 254B     		ldr	r3, .L160
 1860 0034 1B68     		ldr	r3, [r3]
 1861 0036 DB6A     		ldr	r3, [r3, #44]
1587:Middlewares/Third_Party/FreeRTOS/Source/tasks.c **** 						{
 1862              		.loc 1 1587 9 view .LVU531
 1863 0038 A342     		cmp	r3, r4
 1864 003a 2BD9     		bls	.L153
1544:Middlewares/Third_Party/FreeRTOS/Source/tasks.c **** 
 1865              		.loc 1 1544 13 view .LVU532
 1866 003c 0026     		movs	r6, #0
 1867 003e 07E0     		b	.L147
 1868              	.LVL140:
 1869              	.L157:
1562:Middlewares/Third_Party/FreeRTOS/Source/tasks.c **** 
 1870              		.loc 1 1562 12 discriminator 1 view .LVU533
 1871 0040 214B     		ldr	r3, .L160
 1872 0042 1D68     		ldr	r5, [r3]
 1873              	.LVL141:
1562:Middlewares/Third_Party/FreeRTOS/Source/tasks.c **** 
 1874              		.loc 1 1562 12 discriminator 1 view .LVU534
 1875 0044 EDE7     		b	.L144
 1876              	.LVL142:
 1877              	.L146:
ARM GAS  /tmp/ccbSDz7D.s 			page 138


1603:Middlewares/Third_Party/FreeRTOS/Source/tasks.c **** 				{
 1878              		.loc 1 1603 10 is_stmt 1 view .LVU535
1603:Middlewares/Third_Party/FreeRTOS/Source/tasks.c **** 				{
 1879              		.loc 1 1603 20 is_stmt 0 view .LVU536
 1880 0046 204B     		ldr	r3, .L160
 1881 0048 1B68     		ldr	r3, [r3]
1603:Middlewares/Third_Party/FreeRTOS/Source/tasks.c **** 				{
 1882              		.loc 1 1603 12 view .LVU537
 1883 004a AB42     		cmp	r3, r5
 1884 004c 24D0     		beq	.L154
1544:Middlewares/Third_Party/FreeRTOS/Source/tasks.c **** 
 1885              		.loc 1 1544 13 view .LVU538
 1886 004e 0026     		movs	r6, #0
 1887              	.L147:
 1888              	.LVL143:
1615:Middlewares/Third_Party/FreeRTOS/Source/tasks.c **** 
 1889              		.loc 1 1615 5 is_stmt 1 view .LVU539
1620:Middlewares/Third_Party/FreeRTOS/Source/tasks.c **** 
 1890              		.loc 1 1620 5 view .LVU540
1620:Middlewares/Third_Party/FreeRTOS/Source/tasks.c **** 
 1891              		.loc 1 1620 27 is_stmt 0 view .LVU541
 1892 0050 EB6A     		ldr	r3, [r5, #44]
 1893              	.LVL144:
1626:Middlewares/Third_Party/FreeRTOS/Source/tasks.c **** 					{
 1894              		.loc 1 1626 6 is_stmt 1 view .LVU542
1626:Middlewares/Third_Party/FreeRTOS/Source/tasks.c **** 					{
 1895              		.loc 1 1626 8 is_stmt 0 view .LVU543
 1896 0052 9A42     		cmp	r2, r3
 1897 0054 22D0     		beq	.L158
 1898              	.L148:
1632:Middlewares/Third_Party/FreeRTOS/Source/tasks.c **** 					}
 1899              		.loc 1 1632 31 is_stmt 1 view .LVU544
1636:Middlewares/Third_Party/FreeRTOS/Source/tasks.c **** 				}
 1900              		.loc 1 1636 6 view .LVU545
1636:Middlewares/Third_Party/FreeRTOS/Source/tasks.c **** 				}
 1901              		.loc 1 1636 28 is_stmt 0 view .LVU546
 1902 0056 EC64     		str	r4, [r5, #76]
1646:Middlewares/Third_Party/FreeRTOS/Source/tasks.c **** 				{
 1903              		.loc 1 1646 5 is_stmt 1 view .LVU547
1646:Middlewares/Third_Party/FreeRTOS/Source/tasks.c **** 				{
 1904              		.loc 1 1646 11 is_stmt 0 view .LVU548
 1905 0058 AA69     		ldr	r2, [r5, #24]
 1906              	.LVL145:
1646:Middlewares/Third_Party/FreeRTOS/Source/tasks.c **** 				{
 1907              		.loc 1 1646 7 view .LVU549
 1908 005a 002A     		cmp	r2, #0
 1909 005c 02DB     		blt	.L149
1648:Middlewares/Third_Party/FreeRTOS/Source/tasks.c **** 				}
 1910              		.loc 1 1648 6 is_stmt 1 view .LVU550
 1911 005e C4F13804 		rsb	r4, r4, #56
 1912              	.LVL146:
1648:Middlewares/Third_Party/FreeRTOS/Source/tasks.c **** 				}
 1913              		.loc 1 1648 6 is_stmt 0 view .LVU551
 1914 0062 AC61     		str	r4, [r5, #24]
 1915              	.L149:
1652:Middlewares/Third_Party/FreeRTOS/Source/tasks.c **** 				}
 1916              		.loc 1 1652 30 is_stmt 1 view .LVU552
ARM GAS  /tmp/ccbSDz7D.s 			page 139


1659:Middlewares/Third_Party/FreeRTOS/Source/tasks.c **** 				{
 1917              		.loc 1 1659 5 view .LVU553
1659:Middlewares/Third_Party/FreeRTOS/Source/tasks.c **** 				{
 1918              		.loc 1 1659 9 is_stmt 0 view .LVU554
 1919 0064 6969     		ldr	r1, [r5, #20]
 1920 0066 03EB8303 		add	r3, r3, r3, lsl #2
 1921              	.LVL147:
1659:Middlewares/Third_Party/FreeRTOS/Source/tasks.c **** 				{
 1922              		.loc 1 1659 9 view .LVU555
 1923 006a 184A     		ldr	r2, .L160+4
 1924 006c 02EB8303 		add	r3, r2, r3, lsl #2
1659:Middlewares/Third_Party/FreeRTOS/Source/tasks.c **** 				{
 1925              		.loc 1 1659 7 view .LVU556
 1926 0070 9942     		cmp	r1, r3
 1927 0072 15D0     		beq	.L159
 1928              	.LVL148:
 1929              	.L150:
1679:Middlewares/Third_Party/FreeRTOS/Source/tasks.c **** 				}
 1930              		.loc 1 1679 30 is_stmt 1 view .LVU557
1682:Middlewares/Third_Party/FreeRTOS/Source/tasks.c **** 				{
 1931              		.loc 1 1682 5 view .LVU558
1682:Middlewares/Third_Party/FreeRTOS/Source/tasks.c **** 				{
 1932              		.loc 1 1682 7 is_stmt 0 view .LVU559
 1933 0074 4EB1     		cbz	r6, .L145
1684:Middlewares/Third_Party/FreeRTOS/Source/tasks.c **** 				}
 1934              		.loc 1 1684 6 is_stmt 1 view .LVU560
 1935 0076 4FF0E023 		mov	r3, #-536813568
 1936 007a 4FF08052 		mov	r2, #268435456
 1937 007e C3F8042D 		str	r2, [r3, #3332]
1684:Middlewares/Third_Party/FreeRTOS/Source/tasks.c **** 				}
 1938              		.loc 1 1684 6 view .LVU561
 1939              		.syntax unified
 1940              	@ 1684 "Middlewares/Third_Party/FreeRTOS/Source/tasks.c" 1
 1941 0082 BFF34F8F 		dsb
 1942              	@ 0 "" 2
1684:Middlewares/Third_Party/FreeRTOS/Source/tasks.c **** 				}
 1943              		.loc 1 1684 6 view .LVU562
 1944              	@ 1684 "Middlewares/Third_Party/FreeRTOS/Source/tasks.c" 1
 1945 0086 BFF36F8F 		isb
 1946              	@ 0 "" 2
1684:Middlewares/Third_Party/FreeRTOS/Source/tasks.c **** 				}
 1947              		.loc 1 1684 37 view .LVU563
 1948              	.LVL149:
 1949              		.thumb
 1950              		.syntax unified
 1951              	.L145:
1688:Middlewares/Third_Party/FreeRTOS/Source/tasks.c **** 				}
 1952              		.loc 1 1688 30 view .LVU564
1693:Middlewares/Third_Party/FreeRTOS/Source/tasks.c **** 			}
 1953              		.loc 1 1693 5 view .LVU565
1696:Middlewares/Third_Party/FreeRTOS/Source/tasks.c **** 	}
 1954              		.loc 1 1696 3 view .LVU566
 1955 008a FFF7FEFF 		bl	vPortExitCritical
 1956              	.LVL150:
1697:Middlewares/Third_Party/FreeRTOS/Source/tasks.c **** 
 1957              		.loc 1 1697 2 is_stmt 0 view .LVU567
 1958 008e 70BD     		pop	{r4, r5, r6, pc}
ARM GAS  /tmp/ccbSDz7D.s 			page 140


 1959              	.LVL151:
 1960              	.L152:
1544:Middlewares/Third_Party/FreeRTOS/Source/tasks.c **** 
 1961              		.loc 1 1544 13 view .LVU568
 1962 0090 0026     		movs	r6, #0
 1963 0092 DDE7     		b	.L147
 1964              	.L153:
1589:Middlewares/Third_Party/FreeRTOS/Source/tasks.c **** 						}
 1965              		.loc 1 1589 23 view .LVU569
 1966 0094 0126     		movs	r6, #1
 1967 0096 DBE7     		b	.L147
 1968              	.L154:
1608:Middlewares/Third_Party/FreeRTOS/Source/tasks.c **** 				}
 1969              		.loc 1 1608 21 view .LVU570
 1970 0098 0126     		movs	r6, #1
 1971 009a D9E7     		b	.L147
 1972              	.LVL152:
 1973              	.L158:
1628:Middlewares/Third_Party/FreeRTOS/Source/tasks.c **** 					}
 1974              		.loc 1 1628 7 is_stmt 1 view .LVU571
1628:Middlewares/Third_Party/FreeRTOS/Source/tasks.c **** 					}
 1975              		.loc 1 1628 25 is_stmt 0 view .LVU572
 1976 009c EC62     		str	r4, [r5, #44]
 1977 009e DAE7     		b	.L148
 1978              	.LVL153:
 1979              	.L159:
1664:Middlewares/Third_Party/FreeRTOS/Source/tasks.c **** 					{
 1980              		.loc 1 1664 6 is_stmt 1 view .LVU573
1664:Middlewares/Third_Party/FreeRTOS/Source/tasks.c **** 					{
 1981              		.loc 1 1664 24 is_stmt 0 view .LVU574
 1982 00a0 2C1D     		adds	r4, r5, #4
1664:Middlewares/Third_Party/FreeRTOS/Source/tasks.c **** 					{
 1983              		.loc 1 1664 10 view .LVU575
 1984 00a2 2046     		mov	r0, r4
 1985 00a4 FFF7FEFF 		bl	uxListRemove
 1986              	.LVL154:
1669:Middlewares/Third_Party/FreeRTOS/Source/tasks.c **** 					}
 1987              		.loc 1 1669 76 is_stmt 1 view .LVU576
1673:Middlewares/Third_Party/FreeRTOS/Source/tasks.c **** 					}
 1988              		.loc 1 1673 31 view .LVU577
1675:Middlewares/Third_Party/FreeRTOS/Source/tasks.c **** 				}
 1989              		.loc 1 1675 6 view .LVU578
1675:Middlewares/Third_Party/FreeRTOS/Source/tasks.c **** 				}
 1990              		.loc 1 1675 6 view .LVU579
 1991 00a8 E86A     		ldr	r0, [r5, #44]
 1992 00aa 094B     		ldr	r3, .L160+8
 1993 00ac 1B68     		ldr	r3, [r3]
 1994 00ae 9842     		cmp	r0, r3
 1995 00b0 01D9     		bls	.L151
1675:Middlewares/Third_Party/FreeRTOS/Source/tasks.c **** 				}
 1996              		.loc 1 1675 6 discriminator 1 view .LVU580
 1997 00b2 074B     		ldr	r3, .L160+8
 1998 00b4 1860     		str	r0, [r3]
 1999              	.L151:
1675:Middlewares/Third_Party/FreeRTOS/Source/tasks.c **** 				}
 2000              		.loc 1 1675 6 discriminator 3 view .LVU581
1675:Middlewares/Third_Party/FreeRTOS/Source/tasks.c **** 				}
ARM GAS  /tmp/ccbSDz7D.s 			page 141


 2001              		.loc 1 1675 6 discriminator 3 view .LVU582
 2002 00b6 00EB8000 		add	r0, r0, r0, lsl #2
 2003 00ba 2146     		mov	r1, r4
 2004 00bc 034B     		ldr	r3, .L160+4
 2005 00be 03EB8000 		add	r0, r3, r0, lsl #2
 2006 00c2 FFF7FEFF 		bl	vListInsertEnd
 2007              	.LVL155:
1675:Middlewares/Third_Party/FreeRTOS/Source/tasks.c **** 				}
 2008              		.loc 1 1675 36 discriminator 1 view .LVU583
 2009 00c6 D5E7     		b	.L150
 2010              	.L161:
 2011              		.align	2
 2012              	.L160:
 2013 00c8 00000000 		.word	pxCurrentTCB
 2014 00cc 00000000 		.word	pxReadyTasksLists
 2015 00d0 00000000 		.word	uxTopReadyPriority
 2016              		.cfi_endproc
 2017              	.LFE14:
 2019              		.section	.text.vTaskResume,"ax",%progbits
 2020              		.align	1
 2021              		.global	vTaskResume
 2022              		.syntax unified
 2023              		.thumb
 2024              		.thumb_func
 2026              	vTaskResume:
 2027              	.LVL156:
 2028              	.LFB17:
1852:Middlewares/Third_Party/FreeRTOS/Source/tasks.c **** 	TCB_t * const pxTCB = xTaskToResume;
 2029              		.loc 1 1852 2 view -0
 2030              		.cfi_startproc
 2031              		@ args = 0, pretend = 0, frame = 0
 2032              		@ frame_needed = 0, uses_anonymous_args = 0
1852:Middlewares/Third_Party/FreeRTOS/Source/tasks.c **** 	TCB_t * const pxTCB = xTaskToResume;
 2033              		.loc 1 1852 2 is_stmt 0 view .LVU585
 2034 0000 38B5     		push	{r3, r4, r5, lr}
 2035              	.LCFI19:
 2036              		.cfi_def_cfa_offset 16
 2037              		.cfi_offset 3, -16
 2038              		.cfi_offset 4, -12
 2039              		.cfi_offset 5, -8
 2040              		.cfi_offset 14, -4
1853:Middlewares/Third_Party/FreeRTOS/Source/tasks.c **** 
 2041              		.loc 1 1853 2 is_stmt 1 view .LVU586
 2042              	.LVL157:
1856:Middlewares/Third_Party/FreeRTOS/Source/tasks.c **** 
 2043              		.loc 1 1856 3 view .LVU587
 2044 0002 68B1     		cbz	r0, .L169
 2045 0004 0446     		mov	r4, r0
1856:Middlewares/Third_Party/FreeRTOS/Source/tasks.c **** 
 2046              		.loc 1 1856 32 view .LVU588
1860:Middlewares/Third_Party/FreeRTOS/Source/tasks.c **** 		{
 2047              		.loc 1 1860 3 view .LVU589
1860:Middlewares/Third_Party/FreeRTOS/Source/tasks.c **** 		{
 2048              		.loc 1 1860 15 is_stmt 0 view .LVU590
 2049 0006 1D4B     		ldr	r3, .L171
 2050 0008 1B68     		ldr	r3, [r3]
1860:Middlewares/Third_Party/FreeRTOS/Source/tasks.c **** 		{
ARM GAS  /tmp/ccbSDz7D.s 			page 142


 2051              		.loc 1 1860 5 view .LVU591
 2052 000a 8342     		cmp	r3, r0
 2053 000c 07D0     		beq	.L162
1862:Middlewares/Third_Party/FreeRTOS/Source/tasks.c **** 			{
 2054              		.loc 1 1862 4 is_stmt 1 view .LVU592
 2055 000e FFF7FEFF 		bl	vPortEnterCritical
 2056              	.LVL158:
1864:Middlewares/Third_Party/FreeRTOS/Source/tasks.c **** 				{
 2057              		.loc 1 1864 5 view .LVU593
1864:Middlewares/Third_Party/FreeRTOS/Source/tasks.c **** 				{
 2058              		.loc 1 1864 9 is_stmt 0 view .LVU594
 2059 0012 2046     		mov	r0, r4
 2060 0014 FFF7FEFF 		bl	prvTaskIsTaskSuspended
 2061              	.LVL159:
1864:Middlewares/Third_Party/FreeRTOS/Source/tasks.c **** 				{
 2062              		.loc 1 1864 7 discriminator 1 view .LVU595
 2063 0018 58B9     		cbnz	r0, .L170
 2064              	.L166:
1888:Middlewares/Third_Party/FreeRTOS/Source/tasks.c **** 				}
 2065              		.loc 1 1888 30 is_stmt 1 view .LVU596
1891:Middlewares/Third_Party/FreeRTOS/Source/tasks.c **** 		}
 2066              		.loc 1 1891 4 view .LVU597
 2067 001a FFF7FEFF 		bl	vPortExitCritical
 2068              	.LVL160:
1895:Middlewares/Third_Party/FreeRTOS/Source/tasks.c **** 		}
 2069              		.loc 1 1895 28 view .LVU598
 2070              	.L162:
1897:Middlewares/Third_Party/FreeRTOS/Source/tasks.c **** 
 2071              		.loc 1 1897 2 is_stmt 0 view .LVU599
 2072 001e 38BD     		pop	{r3, r4, r5, pc}
 2073              	.LVL161:
 2074              	.L169:
1856:Middlewares/Third_Party/FreeRTOS/Source/tasks.c **** 
 2075              		.loc 1 1856 3 is_stmt 1 discriminator 1 view .LVU600
 2076              	.LBB145:
 2077              	.LBI145:
 191:Middlewares/Third_Party/FreeRTOS/Source/portable/GCC/ARM_CM4F/portmacro.h **** {
 2078              		.loc 2 191 30 view .LVU601
 2079              	.LBB146:
 193:Middlewares/Third_Party/FreeRTOS/Source/portable/GCC/ARM_CM4F/portmacro.h **** 
 2080              		.loc 2 193 1 view .LVU602
 195:Middlewares/Third_Party/FreeRTOS/Source/portable/GCC/ARM_CM4F/portmacro.h **** 	(
 2081              		.loc 2 195 2 view .LVU603
 2082              		.syntax unified
 2083              	@ 195 "Middlewares/Third_Party/FreeRTOS/Source/portable/GCC/ARM_CM4F/portmacro.h" 1
 2084 0020 4FF05003 			mov r3, #80												
 2085 0024 83F31188 		msr basepri, r3											
 2086 0028 BFF36F8F 		isb														
 2087 002c BFF34F8F 		dsb														
 2088              	
 2089              	@ 0 "" 2
 2090              		.thumb
 2091              		.syntax unified
 2092              	.L164:
 2093              	.LBE146:
 2094              	.LBE145:
1856:Middlewares/Third_Party/FreeRTOS/Source/tasks.c **** 
ARM GAS  /tmp/ccbSDz7D.s 			page 143


 2095              		.loc 1 1856 3 view .LVU604
1856:Middlewares/Third_Party/FreeRTOS/Source/tasks.c **** 
 2096              		.loc 1 1856 3 view .LVU605
 2097 0030 FEE7     		b	.L164
 2098              	.LVL162:
 2099              	.L170:
1866:Middlewares/Third_Party/FreeRTOS/Source/tasks.c **** 
 2100              		.loc 1 1866 31 view .LVU606
1870:Middlewares/Third_Party/FreeRTOS/Source/tasks.c **** 					prvAddTaskToReadyList( pxTCB );
 2101              		.loc 1 1870 6 view .LVU607
1870:Middlewares/Third_Party/FreeRTOS/Source/tasks.c **** 					prvAddTaskToReadyList( pxTCB );
 2102              		.loc 1 1870 30 is_stmt 0 view .LVU608
 2103 0032 251D     		adds	r5, r4, #4
1870:Middlewares/Third_Party/FreeRTOS/Source/tasks.c **** 					prvAddTaskToReadyList( pxTCB );
 2104              		.loc 1 1870 15 view .LVU609
 2105 0034 2846     		mov	r0, r5
 2106 0036 FFF7FEFF 		bl	uxListRemove
 2107              	.LVL163:
1871:Middlewares/Third_Party/FreeRTOS/Source/tasks.c **** 
 2108              		.loc 1 1871 6 is_stmt 1 view .LVU610
1871:Middlewares/Third_Party/FreeRTOS/Source/tasks.c **** 
 2109              		.loc 1 1871 6 view .LVU611
 2110 003a E06A     		ldr	r0, [r4, #44]
 2111 003c 104B     		ldr	r3, .L171+4
 2112 003e 1B68     		ldr	r3, [r3]
 2113 0040 9842     		cmp	r0, r3
 2114 0042 01D9     		bls	.L167
1871:Middlewares/Third_Party/FreeRTOS/Source/tasks.c **** 
 2115              		.loc 1 1871 6 discriminator 1 view .LVU612
 2116 0044 0E4B     		ldr	r3, .L171+4
 2117 0046 1860     		str	r0, [r3]
 2118              	.L167:
1871:Middlewares/Third_Party/FreeRTOS/Source/tasks.c **** 
 2119              		.loc 1 1871 6 discriminator 3 view .LVU613
1871:Middlewares/Third_Party/FreeRTOS/Source/tasks.c **** 
 2120              		.loc 1 1871 6 discriminator 3 view .LVU614
 2121 0048 00EB8000 		add	r0, r0, r0, lsl #2
 2122 004c 2946     		mov	r1, r5
 2123 004e 0D4B     		ldr	r3, .L171+8
 2124 0050 03EB8000 		add	r0, r3, r0, lsl #2
 2125 0054 FFF7FEFF 		bl	vListInsertEnd
 2126              	.LVL164:
1871:Middlewares/Third_Party/FreeRTOS/Source/tasks.c **** 
 2127              		.loc 1 1871 36 discriminator 1 view .LVU615
1874:Middlewares/Third_Party/FreeRTOS/Source/tasks.c **** 					{
 2128              		.loc 1 1874 6 view .LVU616
1874:Middlewares/Third_Party/FreeRTOS/Source/tasks.c **** 					{
 2129              		.loc 1 1874 15 is_stmt 0 view .LVU617
 2130 0058 E26A     		ldr	r2, [r4, #44]
1874:Middlewares/Third_Party/FreeRTOS/Source/tasks.c **** 					{
 2131              		.loc 1 1874 43 view .LVU618
 2132 005a 084B     		ldr	r3, .L171
 2133 005c 1B68     		ldr	r3, [r3]
 2134 005e DB6A     		ldr	r3, [r3, #44]
1874:Middlewares/Third_Party/FreeRTOS/Source/tasks.c **** 					{
 2135              		.loc 1 1874 8 view .LVU619
 2136 0060 9A42     		cmp	r2, r3
ARM GAS  /tmp/ccbSDz7D.s 			page 144


 2137 0062 DAD3     		bcc	.L166
1879:Middlewares/Third_Party/FreeRTOS/Source/tasks.c **** 					}
 2138              		.loc 1 1879 7 is_stmt 1 view .LVU620
 2139 0064 4FF0E023 		mov	r3, #-536813568
 2140 0068 4FF08052 		mov	r2, #268435456
 2141 006c C3F8042D 		str	r2, [r3, #3332]
1879:Middlewares/Third_Party/FreeRTOS/Source/tasks.c **** 					}
 2142              		.loc 1 1879 7 view .LVU621
 2143              		.syntax unified
 2144              	@ 1879 "Middlewares/Third_Party/FreeRTOS/Source/tasks.c" 1
 2145 0070 BFF34F8F 		dsb
 2146              	@ 0 "" 2
1879:Middlewares/Third_Party/FreeRTOS/Source/tasks.c **** 					}
 2147              		.loc 1 1879 7 view .LVU622
 2148              	@ 1879 "Middlewares/Third_Party/FreeRTOS/Source/tasks.c" 1
 2149 0074 BFF36F8F 		isb
 2150              	@ 0 "" 2
1879:Middlewares/Third_Party/FreeRTOS/Source/tasks.c **** 					}
 2151              		.loc 1 1879 38 view .LVU623
 2152              		.thumb
 2153              		.syntax unified
 2154 0078 CFE7     		b	.L166
 2155              	.L172:
 2156 007a 00BF     		.align	2
 2157              	.L171:
 2158 007c 00000000 		.word	pxCurrentTCB
 2159 0080 00000000 		.word	uxTopReadyPriority
 2160 0084 00000000 		.word	pxReadyTasksLists
 2161              		.cfi_endproc
 2162              	.LFE17:
 2164              		.section	.text.xTaskResumeFromISR,"ax",%progbits
 2165              		.align	1
 2166              		.global	xTaskResumeFromISR
 2167              		.syntax unified
 2168              		.thumb
 2169              		.thumb_func
 2171              	xTaskResumeFromISR:
 2172              	.LVL165:
 2173              	.LFB18:
1906:Middlewares/Third_Party/FreeRTOS/Source/tasks.c **** 	BaseType_t xYieldRequired = pdFALSE;
 2174              		.loc 1 1906 2 view -0
 2175              		.cfi_startproc
 2176              		@ args = 0, pretend = 0, frame = 0
 2177              		@ frame_needed = 0, uses_anonymous_args = 0
1906:Middlewares/Third_Party/FreeRTOS/Source/tasks.c **** 	BaseType_t xYieldRequired = pdFALSE;
 2178              		.loc 1 1906 2 is_stmt 0 view .LVU625
 2179 0000 F8B5     		push	{r3, r4, r5, r6, r7, lr}
 2180              	.LCFI20:
 2181              		.cfi_def_cfa_offset 24
 2182              		.cfi_offset 3, -24
 2183              		.cfi_offset 4, -20
 2184              		.cfi_offset 5, -16
 2185              		.cfi_offset 6, -12
 2186              		.cfi_offset 7, -8
 2187              		.cfi_offset 14, -4
1907:Middlewares/Third_Party/FreeRTOS/Source/tasks.c **** 	TCB_t * const pxTCB = xTaskToResume;
 2188              		.loc 1 1907 2 is_stmt 1 view .LVU626
ARM GAS  /tmp/ccbSDz7D.s 			page 145


 2189              	.LVL166:
1908:Middlewares/Third_Party/FreeRTOS/Source/tasks.c **** 	UBaseType_t uxSavedInterruptStatus;
 2190              		.loc 1 1908 2 view .LVU627
1909:Middlewares/Third_Party/FreeRTOS/Source/tasks.c **** 
 2191              		.loc 1 1909 2 view .LVU628
1911:Middlewares/Third_Party/FreeRTOS/Source/tasks.c **** 
 2192              		.loc 1 1911 3 view .LVU629
 2193 0002 0028     		cmp	r0, #0
 2194 0004 32D0     		beq	.L182
 2195 0006 0646     		mov	r6, r0
1911:Middlewares/Third_Party/FreeRTOS/Source/tasks.c **** 
 2196              		.loc 1 1911 32 view .LVU630
1929:Middlewares/Third_Party/FreeRTOS/Source/tasks.c **** 
 2197              		.loc 1 1929 3 view .LVU631
 2198 0008 FFF7FEFF 		bl	vPortValidateInterruptPriority
 2199              	.LVL167:
1931:Middlewares/Third_Party/FreeRTOS/Source/tasks.c **** 		{
 2200              		.loc 1 1931 3 view .LVU632
 2201              	.LBB147:
 2202              	.LBI147:
 207:Middlewares/Third_Party/FreeRTOS/Source/portable/GCC/ARM_CM4F/portmacro.h **** {
 2203              		.loc 2 207 34 view .LVU633
 2204              	.LBB148:
 209:Middlewares/Third_Party/FreeRTOS/Source/portable/GCC/ARM_CM4F/portmacro.h **** 
 2205              		.loc 2 209 1 view .LVU634
 211:Middlewares/Third_Party/FreeRTOS/Source/portable/GCC/ARM_CM4F/portmacro.h **** 	(
 2206              		.loc 2 211 2 view .LVU635
 2207              		.syntax unified
 2208              	@ 211 "Middlewares/Third_Party/FreeRTOS/Source/portable/GCC/ARM_CM4F/portmacro.h" 1
 2209 000c EFF31184 			mrs r4, basepri											
 2210 0010 4FF05003 		mov r3, #80												
 2211 0014 83F31188 		msr basepri, r3											
 2212 0018 BFF36F8F 		isb														
 2213 001c BFF34F8F 		dsb														
 2214              	
 2215              	@ 0 "" 2
 2216              	.LVL168:
 223:Middlewares/Third_Party/FreeRTOS/Source/portable/GCC/ARM_CM4F/portmacro.h **** }
 2217              		.loc 2 223 2 view .LVU636
 223:Middlewares/Third_Party/FreeRTOS/Source/portable/GCC/ARM_CM4F/portmacro.h **** }
 2218              		.loc 2 223 2 is_stmt 0 view .LVU637
 2219              		.thumb
 2220              		.syntax unified
 2221              	.LBE148:
 2222              	.LBE147:
1933:Middlewares/Third_Party/FreeRTOS/Source/tasks.c **** 			{
 2223              		.loc 1 1933 4 is_stmt 1 view .LVU638
1933:Middlewares/Third_Party/FreeRTOS/Source/tasks.c **** 			{
 2224              		.loc 1 1933 8 is_stmt 0 view .LVU639
 2225 0020 3046     		mov	r0, r6
 2226 0022 FFF7FEFF 		bl	prvTaskIsTaskSuspended
 2227              	.LVL169:
1933:Middlewares/Third_Party/FreeRTOS/Source/tasks.c **** 			{
 2228              		.loc 1 1933 6 discriminator 1 view .LVU640
 2229 0026 0546     		mov	r5, r0
 2230 0028 E0B1     		cbz	r0, .L176
1935:Middlewares/Third_Party/FreeRTOS/Source/tasks.c **** 
ARM GAS  /tmp/ccbSDz7D.s 			page 146


 2231              		.loc 1 1935 39 is_stmt 1 view .LVU641
1938:Middlewares/Third_Party/FreeRTOS/Source/tasks.c **** 				{
 2232              		.loc 1 1938 5 view .LVU642
1938:Middlewares/Third_Party/FreeRTOS/Source/tasks.c **** 				{
 2233              		.loc 1 1938 30 is_stmt 0 view .LVU643
 2234 002a 194B     		ldr	r3, .L183
 2235 002c 1B68     		ldr	r3, [r3]
1938:Middlewares/Third_Party/FreeRTOS/Source/tasks.c **** 				{
 2236              		.loc 1 1938 7 view .LVU644
 2237 002e 43BB     		cbnz	r3, .L177
1942:Middlewares/Third_Party/FreeRTOS/Source/tasks.c **** 					{
 2238              		.loc 1 1942 6 is_stmt 1 view .LVU645
1942:Middlewares/Third_Party/FreeRTOS/Source/tasks.c **** 					{
 2239              		.loc 1 1942 15 is_stmt 0 view .LVU646
 2240 0030 F26A     		ldr	r2, [r6, #44]
1942:Middlewares/Third_Party/FreeRTOS/Source/tasks.c **** 					{
 2241              		.loc 1 1942 43 view .LVU647
 2242 0032 184B     		ldr	r3, .L183+4
 2243 0034 1B68     		ldr	r3, [r3]
 2244 0036 DB6A     		ldr	r3, [r3, #44]
1942:Middlewares/Third_Party/FreeRTOS/Source/tasks.c **** 					{
 2245              		.loc 1 1942 8 view .LVU648
 2246 0038 9A42     		cmp	r2, r3
 2247 003a 20D2     		bcs	.L180
1907:Middlewares/Third_Party/FreeRTOS/Source/tasks.c **** 	TCB_t * const pxTCB = xTaskToResume;
 2248              		.loc 1 1907 13 view .LVU649
 2249 003c 0025     		movs	r5, #0
 2250              	.L178:
 2251              	.LVL170:
1948:Middlewares/Third_Party/FreeRTOS/Source/tasks.c **** 					}
 2252              		.loc 1 1948 31 is_stmt 1 view .LVU650
1951:Middlewares/Third_Party/FreeRTOS/Source/tasks.c **** 					prvAddTaskToReadyList( pxTCB );
 2253              		.loc 1 1951 6 view .LVU651
1951:Middlewares/Third_Party/FreeRTOS/Source/tasks.c **** 					prvAddTaskToReadyList( pxTCB );
 2254              		.loc 1 1951 29 is_stmt 0 view .LVU652
 2255 003e 371D     		adds	r7, r6, #4
1951:Middlewares/Third_Party/FreeRTOS/Source/tasks.c **** 					prvAddTaskToReadyList( pxTCB );
 2256              		.loc 1 1951 15 view .LVU653
 2257 0040 3846     		mov	r0, r7
 2258 0042 FFF7FEFF 		bl	uxListRemove
 2259              	.LVL171:
1952:Middlewares/Third_Party/FreeRTOS/Source/tasks.c **** 				}
 2260              		.loc 1 1952 6 is_stmt 1 view .LVU654
1952:Middlewares/Third_Party/FreeRTOS/Source/tasks.c **** 				}
 2261              		.loc 1 1952 6 view .LVU655
 2262 0046 F06A     		ldr	r0, [r6, #44]
 2263 0048 134B     		ldr	r3, .L183+8
 2264 004a 1B68     		ldr	r3, [r3]
 2265 004c 9842     		cmp	r0, r3
 2266 004e 01D9     		bls	.L179
1952:Middlewares/Third_Party/FreeRTOS/Source/tasks.c **** 				}
 2267              		.loc 1 1952 6 discriminator 1 view .LVU656
 2268 0050 114B     		ldr	r3, .L183+8
 2269 0052 1860     		str	r0, [r3]
 2270              	.L179:
1952:Middlewares/Third_Party/FreeRTOS/Source/tasks.c **** 				}
 2271              		.loc 1 1952 6 discriminator 3 view .LVU657
ARM GAS  /tmp/ccbSDz7D.s 			page 147


1952:Middlewares/Third_Party/FreeRTOS/Source/tasks.c **** 				}
 2272              		.loc 1 1952 6 discriminator 3 view .LVU658
 2273 0054 00EB8000 		add	r0, r0, r0, lsl #2
 2274 0058 3946     		mov	r1, r7
 2275 005a 104B     		ldr	r3, .L183+12
 2276 005c 03EB8000 		add	r0, r3, r0, lsl #2
 2277 0060 FFF7FEFF 		bl	vListInsertEnd
 2278              	.LVL172:
1952:Middlewares/Third_Party/FreeRTOS/Source/tasks.c **** 				}
 2279              		.loc 1 1952 36 discriminator 1 view .LVU659
 2280              	.L176:
1964:Middlewares/Third_Party/FreeRTOS/Source/tasks.c **** 			}
 2281              		.loc 1 1964 29 view .LVU660
1967:Middlewares/Third_Party/FreeRTOS/Source/tasks.c **** 
 2282              		.loc 1 1967 3 view .LVU661
 2283              	.LBB149:
 2284              	.LBI149:
 227:Middlewares/Third_Party/FreeRTOS/Source/portable/GCC/ARM_CM4F/portmacro.h **** {
 2285              		.loc 2 227 30 view .LVU662
 2286              	.LBB150:
 2287              		.loc 2 229 2 view .LVU663
 2288              		.syntax unified
 2289              	@ 229 "Middlewares/Third_Party/FreeRTOS/Source/portable/GCC/ARM_CM4F/portmacro.h" 1
 2290 0064 84F31188 			msr basepri, r4	
 2291              	@ 0 "" 2
 2292              		.thumb
 2293              		.syntax unified
 2294              	.LBE150:
 2295              	.LBE149:
1969:Middlewares/Third_Party/FreeRTOS/Source/tasks.c **** 	}
 2296              		.loc 1 1969 3 view .LVU664
1970:Middlewares/Third_Party/FreeRTOS/Source/tasks.c **** 
 2297              		.loc 1 1970 2 is_stmt 0 view .LVU665
 2298 0068 2846     		mov	r0, r5
 2299 006a F8BD     		pop	{r3, r4, r5, r6, r7, pc}
 2300              	.LVL173:
 2301              	.L182:
1911:Middlewares/Third_Party/FreeRTOS/Source/tasks.c **** 
 2302              		.loc 1 1911 3 is_stmt 1 discriminator 1 view .LVU666
 2303              	.LBB151:
 2304              	.LBI151:
 191:Middlewares/Third_Party/FreeRTOS/Source/portable/GCC/ARM_CM4F/portmacro.h **** {
 2305              		.loc 2 191 30 view .LVU667
 2306              	.LBB152:
 193:Middlewares/Third_Party/FreeRTOS/Source/portable/GCC/ARM_CM4F/portmacro.h **** 
 2307              		.loc 2 193 1 view .LVU668
 195:Middlewares/Third_Party/FreeRTOS/Source/portable/GCC/ARM_CM4F/portmacro.h **** 	(
 2308              		.loc 2 195 2 view .LVU669
 2309              		.syntax unified
 2310              	@ 195 "Middlewares/Third_Party/FreeRTOS/Source/portable/GCC/ARM_CM4F/portmacro.h" 1
 2311 006c 4FF05003 			mov r3, #80												
 2312 0070 83F31188 		msr basepri, r3											
 2313 0074 BFF36F8F 		isb														
 2314 0078 BFF34F8F 		dsb														
 2315              	
 2316              	@ 0 "" 2
 2317              		.thumb
ARM GAS  /tmp/ccbSDz7D.s 			page 148


 2318              		.syntax unified
 2319              	.L175:
 2320              	.LBE152:
 2321              	.LBE151:
1911:Middlewares/Third_Party/FreeRTOS/Source/tasks.c **** 
 2322              		.loc 1 1911 3 view .LVU670
1911:Middlewares/Third_Party/FreeRTOS/Source/tasks.c **** 
 2323              		.loc 1 1911 3 view .LVU671
 2324 007c FEE7     		b	.L175
 2325              	.LVL174:
 2326              	.L180:
1944:Middlewares/Third_Party/FreeRTOS/Source/tasks.c **** 					}
 2327              		.loc 1 1944 22 is_stmt 0 view .LVU672
 2328 007e 0125     		movs	r5, #1
 2329 0080 DDE7     		b	.L178
 2330              	.L177:
1959:Middlewares/Third_Party/FreeRTOS/Source/tasks.c **** 				}
 2331              		.loc 1 1959 6 is_stmt 1 view .LVU673
 2332 0082 06F11801 		add	r1, r6, #24
 2333 0086 0648     		ldr	r0, .L183+16
 2334 0088 FFF7FEFF 		bl	vListInsertEnd
 2335              	.LVL175:
1907:Middlewares/Third_Party/FreeRTOS/Source/tasks.c **** 	TCB_t * const pxTCB = xTaskToResume;
 2336              		.loc 1 1907 13 is_stmt 0 view .LVU674
 2337 008c 0025     		movs	r5, #0
 2338 008e E9E7     		b	.L176
 2339              	.L184:
 2340              		.align	2
 2341              	.L183:
 2342 0090 00000000 		.word	uxSchedulerSuspended
 2343 0094 00000000 		.word	pxCurrentTCB
 2344 0098 00000000 		.word	uxTopReadyPriority
 2345 009c 00000000 		.word	pxReadyTasksLists
 2346 00a0 00000000 		.word	xPendingReadyList
 2347              		.cfi_endproc
 2348              	.LFE18:
 2350              		.section	.rodata.vTaskStartScheduler.str1.4,"aMS",%progbits,1
 2351              		.align	2
 2352              	.LC0:
 2353 0000 49444C45 		.ascii	"IDLE\000"
 2353      00
 2354              		.section	.text.vTaskStartScheduler,"ax",%progbits
 2355              		.align	1
 2356              		.global	vTaskStartScheduler
 2357              		.syntax unified
 2358              		.thumb
 2359              		.thumb_func
 2361              	vTaskStartScheduler:
 2362              	.LFB19:
1976:Middlewares/Third_Party/FreeRTOS/Source/tasks.c **** BaseType_t xReturn;
 2363              		.loc 1 1976 1 is_stmt 1 view -0
 2364              		.cfi_startproc
 2365              		@ args = 0, pretend = 0, frame = 16
 2366              		@ frame_needed = 0, uses_anonymous_args = 0
 2367 0000 10B5     		push	{r4, lr}
 2368              	.LCFI21:
 2369              		.cfi_def_cfa_offset 8
ARM GAS  /tmp/ccbSDz7D.s 			page 149


 2370              		.cfi_offset 4, -8
 2371              		.cfi_offset 14, -4
 2372 0002 88B0     		sub	sp, sp, #32
 2373              	.LCFI22:
 2374              		.cfi_def_cfa_offset 40
1977:Middlewares/Third_Party/FreeRTOS/Source/tasks.c **** 
 2375              		.loc 1 1977 1 view .LVU676
 2376              	.LBB153:
1982:Middlewares/Third_Party/FreeRTOS/Source/tasks.c **** 		StackType_t *pxIdleTaskStackBuffer = NULL;
 2377              		.loc 1 1982 3 view .LVU677
1982:Middlewares/Third_Party/FreeRTOS/Source/tasks.c **** 		StackType_t *pxIdleTaskStackBuffer = NULL;
 2378              		.loc 1 1982 17 is_stmt 0 view .LVU678
 2379 0004 0024     		movs	r4, #0
 2380 0006 0594     		str	r4, [sp, #20]
1983:Middlewares/Third_Party/FreeRTOS/Source/tasks.c **** 		uint32_t ulIdleTaskStackSize;
 2381              		.loc 1 1983 3 is_stmt 1 view .LVU679
1983:Middlewares/Third_Party/FreeRTOS/Source/tasks.c **** 		uint32_t ulIdleTaskStackSize;
 2382              		.loc 1 1983 16 is_stmt 0 view .LVU680
 2383 0008 0694     		str	r4, [sp, #24]
1984:Middlewares/Third_Party/FreeRTOS/Source/tasks.c **** 
 2384              		.loc 1 1984 3 is_stmt 1 view .LVU681
1988:Middlewares/Third_Party/FreeRTOS/Source/tasks.c **** 		xIdleTaskHandle = xTaskCreateStatic(	prvIdleTask,
 2385              		.loc 1 1988 3 view .LVU682
 2386 000a 07AA     		add	r2, sp, #28
 2387 000c 06A9     		add	r1, sp, #24
 2388 000e 05A8     		add	r0, sp, #20
 2389 0010 FFF7FEFF 		bl	vApplicationGetIdleTaskMemory
 2390              	.LVL176:
1989:Middlewares/Third_Party/FreeRTOS/Source/tasks.c **** 												configIDLE_TASK_NAME,
 2391              		.loc 1 1989 3 view .LVU683
1989:Middlewares/Third_Party/FreeRTOS/Source/tasks.c **** 												configIDLE_TASK_NAME,
 2392              		.loc 1 1989 21 is_stmt 0 view .LVU684
 2393 0014 059B     		ldr	r3, [sp, #20]
 2394 0016 0293     		str	r3, [sp, #8]
 2395 0018 069B     		ldr	r3, [sp, #24]
 2396 001a 0193     		str	r3, [sp, #4]
 2397 001c 0094     		str	r4, [sp]
 2398 001e 2346     		mov	r3, r4
 2399 0020 079A     		ldr	r2, [sp, #28]
 2400 0022 1749     		ldr	r1, .L193
 2401 0024 1748     		ldr	r0, .L193+4
 2402 0026 FFF7FEFF 		bl	xTaskCreateStatic
 2403              	.LVL177:
1989:Middlewares/Third_Party/FreeRTOS/Source/tasks.c **** 												configIDLE_TASK_NAME,
 2404              		.loc 1 1989 19 discriminator 1 view .LVU685
 2405 002a 174B     		ldr	r3, .L193+8
 2406 002c 1860     		str	r0, [r3]
1997:Middlewares/Third_Party/FreeRTOS/Source/tasks.c **** 		{
 2407              		.loc 1 1997 3 is_stmt 1 view .LVU686
1997:Middlewares/Third_Party/FreeRTOS/Source/tasks.c **** 		{
 2408              		.loc 1 1997 5 is_stmt 0 view .LVU687
 2409 002e C0B1     		cbz	r0, .L186
 2410              	.LVL178:
1997:Middlewares/Third_Party/FreeRTOS/Source/tasks.c **** 		{
 2411              		.loc 1 1997 5 view .LVU688
 2412              	.LBE153:
2020:Middlewares/Third_Party/FreeRTOS/Source/tasks.c **** 		{
ARM GAS  /tmp/ccbSDz7D.s 			page 150


 2413              		.loc 1 2020 3 is_stmt 1 view .LVU689
2022:Middlewares/Third_Party/FreeRTOS/Source/tasks.c **** 		}
 2414              		.loc 1 2022 4 view .LVU690
2022:Middlewares/Third_Party/FreeRTOS/Source/tasks.c **** 		}
 2415              		.loc 1 2022 14 is_stmt 0 view .LVU691
 2416 0030 FFF7FEFF 		bl	xTimerCreateTimerTask
 2417              	.LVL179:
2026:Middlewares/Third_Party/FreeRTOS/Source/tasks.c **** 		}
 2418              		.loc 1 2026 28 is_stmt 1 view .LVU692
2031:Middlewares/Third_Party/FreeRTOS/Source/tasks.c **** 	{
 2419              		.loc 1 2031 2 view .LVU693
2031:Middlewares/Third_Party/FreeRTOS/Source/tasks.c **** 	{
 2420              		.loc 1 2031 4 is_stmt 0 view .LVU694
 2421 0034 0128     		cmp	r0, #1
 2422 0036 15D1     		bne	.L188
2047:Middlewares/Third_Party/FreeRTOS/Source/tasks.c **** 
 2423              		.loc 1 2047 3 is_stmt 1 view .LVU695
 2424              	.LBB154:
 2425              	.LBI154:
 191:Middlewares/Third_Party/FreeRTOS/Source/portable/GCC/ARM_CM4F/portmacro.h **** {
 2426              		.loc 2 191 30 view .LVU696
 2427              	.LBB155:
 193:Middlewares/Third_Party/FreeRTOS/Source/portable/GCC/ARM_CM4F/portmacro.h **** 
 2428              		.loc 2 193 1 view .LVU697
 195:Middlewares/Third_Party/FreeRTOS/Source/portable/GCC/ARM_CM4F/portmacro.h **** 	(
 2429              		.loc 2 195 2 view .LVU698
 2430              		.syntax unified
 2431              	@ 195 "Middlewares/Third_Party/FreeRTOS/Source/portable/GCC/ARM_CM4F/portmacro.h" 1
 2432 0038 4FF05003 			mov r3, #80												
 2433 003c 83F31188 		msr basepri, r3											
 2434 0040 BFF36F8F 		isb														
 2435 0044 BFF34F8F 		dsb														
 2436              	
 2437              	@ 0 "" 2
 2438              		.thumb
 2439              		.syntax unified
 2440              	.LBE155:
 2441              	.LBE154:
2059:Middlewares/Third_Party/FreeRTOS/Source/tasks.c **** 		xSchedulerRunning = pdTRUE;
 2442              		.loc 1 2059 3 view .LVU699
2059:Middlewares/Third_Party/FreeRTOS/Source/tasks.c **** 		xSchedulerRunning = pdTRUE;
 2443              		.loc 1 2059 24 is_stmt 0 view .LVU700
 2444 0048 104B     		ldr	r3, .L193+12
 2445 004a 4FF0FF32 		mov	r2, #-1
 2446 004e 1A60     		str	r2, [r3]
2060:Middlewares/Third_Party/FreeRTOS/Source/tasks.c **** 		xTickCount = ( TickType_t ) configINITIAL_TICK_COUNT;
 2447              		.loc 1 2060 3 is_stmt 1 view .LVU701
2060:Middlewares/Third_Party/FreeRTOS/Source/tasks.c **** 		xTickCount = ( TickType_t ) configINITIAL_TICK_COUNT;
 2448              		.loc 1 2060 21 is_stmt 0 view .LVU702
 2449 0050 0F4B     		ldr	r3, .L193+16
 2450 0052 0122     		movs	r2, #1
 2451 0054 1A60     		str	r2, [r3]
2061:Middlewares/Third_Party/FreeRTOS/Source/tasks.c **** 
 2452              		.loc 1 2061 3 is_stmt 1 view .LVU703
2061:Middlewares/Third_Party/FreeRTOS/Source/tasks.c **** 
 2453              		.loc 1 2061 14 is_stmt 0 view .LVU704
 2454 0056 0F4B     		ldr	r3, .L193+20
ARM GAS  /tmp/ccbSDz7D.s 			page 151


 2455 0058 0022     		movs	r2, #0
 2456 005a 1A60     		str	r2, [r3]
2069:Middlewares/Third_Party/FreeRTOS/Source/tasks.c **** 
 2457              		.loc 1 2069 43 is_stmt 1 view .LVU705
2071:Middlewares/Third_Party/FreeRTOS/Source/tasks.c **** 
 2458              		.loc 1 2071 26 view .LVU706
2075:Middlewares/Third_Party/FreeRTOS/Source/tasks.c **** 		{
 2459              		.loc 1 2075 3 view .LVU707
2075:Middlewares/Third_Party/FreeRTOS/Source/tasks.c **** 		{
 2460              		.loc 1 2075 7 is_stmt 0 view .LVU708
 2461 005c FFF7FEFF 		bl	xPortStartScheduler
 2462              	.LVL180:
2079:Middlewares/Third_Party/FreeRTOS/Source/tasks.c **** 		else
 2463              		.loc 1 2079 3 is_stmt 1 view .LVU709
2083:Middlewares/Third_Party/FreeRTOS/Source/tasks.c **** 	}
 2464              		.loc 1 2083 3 view .LVU710
 2465 0060 03E0     		b	.L185
 2466              	.LVL181:
 2467              	.L186:
 2468              	.LBB156:
2003:Middlewares/Third_Party/FreeRTOS/Source/tasks.c **** 		}
 2469              		.loc 1 2003 4 view .LVU711
2003:Middlewares/Third_Party/FreeRTOS/Source/tasks.c **** 		}
 2470              		.loc 1 2003 4 is_stmt 0 view .LVU712
 2471              	.LBE156:
2020:Middlewares/Third_Party/FreeRTOS/Source/tasks.c **** 		{
 2472              		.loc 1 2020 3 is_stmt 1 view .LVU713
2026:Middlewares/Third_Party/FreeRTOS/Source/tasks.c **** 		}
 2473              		.loc 1 2026 28 view .LVU714
2031:Middlewares/Third_Party/FreeRTOS/Source/tasks.c **** 	{
 2474              		.loc 1 2031 2 view .LVU715
 2475              	.LBB157:
2003:Middlewares/Third_Party/FreeRTOS/Source/tasks.c **** 		}
 2476              		.loc 1 2003 12 is_stmt 0 view .LVU716
 2477 0062 0020     		movs	r0, #0
 2478              	.LVL182:
 2479              	.L188:
2003:Middlewares/Third_Party/FreeRTOS/Source/tasks.c **** 		}
 2480              		.loc 1 2003 12 view .LVU717
 2481              	.LBE157:
2090:Middlewares/Third_Party/FreeRTOS/Source/tasks.c **** 	}
 2482              		.loc 1 2090 3 is_stmt 1 view .LVU718
 2483 0064 B0F1FF3F 		cmp	r0, #-1
 2484 0068 01D0     		beq	.L192
 2485              	.L185:
2096:Middlewares/Third_Party/FreeRTOS/Source/tasks.c **** /*-----------------------------------------------------------*/
 2486              		.loc 1 2096 1 is_stmt 0 view .LVU719
 2487 006a 08B0     		add	sp, sp, #32
 2488              	.LCFI23:
 2489              		.cfi_remember_state
 2490              		.cfi_def_cfa_offset 8
 2491              		@ sp needed
 2492 006c 10BD     		pop	{r4, pc}
 2493              	.L192:
 2494              	.LCFI24:
 2495              		.cfi_restore_state
2090:Middlewares/Third_Party/FreeRTOS/Source/tasks.c **** 	}
ARM GAS  /tmp/ccbSDz7D.s 			page 152


 2496              		.loc 1 2090 3 is_stmt 1 discriminator 1 view .LVU720
 2497              	.LBB158:
 2498              	.LBI158:
 191:Middlewares/Third_Party/FreeRTOS/Source/portable/GCC/ARM_CM4F/portmacro.h **** {
 2499              		.loc 2 191 30 view .LVU721
 2500              	.LBB159:
 193:Middlewares/Third_Party/FreeRTOS/Source/portable/GCC/ARM_CM4F/portmacro.h **** 
 2501              		.loc 2 193 1 view .LVU722
 195:Middlewares/Third_Party/FreeRTOS/Source/portable/GCC/ARM_CM4F/portmacro.h **** 	(
 2502              		.loc 2 195 2 view .LVU723
 2503              		.syntax unified
 2504              	@ 195 "Middlewares/Third_Party/FreeRTOS/Source/portable/GCC/ARM_CM4F/portmacro.h" 1
 2505 006e 4FF05003 			mov r3, #80												
 2506 0072 83F31188 		msr basepri, r3											
 2507 0076 BFF36F8F 		isb														
 2508 007a BFF34F8F 		dsb														
 2509              	
 2510              	@ 0 "" 2
 2511              		.thumb
 2512              		.syntax unified
 2513              	.L190:
 2514              	.LBE159:
 2515              	.LBE158:
2090:Middlewares/Third_Party/FreeRTOS/Source/tasks.c **** 	}
 2516              		.loc 1 2090 3 view .LVU724
2090:Middlewares/Third_Party/FreeRTOS/Source/tasks.c **** 	}
 2517              		.loc 1 2090 3 view .LVU725
 2518 007e FEE7     		b	.L190
 2519              	.L194:
 2520              		.align	2
 2521              	.L193:
 2522 0080 00000000 		.word	.LC0
 2523 0084 00000000 		.word	prvIdleTask
 2524 0088 00000000 		.word	xIdleTaskHandle
 2525 008c 00000000 		.word	xNextTaskUnblockTime
 2526 0090 00000000 		.word	xSchedulerRunning
 2527 0094 00000000 		.word	xTickCount
 2528              		.cfi_endproc
 2529              	.LFE19:
 2531              		.section	.text.vTaskEndScheduler,"ax",%progbits
 2532              		.align	1
 2533              		.global	vTaskEndScheduler
 2534              		.syntax unified
 2535              		.thumb
 2536              		.thumb_func
 2538              	vTaskEndScheduler:
 2539              	.LFB20:
2100:Middlewares/Third_Party/FreeRTOS/Source/tasks.c **** 	/* Stop the scheduler interrupts and call the portable scheduler end
 2540              		.loc 1 2100 1 view -0
 2541              		.cfi_startproc
 2542              		@ args = 0, pretend = 0, frame = 0
 2543              		@ frame_needed = 0, uses_anonymous_args = 0
 2544 0000 08B5     		push	{r3, lr}
 2545              	.LCFI25:
 2546              		.cfi_def_cfa_offset 8
 2547              		.cfi_offset 3, -8
 2548              		.cfi_offset 14, -4
ARM GAS  /tmp/ccbSDz7D.s 			page 153


2104:Middlewares/Third_Party/FreeRTOS/Source/tasks.c **** 	xSchedulerRunning = pdFALSE;
 2549              		.loc 1 2104 2 view .LVU727
 2550              	.LBB160:
 2551              	.LBI160:
 191:Middlewares/Third_Party/FreeRTOS/Source/portable/GCC/ARM_CM4F/portmacro.h **** {
 2552              		.loc 2 191 30 view .LVU728
 2553              	.LBB161:
 193:Middlewares/Third_Party/FreeRTOS/Source/portable/GCC/ARM_CM4F/portmacro.h **** 
 2554              		.loc 2 193 1 view .LVU729
 195:Middlewares/Third_Party/FreeRTOS/Source/portable/GCC/ARM_CM4F/portmacro.h **** 	(
 2555              		.loc 2 195 2 view .LVU730
 2556              		.syntax unified
 2557              	@ 195 "Middlewares/Third_Party/FreeRTOS/Source/portable/GCC/ARM_CM4F/portmacro.h" 1
 2558 0002 4FF05003 			mov r3, #80												
 2559 0006 83F31188 		msr basepri, r3											
 2560 000a BFF36F8F 		isb														
 2561 000e BFF34F8F 		dsb														
 2562              	
 2563              	@ 0 "" 2
 2564              		.thumb
 2565              		.syntax unified
 2566              	.LBE161:
 2567              	.LBE160:
2105:Middlewares/Third_Party/FreeRTOS/Source/tasks.c **** 	vPortEndScheduler();
 2568              		.loc 1 2105 2 view .LVU731
2105:Middlewares/Third_Party/FreeRTOS/Source/tasks.c **** 	vPortEndScheduler();
 2569              		.loc 1 2105 20 is_stmt 0 view .LVU732
 2570 0012 034B     		ldr	r3, .L197
 2571 0014 0022     		movs	r2, #0
 2572 0016 1A60     		str	r2, [r3]
2106:Middlewares/Third_Party/FreeRTOS/Source/tasks.c **** }
 2573              		.loc 1 2106 2 is_stmt 1 view .LVU733
 2574 0018 FFF7FEFF 		bl	vPortEndScheduler
 2575              	.LVL183:
2107:Middlewares/Third_Party/FreeRTOS/Source/tasks.c **** /*----------------------------------------------------------*/
 2576              		.loc 1 2107 1 is_stmt 0 view .LVU734
 2577 001c 08BD     		pop	{r3, pc}
 2578              	.L198:
 2579 001e 00BF     		.align	2
 2580              	.L197:
 2581 0020 00000000 		.word	xSchedulerRunning
 2582              		.cfi_endproc
 2583              	.LFE20:
 2585              		.section	.text.vTaskSuspendAll,"ax",%progbits
 2586              		.align	1
 2587              		.global	vTaskSuspendAll
 2588              		.syntax unified
 2589              		.thumb
 2590              		.thumb_func
 2592              	vTaskSuspendAll:
 2593              	.LFB21:
2111:Middlewares/Third_Party/FreeRTOS/Source/tasks.c **** 	/* A critical section is not required as the variable is of type
 2594              		.loc 1 2111 1 is_stmt 1 view -0
 2595              		.cfi_startproc
 2596              		@ args = 0, pretend = 0, frame = 0
 2597              		@ frame_needed = 0, uses_anonymous_args = 0
 2598              		@ link register save eliminated.
ARM GAS  /tmp/ccbSDz7D.s 			page 154


2119:Middlewares/Third_Party/FreeRTOS/Source/tasks.c **** 
 2599              		.loc 1 2119 24 view .LVU736
2123:Middlewares/Third_Party/FreeRTOS/Source/tasks.c **** 
 2600              		.loc 1 2123 2 view .LVU737
 2601 0000 024A     		ldr	r2, .L200
 2602 0002 1368     		ldr	r3, [r2]
 2603 0004 0133     		adds	r3, r3, #1
 2604 0006 1360     		str	r3, [r2]
2127:Middlewares/Third_Party/FreeRTOS/Source/tasks.c **** }
 2605              		.loc 1 2127 2 view .LVU738
2128:Middlewares/Third_Party/FreeRTOS/Source/tasks.c **** /*----------------------------------------------------------*/
 2606              		.loc 1 2128 1 is_stmt 0 view .LVU739
 2607 0008 7047     		bx	lr
 2608              	.L201:
 2609 000a 00BF     		.align	2
 2610              	.L200:
 2611 000c 00000000 		.word	uxSchedulerSuspended
 2612              		.cfi_endproc
 2613              	.LFE21:
 2615              		.section	.text.xTaskGetTickCount,"ax",%progbits
 2616              		.align	1
 2617              		.global	xTaskGetTickCount
 2618              		.syntax unified
 2619              		.thumb
 2620              		.thumb_func
 2622              	xTaskGetTickCount:
 2623              	.LFB23:
2305:Middlewares/Third_Party/FreeRTOS/Source/tasks.c **** TickType_t xTicks;
 2624              		.loc 1 2305 1 is_stmt 1 view -0
 2625              		.cfi_startproc
 2626              		@ args = 0, pretend = 0, frame = 0
 2627              		@ frame_needed = 0, uses_anonymous_args = 0
 2628              		@ link register save eliminated.
2306:Middlewares/Third_Party/FreeRTOS/Source/tasks.c **** 
 2629              		.loc 1 2306 1 view .LVU741
2309:Middlewares/Third_Party/FreeRTOS/Source/tasks.c **** 	{
 2630              		.loc 1 2309 32 view .LVU742
2311:Middlewares/Third_Party/FreeRTOS/Source/tasks.c **** 	}
 2631              		.loc 1 2311 3 view .LVU743
2311:Middlewares/Third_Party/FreeRTOS/Source/tasks.c **** 	}
 2632              		.loc 1 2311 10 is_stmt 0 view .LVU744
 2633 0000 014B     		ldr	r3, .L203
 2634 0002 1868     		ldr	r0, [r3]
 2635              	.LVL184:
2313:Middlewares/Third_Party/FreeRTOS/Source/tasks.c **** 
 2636              		.loc 1 2313 31 is_stmt 1 view .LVU745
2315:Middlewares/Third_Party/FreeRTOS/Source/tasks.c **** }
 2637              		.loc 1 2315 2 view .LVU746
2316:Middlewares/Third_Party/FreeRTOS/Source/tasks.c **** /*-----------------------------------------------------------*/
 2638              		.loc 1 2316 1 is_stmt 0 view .LVU747
 2639 0004 7047     		bx	lr
 2640              	.L204:
 2641 0006 00BF     		.align	2
 2642              	.L203:
 2643 0008 00000000 		.word	xTickCount
 2644              		.cfi_endproc
 2645              	.LFE23:
ARM GAS  /tmp/ccbSDz7D.s 			page 155


 2647              		.section	.text.xTaskGetTickCountFromISR,"ax",%progbits
 2648              		.align	1
 2649              		.global	xTaskGetTickCountFromISR
 2650              		.syntax unified
 2651              		.thumb
 2652              		.thumb_func
 2654              	xTaskGetTickCountFromISR:
 2655              	.LFB24:
2320:Middlewares/Third_Party/FreeRTOS/Source/tasks.c **** TickType_t xReturn;
 2656              		.loc 1 2320 1 is_stmt 1 view -0
 2657              		.cfi_startproc
 2658              		@ args = 0, pretend = 0, frame = 0
 2659              		@ frame_needed = 0, uses_anonymous_args = 0
 2660 0000 08B5     		push	{r3, lr}
 2661              	.LCFI26:
 2662              		.cfi_def_cfa_offset 8
 2663              		.cfi_offset 3, -8
 2664              		.cfi_offset 14, -4
2321:Middlewares/Third_Party/FreeRTOS/Source/tasks.c **** UBaseType_t uxSavedInterruptStatus;
 2665              		.loc 1 2321 1 view .LVU749
2322:Middlewares/Third_Party/FreeRTOS/Source/tasks.c **** 
 2666              		.loc 1 2322 1 view .LVU750
2338:Middlewares/Third_Party/FreeRTOS/Source/tasks.c **** 
 2667              		.loc 1 2338 2 view .LVU751
 2668 0002 FFF7FEFF 		bl	vPortValidateInterruptPriority
 2669              	.LVL185:
2340:Middlewares/Third_Party/FreeRTOS/Source/tasks.c **** 	{
 2670              		.loc 1 2340 2 view .LVU752
2342:Middlewares/Third_Party/FreeRTOS/Source/tasks.c **** 	}
 2671              		.loc 1 2342 3 view .LVU753
2342:Middlewares/Third_Party/FreeRTOS/Source/tasks.c **** 	}
 2672              		.loc 1 2342 11 is_stmt 0 view .LVU754
 2673 0006 014B     		ldr	r3, .L207
 2674 0008 1868     		ldr	r0, [r3]
 2675              	.LVL186:
2344:Middlewares/Third_Party/FreeRTOS/Source/tasks.c **** 
 2676              		.loc 1 2344 2 is_stmt 1 view .LVU755
2346:Middlewares/Third_Party/FreeRTOS/Source/tasks.c **** }
 2677              		.loc 1 2346 2 view .LVU756
2347:Middlewares/Third_Party/FreeRTOS/Source/tasks.c **** /*-----------------------------------------------------------*/
 2678              		.loc 1 2347 1 is_stmt 0 view .LVU757
 2679 000a 08BD     		pop	{r3, pc}
 2680              	.L208:
 2681              		.align	2
 2682              	.L207:
 2683 000c 00000000 		.word	xTickCount
 2684              		.cfi_endproc
 2685              	.LFE24:
 2687              		.section	.text.uxTaskGetNumberOfTasks,"ax",%progbits
 2688              		.align	1
 2689              		.global	uxTaskGetNumberOfTasks
 2690              		.syntax unified
 2691              		.thumb
 2692              		.thumb_func
 2694              	uxTaskGetNumberOfTasks:
 2695              	.LFB25:
2351:Middlewares/Third_Party/FreeRTOS/Source/tasks.c **** 	/* A critical section is not required because the variables are of type
ARM GAS  /tmp/ccbSDz7D.s 			page 156


 2696              		.loc 1 2351 1 is_stmt 1 view -0
 2697              		.cfi_startproc
 2698              		@ args = 0, pretend = 0, frame = 0
 2699              		@ frame_needed = 0, uses_anonymous_args = 0
 2700              		@ link register save eliminated.
2354:Middlewares/Third_Party/FreeRTOS/Source/tasks.c **** }
 2701              		.loc 1 2354 2 view .LVU759
2354:Middlewares/Third_Party/FreeRTOS/Source/tasks.c **** }
 2702              		.loc 1 2354 9 is_stmt 0 view .LVU760
 2703 0000 014B     		ldr	r3, .L210
 2704 0002 1868     		ldr	r0, [r3]
2355:Middlewares/Third_Party/FreeRTOS/Source/tasks.c **** /*-----------------------------------------------------------*/
 2705              		.loc 1 2355 1 view .LVU761
 2706 0004 7047     		bx	lr
 2707              	.L211:
 2708 0006 00BF     		.align	2
 2709              	.L210:
 2710 0008 00000000 		.word	uxCurrentNumberOfTasks
 2711              		.cfi_endproc
 2712              	.LFE25:
 2714              		.section	.text.pcTaskGetName,"ax",%progbits
 2715              		.align	1
 2716              		.global	pcTaskGetName
 2717              		.syntax unified
 2718              		.thumb
 2719              		.thumb_func
 2721              	pcTaskGetName:
 2722              	.LVL187:
 2723              	.LFB26:
2359:Middlewares/Third_Party/FreeRTOS/Source/tasks.c **** TCB_t *pxTCB;
 2724              		.loc 1 2359 1 is_stmt 1 view -0
 2725              		.cfi_startproc
 2726              		@ args = 0, pretend = 0, frame = 0
 2727              		@ frame_needed = 0, uses_anonymous_args = 0
 2728              		@ link register save eliminated.
2360:Middlewares/Third_Party/FreeRTOS/Source/tasks.c **** 
 2729              		.loc 1 2360 1 view .LVU763
2364:Middlewares/Third_Party/FreeRTOS/Source/tasks.c **** 	configASSERT( pxTCB );
 2730              		.loc 1 2364 2 view .LVU764
2364:Middlewares/Third_Party/FreeRTOS/Source/tasks.c **** 	configASSERT( pxTCB );
 2731              		.loc 1 2364 10 is_stmt 0 view .LVU765
 2732 0000 0346     		mov	r3, r0
 2733 0002 10B1     		cbz	r0, .L215
 2734              	.LVL188:
 2735              	.L213:
2365:Middlewares/Third_Party/FreeRTOS/Source/tasks.c **** 	return &( pxTCB->pcTaskName[ 0 ] );
 2736              		.loc 1 2365 23 is_stmt 1 view .LVU766
2366:Middlewares/Third_Party/FreeRTOS/Source/tasks.c **** }
 2737              		.loc 1 2366 2 view .LVU767
2367:Middlewares/Third_Party/FreeRTOS/Source/tasks.c **** /*-----------------------------------------------------------*/
 2738              		.loc 1 2367 1 is_stmt 0 view .LVU768
 2739 0004 03F13400 		add	r0, r3, #52
 2740 0008 7047     		bx	lr
 2741              	.LVL189:
 2742              	.L215:
2364:Middlewares/Third_Party/FreeRTOS/Source/tasks.c **** 	configASSERT( pxTCB );
 2743              		.loc 1 2364 10 discriminator 1 view .LVU769
ARM GAS  /tmp/ccbSDz7D.s 			page 157


 2744 000a 064B     		ldr	r3, .L216
 2745 000c 1B68     		ldr	r3, [r3]
 2746              	.LVL190:
2365:Middlewares/Third_Party/FreeRTOS/Source/tasks.c **** 	return &( pxTCB->pcTaskName[ 0 ] );
 2747              		.loc 1 2365 2 is_stmt 1 view .LVU770
 2748 000e 002B     		cmp	r3, #0
 2749 0010 F8D1     		bne	.L213
2365:Middlewares/Third_Party/FreeRTOS/Source/tasks.c **** 	return &( pxTCB->pcTaskName[ 0 ] );
 2750              		.loc 1 2365 2 discriminator 1 view .LVU771
 2751              	.LBB162:
 2752              	.LBI162:
 191:Middlewares/Third_Party/FreeRTOS/Source/portable/GCC/ARM_CM4F/portmacro.h **** {
 2753              		.loc 2 191 30 view .LVU772
 2754              	.LBB163:
 193:Middlewares/Third_Party/FreeRTOS/Source/portable/GCC/ARM_CM4F/portmacro.h **** 
 2755              		.loc 2 193 1 view .LVU773
 195:Middlewares/Third_Party/FreeRTOS/Source/portable/GCC/ARM_CM4F/portmacro.h **** 	(
 2756              		.loc 2 195 2 view .LVU774
 2757              		.syntax unified
 2758              	@ 195 "Middlewares/Third_Party/FreeRTOS/Source/portable/GCC/ARM_CM4F/portmacro.h" 1
 2759 0012 4FF05003 			mov r3, #80												
 2760 0016 83F31188 		msr basepri, r3											
 2761 001a BFF36F8F 		isb														
 2762 001e BFF34F8F 		dsb														
 2763              	
 2764              	@ 0 "" 2
 2765              	.LVL191:
 2766              		.thumb
 2767              		.syntax unified
 2768              	.L214:
 195:Middlewares/Third_Party/FreeRTOS/Source/portable/GCC/ARM_CM4F/portmacro.h **** 	(
 2769              		.loc 2 195 2 is_stmt 0 view .LVU775
 2770              	.LBE163:
 2771              	.LBE162:
2365:Middlewares/Third_Party/FreeRTOS/Source/tasks.c **** 	return &( pxTCB->pcTaskName[ 0 ] );
 2772              		.loc 1 2365 2 is_stmt 1 view .LVU776
2365:Middlewares/Third_Party/FreeRTOS/Source/tasks.c **** 	return &( pxTCB->pcTaskName[ 0 ] );
 2773              		.loc 1 2365 2 view .LVU777
 2774 0022 FEE7     		b	.L214
 2775              	.L217:
 2776              		.align	2
 2777              	.L216:
 2778 0024 00000000 		.word	pxCurrentTCB
 2779              		.cfi_endproc
 2780              	.LFE26:
 2782              		.section	.text.xTaskIncrementTick,"ax",%progbits
 2783              		.align	1
 2784              		.global	xTaskIncrementTick
 2785              		.syntax unified
 2786              		.thumb
 2787              		.thumb_func
 2789              	xTaskIncrementTick:
 2790              	.LFB29:
2708:Middlewares/Third_Party/FreeRTOS/Source/tasks.c **** TCB_t * pxTCB;
 2791              		.loc 1 2708 1 view -0
 2792              		.cfi_startproc
 2793              		@ args = 0, pretend = 0, frame = 0
ARM GAS  /tmp/ccbSDz7D.s 			page 158


 2794              		@ frame_needed = 0, uses_anonymous_args = 0
 2795 0000 F8B5     		push	{r3, r4, r5, r6, r7, lr}
 2796              	.LCFI27:
 2797              		.cfi_def_cfa_offset 24
 2798              		.cfi_offset 3, -24
 2799              		.cfi_offset 4, -20
 2800              		.cfi_offset 5, -16
 2801              		.cfi_offset 6, -12
 2802              		.cfi_offset 7, -8
 2803              		.cfi_offset 14, -4
2709:Middlewares/Third_Party/FreeRTOS/Source/tasks.c **** TickType_t xItemValue;
 2804              		.loc 1 2709 1 view .LVU779
2710:Middlewares/Third_Party/FreeRTOS/Source/tasks.c **** BaseType_t xSwitchRequired = pdFALSE;
 2805              		.loc 1 2710 1 view .LVU780
2711:Middlewares/Third_Party/FreeRTOS/Source/tasks.c **** 
 2806              		.loc 1 2711 1 view .LVU781
 2807              	.LVL192:
2716:Middlewares/Third_Party/FreeRTOS/Source/tasks.c **** 	if( uxSchedulerSuspended == ( UBaseType_t ) pdFALSE )
 2808              		.loc 1 2716 40 view .LVU782
2717:Middlewares/Third_Party/FreeRTOS/Source/tasks.c **** 	{
 2809              		.loc 1 2717 2 view .LVU783
2717:Middlewares/Third_Party/FreeRTOS/Source/tasks.c **** 	{
 2810              		.loc 1 2717 27 is_stmt 0 view .LVU784
 2811 0002 3A4B     		ldr	r3, .L240
 2812 0004 1B68     		ldr	r3, [r3]
2717:Middlewares/Third_Party/FreeRTOS/Source/tasks.c **** 	{
 2813              		.loc 1 2717 4 view .LVU785
 2814 0006 002B     		cmp	r3, #0
 2815 0008 69D1     		bne	.L219
 2816              	.LBB164:
2721:Middlewares/Third_Party/FreeRTOS/Source/tasks.c **** 
 2817              		.loc 1 2721 3 is_stmt 1 view .LVU786
2721:Middlewares/Third_Party/FreeRTOS/Source/tasks.c **** 
 2818              		.loc 1 2721 49 is_stmt 0 view .LVU787
 2819 000a 394B     		ldr	r3, .L240+4
 2820 000c 1D68     		ldr	r5, [r3]
2721:Middlewares/Third_Party/FreeRTOS/Source/tasks.c **** 
 2821              		.loc 1 2721 20 view .LVU788
 2822 000e 0135     		adds	r5, r5, #1
 2823              	.LVL193:
2725:Middlewares/Third_Party/FreeRTOS/Source/tasks.c **** 
 2824              		.loc 1 2725 3 is_stmt 1 view .LVU789
2725:Middlewares/Third_Party/FreeRTOS/Source/tasks.c **** 
 2825              		.loc 1 2725 14 is_stmt 0 view .LVU790
 2826 0010 1D60     		str	r5, [r3]
2727:Middlewares/Third_Party/FreeRTOS/Source/tasks.c **** 		{
 2827              		.loc 1 2727 3 is_stmt 1 view .LVU791
2727:Middlewares/Third_Party/FreeRTOS/Source/tasks.c **** 		{
 2828              		.loc 1 2727 5 is_stmt 0 view .LVU792
 2829 0012 C5B9     		cbnz	r5, .L220
 2830              	.LBB165:
2729:Middlewares/Third_Party/FreeRTOS/Source/tasks.c **** 		}
 2831              		.loc 1 2729 4 is_stmt 1 view .LVU793
2729:Middlewares/Third_Party/FreeRTOS/Source/tasks.c **** 		}
 2832              		.loc 1 2729 4 view .LVU794
 2833 0014 374B     		ldr	r3, .L240+8
 2834 0016 1B68     		ldr	r3, [r3]
ARM GAS  /tmp/ccbSDz7D.s 			page 159


 2835 0018 1B68     		ldr	r3, [r3]
 2836 001a 43B1     		cbz	r3, .L221
2729:Middlewares/Third_Party/FreeRTOS/Source/tasks.c **** 		}
 2837              		.loc 1 2729 4 discriminator 1 view .LVU795
 2838              	.LBB166:
 2839              	.LBI166:
 191:Middlewares/Third_Party/FreeRTOS/Source/portable/GCC/ARM_CM4F/portmacro.h **** {
 2840              		.loc 2 191 30 view .LVU796
 2841              	.LBB167:
 193:Middlewares/Third_Party/FreeRTOS/Source/portable/GCC/ARM_CM4F/portmacro.h **** 
 2842              		.loc 2 193 1 view .LVU797
 195:Middlewares/Third_Party/FreeRTOS/Source/portable/GCC/ARM_CM4F/portmacro.h **** 	(
 2843              		.loc 2 195 2 view .LVU798
 2844              		.syntax unified
 2845              	@ 195 "Middlewares/Third_Party/FreeRTOS/Source/portable/GCC/ARM_CM4F/portmacro.h" 1
 2846 001c 4FF05003 			mov r3, #80												
 2847 0020 83F31188 		msr basepri, r3											
 2848 0024 BFF36F8F 		isb														
 2849 0028 BFF34F8F 		dsb														
 2850              	
 2851              	@ 0 "" 2
 2852              		.thumb
 2853              		.syntax unified
 2854              	.L222:
 2855              	.LBE167:
 2856              	.LBE166:
2729:Middlewares/Third_Party/FreeRTOS/Source/tasks.c **** 		}
 2857              		.loc 1 2729 4 view .LVU799
2729:Middlewares/Third_Party/FreeRTOS/Source/tasks.c **** 		}
 2858              		.loc 1 2729 4 view .LVU800
 2859 002c FEE7     		b	.L222
 2860              	.L221:
2729:Middlewares/Third_Party/FreeRTOS/Source/tasks.c **** 		}
 2861              		.loc 1 2729 4 discriminator 2 view .LVU801
2729:Middlewares/Third_Party/FreeRTOS/Source/tasks.c **** 		}
 2862              		.loc 1 2729 4 discriminator 2 view .LVU802
 2863 002e 314A     		ldr	r2, .L240+8
 2864 0030 1168     		ldr	r1, [r2]
 2865              	.LVL194:
2729:Middlewares/Third_Party/FreeRTOS/Source/tasks.c **** 		}
 2866              		.loc 1 2729 4 view .LVU803
2729:Middlewares/Third_Party/FreeRTOS/Source/tasks.c **** 		}
 2867              		.loc 1 2729 4 is_stmt 0 discriminator 2 view .LVU804
 2868 0032 314B     		ldr	r3, .L240+12
 2869 0034 1868     		ldr	r0, [r3]
 2870 0036 1060     		str	r0, [r2]
2729:Middlewares/Third_Party/FreeRTOS/Source/tasks.c **** 		}
 2871              		.loc 1 2729 4 is_stmt 1 view .LVU805
2729:Middlewares/Third_Party/FreeRTOS/Source/tasks.c **** 		}
 2872              		.loc 1 2729 4 is_stmt 0 discriminator 2 view .LVU806
 2873 0038 1960     		str	r1, [r3]
2729:Middlewares/Third_Party/FreeRTOS/Source/tasks.c **** 		}
 2874              		.loc 1 2729 4 is_stmt 1 view .LVU807
2729:Middlewares/Third_Party/FreeRTOS/Source/tasks.c **** 		}
 2875              		.loc 1 2729 4 is_stmt 0 discriminator 2 view .LVU808
 2876 003a 304A     		ldr	r2, .L240+16
 2877 003c 1368     		ldr	r3, [r2]
ARM GAS  /tmp/ccbSDz7D.s 			page 160


 2878 003e 0133     		adds	r3, r3, #1
 2879 0040 1360     		str	r3, [r2]
2729:Middlewares/Third_Party/FreeRTOS/Source/tasks.c **** 		}
 2880              		.loc 1 2729 4 is_stmt 1 view .LVU809
2729:Middlewares/Third_Party/FreeRTOS/Source/tasks.c **** 		}
 2881              		.loc 1 2729 4 is_stmt 0 discriminator 2 view .LVU810
 2882 0042 FFF7FEFF 		bl	prvResetNextTaskUnblockTime
 2883              	.LVL195:
2729:Middlewares/Third_Party/FreeRTOS/Source/tasks.c **** 		}
 2884              		.loc 1 2729 4 discriminator 2 view .LVU811
 2885              	.LBE165:
2729:Middlewares/Third_Party/FreeRTOS/Source/tasks.c **** 		}
 2886              		.loc 1 2729 30 is_stmt 1 discriminator 1 view .LVU812
 2887              	.L220:
2733:Middlewares/Third_Party/FreeRTOS/Source/tasks.c **** 		}
 2888              		.loc 1 2733 28 view .LVU813
2740:Middlewares/Third_Party/FreeRTOS/Source/tasks.c **** 		{
 2889              		.loc 1 2740 3 view .LVU814
2740:Middlewares/Third_Party/FreeRTOS/Source/tasks.c **** 		{
 2890              		.loc 1 2740 23 is_stmt 0 view .LVU815
 2891 0046 2E4B     		ldr	r3, .L240+20
 2892 0048 1B68     		ldr	r3, [r3]
2740:Middlewares/Third_Party/FreeRTOS/Source/tasks.c **** 		{
 2893              		.loc 1 2740 5 view .LVU816
 2894 004a AB42     		cmp	r3, r5
 2895 004c 3DD9     		bls	.L233
 2896              	.LBE164:
2711:Middlewares/Third_Party/FreeRTOS/Source/tasks.c **** 
 2897              		.loc 1 2711 12 view .LVU817
 2898 004e 0027     		movs	r7, #0
 2899              	.LVL196:
 2900              	.L224:
 2901              	.LBB168:
2823:Middlewares/Third_Party/FreeRTOS/Source/tasks.c **** 			{
 2902              		.loc 1 2823 4 is_stmt 1 view .LVU818
2823:Middlewares/Third_Party/FreeRTOS/Source/tasks.c **** 			{
 2903              		.loc 1 2823 8 is_stmt 0 view .LVU819
 2904 0050 2C4B     		ldr	r3, .L240+24
 2905 0052 1B68     		ldr	r3, [r3]
 2906 0054 DB6A     		ldr	r3, [r3, #44]
 2907 0056 03EB8303 		add	r3, r3, r3, lsl #2
 2908 005a 9A00     		lsls	r2, r3, #2
 2909 005c 2A4B     		ldr	r3, .L240+28
 2910 005e 9B58     		ldr	r3, [r3, r2]
2823:Middlewares/Third_Party/FreeRTOS/Source/tasks.c **** 			{
 2911              		.loc 1 2823 6 view .LVU820
 2912 0060 012B     		cmp	r3, #1
 2913 0062 00D9     		bls	.L231
2825:Middlewares/Third_Party/FreeRTOS/Source/tasks.c **** 			}
 2914              		.loc 1 2825 21 view .LVU821
 2915 0064 0127     		movs	r7, #1
 2916              	.LVL197:
 2917              	.L231:
2829:Middlewares/Third_Party/FreeRTOS/Source/tasks.c **** 			}
 2918              		.loc 1 2829 29 is_stmt 1 view .LVU822
2851:Middlewares/Third_Party/FreeRTOS/Source/tasks.c **** 			{
 2919              		.loc 1 2851 4 view .LVU823
ARM GAS  /tmp/ccbSDz7D.s 			page 161


2851:Middlewares/Third_Party/FreeRTOS/Source/tasks.c **** 			{
 2920              		.loc 1 2851 22 is_stmt 0 view .LVU824
 2921 0066 294B     		ldr	r3, .L240+32
 2922 0068 1B68     		ldr	r3, [r3]
2851:Middlewares/Third_Party/FreeRTOS/Source/tasks.c **** 			{
 2923              		.loc 1 2851 6 view .LVU825
 2924 006a 002B     		cmp	r3, #0
 2925 006c 3CD0     		beq	.L218
2853:Middlewares/Third_Party/FreeRTOS/Source/tasks.c **** 			}
 2926              		.loc 1 2853 21 view .LVU826
 2927 006e 0127     		movs	r7, #1
 2928              	.LVL198:
2853:Middlewares/Third_Party/FreeRTOS/Source/tasks.c **** 			}
 2929              		.loc 1 2853 21 view .LVU827
 2930              	.LBE168:
2875:Middlewares/Third_Party/FreeRTOS/Source/tasks.c **** }
 2931              		.loc 1 2875 2 is_stmt 1 view .LVU828
2875:Middlewares/Third_Party/FreeRTOS/Source/tasks.c **** }
 2932              		.loc 1 2875 9 is_stmt 0 view .LVU829
 2933 0070 3AE0     		b	.L218
 2934              	.LVL199:
 2935              	.L234:
 2936              	.LBB169:
2806:Middlewares/Third_Party/FreeRTOS/Source/tasks.c **** 						}
 2937              		.loc 1 2806 24 view .LVU830
 2938 0072 0127     		movs	r7, #1
 2939              	.LVL200:
 2940              	.L223:
2742:Middlewares/Third_Party/FreeRTOS/Source/tasks.c **** 			{
 2941              		.loc 1 2742 4 is_stmt 1 view .LVU831
2744:Middlewares/Third_Party/FreeRTOS/Source/tasks.c **** 				{
 2942              		.loc 1 2744 5 view .LVU832
2744:Middlewares/Third_Party/FreeRTOS/Source/tasks.c **** 				{
 2943              		.loc 1 2744 9 is_stmt 0 view .LVU833
 2944 0074 1F4B     		ldr	r3, .L240+8
 2945 0076 1B68     		ldr	r3, [r3]
 2946 0078 1B68     		ldr	r3, [r3]
2744:Middlewares/Third_Party/FreeRTOS/Source/tasks.c **** 				{
 2947              		.loc 1 2744 7 view .LVU834
 2948 007a 43B3     		cbz	r3, .L238
2760:Middlewares/Third_Party/FreeRTOS/Source/tasks.c **** 					xItemValue = listGET_LIST_ITEM_VALUE( &( pxTCB->xStateListItem ) );
 2949              		.loc 1 2760 6 is_stmt 1 view .LVU835
2760:Middlewares/Third_Party/FreeRTOS/Source/tasks.c **** 					xItemValue = listGET_LIST_ITEM_VALUE( &( pxTCB->xStateListItem ) );
 2950              		.loc 1 2760 14 is_stmt 0 view .LVU836
 2951 007c 1D4B     		ldr	r3, .L240+8
 2952 007e 1B68     		ldr	r3, [r3]
 2953 0080 DB68     		ldr	r3, [r3, #12]
2760:Middlewares/Third_Party/FreeRTOS/Source/tasks.c **** 					xItemValue = listGET_LIST_ITEM_VALUE( &( pxTCB->xStateListItem ) );
 2954              		.loc 1 2760 12 view .LVU837
 2955 0082 DC68     		ldr	r4, [r3, #12]
 2956              	.LVL201:
2761:Middlewares/Third_Party/FreeRTOS/Source/tasks.c **** 
 2957              		.loc 1 2761 6 is_stmt 1 view .LVU838
2761:Middlewares/Third_Party/FreeRTOS/Source/tasks.c **** 
 2958              		.loc 1 2761 17 is_stmt 0 view .LVU839
 2959 0084 6368     		ldr	r3, [r4, #4]
 2960              	.LVL202:
ARM GAS  /tmp/ccbSDz7D.s 			page 162


2763:Middlewares/Third_Party/FreeRTOS/Source/tasks.c **** 					{
 2961              		.loc 1 2763 6 is_stmt 1 view .LVU840
2763:Middlewares/Third_Party/FreeRTOS/Source/tasks.c **** 					{
 2962              		.loc 1 2763 8 is_stmt 0 view .LVU841
 2963 0086 9D42     		cmp	r5, r3
 2964 0088 26D3     		bcc	.L239
2775:Middlewares/Third_Party/FreeRTOS/Source/tasks.c **** 					}
 2965              		.loc 1 2775 31 is_stmt 1 view .LVU842
2779:Middlewares/Third_Party/FreeRTOS/Source/tasks.c **** 
 2966              		.loc 1 2779 6 view .LVU843
2779:Middlewares/Third_Party/FreeRTOS/Source/tasks.c **** 
 2967              		.loc 1 2779 29 is_stmt 0 view .LVU844
 2968 008a 261D     		adds	r6, r4, #4
2779:Middlewares/Third_Party/FreeRTOS/Source/tasks.c **** 
 2969              		.loc 1 2779 15 view .LVU845
 2970 008c 3046     		mov	r0, r6
 2971 008e FFF7FEFF 		bl	uxListRemove
 2972              	.LVL203:
2783:Middlewares/Third_Party/FreeRTOS/Source/tasks.c **** 					{
 2973              		.loc 1 2783 6 is_stmt 1 view .LVU846
2783:Middlewares/Third_Party/FreeRTOS/Source/tasks.c **** 					{
 2974              		.loc 1 2783 10 is_stmt 0 view .LVU847
 2975 0092 A36A     		ldr	r3, [r4, #40]
2783:Middlewares/Third_Party/FreeRTOS/Source/tasks.c **** 					{
 2976              		.loc 1 2783 8 view .LVU848
 2977 0094 1BB1     		cbz	r3, .L227
2785:Middlewares/Third_Party/FreeRTOS/Source/tasks.c **** 					}
 2978              		.loc 1 2785 7 is_stmt 1 view .LVU849
2785:Middlewares/Third_Party/FreeRTOS/Source/tasks.c **** 					}
 2979              		.loc 1 2785 16 is_stmt 0 view .LVU850
 2980 0096 04F11800 		add	r0, r4, #24
 2981 009a FFF7FEFF 		bl	uxListRemove
 2982              	.LVL204:
 2983              	.L227:
2789:Middlewares/Third_Party/FreeRTOS/Source/tasks.c **** 					}
 2984              		.loc 1 2789 31 is_stmt 1 view .LVU851
2794:Middlewares/Third_Party/FreeRTOS/Source/tasks.c **** 
 2985              		.loc 1 2794 6 view .LVU852
2794:Middlewares/Third_Party/FreeRTOS/Source/tasks.c **** 
 2986              		.loc 1 2794 6 view .LVU853
 2987 009e E36A     		ldr	r3, [r4, #44]
 2988 00a0 1B4A     		ldr	r2, .L240+36
 2989 00a2 1268     		ldr	r2, [r2]
 2990 00a4 9342     		cmp	r3, r2
 2991 00a6 01D9     		bls	.L228
2794:Middlewares/Third_Party/FreeRTOS/Source/tasks.c **** 
 2992              		.loc 1 2794 6 discriminator 1 view .LVU854
 2993 00a8 194A     		ldr	r2, .L240+36
 2994 00aa 1360     		str	r3, [r2]
 2995              	.L228:
2794:Middlewares/Third_Party/FreeRTOS/Source/tasks.c **** 
 2996              		.loc 1 2794 6 discriminator 3 view .LVU855
2794:Middlewares/Third_Party/FreeRTOS/Source/tasks.c **** 
 2997              		.loc 1 2794 6 discriminator 3 view .LVU856
 2998 00ac 03EB8303 		add	r3, r3, r3, lsl #2
 2999 00b0 9A00     		lsls	r2, r3, #2
 3000 00b2 3146     		mov	r1, r6
ARM GAS  /tmp/ccbSDz7D.s 			page 163


 3001 00b4 1448     		ldr	r0, .L240+28
 3002 00b6 1044     		add	r0, r0, r2
 3003 00b8 FFF7FEFF 		bl	vListInsertEnd
 3004              	.LVL205:
2794:Middlewares/Third_Party/FreeRTOS/Source/tasks.c **** 
 3005              		.loc 1 2794 36 discriminator 1 view .LVU857
2804:Middlewares/Third_Party/FreeRTOS/Source/tasks.c **** 						{
 3006              		.loc 1 2804 7 view .LVU858
2804:Middlewares/Third_Party/FreeRTOS/Source/tasks.c **** 						{
 3007              		.loc 1 2804 16 is_stmt 0 view .LVU859
 3008 00bc E26A     		ldr	r2, [r4, #44]
2804:Middlewares/Third_Party/FreeRTOS/Source/tasks.c **** 						{
 3009              		.loc 1 2804 44 view .LVU860
 3010 00be 114B     		ldr	r3, .L240+24
 3011 00c0 1B68     		ldr	r3, [r3]
 3012 00c2 DB6A     		ldr	r3, [r3, #44]
2804:Middlewares/Third_Party/FreeRTOS/Source/tasks.c **** 						{
 3013              		.loc 1 2804 9 view .LVU861
 3014 00c4 9A42     		cmp	r2, r3
 3015 00c6 D4D2     		bcs	.L234
 3016 00c8 D4E7     		b	.L223
 3017              	.LVL206:
 3018              	.L233:
2804:Middlewares/Third_Party/FreeRTOS/Source/tasks.c **** 						{
 3019              		.loc 1 2804 9 view .LVU862
 3020              	.LBE169:
2711:Middlewares/Third_Party/FreeRTOS/Source/tasks.c **** 
 3021              		.loc 1 2711 12 view .LVU863
 3022 00ca 0027     		movs	r7, #0
 3023 00cc D2E7     		b	.L223
 3024              	.LVL207:
 3025              	.L238:
 3026              	.LBB170:
2751:Middlewares/Third_Party/FreeRTOS/Source/tasks.c **** 					break;
 3027              		.loc 1 2751 6 is_stmt 1 view .LVU864
2751:Middlewares/Third_Party/FreeRTOS/Source/tasks.c **** 					break;
 3028              		.loc 1 2751 27 is_stmt 0 view .LVU865
 3029 00ce 0C4B     		ldr	r3, .L240+20
 3030 00d0 4FF0FF32 		mov	r2, #-1
 3031 00d4 1A60     		str	r2, [r3]
2752:Middlewares/Third_Party/FreeRTOS/Source/tasks.c **** 				}
 3032              		.loc 1 2752 6 is_stmt 1 view .LVU866
 3033 00d6 BBE7     		b	.L224
 3034              	.LVL208:
 3035              	.L239:
2770:Middlewares/Third_Party/FreeRTOS/Source/tasks.c **** 						break; /*lint !e9011 Code structure here is deedmed easier to understand with multiple breaks
 3036              		.loc 1 2770 7 view .LVU867
2770:Middlewares/Third_Party/FreeRTOS/Source/tasks.c **** 						break; /*lint !e9011 Code structure here is deedmed easier to understand with multiple breaks
 3037              		.loc 1 2770 28 is_stmt 0 view .LVU868
 3038 00d8 094A     		ldr	r2, .L240+20
 3039 00da 1360     		str	r3, [r2]
2771:Middlewares/Third_Party/FreeRTOS/Source/tasks.c **** 					}
 3040              		.loc 1 2771 7 is_stmt 1 view .LVU869
 3041 00dc B8E7     		b	.L224
 3042              	.LVL209:
 3043              	.L219:
2771:Middlewares/Third_Party/FreeRTOS/Source/tasks.c **** 					}
ARM GAS  /tmp/ccbSDz7D.s 			page 164


 3044              		.loc 1 2771 7 is_stmt 0 view .LVU870
 3045              	.LBE170:
2864:Middlewares/Third_Party/FreeRTOS/Source/tasks.c **** 
 3046              		.loc 1 2864 3 is_stmt 1 view .LVU871
 3047 00de 0D4A     		ldr	r2, .L240+40
 3048 00e0 1368     		ldr	r3, [r2]
 3049 00e2 0133     		adds	r3, r3, #1
 3050 00e4 1360     		str	r3, [r2]
2711:Middlewares/Third_Party/FreeRTOS/Source/tasks.c **** 
 3051              		.loc 1 2711 12 is_stmt 0 view .LVU872
 3052 00e6 0027     		movs	r7, #0
 3053              	.LVL210:
 3054              	.L218:
2876:Middlewares/Third_Party/FreeRTOS/Source/tasks.c **** /*-----------------------------------------------------------*/
 3055              		.loc 1 2876 1 view .LVU873
 3056 00e8 3846     		mov	r0, r7
 3057 00ea F8BD     		pop	{r3, r4, r5, r6, r7, pc}
 3058              	.L241:
 3059              		.align	2
 3060              	.L240:
 3061 00ec 00000000 		.word	uxSchedulerSuspended
 3062 00f0 00000000 		.word	xTickCount
 3063 00f4 00000000 		.word	pxDelayedTaskList
 3064 00f8 00000000 		.word	pxOverflowDelayedTaskList
 3065 00fc 00000000 		.word	xNumOfOverflows
 3066 0100 00000000 		.word	xNextTaskUnblockTime
 3067 0104 00000000 		.word	pxCurrentTCB
 3068 0108 00000000 		.word	pxReadyTasksLists
 3069 010c 00000000 		.word	xYieldPending
 3070 0110 00000000 		.word	uxTopReadyPriority
 3071 0114 00000000 		.word	xPendedTicks
 3072              		.cfi_endproc
 3073              	.LFE29:
 3075              		.section	.text.xTaskResumeAll,"ax",%progbits
 3076              		.align	1
 3077              		.global	xTaskResumeAll
 3078              		.syntax unified
 3079              		.thumb
 3080              		.thumb_func
 3082              	xTaskResumeAll:
 3083              	.LFB22:
2195:Middlewares/Third_Party/FreeRTOS/Source/tasks.c **** TCB_t *pxTCB = NULL;
 3084              		.loc 1 2195 1 is_stmt 1 view -0
 3085              		.cfi_startproc
 3086              		@ args = 0, pretend = 0, frame = 0
 3087              		@ frame_needed = 0, uses_anonymous_args = 0
 3088 0000 38B5     		push	{r3, r4, r5, lr}
 3089              	.LCFI28:
 3090              		.cfi_def_cfa_offset 16
 3091              		.cfi_offset 3, -16
 3092              		.cfi_offset 4, -12
 3093              		.cfi_offset 5, -8
 3094              		.cfi_offset 14, -4
2196:Middlewares/Third_Party/FreeRTOS/Source/tasks.c **** BaseType_t xAlreadyYielded = pdFALSE;
 3095              		.loc 1 2196 1 view .LVU875
 3096              	.LVL211:
2197:Middlewares/Third_Party/FreeRTOS/Source/tasks.c **** 
ARM GAS  /tmp/ccbSDz7D.s 			page 165


 3097              		.loc 1 2197 1 view .LVU876
2201:Middlewares/Third_Party/FreeRTOS/Source/tasks.c **** 
 3098              		.loc 1 2201 2 view .LVU877
 3099 0002 354B     		ldr	r3, .L259
 3100 0004 1B68     		ldr	r3, [r3]
 3101 0006 43B9     		cbnz	r3, .L243
2201:Middlewares/Third_Party/FreeRTOS/Source/tasks.c **** 
 3102              		.loc 1 2201 2 discriminator 1 view .LVU878
 3103              	.LBB171:
 3104              	.LBI171:
 191:Middlewares/Third_Party/FreeRTOS/Source/portable/GCC/ARM_CM4F/portmacro.h **** {
 3105              		.loc 2 191 30 view .LVU879
 3106              	.LBB172:
 193:Middlewares/Third_Party/FreeRTOS/Source/portable/GCC/ARM_CM4F/portmacro.h **** 
 3107              		.loc 2 193 1 view .LVU880
 195:Middlewares/Third_Party/FreeRTOS/Source/portable/GCC/ARM_CM4F/portmacro.h **** 	(
 3108              		.loc 2 195 2 view .LVU881
 3109              		.syntax unified
 3110              	@ 195 "Middlewares/Third_Party/FreeRTOS/Source/portable/GCC/ARM_CM4F/portmacro.h" 1
 3111 0008 4FF05003 			mov r3, #80												
 3112 000c 83F31188 		msr basepri, r3											
 3113 0010 BFF36F8F 		isb														
 3114 0014 BFF34F8F 		dsb														
 3115              	
 3116              	@ 0 "" 2
 3117              		.thumb
 3118              		.syntax unified
 3119              	.L244:
 3120              	.LBE172:
 3121              	.LBE171:
2201:Middlewares/Third_Party/FreeRTOS/Source/tasks.c **** 
 3122              		.loc 1 2201 2 view .LVU882
2201:Middlewares/Third_Party/FreeRTOS/Source/tasks.c **** 
 3123              		.loc 1 2201 2 view .LVU883
 3124 0018 FEE7     		b	.L244
 3125              	.L243:
2201:Middlewares/Third_Party/FreeRTOS/Source/tasks.c **** 
 3126              		.loc 1 2201 38 view .LVU884
2208:Middlewares/Third_Party/FreeRTOS/Source/tasks.c **** 	{
 3127              		.loc 1 2208 2 view .LVU885
 3128 001a FFF7FEFF 		bl	vPortEnterCritical
 3129              	.LVL212:
2210:Middlewares/Third_Party/FreeRTOS/Source/tasks.c **** 
 3130              		.loc 1 2210 3 view .LVU886
 3131 001e 2E4B     		ldr	r3, .L259
 3132 0020 1A68     		ldr	r2, [r3]
 3133 0022 013A     		subs	r2, r2, #1
 3134 0024 1A60     		str	r2, [r3]
2212:Middlewares/Third_Party/FreeRTOS/Source/tasks.c **** 		{
 3135              		.loc 1 2212 3 view .LVU887
2212:Middlewares/Third_Party/FreeRTOS/Source/tasks.c **** 		{
 3136              		.loc 1 2212 28 is_stmt 0 view .LVU888
 3137 0026 1B68     		ldr	r3, [r3]
2212:Middlewares/Third_Party/FreeRTOS/Source/tasks.c **** 		{
 3138              		.loc 1 2212 5 view .LVU889
 3139 0028 002B     		cmp	r3, #0
 3140 002a 4FD1     		bne	.L254
ARM GAS  /tmp/ccbSDz7D.s 			page 166


2214:Middlewares/Third_Party/FreeRTOS/Source/tasks.c **** 			{
 3141              		.loc 1 2214 4 is_stmt 1 view .LVU890
2214:Middlewares/Third_Party/FreeRTOS/Source/tasks.c **** 			{
 3142              		.loc 1 2214 31 is_stmt 0 view .LVU891
 3143 002c 2B4B     		ldr	r3, .L259+4
 3144 002e 1B68     		ldr	r3, [r3]
2214:Middlewares/Third_Party/FreeRTOS/Source/tasks.c **** 			{
 3145              		.loc 1 2214 6 view .LVU892
 3146 0030 0BB9     		cbnz	r3, .L255
2197:Middlewares/Third_Party/FreeRTOS/Source/tasks.c **** 
 3147              		.loc 1 2197 12 view .LVU893
 3148 0032 0024     		movs	r4, #0
 3149 0034 4BE0     		b	.L245
 3150              	.L255:
2196:Middlewares/Third_Party/FreeRTOS/Source/tasks.c **** BaseType_t xAlreadyYielded = pdFALSE;
 3151              		.loc 1 2196 8 view .LVU894
 3152 0036 0024     		movs	r4, #0
 3153              	.LVL213:
 3154              	.L246:
2233:Middlewares/Third_Party/FreeRTOS/Source/tasks.c **** 					}
 3155              		.loc 1 2233 31 is_stmt 1 view .LVU895
2218:Middlewares/Third_Party/FreeRTOS/Source/tasks.c **** 				{
 3156              		.loc 1 2218 52 view .LVU896
2218:Middlewares/Third_Party/FreeRTOS/Source/tasks.c **** 				{
 3157              		.loc 1 2218 12 is_stmt 0 view .LVU897
 3158 0038 294B     		ldr	r3, .L259+8
 3159 003a 1B68     		ldr	r3, [r3]
2218:Middlewares/Third_Party/FreeRTOS/Source/tasks.c **** 				{
 3160              		.loc 1 2218 52 view .LVU898
 3161 003c 1BB3     		cbz	r3, .L257
2220:Middlewares/Third_Party/FreeRTOS/Source/tasks.c **** 					( void ) uxListRemove( &( pxTCB->xEventListItem ) );
 3162              		.loc 1 2220 6 is_stmt 1 view .LVU899
2220:Middlewares/Third_Party/FreeRTOS/Source/tasks.c **** 					( void ) uxListRemove( &( pxTCB->xEventListItem ) );
 3163              		.loc 1 2220 14 is_stmt 0 view .LVU900
 3164 003e 284B     		ldr	r3, .L259+8
 3165 0040 DB68     		ldr	r3, [r3, #12]
2220:Middlewares/Third_Party/FreeRTOS/Source/tasks.c **** 					( void ) uxListRemove( &( pxTCB->xEventListItem ) );
 3166              		.loc 1 2220 12 view .LVU901
 3167 0042 DC68     		ldr	r4, [r3, #12]
 3168              	.LVL214:
2221:Middlewares/Third_Party/FreeRTOS/Source/tasks.c **** 					( void ) uxListRemove( &( pxTCB->xStateListItem ) );
 3169              		.loc 1 2221 6 is_stmt 1 view .LVU902
2221:Middlewares/Third_Party/FreeRTOS/Source/tasks.c **** 					( void ) uxListRemove( &( pxTCB->xStateListItem ) );
 3170              		.loc 1 2221 15 is_stmt 0 view .LVU903
 3171 0044 04F11800 		add	r0, r4, #24
 3172 0048 FFF7FEFF 		bl	uxListRemove
 3173              	.LVL215:
2222:Middlewares/Third_Party/FreeRTOS/Source/tasks.c **** 					prvAddTaskToReadyList( pxTCB );
 3174              		.loc 1 2222 6 is_stmt 1 view .LVU904
2222:Middlewares/Third_Party/FreeRTOS/Source/tasks.c **** 					prvAddTaskToReadyList( pxTCB );
 3175              		.loc 1 2222 29 is_stmt 0 view .LVU905
 3176 004c 251D     		adds	r5, r4, #4
2222:Middlewares/Third_Party/FreeRTOS/Source/tasks.c **** 					prvAddTaskToReadyList( pxTCB );
 3177              		.loc 1 2222 15 view .LVU906
 3178 004e 2846     		mov	r0, r5
 3179 0050 FFF7FEFF 		bl	uxListRemove
 3180              	.LVL216:
ARM GAS  /tmp/ccbSDz7D.s 			page 167


2223:Middlewares/Third_Party/FreeRTOS/Source/tasks.c **** 
 3181              		.loc 1 2223 6 is_stmt 1 view .LVU907
2223:Middlewares/Third_Party/FreeRTOS/Source/tasks.c **** 
 3182              		.loc 1 2223 6 view .LVU908
 3183 0054 E06A     		ldr	r0, [r4, #44]
 3184 0056 234B     		ldr	r3, .L259+12
 3185 0058 1B68     		ldr	r3, [r3]
 3186 005a 9842     		cmp	r0, r3
 3187 005c 01D9     		bls	.L247
2223:Middlewares/Third_Party/FreeRTOS/Source/tasks.c **** 
 3188              		.loc 1 2223 6 discriminator 1 view .LVU909
 3189 005e 214B     		ldr	r3, .L259+12
 3190 0060 1860     		str	r0, [r3]
 3191              	.L247:
2223:Middlewares/Third_Party/FreeRTOS/Source/tasks.c **** 
 3192              		.loc 1 2223 6 discriminator 3 view .LVU910
2223:Middlewares/Third_Party/FreeRTOS/Source/tasks.c **** 
 3193              		.loc 1 2223 6 discriminator 3 view .LVU911
 3194 0062 00EB8000 		add	r0, r0, r0, lsl #2
 3195 0066 2946     		mov	r1, r5
 3196 0068 1F4B     		ldr	r3, .L259+16
 3197 006a 03EB8000 		add	r0, r3, r0, lsl #2
 3198 006e FFF7FEFF 		bl	vListInsertEnd
 3199              	.LVL217:
2223:Middlewares/Third_Party/FreeRTOS/Source/tasks.c **** 
 3200              		.loc 1 2223 36 discriminator 1 view .LVU912
2227:Middlewares/Third_Party/FreeRTOS/Source/tasks.c **** 					{
 3201              		.loc 1 2227 6 view .LVU913
2227:Middlewares/Third_Party/FreeRTOS/Source/tasks.c **** 					{
 3202              		.loc 1 2227 15 is_stmt 0 view .LVU914
 3203 0072 E26A     		ldr	r2, [r4, #44]
2227:Middlewares/Third_Party/FreeRTOS/Source/tasks.c **** 					{
 3204              		.loc 1 2227 43 view .LVU915
 3205 0074 1D4B     		ldr	r3, .L259+20
 3206 0076 1B68     		ldr	r3, [r3]
 3207 0078 DB6A     		ldr	r3, [r3, #44]
2227:Middlewares/Third_Party/FreeRTOS/Source/tasks.c **** 					{
 3208              		.loc 1 2227 8 view .LVU916
 3209 007a 9A42     		cmp	r2, r3
 3210 007c DCD3     		bcc	.L246
2229:Middlewares/Third_Party/FreeRTOS/Source/tasks.c **** 					}
 3211              		.loc 1 2229 7 is_stmt 1 view .LVU917
2229:Middlewares/Third_Party/FreeRTOS/Source/tasks.c **** 					}
 3212              		.loc 1 2229 21 is_stmt 0 view .LVU918
 3213 007e 1C4B     		ldr	r3, .L259+24
 3214 0080 0122     		movs	r2, #1
 3215 0082 1A60     		str	r2, [r3]
 3216 0084 D8E7     		b	.L246
 3217              	.L257:
2237:Middlewares/Third_Party/FreeRTOS/Source/tasks.c **** 				{
 3218              		.loc 1 2237 5 is_stmt 1 view .LVU919
2237:Middlewares/Third_Party/FreeRTOS/Source/tasks.c **** 				{
 3219              		.loc 1 2237 7 is_stmt 0 view .LVU920
 3220 0086 0CB1     		cbz	r4, .L250
2245:Middlewares/Third_Party/FreeRTOS/Source/tasks.c **** 				}
 3221              		.loc 1 2245 6 is_stmt 1 view .LVU921
 3222 0088 FFF7FEFF 		bl	prvResetNextTaskUnblockTime
ARM GAS  /tmp/ccbSDz7D.s 			page 168


 3223              	.LVL218:
 3224              	.L250:
 3225              	.LBB173:
2253:Middlewares/Third_Party/FreeRTOS/Source/tasks.c **** 
 3226              		.loc 1 2253 6 view .LVU922
2253:Middlewares/Third_Party/FreeRTOS/Source/tasks.c **** 
 3227              		.loc 1 2253 17 is_stmt 0 view .LVU923
 3228 008c 194B     		ldr	r3, .L259+28
 3229 008e 1C68     		ldr	r4, [r3]
 3230              	.LVL219:
2255:Middlewares/Third_Party/FreeRTOS/Source/tasks.c **** 					{
 3231              		.loc 1 2255 6 is_stmt 1 view .LVU924
2255:Middlewares/Third_Party/FreeRTOS/Source/tasks.c **** 					{
 3232              		.loc 1 2255 8 is_stmt 0 view .LVU925
 3233 0090 84B9     		cbnz	r4, .L253
 3234              	.L251:
2274:Middlewares/Third_Party/FreeRTOS/Source/tasks.c **** 					}
 3235              		.loc 1 2274 31 is_stmt 1 view .LVU926
 3236              	.LBE173:
2278:Middlewares/Third_Party/FreeRTOS/Source/tasks.c **** 				{
 3237              		.loc 1 2278 5 view .LVU927
2278:Middlewares/Third_Party/FreeRTOS/Source/tasks.c **** 				{
 3238              		.loc 1 2278 23 is_stmt 0 view .LVU928
 3239 0092 174B     		ldr	r3, .L259+24
 3240 0094 1C68     		ldr	r4, [r3]
 3241              	.LVL220:
2278:Middlewares/Third_Party/FreeRTOS/Source/tasks.c **** 				{
 3242              		.loc 1 2278 7 view .LVU929
 3243 0096 D4B1     		cbz	r4, .L245
2282:Middlewares/Third_Party/FreeRTOS/Source/tasks.c **** 					}
 3244              		.loc 1 2282 7 is_stmt 1 view .LVU930
 3245              	.LVL221:
2285:Middlewares/Third_Party/FreeRTOS/Source/tasks.c **** 				}
 3246              		.loc 1 2285 6 view .LVU931
 3247 0098 4FF0E023 		mov	r3, #-536813568
 3248 009c 4FF08052 		mov	r2, #268435456
 3249 00a0 C3F8042D 		str	r2, [r3, #3332]
2285:Middlewares/Third_Party/FreeRTOS/Source/tasks.c **** 				}
 3250              		.loc 1 2285 6 view .LVU932
 3251              		.syntax unified
 3252              	@ 2285 "Middlewares/Third_Party/FreeRTOS/Source/tasks.c" 1
 3253 00a4 BFF34F8F 		dsb
 3254              	@ 0 "" 2
2285:Middlewares/Third_Party/FreeRTOS/Source/tasks.c **** 				}
 3255              		.loc 1 2285 6 view .LVU933
 3256              	@ 2285 "Middlewares/Third_Party/FreeRTOS/Source/tasks.c" 1
 3257 00a8 BFF36F8F 		isb
 3258              	@ 0 "" 2
2285:Middlewares/Third_Party/FreeRTOS/Source/tasks.c **** 				}
 3259              		.loc 1 2285 37 view .LVU934
2282:Middlewares/Third_Party/FreeRTOS/Source/tasks.c **** 					}
 3260              		.loc 1 2282 23 is_stmt 0 view .LVU935
 3261              		.thumb
 3262              		.syntax unified
 3263 00ac 0124     		movs	r4, #1
 3264 00ae 0EE0     		b	.L245
 3265              	.LVL222:
ARM GAS  /tmp/ccbSDz7D.s 			page 169


 3266              	.L252:
 3267              	.LBB174:
2265:Middlewares/Third_Party/FreeRTOS/Source/tasks.c **** 							}
 3268              		.loc 1 2265 33 is_stmt 1 view .LVU936
2267:Middlewares/Third_Party/FreeRTOS/Source/tasks.c **** 						} while( xPendedCounts > ( TickType_t ) 0U );
 3269              		.loc 1 2267 8 view .LVU937
2268:Middlewares/Third_Party/FreeRTOS/Source/tasks.c **** 
 3270              		.loc 1 2268 30 view .LVU938
 3271 00b0 013C     		subs	r4, r4, #1
 3272              	.LVL223:
2268:Middlewares/Third_Party/FreeRTOS/Source/tasks.c **** 
 3273              		.loc 1 2268 30 is_stmt 0 view .LVU939
 3274 00b2 07D0     		beq	.L258
 3275              	.L253:
2257:Middlewares/Third_Party/FreeRTOS/Source/tasks.c **** 						{
 3276              		.loc 1 2257 7 is_stmt 1 view .LVU940
2259:Middlewares/Third_Party/FreeRTOS/Source/tasks.c **** 							{
 3277              		.loc 1 2259 8 view .LVU941
2259:Middlewares/Third_Party/FreeRTOS/Source/tasks.c **** 							{
 3278              		.loc 1 2259 12 is_stmt 0 view .LVU942
 3279 00b4 FFF7FEFF 		bl	xTaskIncrementTick
 3280              	.LVL224:
2259:Middlewares/Third_Party/FreeRTOS/Source/tasks.c **** 							{
 3281              		.loc 1 2259 10 discriminator 1 view .LVU943
 3282 00b8 0028     		cmp	r0, #0
 3283 00ba F9D0     		beq	.L252
2261:Middlewares/Third_Party/FreeRTOS/Source/tasks.c **** 							}
 3284              		.loc 1 2261 9 is_stmt 1 view .LVU944
2261:Middlewares/Third_Party/FreeRTOS/Source/tasks.c **** 							}
 3285              		.loc 1 2261 23 is_stmt 0 view .LVU945
 3286 00bc 0C4B     		ldr	r3, .L259+24
 3287 00be 0122     		movs	r2, #1
 3288 00c0 1A60     		str	r2, [r3]
 3289 00c2 F5E7     		b	.L252
 3290              	.L258:
2270:Middlewares/Third_Party/FreeRTOS/Source/tasks.c **** 					}
 3291              		.loc 1 2270 7 is_stmt 1 view .LVU946
2270:Middlewares/Third_Party/FreeRTOS/Source/tasks.c **** 					}
 3292              		.loc 1 2270 20 is_stmt 0 view .LVU947
 3293 00c4 0B4B     		ldr	r3, .L259+28
 3294 00c6 0022     		movs	r2, #0
 3295 00c8 1A60     		str	r2, [r3]
 3296 00ca E2E7     		b	.L251
 3297              	.LVL225:
 3298              	.L254:
2270:Middlewares/Third_Party/FreeRTOS/Source/tasks.c **** 					}
 3299              		.loc 1 2270 20 view .LVU948
 3300              	.LBE174:
2197:Middlewares/Third_Party/FreeRTOS/Source/tasks.c **** 
 3301              		.loc 1 2197 12 view .LVU949
 3302 00cc 0024     		movs	r4, #0
 3303              	.LVL226:
 3304              	.L245:
2295:Middlewares/Third_Party/FreeRTOS/Source/tasks.c **** 		}
 3305              		.loc 1 2295 28 is_stmt 1 view .LVU950
2298:Middlewares/Third_Party/FreeRTOS/Source/tasks.c **** 
 3306              		.loc 1 2298 2 view .LVU951
ARM GAS  /tmp/ccbSDz7D.s 			page 170


 3307 00ce FFF7FEFF 		bl	vPortExitCritical
 3308              	.LVL227:
2300:Middlewares/Third_Party/FreeRTOS/Source/tasks.c **** }
 3309              		.loc 1 2300 2 view .LVU952
2301:Middlewares/Third_Party/FreeRTOS/Source/tasks.c **** /*-----------------------------------------------------------*/
 3310              		.loc 1 2301 1 is_stmt 0 view .LVU953
 3311 00d2 2046     		mov	r0, r4
 3312 00d4 38BD     		pop	{r3, r4, r5, pc}
 3313              	.LVL228:
 3314              	.L260:
2301:Middlewares/Third_Party/FreeRTOS/Source/tasks.c **** /*-----------------------------------------------------------*/
 3315              		.loc 1 2301 1 view .LVU954
 3316 00d6 00BF     		.align	2
 3317              	.L259:
 3318 00d8 00000000 		.word	uxSchedulerSuspended
 3319 00dc 00000000 		.word	uxCurrentNumberOfTasks
 3320 00e0 00000000 		.word	xPendingReadyList
 3321 00e4 00000000 		.word	uxTopReadyPriority
 3322 00e8 00000000 		.word	pxReadyTasksLists
 3323 00ec 00000000 		.word	pxCurrentTCB
 3324 00f0 00000000 		.word	xYieldPending
 3325 00f4 00000000 		.word	xPendedTicks
 3326              		.cfi_endproc
 3327              	.LFE22:
 3329              		.section	.text.vTaskDelayUntil,"ax",%progbits
 3330              		.align	1
 3331              		.global	vTaskDelayUntil
 3332              		.syntax unified
 3333              		.thumb
 3334              		.thumb_func
 3336              	vTaskDelayUntil:
 3337              	.LVL229:
 3338              	.LFB9:
1258:Middlewares/Third_Party/FreeRTOS/Source/tasks.c **** 	TickType_t xTimeToWake;
 3339              		.loc 1 1258 2 is_stmt 1 view -0
 3340              		.cfi_startproc
 3341              		@ args = 0, pretend = 0, frame = 0
 3342              		@ frame_needed = 0, uses_anonymous_args = 0
1258:Middlewares/Third_Party/FreeRTOS/Source/tasks.c **** 	TickType_t xTimeToWake;
 3343              		.loc 1 1258 2 is_stmt 0 view .LVU956
 3344 0000 38B5     		push	{r3, r4, r5, lr}
 3345              	.LCFI29:
 3346              		.cfi_def_cfa_offset 16
 3347              		.cfi_offset 3, -16
 3348              		.cfi_offset 4, -12
 3349              		.cfi_offset 5, -8
 3350              		.cfi_offset 14, -4
1259:Middlewares/Third_Party/FreeRTOS/Source/tasks.c **** 	BaseType_t xAlreadyYielded, xShouldDelay = pdFALSE;
 3351              		.loc 1 1259 2 is_stmt 1 view .LVU957
1260:Middlewares/Third_Party/FreeRTOS/Source/tasks.c **** 
 3352              		.loc 1 1260 2 view .LVU958
 3353              	.LVL230:
1262:Middlewares/Third_Party/FreeRTOS/Source/tasks.c **** 		configASSERT( ( xTimeIncrement > 0U ) );
 3354              		.loc 1 1262 3 view .LVU959
 3355 0002 58B1     		cbz	r0, .L277
 3356 0004 0C46     		mov	r4, r1
 3357 0006 0546     		mov	r5, r0
ARM GAS  /tmp/ccbSDz7D.s 			page 171


1262:Middlewares/Third_Party/FreeRTOS/Source/tasks.c **** 		configASSERT( ( xTimeIncrement > 0U ) );
 3358              		.loc 1 1262 37 view .LVU960
1263:Middlewares/Third_Party/FreeRTOS/Source/tasks.c **** 		configASSERT( uxSchedulerSuspended == 0 );
 3359              		.loc 1 1263 3 view .LVU961
 3360 0008 89B9     		cbnz	r1, .L264
1263:Middlewares/Third_Party/FreeRTOS/Source/tasks.c **** 		configASSERT( uxSchedulerSuspended == 0 );
 3361              		.loc 1 1263 3 discriminator 1 view .LVU962
 3362              	.LBB175:
 3363              	.LBI175:
 191:Middlewares/Third_Party/FreeRTOS/Source/portable/GCC/ARM_CM4F/portmacro.h **** {
 3364              		.loc 2 191 30 view .LVU963
 3365              	.LBB176:
 193:Middlewares/Third_Party/FreeRTOS/Source/portable/GCC/ARM_CM4F/portmacro.h **** 
 3366              		.loc 2 193 1 view .LVU964
 195:Middlewares/Third_Party/FreeRTOS/Source/portable/GCC/ARM_CM4F/portmacro.h **** 	(
 3367              		.loc 2 195 2 view .LVU965
 3368              		.syntax unified
 3369              	@ 195 "Middlewares/Third_Party/FreeRTOS/Source/portable/GCC/ARM_CM4F/portmacro.h" 1
 3370 000a 4FF05003 			mov r3, #80												
 3371 000e 83F31188 		msr basepri, r3											
 3372 0012 BFF36F8F 		isb														
 3373 0016 BFF34F8F 		dsb														
 3374              	
 3375              	@ 0 "" 2
 3376              		.thumb
 3377              		.syntax unified
 3378              	.L265:
 3379              	.LBE176:
 3380              	.LBE175:
1263:Middlewares/Third_Party/FreeRTOS/Source/tasks.c **** 		configASSERT( uxSchedulerSuspended == 0 );
 3381              		.loc 1 1263 3 view .LVU966
1263:Middlewares/Third_Party/FreeRTOS/Source/tasks.c **** 		configASSERT( uxSchedulerSuspended == 0 );
 3382              		.loc 1 1263 3 view .LVU967
 3383 001a FEE7     		b	.L265
 3384              	.L277:
1262:Middlewares/Third_Party/FreeRTOS/Source/tasks.c **** 		configASSERT( ( xTimeIncrement > 0U ) );
 3385              		.loc 1 1262 3 discriminator 1 view .LVU968
 3386              	.LBB177:
 3387              	.LBI177:
 191:Middlewares/Third_Party/FreeRTOS/Source/portable/GCC/ARM_CM4F/portmacro.h **** {
 3388              		.loc 2 191 30 view .LVU969
 3389              	.LBB178:
 193:Middlewares/Third_Party/FreeRTOS/Source/portable/GCC/ARM_CM4F/portmacro.h **** 
 3390              		.loc 2 193 1 view .LVU970
 195:Middlewares/Third_Party/FreeRTOS/Source/portable/GCC/ARM_CM4F/portmacro.h **** 	(
 3391              		.loc 2 195 2 view .LVU971
 3392              		.syntax unified
 3393              	@ 195 "Middlewares/Third_Party/FreeRTOS/Source/portable/GCC/ARM_CM4F/portmacro.h" 1
 3394 001c 4FF05003 			mov r3, #80												
 3395 0020 83F31188 		msr basepri, r3											
 3396 0024 BFF36F8F 		isb														
 3397 0028 BFF34F8F 		dsb														
 3398              	
 3399              	@ 0 "" 2
 3400              		.thumb
 3401              		.syntax unified
 3402              	.L263:
ARM GAS  /tmp/ccbSDz7D.s 			page 172


 3403              	.LBE178:
 3404              	.LBE177:
1262:Middlewares/Third_Party/FreeRTOS/Source/tasks.c **** 		configASSERT( ( xTimeIncrement > 0U ) );
 3405              		.loc 1 1262 3 view .LVU972
1262:Middlewares/Third_Party/FreeRTOS/Source/tasks.c **** 		configASSERT( ( xTimeIncrement > 0U ) );
 3406              		.loc 1 1262 3 view .LVU973
 3407 002c FEE7     		b	.L263
 3408              	.L264:
1263:Middlewares/Third_Party/FreeRTOS/Source/tasks.c **** 		configASSERT( uxSchedulerSuspended == 0 );
 3409              		.loc 1 1263 42 view .LVU974
1264:Middlewares/Third_Party/FreeRTOS/Source/tasks.c **** 
 3410              		.loc 1 1264 3 view .LVU975
 3411 002e 1B4B     		ldr	r3, .L278
 3412 0030 1B68     		ldr	r3, [r3]
 3413 0032 43B1     		cbz	r3, .L266
1264:Middlewares/Third_Party/FreeRTOS/Source/tasks.c **** 
 3414              		.loc 1 1264 3 discriminator 1 view .LVU976
 3415              	.LBB179:
 3416              	.LBI179:
 191:Middlewares/Third_Party/FreeRTOS/Source/portable/GCC/ARM_CM4F/portmacro.h **** {
 3417              		.loc 2 191 30 view .LVU977
 3418              	.LBB180:
 193:Middlewares/Third_Party/FreeRTOS/Source/portable/GCC/ARM_CM4F/portmacro.h **** 
 3419              		.loc 2 193 1 view .LVU978
 195:Middlewares/Third_Party/FreeRTOS/Source/portable/GCC/ARM_CM4F/portmacro.h **** 	(
 3420              		.loc 2 195 2 view .LVU979
 3421              		.syntax unified
 3422              	@ 195 "Middlewares/Third_Party/FreeRTOS/Source/portable/GCC/ARM_CM4F/portmacro.h" 1
 3423 0034 4FF05003 			mov r3, #80												
 3424 0038 83F31188 		msr basepri, r3											
 3425 003c BFF36F8F 		isb														
 3426 0040 BFF34F8F 		dsb														
 3427              	
 3428              	@ 0 "" 2
 3429              		.thumb
 3430              		.syntax unified
 3431              	.L267:
 3432              	.LBE180:
 3433              	.LBE179:
1264:Middlewares/Third_Party/FreeRTOS/Source/tasks.c **** 
 3434              		.loc 1 1264 3 view .LVU980
1264:Middlewares/Third_Party/FreeRTOS/Source/tasks.c **** 
 3435              		.loc 1 1264 3 view .LVU981
 3436 0044 FEE7     		b	.L267
 3437              	.L266:
1264:Middlewares/Third_Party/FreeRTOS/Source/tasks.c **** 
 3438              		.loc 1 1264 44 view .LVU982
1266:Middlewares/Third_Party/FreeRTOS/Source/tasks.c **** 		{
 3439              		.loc 1 1266 3 view .LVU983
 3440 0046 FFF7FEFF 		bl	vTaskSuspendAll
 3441              	.LVL231:
 3442              	.LBB181:
1270:Middlewares/Third_Party/FreeRTOS/Source/tasks.c **** 
 3443              		.loc 1 1270 4 view .LVU984
1270:Middlewares/Third_Party/FreeRTOS/Source/tasks.c **** 
 3444              		.loc 1 1270 21 is_stmt 0 view .LVU985
 3445 004a 154B     		ldr	r3, .L278+4
ARM GAS  /tmp/ccbSDz7D.s 			page 173


 3446 004c 1868     		ldr	r0, [r3]
 3447              	.LVL232:
1273:Middlewares/Third_Party/FreeRTOS/Source/tasks.c **** 
 3448              		.loc 1 1273 4 is_stmt 1 view .LVU986
1273:Middlewares/Third_Party/FreeRTOS/Source/tasks.c **** 
 3449              		.loc 1 1273 18 is_stmt 0 view .LVU987
 3450 004e 2B68     		ldr	r3, [r5]
1273:Middlewares/Third_Party/FreeRTOS/Source/tasks.c **** 
 3451              		.loc 1 1273 16 view .LVU988
 3452 0050 1C44     		add	r4, r4, r3
 3453              	.LVL233:
1275:Middlewares/Third_Party/FreeRTOS/Source/tasks.c **** 			{
 3454              		.loc 1 1275 4 is_stmt 1 view .LVU989
1275:Middlewares/Third_Party/FreeRTOS/Source/tasks.c **** 			{
 3455              		.loc 1 1275 6 is_stmt 0 view .LVU990
 3456 0052 8342     		cmp	r3, r0
 3457 0054 09D9     		bls	.L268
1282:Middlewares/Third_Party/FreeRTOS/Source/tasks.c **** 				{
 3458              		.loc 1 1282 5 is_stmt 1 view .LVU991
1282:Middlewares/Third_Party/FreeRTOS/Source/tasks.c **** 				{
 3459              		.loc 1 1282 7 is_stmt 0 view .LVU992
 3460 0056 A342     		cmp	r3, r4
 3461 0058 01D8     		bhi	.L269
1307:Middlewares/Third_Party/FreeRTOS/Source/tasks.c **** 
 3462              		.loc 1 1307 4 is_stmt 1 view .LVU993
1307:Middlewares/Third_Party/FreeRTOS/Source/tasks.c **** 
 3463              		.loc 1 1307 24 is_stmt 0 view .LVU994
 3464 005a 2C60     		str	r4, [r5]
1309:Middlewares/Third_Party/FreeRTOS/Source/tasks.c **** 			{
 3465              		.loc 1 1309 4 is_stmt 1 view .LVU995
 3466 005c 0EE0     		b	.L270
 3467              	.L269:
1282:Middlewares/Third_Party/FreeRTOS/Source/tasks.c **** 				{
 3468              		.loc 1 1282 47 is_stmt 0 discriminator 1 view .LVU996
 3469 005e A042     		cmp	r0, r4
 3470 0060 01D3     		bcc	.L271
1307:Middlewares/Third_Party/FreeRTOS/Source/tasks.c **** 
 3471              		.loc 1 1307 4 is_stmt 1 view .LVU997
1307:Middlewares/Third_Party/FreeRTOS/Source/tasks.c **** 
 3472              		.loc 1 1307 24 is_stmt 0 view .LVU998
 3473 0062 2C60     		str	r4, [r5]
1309:Middlewares/Third_Party/FreeRTOS/Source/tasks.c **** 			{
 3474              		.loc 1 1309 4 is_stmt 1 view .LVU999
 3475 0064 0AE0     		b	.L270
 3476              	.L271:
1284:Middlewares/Third_Party/FreeRTOS/Source/tasks.c **** 				}
 3477              		.loc 1 1284 6 view .LVU1000
 3478              	.LVL234:
1307:Middlewares/Third_Party/FreeRTOS/Source/tasks.c **** 
 3479              		.loc 1 1307 4 view .LVU1001
1307:Middlewares/Third_Party/FreeRTOS/Source/tasks.c **** 
 3480              		.loc 1 1307 24 is_stmt 0 view .LVU1002
 3481 0066 2C60     		str	r4, [r5]
1309:Middlewares/Third_Party/FreeRTOS/Source/tasks.c **** 			{
 3482              		.loc 1 1309 4 is_stmt 1 view .LVU1003
 3483 0068 04E0     		b	.L272
 3484              	.LVL235:
ARM GAS  /tmp/ccbSDz7D.s 			page 174


 3485              	.L268:
1296:Middlewares/Third_Party/FreeRTOS/Source/tasks.c **** 				{
 3486              		.loc 1 1296 5 view .LVU1004
1296:Middlewares/Third_Party/FreeRTOS/Source/tasks.c **** 				{
 3487              		.loc 1 1296 7 is_stmt 0 view .LVU1005
 3488 006a A342     		cmp	r3, r4
 3489 006c 01D8     		bhi	.L273
1296:Middlewares/Third_Party/FreeRTOS/Source/tasks.c **** 				{
 3490              		.loc 1 1296 47 discriminator 1 view .LVU1006
 3491 006e A042     		cmp	r0, r4
 3492 0070 12D2     		bcs	.L274
 3493              	.L273:
1298:Middlewares/Third_Party/FreeRTOS/Source/tasks.c **** 				}
 3494              		.loc 1 1298 6 is_stmt 1 view .LVU1007
 3495              	.LVL236:
1307:Middlewares/Third_Party/FreeRTOS/Source/tasks.c **** 
 3496              		.loc 1 1307 4 view .LVU1008
1307:Middlewares/Third_Party/FreeRTOS/Source/tasks.c **** 
 3497              		.loc 1 1307 24 is_stmt 0 view .LVU1009
 3498 0072 2C60     		str	r4, [r5]
1309:Middlewares/Third_Party/FreeRTOS/Source/tasks.c **** 			{
 3499              		.loc 1 1309 4 is_stmt 1 view .LVU1010
 3500              	.L272:
1311:Middlewares/Third_Party/FreeRTOS/Source/tasks.c **** 
 3501              		.loc 1 1311 41 view .LVU1011
1315:Middlewares/Third_Party/FreeRTOS/Source/tasks.c **** 			}
 3502              		.loc 1 1315 5 view .LVU1012
 3503 0074 0021     		movs	r1, #0
 3504 0076 201A     		subs	r0, r4, r0
 3505              	.LVL237:
1315:Middlewares/Third_Party/FreeRTOS/Source/tasks.c **** 			}
 3506              		.loc 1 1315 5 is_stmt 0 view .LVU1013
 3507 0078 FFF7FEFF 		bl	prvAddCurrentTaskToDelayedList
 3508              	.LVL238:
 3509              	.L270:
1319:Middlewares/Third_Party/FreeRTOS/Source/tasks.c **** 			}
 3510              		.loc 1 1319 29 is_stmt 1 view .LVU1014
 3511              	.LBE181:
1322:Middlewares/Third_Party/FreeRTOS/Source/tasks.c **** 
 3512              		.loc 1 1322 3 view .LVU1015
1322:Middlewares/Third_Party/FreeRTOS/Source/tasks.c **** 
 3513              		.loc 1 1322 21 is_stmt 0 view .LVU1016
 3514 007c FFF7FEFF 		bl	xTaskResumeAll
 3515              	.LVL239:
1326:Middlewares/Third_Party/FreeRTOS/Source/tasks.c **** 		{
 3516              		.loc 1 1326 3 is_stmt 1 view .LVU1017
1326:Middlewares/Third_Party/FreeRTOS/Source/tasks.c **** 		{
 3517              		.loc 1 1326 5 is_stmt 0 view .LVU1018
 3518 0080 48B9     		cbnz	r0, .L261
1328:Middlewares/Third_Party/FreeRTOS/Source/tasks.c **** 		}
 3519              		.loc 1 1328 4 is_stmt 1 view .LVU1019
 3520 0082 4FF0E023 		mov	r3, #-536813568
 3521 0086 4FF08052 		mov	r2, #268435456
 3522 008a C3F8042D 		str	r2, [r3, #3332]
1328:Middlewares/Third_Party/FreeRTOS/Source/tasks.c **** 		}
 3523              		.loc 1 1328 4 view .LVU1020
 3524              		.syntax unified
ARM GAS  /tmp/ccbSDz7D.s 			page 175


 3525              	@ 1328 "Middlewares/Third_Party/FreeRTOS/Source/tasks.c" 1
 3526 008e BFF34F8F 		dsb
 3527              	@ 0 "" 2
1328:Middlewares/Third_Party/FreeRTOS/Source/tasks.c **** 		}
 3528              		.loc 1 1328 4 view .LVU1021
 3529              	@ 1328 "Middlewares/Third_Party/FreeRTOS/Source/tasks.c" 1
 3530 0092 BFF36F8F 		isb
 3531              	@ 0 "" 2
1328:Middlewares/Third_Party/FreeRTOS/Source/tasks.c **** 		}
 3532              		.loc 1 1328 26 view .LVU1022
1332:Middlewares/Third_Party/FreeRTOS/Source/tasks.c **** 		}
 3533              		.loc 1 1332 28 view .LVU1023
 3534              		.thumb
 3535              		.syntax unified
 3536              	.L261:
1334:Middlewares/Third_Party/FreeRTOS/Source/tasks.c **** 
 3537              		.loc 1 1334 2 is_stmt 0 view .LVU1024
 3538 0096 38BD     		pop	{r3, r4, r5, pc}
 3539              	.LVL240:
 3540              	.L274:
 3541              	.LBB182:
1307:Middlewares/Third_Party/FreeRTOS/Source/tasks.c **** 
 3542              		.loc 1 1307 4 is_stmt 1 view .LVU1025
1307:Middlewares/Third_Party/FreeRTOS/Source/tasks.c **** 
 3543              		.loc 1 1307 24 is_stmt 0 view .LVU1026
 3544 0098 2C60     		str	r4, [r5]
1309:Middlewares/Third_Party/FreeRTOS/Source/tasks.c **** 			{
 3545              		.loc 1 1309 4 is_stmt 1 view .LVU1027
 3546 009a EFE7     		b	.L270
 3547              	.L279:
 3548              		.align	2
 3549              	.L278:
 3550 009c 00000000 		.word	uxSchedulerSuspended
 3551 00a0 00000000 		.word	xTickCount
 3552              	.LBE182:
 3553              		.cfi_endproc
 3554              	.LFE9:
 3556              		.section	.text.vTaskDelay,"ax",%progbits
 3557              		.align	1
 3558              		.global	vTaskDelay
 3559              		.syntax unified
 3560              		.thumb
 3561              		.thumb_func
 3563              	vTaskDelay:
 3564              	.LVL241:
 3565              	.LFB10:
1342:Middlewares/Third_Party/FreeRTOS/Source/tasks.c **** 	BaseType_t xAlreadyYielded = pdFALSE;
 3566              		.loc 1 1342 2 view -0
 3567              		.cfi_startproc
 3568              		@ args = 0, pretend = 0, frame = 0
 3569              		@ frame_needed = 0, uses_anonymous_args = 0
1342:Middlewares/Third_Party/FreeRTOS/Source/tasks.c **** 	BaseType_t xAlreadyYielded = pdFALSE;
 3570              		.loc 1 1342 2 is_stmt 0 view .LVU1029
 3571 0000 10B5     		push	{r4, lr}
 3572              	.LCFI30:
 3573              		.cfi_def_cfa_offset 8
 3574              		.cfi_offset 4, -8
ARM GAS  /tmp/ccbSDz7D.s 			page 176


 3575              		.cfi_offset 14, -4
1343:Middlewares/Third_Party/FreeRTOS/Source/tasks.c **** 
 3576              		.loc 1 1343 2 is_stmt 1 view .LVU1030
 3577              	.LVL242:
1346:Middlewares/Third_Party/FreeRTOS/Source/tasks.c **** 		{
 3578              		.loc 1 1346 3 view .LVU1031
1346:Middlewares/Third_Party/FreeRTOS/Source/tasks.c **** 		{
 3579              		.loc 1 1346 5 is_stmt 0 view .LVU1032
 3580 0002 A8B1     		cbz	r0, .L281
 3581 0004 0446     		mov	r4, r0
1348:Middlewares/Third_Party/FreeRTOS/Source/tasks.c **** 			vTaskSuspendAll();
 3582              		.loc 1 1348 4 is_stmt 1 view .LVU1033
 3583 0006 104B     		ldr	r3, .L286
 3584 0008 1B68     		ldr	r3, [r3]
 3585 000a 43B1     		cbz	r3, .L282
1348:Middlewares/Third_Party/FreeRTOS/Source/tasks.c **** 			vTaskSuspendAll();
 3586              		.loc 1 1348 4 discriminator 1 view .LVU1034
 3587              	.LBB183:
 3588              	.LBI183:
 191:Middlewares/Third_Party/FreeRTOS/Source/portable/GCC/ARM_CM4F/portmacro.h **** {
 3589              		.loc 2 191 30 view .LVU1035
 3590              	.LBB184:
 193:Middlewares/Third_Party/FreeRTOS/Source/portable/GCC/ARM_CM4F/portmacro.h **** 
 3591              		.loc 2 193 1 view .LVU1036
 195:Middlewares/Third_Party/FreeRTOS/Source/portable/GCC/ARM_CM4F/portmacro.h **** 	(
 3592              		.loc 2 195 2 view .LVU1037
 3593              		.syntax unified
 3594              	@ 195 "Middlewares/Third_Party/FreeRTOS/Source/portable/GCC/ARM_CM4F/portmacro.h" 1
 3595 000c 4FF05003 			mov r3, #80												
 3596 0010 83F31188 		msr basepri, r3											
 3597 0014 BFF36F8F 		isb														
 3598 0018 BFF34F8F 		dsb														
 3599              	
 3600              	@ 0 "" 2
 3601              		.thumb
 3602              		.syntax unified
 3603              	.L283:
 3604              	.LBE184:
 3605              	.LBE183:
1348:Middlewares/Third_Party/FreeRTOS/Source/tasks.c **** 			vTaskSuspendAll();
 3606              		.loc 1 1348 4 view .LVU1038
1348:Middlewares/Third_Party/FreeRTOS/Source/tasks.c **** 			vTaskSuspendAll();
 3607              		.loc 1 1348 4 view .LVU1039
 3608 001c FEE7     		b	.L283
 3609              	.L282:
1348:Middlewares/Third_Party/FreeRTOS/Source/tasks.c **** 			vTaskSuspendAll();
 3610              		.loc 1 1348 45 view .LVU1040
1349:Middlewares/Third_Party/FreeRTOS/Source/tasks.c **** 			{
 3611              		.loc 1 1349 4 view .LVU1041
 3612 001e FFF7FEFF 		bl	vTaskSuspendAll
 3613              	.LVL243:
1351:Middlewares/Third_Party/FreeRTOS/Source/tasks.c **** 
 3614              		.loc 1 1351 22 view .LVU1042
1360:Middlewares/Third_Party/FreeRTOS/Source/tasks.c **** 			}
 3615              		.loc 1 1360 5 view .LVU1043
 3616 0022 0021     		movs	r1, #0
 3617 0024 2046     		mov	r0, r4
ARM GAS  /tmp/ccbSDz7D.s 			page 177


 3618 0026 FFF7FEFF 		bl	prvAddCurrentTaskToDelayedList
 3619              	.LVL244:
1362:Middlewares/Third_Party/FreeRTOS/Source/tasks.c **** 		}
 3620              		.loc 1 1362 4 view .LVU1044
1362:Middlewares/Third_Party/FreeRTOS/Source/tasks.c **** 		}
 3621              		.loc 1 1362 22 is_stmt 0 view .LVU1045
 3622 002a FFF7FEFF 		bl	xTaskResumeAll
 3623              	.LVL245:
1366:Middlewares/Third_Party/FreeRTOS/Source/tasks.c **** 		}
 3624              		.loc 1 1366 28 is_stmt 1 view .LVU1046
1371:Middlewares/Third_Party/FreeRTOS/Source/tasks.c **** 		{
 3625              		.loc 1 1371 3 view .LVU1047
1371:Middlewares/Third_Party/FreeRTOS/Source/tasks.c **** 		{
 3626              		.loc 1 1371 5 is_stmt 0 view .LVU1048
 3627 002e 48B9     		cbnz	r0, .L280
 3628              	.LVL246:
 3629              	.L281:
1373:Middlewares/Third_Party/FreeRTOS/Source/tasks.c **** 		}
 3630              		.loc 1 1373 4 is_stmt 1 view .LVU1049
 3631 0030 4FF0E023 		mov	r3, #-536813568
 3632 0034 4FF08052 		mov	r2, #268435456
 3633 0038 C3F8042D 		str	r2, [r3, #3332]
1373:Middlewares/Third_Party/FreeRTOS/Source/tasks.c **** 		}
 3634              		.loc 1 1373 4 view .LVU1050
 3635              		.syntax unified
 3636              	@ 1373 "Middlewares/Third_Party/FreeRTOS/Source/tasks.c" 1
 3637 003c BFF34F8F 		dsb
 3638              	@ 0 "" 2
1373:Middlewares/Third_Party/FreeRTOS/Source/tasks.c **** 		}
 3639              		.loc 1 1373 4 view .LVU1051
 3640              	@ 1373 "Middlewares/Third_Party/FreeRTOS/Source/tasks.c" 1
 3641 0040 BFF36F8F 		isb
 3642              	@ 0 "" 2
1373:Middlewares/Third_Party/FreeRTOS/Source/tasks.c **** 		}
 3643              		.loc 1 1373 26 view .LVU1052
1377:Middlewares/Third_Party/FreeRTOS/Source/tasks.c **** 		}
 3644              		.loc 1 1377 28 view .LVU1053
 3645              		.thumb
 3646              		.syntax unified
 3647              	.L280:
1379:Middlewares/Third_Party/FreeRTOS/Source/tasks.c **** 
 3648              		.loc 1 1379 2 is_stmt 0 view .LVU1054
 3649 0044 10BD     		pop	{r4, pc}
 3650              	.L287:
 3651 0046 00BF     		.align	2
 3652              	.L286:
 3653 0048 00000000 		.word	uxSchedulerSuspended
 3654              		.cfi_endproc
 3655              	.LFE10:
 3657              		.section	.text.xTaskCatchUpTicks,"ax",%progbits
 3658              		.align	1
 3659              		.global	xTaskCatchUpTicks
 3660              		.syntax unified
 3661              		.thumb
 3662              		.thumb_func
 3664              	xTaskCatchUpTicks:
 3665              	.LVL247:
ARM GAS  /tmp/ccbSDz7D.s 			page 178


 3666              	.LFB28:
2610:Middlewares/Third_Party/FreeRTOS/Source/tasks.c **** BaseType_t xYieldRequired = pdFALSE;
 3667              		.loc 1 2610 1 is_stmt 1 view -0
 3668              		.cfi_startproc
 3669              		@ args = 0, pretend = 0, frame = 0
 3670              		@ frame_needed = 0, uses_anonymous_args = 0
2611:Middlewares/Third_Party/FreeRTOS/Source/tasks.c **** 
 3671              		.loc 1 2611 1 view .LVU1056
2615:Middlewares/Third_Party/FreeRTOS/Source/tasks.c **** 
 3672              		.loc 1 2615 2 view .LVU1057
 3673 0000 0B4B     		ldr	r3, .L293
 3674 0002 1B68     		ldr	r3, [r3]
 3675 0004 43B1     		cbz	r3, .L289
2615:Middlewares/Third_Party/FreeRTOS/Source/tasks.c **** 
 3676              		.loc 1 2615 2 discriminator 1 view .LVU1058
 3677              	.LBB185:
 3678              	.LBI185:
 191:Middlewares/Third_Party/FreeRTOS/Source/portable/GCC/ARM_CM4F/portmacro.h **** {
 3679              		.loc 2 191 30 view .LVU1059
 3680              	.LBB186:
 193:Middlewares/Third_Party/FreeRTOS/Source/portable/GCC/ARM_CM4F/portmacro.h **** 
 3681              		.loc 2 193 1 view .LVU1060
 195:Middlewares/Third_Party/FreeRTOS/Source/portable/GCC/ARM_CM4F/portmacro.h **** 	(
 3682              		.loc 2 195 2 view .LVU1061
 3683              		.syntax unified
 3684              	@ 195 "Middlewares/Third_Party/FreeRTOS/Source/portable/GCC/ARM_CM4F/portmacro.h" 1
 3685 0006 4FF05003 			mov r3, #80												
 3686 000a 83F31188 		msr basepri, r3											
 3687 000e BFF36F8F 		isb														
 3688 0012 BFF34F8F 		dsb														
 3689              	
 3690              	@ 0 "" 2
 3691              		.thumb
 3692              		.syntax unified
 3693              	.L290:
 3694              	.LBE186:
 3695              	.LBE185:
2615:Middlewares/Third_Party/FreeRTOS/Source/tasks.c **** 
 3696              		.loc 1 2615 2 view .LVU1062
2615:Middlewares/Third_Party/FreeRTOS/Source/tasks.c **** 
 3697              		.loc 1 2615 2 view .LVU1063
 3698 0016 FEE7     		b	.L290
 3699              	.L289:
2610:Middlewares/Third_Party/FreeRTOS/Source/tasks.c **** BaseType_t xYieldRequired = pdFALSE;
 3700              		.loc 1 2610 1 is_stmt 0 view .LVU1064
 3701 0018 10B5     		push	{r4, lr}
 3702              	.LCFI31:
 3703              		.cfi_def_cfa_offset 8
 3704              		.cfi_offset 4, -8
 3705              		.cfi_offset 14, -4
 3706 001a 0446     		mov	r4, r0
2615:Middlewares/Third_Party/FreeRTOS/Source/tasks.c **** 
 3707              		.loc 1 2615 43 is_stmt 1 view .LVU1065
2619:Middlewares/Third_Party/FreeRTOS/Source/tasks.c **** 	xPendedTicks += xTicksToCatchUp;
 3708              		.loc 1 2619 2 view .LVU1066
 3709 001c FFF7FEFF 		bl	vTaskSuspendAll
 3710              	.LVL248:
ARM GAS  /tmp/ccbSDz7D.s 			page 179


2620:Middlewares/Third_Party/FreeRTOS/Source/tasks.c **** 	xYieldRequired = xTaskResumeAll();
 3711              		.loc 1 2620 2 view .LVU1067
2620:Middlewares/Third_Party/FreeRTOS/Source/tasks.c **** 	xYieldRequired = xTaskResumeAll();
 3712              		.loc 1 2620 15 is_stmt 0 view .LVU1068
 3713 0020 044A     		ldr	r2, .L293+4
 3714 0022 1368     		ldr	r3, [r2]
 3715 0024 2344     		add	r3, r3, r4
 3716 0026 1360     		str	r3, [r2]
2621:Middlewares/Third_Party/FreeRTOS/Source/tasks.c **** 
 3717              		.loc 1 2621 2 is_stmt 1 view .LVU1069
2621:Middlewares/Third_Party/FreeRTOS/Source/tasks.c **** 
 3718              		.loc 1 2621 19 is_stmt 0 view .LVU1070
 3719 0028 FFF7FEFF 		bl	xTaskResumeAll
 3720              	.LVL249:
2623:Middlewares/Third_Party/FreeRTOS/Source/tasks.c **** }
 3721              		.loc 1 2623 2 is_stmt 1 view .LVU1071
2624:Middlewares/Third_Party/FreeRTOS/Source/tasks.c **** /*----------------------------------------------------------*/
 3722              		.loc 1 2624 1 is_stmt 0 view .LVU1072
 3723 002c 10BD     		pop	{r4, pc}
 3724              	.LVL250:
 3725              	.L294:
2624:Middlewares/Third_Party/FreeRTOS/Source/tasks.c **** /*----------------------------------------------------------*/
 3726              		.loc 1 2624 1 view .LVU1073
 3727 002e 00BF     		.align	2
 3728              	.L293:
 3729 0030 00000000 		.word	uxSchedulerSuspended
 3730 0034 00000000 		.word	xPendedTicks
 3731              		.cfi_endproc
 3732              	.LFE28:
 3734              		.section	.text.vTaskSwitchContext,"ax",%progbits
 3735              		.align	1
 3736              		.global	vTaskSwitchContext
 3737              		.syntax unified
 3738              		.thumb
 3739              		.thumb_func
 3741              	vTaskSwitchContext:
 3742              	.LFB30:
2990:Middlewares/Third_Party/FreeRTOS/Source/tasks.c **** 	if( uxSchedulerSuspended != ( UBaseType_t ) pdFALSE )
 3743              		.loc 1 2990 1 is_stmt 1 view -0
 3744              		.cfi_startproc
 3745              		@ args = 0, pretend = 0, frame = 0
 3746              		@ frame_needed = 0, uses_anonymous_args = 0
 3747              		@ link register save eliminated.
2991:Middlewares/Third_Party/FreeRTOS/Source/tasks.c **** 	{
 3748              		.loc 1 2991 2 view .LVU1075
2991:Middlewares/Third_Party/FreeRTOS/Source/tasks.c **** 	{
 3749              		.loc 1 2991 27 is_stmt 0 view .LVU1076
 3750 0000 204B     		ldr	r3, .L306
 3751 0002 1B68     		ldr	r3, [r3]
2991:Middlewares/Third_Party/FreeRTOS/Source/tasks.c **** 	{
 3752              		.loc 1 2991 4 view .LVU1077
 3753 0004 1BB1     		cbz	r3, .L296
2995:Middlewares/Third_Party/FreeRTOS/Source/tasks.c **** 	}
 3754              		.loc 1 2995 3 is_stmt 1 view .LVU1078
2995:Middlewares/Third_Party/FreeRTOS/Source/tasks.c **** 	}
 3755              		.loc 1 2995 17 is_stmt 0 view .LVU1079
 3756 0006 204B     		ldr	r3, .L306+4
ARM GAS  /tmp/ccbSDz7D.s 			page 180


 3757 0008 0122     		movs	r2, #1
 3758 000a 1A60     		str	r2, [r3]
 3759 000c 7047     		bx	lr
 3760              	.L296:
2999:Middlewares/Third_Party/FreeRTOS/Source/tasks.c **** 		traceTASK_SWITCHED_OUT();
 3761              		.loc 1 2999 3 is_stmt 1 view .LVU1080
2999:Middlewares/Third_Party/FreeRTOS/Source/tasks.c **** 		traceTASK_SWITCHED_OUT();
 3762              		.loc 1 2999 17 is_stmt 0 view .LVU1081
 3763 000e 1E4B     		ldr	r3, .L306+4
 3764 0010 0022     		movs	r2, #0
 3765 0012 1A60     		str	r2, [r3]
3000:Middlewares/Third_Party/FreeRTOS/Source/tasks.c **** 
 3766              		.loc 1 3000 27 is_stmt 1 view .LVU1082
3030:Middlewares/Third_Party/FreeRTOS/Source/tasks.c **** 
 3767              		.loc 1 3030 33 view .LVU1083
 3768              	.LBB187:
3041:Middlewares/Third_Party/FreeRTOS/Source/tasks.c **** 		traceTASK_SWITCHED_IN();
 3769              		.loc 1 3041 3 view .LVU1084
 3770 0014 1D4B     		ldr	r3, .L306+8
 3771 0016 1B68     		ldr	r3, [r3]
 3772              	.LVL251:
3041:Middlewares/Third_Party/FreeRTOS/Source/tasks.c **** 		traceTASK_SWITCHED_IN();
 3773              		.loc 1 3041 3 view .LVU1085
 3774              	.L298:
3041:Middlewares/Third_Party/FreeRTOS/Source/tasks.c **** 		traceTASK_SWITCHED_IN();
 3775              		.loc 1 3041 3 discriminator 4 view .LVU1086
 3776 0018 03EB8301 		add	r1, r3, r3, lsl #2
 3777 001c 8A00     		lsls	r2, r1, #2
 3778 001e 1C49     		ldr	r1, .L306+12
 3779 0020 8A58     		ldr	r2, [r1, r2]
 3780 0022 5AB9     		cbnz	r2, .L303
3041:Middlewares/Third_Party/FreeRTOS/Source/tasks.c **** 		traceTASK_SWITCHED_IN();
 3781              		.loc 1 3041 3 discriminator 5 view .LVU1087
 3782 0024 0BB1     		cbz	r3, .L304
3041:Middlewares/Third_Party/FreeRTOS/Source/tasks.c **** 		traceTASK_SWITCHED_IN();
 3783              		.loc 1 3041 3 discriminator 3 view .LVU1088
3041:Middlewares/Third_Party/FreeRTOS/Source/tasks.c **** 		traceTASK_SWITCHED_IN();
 3784              		.loc 1 3041 3 discriminator 3 view .LVU1089
 3785 0026 013B     		subs	r3, r3, #1
 3786              	.LVL252:
3041:Middlewares/Third_Party/FreeRTOS/Source/tasks.c **** 		traceTASK_SWITCHED_IN();
 3787              		.loc 1 3041 3 is_stmt 0 discriminator 3 view .LVU1090
 3788 0028 F6E7     		b	.L298
 3789              	.LVL253:
 3790              	.L304:
3041:Middlewares/Third_Party/FreeRTOS/Source/tasks.c **** 		traceTASK_SWITCHED_IN();
 3791              		.loc 1 3041 3 is_stmt 1 discriminator 2 view .LVU1091
 3792              	.LBB188:
 3793              	.LBI188:
 191:Middlewares/Third_Party/FreeRTOS/Source/portable/GCC/ARM_CM4F/portmacro.h **** {
 3794              		.loc 2 191 30 view .LVU1092
 3795              	.LBB189:
 193:Middlewares/Third_Party/FreeRTOS/Source/portable/GCC/ARM_CM4F/portmacro.h **** 
 3796              		.loc 2 193 1 view .LVU1093
 195:Middlewares/Third_Party/FreeRTOS/Source/portable/GCC/ARM_CM4F/portmacro.h **** 	(
 3797              		.loc 2 195 2 view .LVU1094
 3798              		.syntax unified
ARM GAS  /tmp/ccbSDz7D.s 			page 181


 3799              	@ 195 "Middlewares/Third_Party/FreeRTOS/Source/portable/GCC/ARM_CM4F/portmacro.h" 1
 3800 002a 4FF05003 			mov r3, #80												
 3801 002e 83F31188 		msr basepri, r3											
 3802 0032 BFF36F8F 		isb														
 3803 0036 BFF34F8F 		dsb														
 3804              	
 3805              	@ 0 "" 2
 3806              	.LVL254:
 3807              		.thumb
 3808              		.syntax unified
 3809              	.L300:
 195:Middlewares/Third_Party/FreeRTOS/Source/portable/GCC/ARM_CM4F/portmacro.h **** 	(
 3810              		.loc 2 195 2 is_stmt 0 view .LVU1095
 3811              	.LBE189:
 3812              	.LBE188:
3041:Middlewares/Third_Party/FreeRTOS/Source/tasks.c **** 		traceTASK_SWITCHED_IN();
 3813              		.loc 1 3041 3 is_stmt 1 view .LVU1096
3041:Middlewares/Third_Party/FreeRTOS/Source/tasks.c **** 		traceTASK_SWITCHED_IN();
 3814              		.loc 1 3041 3 view .LVU1097
 3815 003a FEE7     		b	.L300
 3816              	.LVL255:
 3817              	.L303:
 3818              	.LBB190:
3041:Middlewares/Third_Party/FreeRTOS/Source/tasks.c **** 		traceTASK_SWITCHED_IN();
 3819              		.loc 1 3041 3 discriminator 6 view .LVU1098
3041:Middlewares/Third_Party/FreeRTOS/Source/tasks.c **** 		traceTASK_SWITCHED_IN();
 3820              		.loc 1 3041 3 view .LVU1099
3041:Middlewares/Third_Party/FreeRTOS/Source/tasks.c **** 		traceTASK_SWITCHED_IN();
 3821              		.loc 1 3041 3 is_stmt 0 discriminator 6 view .LVU1100
 3822 003c 0846     		mov	r0, r1
 3823 003e 03EB8301 		add	r1, r3, r3, lsl #2
 3824 0042 8A00     		lsls	r2, r1, #2
 3825 0044 0244     		add	r2, r2, r0
 3826 0046 5168     		ldr	r1, [r2, #4]
 3827 0048 4968     		ldr	r1, [r1, #4]
 3828 004a 5160     		str	r1, [r2, #4]
3041:Middlewares/Third_Party/FreeRTOS/Source/tasks.c **** 		traceTASK_SWITCHED_IN();
 3829              		.loc 1 3041 3 is_stmt 1 view .LVU1101
3041:Middlewares/Third_Party/FreeRTOS/Source/tasks.c **** 		traceTASK_SWITCHED_IN();
 3830              		.loc 1 3041 3 is_stmt 0 discriminator 6 view .LVU1102
 3831 004c 03EB830C 		add	ip, r3, r3, lsl #2
 3832 0050 4FEA8C02 		lsl	r2, ip, #2
 3833 0054 0832     		adds	r2, r2, #8
 3834 0056 0244     		add	r2, r2, r0
 3835 0058 9142     		cmp	r1, r2
 3836 005a 0BD0     		beq	.L305
 3837              	.L302:
3041:Middlewares/Third_Party/FreeRTOS/Source/tasks.c **** 		traceTASK_SWITCHED_IN();
 3838              		.loc 1 3041 3 is_stmt 1 discriminator 9 view .LVU1103
 3839 005c 03EB8302 		add	r2, r3, r3, lsl #2
 3840 0060 9100     		lsls	r1, r2, #2
 3841 0062 0B4A     		ldr	r2, .L306+12
 3842 0064 0A44     		add	r2, r2, r1
 3843 0066 5268     		ldr	r2, [r2, #4]
 3844 0068 D168     		ldr	r1, [r2, #12]
 3845 006a 0A4A     		ldr	r2, .L306+16
 3846 006c 1160     		str	r1, [r2]
ARM GAS  /tmp/ccbSDz7D.s 			page 182


 3847              	.LBE190:
3041:Middlewares/Third_Party/FreeRTOS/Source/tasks.c **** 		traceTASK_SWITCHED_IN();
 3848              		.loc 1 3041 3 view .LVU1104
3041:Middlewares/Third_Party/FreeRTOS/Source/tasks.c **** 		traceTASK_SWITCHED_IN();
 3849              		.loc 1 3041 3 view .LVU1105
3041:Middlewares/Third_Party/FreeRTOS/Source/tasks.c **** 		traceTASK_SWITCHED_IN();
 3850              		.loc 1 3041 3 is_stmt 0 discriminator 9 view .LVU1106
 3851 006e 074A     		ldr	r2, .L306+8
 3852 0070 1360     		str	r3, [r2]
 3853              	.LBE187:
3041:Middlewares/Third_Party/FreeRTOS/Source/tasks.c **** 		traceTASK_SWITCHED_IN();
 3854              		.loc 1 3041 37 is_stmt 1 view .LVU1107
3042:Middlewares/Third_Party/FreeRTOS/Source/tasks.c **** 
 3855              		.loc 1 3042 26 view .LVU1108
3061:Middlewares/Third_Party/FreeRTOS/Source/tasks.c **** /*-----------------------------------------------------------*/
 3856              		.loc 1 3061 1 is_stmt 0 view .LVU1109
 3857 0072 7047     		bx	lr
 3858              	.L305:
 3859              	.LBB192:
 3860              	.LBB191:
3041:Middlewares/Third_Party/FreeRTOS/Source/tasks.c **** 		traceTASK_SWITCHED_IN();
 3861              		.loc 1 3041 3 is_stmt 1 discriminator 7 view .LVU1110
 3862 0074 4868     		ldr	r0, [r1, #4]
 3863 0076 6246     		mov	r2, ip
 3864 0078 9100     		lsls	r1, r2, #2
 3865 007a 054A     		ldr	r2, .L306+12
 3866 007c 0A44     		add	r2, r2, r1
 3867 007e 5060     		str	r0, [r2, #4]
 3868 0080 ECE7     		b	.L302
 3869              	.L307:
 3870 0082 00BF     		.align	2
 3871              	.L306:
 3872 0084 00000000 		.word	uxSchedulerSuspended
 3873 0088 00000000 		.word	xYieldPending
 3874 008c 00000000 		.word	uxTopReadyPriority
 3875 0090 00000000 		.word	pxReadyTasksLists
 3876 0094 00000000 		.word	pxCurrentTCB
 3877              	.LBE191:
 3878              	.LBE192:
 3879              		.cfi_endproc
 3880              	.LFE30:
 3882              		.section	.text.vTaskSuspend,"ax",%progbits
 3883              		.align	1
 3884              		.global	vTaskSuspend
 3885              		.syntax unified
 3886              		.thumb
 3887              		.thumb_func
 3889              	vTaskSuspend:
 3890              	.LVL256:
 3891              	.LFB15:
1705:Middlewares/Third_Party/FreeRTOS/Source/tasks.c **** 	TCB_t *pxTCB;
 3892              		.loc 1 1705 2 view -0
 3893              		.cfi_startproc
 3894              		@ args = 0, pretend = 0, frame = 0
 3895              		@ frame_needed = 0, uses_anonymous_args = 0
1705:Middlewares/Third_Party/FreeRTOS/Source/tasks.c **** 	TCB_t *pxTCB;
 3896              		.loc 1 1705 2 is_stmt 0 view .LVU1112
ARM GAS  /tmp/ccbSDz7D.s 			page 183


 3897 0000 38B5     		push	{r3, r4, r5, lr}
 3898              	.LCFI32:
 3899              		.cfi_def_cfa_offset 16
 3900              		.cfi_offset 3, -16
 3901              		.cfi_offset 4, -12
 3902              		.cfi_offset 5, -8
 3903              		.cfi_offset 14, -4
 3904 0002 0446     		mov	r4, r0
1706:Middlewares/Third_Party/FreeRTOS/Source/tasks.c **** 
 3905              		.loc 1 1706 2 is_stmt 1 view .LVU1113
1708:Middlewares/Third_Party/FreeRTOS/Source/tasks.c **** 		{
 3906              		.loc 1 1708 3 view .LVU1114
 3907 0004 FFF7FEFF 		bl	vPortEnterCritical
 3908              	.LVL257:
1712:Middlewares/Third_Party/FreeRTOS/Source/tasks.c **** 
 3909              		.loc 1 1712 4 view .LVU1115
1712:Middlewares/Third_Party/FreeRTOS/Source/tasks.c **** 
 3910              		.loc 1 1712 12 is_stmt 0 view .LVU1116
 3911 0008 DCB1     		cbz	r4, .L319
 3912              	.LVL258:
 3913              	.L309:
1714:Middlewares/Third_Party/FreeRTOS/Source/tasks.c **** 
 3914              		.loc 1 1714 30 is_stmt 1 view .LVU1117
1718:Middlewares/Third_Party/FreeRTOS/Source/tasks.c **** 			{
 3915              		.loc 1 1718 4 view .LVU1118
1718:Middlewares/Third_Party/FreeRTOS/Source/tasks.c **** 			{
 3916              		.loc 1 1718 22 is_stmt 0 view .LVU1119
 3917 000a 251D     		adds	r5, r4, #4
1718:Middlewares/Third_Party/FreeRTOS/Source/tasks.c **** 			{
 3918              		.loc 1 1718 8 view .LVU1120
 3919 000c 2846     		mov	r0, r5
 3920 000e FFF7FEFF 		bl	uxListRemove
 3921              	.LVL259:
1720:Middlewares/Third_Party/FreeRTOS/Source/tasks.c **** 			}
 3922              		.loc 1 1720 50 is_stmt 1 view .LVU1121
1724:Middlewares/Third_Party/FreeRTOS/Source/tasks.c **** 			}
 3923              		.loc 1 1724 29 view .LVU1122
1728:Middlewares/Third_Party/FreeRTOS/Source/tasks.c **** 			{
 3924              		.loc 1 1728 4 view .LVU1123
1728:Middlewares/Third_Party/FreeRTOS/Source/tasks.c **** 			{
 3925              		.loc 1 1728 8 is_stmt 0 view .LVU1124
 3926 0012 A36A     		ldr	r3, [r4, #40]
1728:Middlewares/Third_Party/FreeRTOS/Source/tasks.c **** 			{
 3927              		.loc 1 1728 6 view .LVU1125
 3928 0014 1BB1     		cbz	r3, .L310
1730:Middlewares/Third_Party/FreeRTOS/Source/tasks.c **** 			}
 3929              		.loc 1 1730 5 is_stmt 1 view .LVU1126
1730:Middlewares/Third_Party/FreeRTOS/Source/tasks.c **** 			}
 3930              		.loc 1 1730 14 is_stmt 0 view .LVU1127
 3931 0016 04F11800 		add	r0, r4, #24
 3932 001a FFF7FEFF 		bl	uxListRemove
 3933              	.LVL260:
 3934              	.L310:
1734:Middlewares/Third_Party/FreeRTOS/Source/tasks.c **** 			}
 3935              		.loc 1 1734 29 is_stmt 1 view .LVU1128
1737:Middlewares/Third_Party/FreeRTOS/Source/tasks.c **** 
 3936              		.loc 1 1737 4 view .LVU1129
ARM GAS  /tmp/ccbSDz7D.s 			page 184


 3937 001e 2946     		mov	r1, r5
 3938 0020 2248     		ldr	r0, .L323
 3939 0022 FFF7FEFF 		bl	vListInsertEnd
 3940              	.LVL261:
1741:Middlewares/Third_Party/FreeRTOS/Source/tasks.c **** 				{
 3941              		.loc 1 1741 5 view .LVU1130
1741:Middlewares/Third_Party/FreeRTOS/Source/tasks.c **** 				{
 3942              		.loc 1 1741 14 is_stmt 0 view .LVU1131
 3943 0026 94F85830 		ldrb	r3, [r4, #88]	@ zero_extendqisi2
1741:Middlewares/Third_Party/FreeRTOS/Source/tasks.c **** 				{
 3944              		.loc 1 1741 7 view .LVU1132
 3945 002a 012B     		cmp	r3, #1
 3946 002c 0CD0     		beq	.L320
 3947              	.L311:
1750:Middlewares/Third_Party/FreeRTOS/Source/tasks.c **** 
 3948              		.loc 1 1750 3 is_stmt 1 view .LVU1133
 3949 002e FFF7FEFF 		bl	vPortExitCritical
 3950              	.LVL262:
1752:Middlewares/Third_Party/FreeRTOS/Source/tasks.c **** 		{
 3951              		.loc 1 1752 3 view .LVU1134
1752:Middlewares/Third_Party/FreeRTOS/Source/tasks.c **** 		{
 3952              		.loc 1 1752 25 is_stmt 0 view .LVU1135
 3953 0032 1F4B     		ldr	r3, .L323+4
 3954 0034 1B68     		ldr	r3, [r3]
1752:Middlewares/Third_Party/FreeRTOS/Source/tasks.c **** 		{
 3955              		.loc 1 1752 5 view .LVU1136
 3956 0036 5BB9     		cbnz	r3, .L321
 3957              	.L312:
1764:Middlewares/Third_Party/FreeRTOS/Source/tasks.c **** 		}
 3958              		.loc 1 1764 28 is_stmt 1 view .LVU1137
1767:Middlewares/Third_Party/FreeRTOS/Source/tasks.c **** 		{
 3959              		.loc 1 1767 3 view .LVU1138
1767:Middlewares/Third_Party/FreeRTOS/Source/tasks.c **** 		{
 3960              		.loc 1 1767 13 is_stmt 0 view .LVU1139
 3961 0038 1E4B     		ldr	r3, .L323+8
 3962 003a 1B68     		ldr	r3, [r3]
1767:Middlewares/Third_Party/FreeRTOS/Source/tasks.c **** 		{
 3963              		.loc 1 1767 5 view .LVU1140
 3964 003c A342     		cmp	r3, r4
 3965 003e 0ED0     		beq	.L322
 3966              	.L308:
1798:Middlewares/Third_Party/FreeRTOS/Source/tasks.c **** 
 3967              		.loc 1 1798 2 view .LVU1141
 3968 0040 38BD     		pop	{r3, r4, r5, pc}
 3969              	.LVL263:
 3970              	.L319:
1712:Middlewares/Third_Party/FreeRTOS/Source/tasks.c **** 
 3971              		.loc 1 1712 12 discriminator 1 view .LVU1142
 3972 0042 1C4B     		ldr	r3, .L323+8
 3973 0044 1C68     		ldr	r4, [r3]
 3974              	.LVL264:
1712:Middlewares/Third_Party/FreeRTOS/Source/tasks.c **** 
 3975              		.loc 1 1712 12 discriminator 1 view .LVU1143
 3976 0046 E0E7     		b	.L309
 3977              	.LVL265:
 3978              	.L320:
1745:Middlewares/Third_Party/FreeRTOS/Source/tasks.c **** 				}
ARM GAS  /tmp/ccbSDz7D.s 			page 185


 3979              		.loc 1 1745 6 is_stmt 1 view .LVU1144
1745:Middlewares/Third_Party/FreeRTOS/Source/tasks.c **** 				}
 3980              		.loc 1 1745 27 is_stmt 0 view .LVU1145
 3981 0048 0023     		movs	r3, #0
 3982 004a 84F85830 		strb	r3, [r4, #88]
 3983 004e EEE7     		b	.L311
 3984              	.L321:
1756:Middlewares/Third_Party/FreeRTOS/Source/tasks.c **** 			{
 3985              		.loc 1 1756 4 is_stmt 1 view .LVU1146
 3986 0050 FFF7FEFF 		bl	vPortEnterCritical
 3987              	.LVL266:
1758:Middlewares/Third_Party/FreeRTOS/Source/tasks.c **** 			}
 3988              		.loc 1 1758 5 view .LVU1147
 3989 0054 FFF7FEFF 		bl	prvResetNextTaskUnblockTime
 3990              	.LVL267:
1760:Middlewares/Third_Party/FreeRTOS/Source/tasks.c **** 		}
 3991              		.loc 1 1760 4 view .LVU1148
 3992 0058 FFF7FEFF 		bl	vPortExitCritical
 3993              	.LVL268:
 3994 005c ECE7     		b	.L312
 3995              	.L322:
1769:Middlewares/Third_Party/FreeRTOS/Source/tasks.c **** 			{
 3996              		.loc 1 1769 4 view .LVU1149
1769:Middlewares/Third_Party/FreeRTOS/Source/tasks.c **** 			{
 3997              		.loc 1 1769 26 is_stmt 0 view .LVU1150
 3998 005e 144B     		ldr	r3, .L323+4
 3999 0060 1B68     		ldr	r3, [r3]
1769:Middlewares/Third_Party/FreeRTOS/Source/tasks.c **** 			{
 4000              		.loc 1 1769 6 view .LVU1151
 4001 0062 B3B1     		cbz	r3, .L314
1772:Middlewares/Third_Party/FreeRTOS/Source/tasks.c **** 				portYIELD_WITHIN_API();
 4002              		.loc 1 1772 5 is_stmt 1 view .LVU1152
 4003 0064 144B     		ldr	r3, .L323+12
 4004 0066 1B68     		ldr	r3, [r3]
 4005 0068 43B1     		cbz	r3, .L315
1772:Middlewares/Third_Party/FreeRTOS/Source/tasks.c **** 				portYIELD_WITHIN_API();
 4006              		.loc 1 1772 5 discriminator 1 view .LVU1153
 4007              	.LBB193:
 4008              	.LBI193:
 191:Middlewares/Third_Party/FreeRTOS/Source/portable/GCC/ARM_CM4F/portmacro.h **** {
 4009              		.loc 2 191 30 view .LVU1154
 4010              	.LBB194:
 193:Middlewares/Third_Party/FreeRTOS/Source/portable/GCC/ARM_CM4F/portmacro.h **** 
 4011              		.loc 2 193 1 view .LVU1155
 195:Middlewares/Third_Party/FreeRTOS/Source/portable/GCC/ARM_CM4F/portmacro.h **** 	(
 4012              		.loc 2 195 2 view .LVU1156
 4013              		.syntax unified
 4014              	@ 195 "Middlewares/Third_Party/FreeRTOS/Source/portable/GCC/ARM_CM4F/portmacro.h" 1
 4015 006a 4FF05003 			mov r3, #80												
 4016 006e 83F31188 		msr basepri, r3											
 4017 0072 BFF36F8F 		isb														
 4018 0076 BFF34F8F 		dsb														
 4019              	
 4020              	@ 0 "" 2
 4021              		.thumb
 4022              		.syntax unified
 4023              	.L316:
ARM GAS  /tmp/ccbSDz7D.s 			page 186


 4024              	.LBE194:
 4025              	.LBE193:
1772:Middlewares/Third_Party/FreeRTOS/Source/tasks.c **** 				portYIELD_WITHIN_API();
 4026              		.loc 1 1772 5 view .LVU1157
1772:Middlewares/Third_Party/FreeRTOS/Source/tasks.c **** 				portYIELD_WITHIN_API();
 4027              		.loc 1 1772 5 view .LVU1158
 4028 007a FEE7     		b	.L316
 4029              	.L315:
1772:Middlewares/Third_Party/FreeRTOS/Source/tasks.c **** 				portYIELD_WITHIN_API();
 4030              		.loc 1 1772 46 view .LVU1159
1773:Middlewares/Third_Party/FreeRTOS/Source/tasks.c **** 			}
 4031              		.loc 1 1773 5 view .LVU1160
 4032 007c 4FF0E023 		mov	r3, #-536813568
 4033 0080 4FF08052 		mov	r2, #268435456
 4034 0084 C3F8042D 		str	r2, [r3, #3332]
1773:Middlewares/Third_Party/FreeRTOS/Source/tasks.c **** 			}
 4035              		.loc 1 1773 5 view .LVU1161
 4036              		.syntax unified
 4037              	@ 1773 "Middlewares/Third_Party/FreeRTOS/Source/tasks.c" 1
 4038 0088 BFF34F8F 		dsb
 4039              	@ 0 "" 2
1773:Middlewares/Third_Party/FreeRTOS/Source/tasks.c **** 			}
 4040              		.loc 1 1773 5 view .LVU1162
 4041              	@ 1773 "Middlewares/Third_Party/FreeRTOS/Source/tasks.c" 1
 4042 008c BFF36F8F 		isb
 4043              	@ 0 "" 2
1773:Middlewares/Third_Party/FreeRTOS/Source/tasks.c **** 			}
 4044              		.loc 1 1773 27 view .LVU1163
 4045              		.thumb
 4046              		.syntax unified
 4047 0090 D6E7     		b	.L308
 4048              	.L314:
1780:Middlewares/Third_Party/FreeRTOS/Source/tasks.c **** 				{
 4049              		.loc 1 1780 5 view .LVU1164
1780:Middlewares/Third_Party/FreeRTOS/Source/tasks.c **** 				{
 4050              		.loc 1 1780 9 is_stmt 0 view .LVU1165
 4051 0092 064B     		ldr	r3, .L323
 4052 0094 1A68     		ldr	r2, [r3]
1780:Middlewares/Third_Party/FreeRTOS/Source/tasks.c **** 				{
 4053              		.loc 1 1780 56 view .LVU1166
 4054 0096 094B     		ldr	r3, .L323+16
 4055 0098 1B68     		ldr	r3, [r3]
1780:Middlewares/Third_Party/FreeRTOS/Source/tasks.c **** 				{
 4056              		.loc 1 1780 7 view .LVU1167
 4057 009a 9A42     		cmp	r2, r3
 4058 009c 03D1     		bne	.L317
1786:Middlewares/Third_Party/FreeRTOS/Source/tasks.c **** 				}
 4059              		.loc 1 1786 6 is_stmt 1 view .LVU1168
1786:Middlewares/Third_Party/FreeRTOS/Source/tasks.c **** 				}
 4060              		.loc 1 1786 19 is_stmt 0 view .LVU1169
 4061 009e 054B     		ldr	r3, .L323+8
 4062 00a0 0022     		movs	r2, #0
 4063 00a2 1A60     		str	r2, [r3]
 4064 00a4 CCE7     		b	.L308
 4065              	.L317:
1790:Middlewares/Third_Party/FreeRTOS/Source/tasks.c **** 				}
 4066              		.loc 1 1790 6 is_stmt 1 view .LVU1170
ARM GAS  /tmp/ccbSDz7D.s 			page 187


 4067 00a6 FFF7FEFF 		bl	vTaskSwitchContext
 4068              	.LVL269:
1796:Middlewares/Third_Party/FreeRTOS/Source/tasks.c **** 		}
 4069              		.loc 1 1796 28 view .LVU1171
1798:Middlewares/Third_Party/FreeRTOS/Source/tasks.c **** 
 4070              		.loc 1 1798 2 is_stmt 0 view .LVU1172
 4071 00aa C9E7     		b	.L308
 4072              	.L324:
 4073              		.align	2
 4074              	.L323:
 4075 00ac 00000000 		.word	xSuspendedTaskList
 4076 00b0 00000000 		.word	xSchedulerRunning
 4077 00b4 00000000 		.word	pxCurrentTCB
 4078 00b8 00000000 		.word	uxSchedulerSuspended
 4079 00bc 00000000 		.word	uxCurrentNumberOfTasks
 4080              		.cfi_endproc
 4081              	.LFE15:
 4083              		.section	.text.vTaskPlaceOnEventList,"ax",%progbits
 4084              		.align	1
 4085              		.global	vTaskPlaceOnEventList
 4086              		.syntax unified
 4087              		.thumb
 4088              		.thumb_func
 4090              	vTaskPlaceOnEventList:
 4091              	.LVL270:
 4092              	.LFB31:
3065:Middlewares/Third_Party/FreeRTOS/Source/tasks.c **** 	configASSERT( pxEventList );
 4093              		.loc 1 3065 1 is_stmt 1 view -0
 4094              		.cfi_startproc
 4095              		@ args = 0, pretend = 0, frame = 0
 4096              		@ frame_needed = 0, uses_anonymous_args = 0
3066:Middlewares/Third_Party/FreeRTOS/Source/tasks.c **** 
 4097              		.loc 1 3066 2 view .LVU1174
 4098 0000 58B1     		cbz	r0, .L330
3065:Middlewares/Third_Party/FreeRTOS/Source/tasks.c **** 	configASSERT( pxEventList );
 4099              		.loc 1 3065 1 is_stmt 0 view .LVU1175
 4100 0002 10B5     		push	{r4, lr}
 4101              	.LCFI33:
 4102              		.cfi_def_cfa_offset 8
 4103              		.cfi_offset 4, -8
 4104              		.cfi_offset 14, -4
 4105 0004 0C46     		mov	r4, r1
3066:Middlewares/Third_Party/FreeRTOS/Source/tasks.c **** 
 4106              		.loc 1 3066 29 is_stmt 1 view .LVU1176
3075:Middlewares/Third_Party/FreeRTOS/Source/tasks.c **** 
 4107              		.loc 1 3075 2 view .LVU1177
3075:Middlewares/Third_Party/FreeRTOS/Source/tasks.c **** 
 4108              		.loc 1 3075 43 is_stmt 0 view .LVU1178
 4109 0006 094A     		ldr	r2, .L331
 4110 0008 1168     		ldr	r1, [r2]
 4111              	.LVL271:
3075:Middlewares/Third_Party/FreeRTOS/Source/tasks.c **** 
 4112              		.loc 1 3075 2 view .LVU1179
 4113 000a 1831     		adds	r1, r1, #24
 4114 000c FFF7FEFF 		bl	vListInsert
 4115              	.LVL272:
3077:Middlewares/Third_Party/FreeRTOS/Source/tasks.c **** }
ARM GAS  /tmp/ccbSDz7D.s 			page 188


 4116              		.loc 1 3077 2 is_stmt 1 view .LVU1180
 4117 0010 0121     		movs	r1, #1
 4118 0012 2046     		mov	r0, r4
 4119 0014 FFF7FEFF 		bl	prvAddCurrentTaskToDelayedList
 4120              	.LVL273:
3078:Middlewares/Third_Party/FreeRTOS/Source/tasks.c **** /*-----------------------------------------------------------*/
 4121              		.loc 1 3078 1 is_stmt 0 view .LVU1181
 4122 0018 10BD     		pop	{r4, pc}
 4123              	.LVL274:
 4124              	.L330:
 4125              	.LCFI34:
 4126              		.cfi_def_cfa_offset 0
 4127              		.cfi_restore 4
 4128              		.cfi_restore 14
3066:Middlewares/Third_Party/FreeRTOS/Source/tasks.c **** 
 4129              		.loc 1 3066 2 is_stmt 1 discriminator 1 view .LVU1182
 4130              	.LBB195:
 4131              	.LBI195:
 191:Middlewares/Third_Party/FreeRTOS/Source/portable/GCC/ARM_CM4F/portmacro.h **** {
 4132              		.loc 2 191 30 view .LVU1183
 4133              	.LBB196:
 193:Middlewares/Third_Party/FreeRTOS/Source/portable/GCC/ARM_CM4F/portmacro.h **** 
 4134              		.loc 2 193 1 view .LVU1184
 195:Middlewares/Third_Party/FreeRTOS/Source/portable/GCC/ARM_CM4F/portmacro.h **** 	(
 4135              		.loc 2 195 2 view .LVU1185
 4136              		.syntax unified
 4137              	@ 195 "Middlewares/Third_Party/FreeRTOS/Source/portable/GCC/ARM_CM4F/portmacro.h" 1
 4138 001a 4FF05003 			mov r3, #80												
 4139 001e 83F31188 		msr basepri, r3											
 4140 0022 BFF36F8F 		isb														
 4141 0026 BFF34F8F 		dsb														
 4142              	
 4143              	@ 0 "" 2
 4144              		.thumb
 4145              		.syntax unified
 4146              	.L327:
 4147              	.LBE196:
 4148              	.LBE195:
3066:Middlewares/Third_Party/FreeRTOS/Source/tasks.c **** 
 4149              		.loc 1 3066 2 view .LVU1186
3066:Middlewares/Third_Party/FreeRTOS/Source/tasks.c **** 
 4150              		.loc 1 3066 2 view .LVU1187
 4151 002a FEE7     		b	.L327
 4152              	.L332:
 4153              		.align	2
 4154              	.L331:
 4155 002c 00000000 		.word	pxCurrentTCB
 4156              		.cfi_endproc
 4157              	.LFE31:
 4159              		.section	.text.vTaskPlaceOnUnorderedEventList,"ax",%progbits
 4160              		.align	1
 4161              		.global	vTaskPlaceOnUnorderedEventList
 4162              		.syntax unified
 4163              		.thumb
 4164              		.thumb_func
 4166              	vTaskPlaceOnUnorderedEventList:
 4167              	.LVL275:
ARM GAS  /tmp/ccbSDz7D.s 			page 189


 4168              	.LFB32:
3082:Middlewares/Third_Party/FreeRTOS/Source/tasks.c **** 	configASSERT( pxEventList );
 4169              		.loc 1 3082 1 view -0
 4170              		.cfi_startproc
 4171              		@ args = 0, pretend = 0, frame = 0
 4172              		@ frame_needed = 0, uses_anonymous_args = 0
3083:Middlewares/Third_Party/FreeRTOS/Source/tasks.c **** 
 4173              		.loc 1 3083 2 view .LVU1189
 4174 0000 70B1     		cbz	r0, .L340
3082:Middlewares/Third_Party/FreeRTOS/Source/tasks.c **** 	configASSERT( pxEventList );
 4175              		.loc 1 3082 1 is_stmt 0 view .LVU1190
 4176 0002 10B5     		push	{r4, lr}
 4177              	.LCFI35:
 4178              		.cfi_def_cfa_offset 8
 4179              		.cfi_offset 4, -8
 4180              		.cfi_offset 14, -4
 4181 0004 1446     		mov	r4, r2
 4182 0006 0246     		mov	r2, r0
 4183              	.LVL276:
3083:Middlewares/Third_Party/FreeRTOS/Source/tasks.c **** 
 4184              		.loc 1 3083 29 is_stmt 1 view .LVU1191
3087:Middlewares/Third_Party/FreeRTOS/Source/tasks.c **** 
 4185              		.loc 1 3087 2 view .LVU1192
 4186 0008 114B     		ldr	r3, .L341
 4187 000a 1B68     		ldr	r3, [r3]
 4188 000c 8BB9     		cbnz	r3, .L336
3087:Middlewares/Third_Party/FreeRTOS/Source/tasks.c **** 
 4189              		.loc 1 3087 2 discriminator 1 view .LVU1193
 4190              	.LBB197:
 4191              	.LBI197:
 191:Middlewares/Third_Party/FreeRTOS/Source/portable/GCC/ARM_CM4F/portmacro.h **** {
 4192              		.loc 2 191 30 view .LVU1194
 4193              	.LBB198:
 193:Middlewares/Third_Party/FreeRTOS/Source/portable/GCC/ARM_CM4F/portmacro.h **** 
 4194              		.loc 2 193 1 view .LVU1195
 195:Middlewares/Third_Party/FreeRTOS/Source/portable/GCC/ARM_CM4F/portmacro.h **** 	(
 4195              		.loc 2 195 2 view .LVU1196
 4196              		.syntax unified
 4197              	@ 195 "Middlewares/Third_Party/FreeRTOS/Source/portable/GCC/ARM_CM4F/portmacro.h" 1
 4198 000e 4FF05003 			mov r3, #80												
 4199 0012 83F31188 		msr basepri, r3											
 4200 0016 BFF36F8F 		isb														
 4201 001a BFF34F8F 		dsb														
 4202              	
 4203              	@ 0 "" 2
 4204              		.thumb
 4205              		.syntax unified
 4206              	.L337:
 4207              	.LBE198:
 4208              	.LBE197:
3087:Middlewares/Third_Party/FreeRTOS/Source/tasks.c **** 
 4209              		.loc 1 3087 2 view .LVU1197
3087:Middlewares/Third_Party/FreeRTOS/Source/tasks.c **** 
 4210              		.loc 1 3087 2 view .LVU1198
 4211 001e FEE7     		b	.L337
 4212              	.LVL277:
 4213              	.L340:
ARM GAS  /tmp/ccbSDz7D.s 			page 190


 4214              	.LCFI36:
 4215              		.cfi_def_cfa_offset 0
 4216              		.cfi_restore 4
 4217              		.cfi_restore 14
3083:Middlewares/Third_Party/FreeRTOS/Source/tasks.c **** 
 4218              		.loc 1 3083 2 discriminator 1 view .LVU1199
 4219              	.LBB199:
 4220              	.LBI199:
 191:Middlewares/Third_Party/FreeRTOS/Source/portable/GCC/ARM_CM4F/portmacro.h **** {
 4221              		.loc 2 191 30 view .LVU1200
 4222              	.LBB200:
 193:Middlewares/Third_Party/FreeRTOS/Source/portable/GCC/ARM_CM4F/portmacro.h **** 
 4223              		.loc 2 193 1 view .LVU1201
 195:Middlewares/Third_Party/FreeRTOS/Source/portable/GCC/ARM_CM4F/portmacro.h **** 	(
 4224              		.loc 2 195 2 view .LVU1202
 4225              		.syntax unified
 4226              	@ 195 "Middlewares/Third_Party/FreeRTOS/Source/portable/GCC/ARM_CM4F/portmacro.h" 1
 4227 0020 4FF05003 			mov r3, #80												
 4228 0024 83F31188 		msr basepri, r3											
 4229 0028 BFF36F8F 		isb														
 4230 002c BFF34F8F 		dsb														
 4231              	
 4232              	@ 0 "" 2
 4233              		.thumb
 4234              		.syntax unified
 4235              	.L335:
 4236              	.LBE200:
 4237              	.LBE199:
3083:Middlewares/Third_Party/FreeRTOS/Source/tasks.c **** 
 4238              		.loc 1 3083 2 view .LVU1203
3083:Middlewares/Third_Party/FreeRTOS/Source/tasks.c **** 
 4239              		.loc 1 3083 2 view .LVU1204
 4240 0030 FEE7     		b	.L335
 4241              	.LVL278:
 4242              	.L336:
 4243              	.LCFI37:
 4244              		.cfi_def_cfa_offset 8
 4245              		.cfi_offset 4, -8
 4246              		.cfi_offset 14, -4
3087:Middlewares/Third_Party/FreeRTOS/Source/tasks.c **** 
 4247              		.loc 1 3087 43 view .LVU1205
3092:Middlewares/Third_Party/FreeRTOS/Source/tasks.c **** 
 4248              		.loc 1 3092 2 view .LVU1206
 4249 0032 084B     		ldr	r3, .L341+4
 4250 0034 1868     		ldr	r0, [r3]
 4251              	.LVL279:
3092:Middlewares/Third_Party/FreeRTOS/Source/tasks.c **** 
 4252              		.loc 1 3092 2 is_stmt 0 view .LVU1207
 4253 0036 41F00041 		orr	r1, r1, #-2147483648
 4254              	.LVL280:
3092:Middlewares/Third_Party/FreeRTOS/Source/tasks.c **** 
 4255              		.loc 1 3092 2 view .LVU1208
 4256 003a 8161     		str	r1, [r0, #24]
3099:Middlewares/Third_Party/FreeRTOS/Source/tasks.c **** 
 4257              		.loc 1 3099 2 is_stmt 1 view .LVU1209
3099:Middlewares/Third_Party/FreeRTOS/Source/tasks.c **** 
 4258              		.loc 1 3099 46 is_stmt 0 view .LVU1210
ARM GAS  /tmp/ccbSDz7D.s 			page 191


 4259 003c 1968     		ldr	r1, [r3]
3099:Middlewares/Third_Party/FreeRTOS/Source/tasks.c **** 
 4260              		.loc 1 3099 2 view .LVU1211
 4261 003e 1831     		adds	r1, r1, #24
 4262 0040 1046     		mov	r0, r2
 4263 0042 FFF7FEFF 		bl	vListInsertEnd
 4264              	.LVL281:
3101:Middlewares/Third_Party/FreeRTOS/Source/tasks.c **** }
 4265              		.loc 1 3101 2 is_stmt 1 view .LVU1212
 4266 0046 0121     		movs	r1, #1
 4267 0048 2046     		mov	r0, r4
 4268 004a FFF7FEFF 		bl	prvAddCurrentTaskToDelayedList
 4269              	.LVL282:
3102:Middlewares/Third_Party/FreeRTOS/Source/tasks.c **** /*-----------------------------------------------------------*/
 4270              		.loc 1 3102 1 is_stmt 0 view .LVU1213
 4271 004e 10BD     		pop	{r4, pc}
 4272              	.LVL283:
 4273              	.L342:
3102:Middlewares/Third_Party/FreeRTOS/Source/tasks.c **** /*-----------------------------------------------------------*/
 4274              		.loc 1 3102 1 view .LVU1214
 4275              		.align	2
 4276              	.L341:
 4277 0050 00000000 		.word	uxSchedulerSuspended
 4278 0054 00000000 		.word	pxCurrentTCB
 4279              		.cfi_endproc
 4280              	.LFE32:
 4282              		.section	.text.vTaskPlaceOnEventListRestricted,"ax",%progbits
 4283              		.align	1
 4284              		.global	vTaskPlaceOnEventListRestricted
 4285              		.syntax unified
 4286              		.thumb
 4287              		.thumb_func
 4289              	vTaskPlaceOnEventListRestricted:
 4290              	.LVL284:
 4291              	.LFB33:
3108:Middlewares/Third_Party/FreeRTOS/Source/tasks.c **** 		configASSERT( pxEventList );
 4292              		.loc 1 3108 2 is_stmt 1 view -0
 4293              		.cfi_startproc
 4294              		@ args = 0, pretend = 0, frame = 0
 4295              		@ frame_needed = 0, uses_anonymous_args = 0
3108:Middlewares/Third_Party/FreeRTOS/Source/tasks.c **** 		configASSERT( pxEventList );
 4296              		.loc 1 3108 2 is_stmt 0 view .LVU1216
 4297 0000 38B5     		push	{r3, r4, r5, lr}
 4298              	.LCFI38:
 4299              		.cfi_def_cfa_offset 16
 4300              		.cfi_offset 3, -16
 4301              		.cfi_offset 4, -12
 4302              		.cfi_offset 5, -8
 4303              		.cfi_offset 14, -4
3109:Middlewares/Third_Party/FreeRTOS/Source/tasks.c **** 
 4304              		.loc 1 3109 3 is_stmt 1 view .LVU1217
 4305 0002 70B1     		cbz	r0, .L349
 4306 0004 0D46     		mov	r5, r1
 4307 0006 1446     		mov	r4, r2
3109:Middlewares/Third_Party/FreeRTOS/Source/tasks.c **** 
 4308              		.loc 1 3109 30 view .LVU1218
3121:Middlewares/Third_Party/FreeRTOS/Source/tasks.c **** 
ARM GAS  /tmp/ccbSDz7D.s 			page 192


 4309              		.loc 1 3121 3 view .LVU1219
3121:Middlewares/Third_Party/FreeRTOS/Source/tasks.c **** 
 4310              		.loc 1 3121 47 is_stmt 0 view .LVU1220
 4311 0008 0A4A     		ldr	r2, .L350
 4312              	.LVL285:
3121:Middlewares/Third_Party/FreeRTOS/Source/tasks.c **** 
 4313              		.loc 1 3121 47 view .LVU1221
 4314 000a 1168     		ldr	r1, [r2]
 4315              	.LVL286:
3121:Middlewares/Third_Party/FreeRTOS/Source/tasks.c **** 
 4316              		.loc 1 3121 3 view .LVU1222
 4317 000c 1831     		adds	r1, r1, #24
 4318 000e FFF7FEFF 		bl	vListInsertEnd
 4319              	.LVL287:
3126:Middlewares/Third_Party/FreeRTOS/Source/tasks.c **** 		{
 4320              		.loc 1 3126 3 is_stmt 1 view .LVU1223
3126:Middlewares/Third_Party/FreeRTOS/Source/tasks.c **** 		{
 4321              		.loc 1 3126 5 is_stmt 0 view .LVU1224
 4322 0012 0CB1     		cbz	r4, .L346
3128:Middlewares/Third_Party/FreeRTOS/Source/tasks.c **** 		}
 4323              		.loc 1 3128 17 view .LVU1225
 4324 0014 4FF0FF35 		mov	r5, #-1
 4325              	.LVL288:
 4326              	.L346:
3131:Middlewares/Third_Party/FreeRTOS/Source/tasks.c **** 		prvAddCurrentTaskToDelayedList( xTicksToWait, xWaitIndefinitely );
 4327              		.loc 1 3131 57 is_stmt 1 view .LVU1226
3132:Middlewares/Third_Party/FreeRTOS/Source/tasks.c **** 	}
 4328              		.loc 1 3132 3 view .LVU1227
 4329 0018 2146     		mov	r1, r4
 4330 001a 2846     		mov	r0, r5
 4331 001c FFF7FEFF 		bl	prvAddCurrentTaskToDelayedList
 4332              	.LVL289:
3133:Middlewares/Third_Party/FreeRTOS/Source/tasks.c **** 
 4333              		.loc 1 3133 2 is_stmt 0 view .LVU1228
 4334 0020 38BD     		pop	{r3, r4, r5, pc}
 4335              	.LVL290:
 4336              	.L349:
3109:Middlewares/Third_Party/FreeRTOS/Source/tasks.c **** 
 4337              		.loc 1 3109 3 is_stmt 1 discriminator 1 view .LVU1229
 4338              	.LBB201:
 4339              	.LBI201:
 191:Middlewares/Third_Party/FreeRTOS/Source/portable/GCC/ARM_CM4F/portmacro.h **** {
 4340              		.loc 2 191 30 view .LVU1230
 4341              	.LBB202:
 193:Middlewares/Third_Party/FreeRTOS/Source/portable/GCC/ARM_CM4F/portmacro.h **** 
 4342              		.loc 2 193 1 view .LVU1231
 195:Middlewares/Third_Party/FreeRTOS/Source/portable/GCC/ARM_CM4F/portmacro.h **** 	(
 4343              		.loc 2 195 2 view .LVU1232
 4344              		.syntax unified
 4345              	@ 195 "Middlewares/Third_Party/FreeRTOS/Source/portable/GCC/ARM_CM4F/portmacro.h" 1
 4346 0022 4FF05003 			mov r3, #80												
 4347 0026 83F31188 		msr basepri, r3											
 4348 002a BFF36F8F 		isb														
 4349 002e BFF34F8F 		dsb														
 4350              	
 4351              	@ 0 "" 2
 4352              		.thumb
ARM GAS  /tmp/ccbSDz7D.s 			page 193


 4353              		.syntax unified
 4354              	.L345:
 4355              	.LBE202:
 4356              	.LBE201:
3109:Middlewares/Third_Party/FreeRTOS/Source/tasks.c **** 
 4357              		.loc 1 3109 3 view .LVU1233
3109:Middlewares/Third_Party/FreeRTOS/Source/tasks.c **** 
 4358              		.loc 1 3109 3 view .LVU1234
 4359 0032 FEE7     		b	.L345
 4360              	.L351:
 4361              		.align	2
 4362              	.L350:
 4363 0034 00000000 		.word	pxCurrentTCB
 4364              		.cfi_endproc
 4365              	.LFE33:
 4367              		.section	.text.xTaskRemoveFromEventList,"ax",%progbits
 4368              		.align	1
 4369              		.global	xTaskRemoveFromEventList
 4370              		.syntax unified
 4371              		.thumb
 4372              		.thumb_func
 4374              	xTaskRemoveFromEventList:
 4375              	.LVL291:
 4376              	.LFB34:
3139:Middlewares/Third_Party/FreeRTOS/Source/tasks.c **** TCB_t *pxUnblockedTCB;
 4377              		.loc 1 3139 1 view -0
 4378              		.cfi_startproc
 4379              		@ args = 0, pretend = 0, frame = 0
 4380              		@ frame_needed = 0, uses_anonymous_args = 0
3139:Middlewares/Third_Party/FreeRTOS/Source/tasks.c **** TCB_t *pxUnblockedTCB;
 4381              		.loc 1 3139 1 is_stmt 0 view .LVU1236
 4382 0000 38B5     		push	{r3, r4, r5, lr}
 4383              	.LCFI39:
 4384              		.cfi_def_cfa_offset 16
 4385              		.cfi_offset 3, -16
 4386              		.cfi_offset 4, -12
 4387              		.cfi_offset 5, -8
 4388              		.cfi_offset 14, -4
3140:Middlewares/Third_Party/FreeRTOS/Source/tasks.c **** BaseType_t xReturn;
 4389              		.loc 1 3140 1 is_stmt 1 view .LVU1237
3141:Middlewares/Third_Party/FreeRTOS/Source/tasks.c **** 
 4390              		.loc 1 3141 1 view .LVU1238
3156:Middlewares/Third_Party/FreeRTOS/Source/tasks.c **** 	configASSERT( pxUnblockedTCB );
 4391              		.loc 1 3156 2 view .LVU1239
3156:Middlewares/Third_Party/FreeRTOS/Source/tasks.c **** 	configASSERT( pxUnblockedTCB );
 4392              		.loc 1 3156 19 is_stmt 0 view .LVU1240
 4393 0002 C368     		ldr	r3, [r0, #12]
3156:Middlewares/Third_Party/FreeRTOS/Source/tasks.c **** 	configASSERT( pxUnblockedTCB );
 4394              		.loc 1 3156 17 view .LVU1241
 4395 0004 DC68     		ldr	r4, [r3, #12]
 4396              	.LVL292:
3157:Middlewares/Third_Party/FreeRTOS/Source/tasks.c **** 	( void ) uxListRemove( &( pxUnblockedTCB->xEventListItem ) );
 4397              		.loc 1 3157 2 is_stmt 1 view .LVU1242
 4398 0006 24B3     		cbz	r4, .L361
3157:Middlewares/Third_Party/FreeRTOS/Source/tasks.c **** 	( void ) uxListRemove( &( pxUnblockedTCB->xEventListItem ) );
 4399              		.loc 1 3157 32 view .LVU1243
3158:Middlewares/Third_Party/FreeRTOS/Source/tasks.c **** 
ARM GAS  /tmp/ccbSDz7D.s 			page 194


 4400              		.loc 1 3158 2 view .LVU1244
3158:Middlewares/Third_Party/FreeRTOS/Source/tasks.c **** 
 4401              		.loc 1 3158 25 is_stmt 0 view .LVU1245
 4402 0008 04F11805 		add	r5, r4, #24
3158:Middlewares/Third_Party/FreeRTOS/Source/tasks.c **** 
 4403              		.loc 1 3158 11 view .LVU1246
 4404 000c 2846     		mov	r0, r5
 4405              	.LVL293:
3158:Middlewares/Third_Party/FreeRTOS/Source/tasks.c **** 
 4406              		.loc 1 3158 11 view .LVU1247
 4407 000e FFF7FEFF 		bl	uxListRemove
 4408              	.LVL294:
3160:Middlewares/Third_Party/FreeRTOS/Source/tasks.c **** 	{
 4409              		.loc 1 3160 2 is_stmt 1 view .LVU1248
3160:Middlewares/Third_Party/FreeRTOS/Source/tasks.c **** 	{
 4410              		.loc 1 3160 27 is_stmt 0 view .LVU1249
 4411 0012 184B     		ldr	r3, .L362
 4412 0014 1B68     		ldr	r3, [r3]
3160:Middlewares/Third_Party/FreeRTOS/Source/tasks.c **** 	{
 4413              		.loc 1 3160 4 view .LVU1250
 4414 0016 2BBB     		cbnz	r3, .L355
3162:Middlewares/Third_Party/FreeRTOS/Source/tasks.c **** 		prvAddTaskToReadyList( pxUnblockedTCB );
 4415              		.loc 1 3162 3 is_stmt 1 view .LVU1251
3162:Middlewares/Third_Party/FreeRTOS/Source/tasks.c **** 		prvAddTaskToReadyList( pxUnblockedTCB );
 4416              		.loc 1 3162 26 is_stmt 0 view .LVU1252
 4417 0018 251D     		adds	r5, r4, #4
3162:Middlewares/Third_Party/FreeRTOS/Source/tasks.c **** 		prvAddTaskToReadyList( pxUnblockedTCB );
 4418              		.loc 1 3162 12 view .LVU1253
 4419 001a 2846     		mov	r0, r5
 4420 001c FFF7FEFF 		bl	uxListRemove
 4421              	.LVL295:
3163:Middlewares/Third_Party/FreeRTOS/Source/tasks.c **** 
 4422              		.loc 1 3163 3 is_stmt 1 view .LVU1254
3163:Middlewares/Third_Party/FreeRTOS/Source/tasks.c **** 
 4423              		.loc 1 3163 3 view .LVU1255
 4424 0020 E06A     		ldr	r0, [r4, #44]
 4425 0022 154B     		ldr	r3, .L362+4
 4426 0024 1B68     		ldr	r3, [r3]
 4427 0026 9842     		cmp	r0, r3
 4428 0028 01D9     		bls	.L356
3163:Middlewares/Third_Party/FreeRTOS/Source/tasks.c **** 
 4429              		.loc 1 3163 3 discriminator 1 view .LVU1256
 4430 002a 134B     		ldr	r3, .L362+4
 4431 002c 1860     		str	r0, [r3]
 4432              	.L356:
3163:Middlewares/Third_Party/FreeRTOS/Source/tasks.c **** 
 4433              		.loc 1 3163 3 discriminator 3 view .LVU1257
3163:Middlewares/Third_Party/FreeRTOS/Source/tasks.c **** 
 4434              		.loc 1 3163 3 discriminator 3 view .LVU1258
 4435 002e 00EB8000 		add	r0, r0, r0, lsl #2
 4436 0032 2946     		mov	r1, r5
 4437 0034 114B     		ldr	r3, .L362+8
 4438 0036 03EB8000 		add	r0, r3, r0, lsl #2
 4439 003a FFF7FEFF 		bl	vListInsertEnd
 4440              	.LVL296:
3163:Middlewares/Third_Party/FreeRTOS/Source/tasks.c **** 
 4441              		.loc 1 3163 42 discriminator 1 view .LVU1259
ARM GAS  /tmp/ccbSDz7D.s 			page 195


 4442              	.L357:
3186:Middlewares/Third_Party/FreeRTOS/Source/tasks.c **** 	{
 4443              		.loc 1 3186 2 view .LVU1260
3186:Middlewares/Third_Party/FreeRTOS/Source/tasks.c **** 	{
 4444              		.loc 1 3186 20 is_stmt 0 view .LVU1261
 4445 003e E26A     		ldr	r2, [r4, #44]
3186:Middlewares/Third_Party/FreeRTOS/Source/tasks.c **** 	{
 4446              		.loc 1 3186 47 view .LVU1262
 4447 0040 0F4B     		ldr	r3, .L362+12
 4448 0042 1B68     		ldr	r3, [r3]
 4449 0044 DB6A     		ldr	r3, [r3, #44]
3186:Middlewares/Third_Party/FreeRTOS/Source/tasks.c **** 	{
 4450              		.loc 1 3186 4 view .LVU1263
 4451 0046 9A42     		cmp	r2, r3
 4452 0048 11D9     		bls	.L359
3191:Middlewares/Third_Party/FreeRTOS/Source/tasks.c **** 
 4453              		.loc 1 3191 3 is_stmt 1 view .LVU1264
 4454              	.LVL297:
3195:Middlewares/Third_Party/FreeRTOS/Source/tasks.c **** 	}
 4455              		.loc 1 3195 3 view .LVU1265
3195:Middlewares/Third_Party/FreeRTOS/Source/tasks.c **** 	}
 4456              		.loc 1 3195 17 is_stmt 0 view .LVU1266
 4457 004a 0120     		movs	r0, #1
 4458 004c 0D4B     		ldr	r3, .L362+16
 4459 004e 1860     		str	r0, [r3]
 4460              	.LVL298:
 4461              	.L352:
3203:Middlewares/Third_Party/FreeRTOS/Source/tasks.c **** /*-----------------------------------------------------------*/
 4462              		.loc 1 3203 1 view .LVU1267
 4463 0050 38BD     		pop	{r3, r4, r5, pc}
 4464              	.LVL299:
 4465              	.L361:
3157:Middlewares/Third_Party/FreeRTOS/Source/tasks.c **** 	( void ) uxListRemove( &( pxUnblockedTCB->xEventListItem ) );
 4466              		.loc 1 3157 2 is_stmt 1 discriminator 1 view .LVU1268
 4467              	.LBB203:
 4468              	.LBI203:
 191:Middlewares/Third_Party/FreeRTOS/Source/portable/GCC/ARM_CM4F/portmacro.h **** {
 4469              		.loc 2 191 30 view .LVU1269
 4470              	.LBB204:
 193:Middlewares/Third_Party/FreeRTOS/Source/portable/GCC/ARM_CM4F/portmacro.h **** 
 4471              		.loc 2 193 1 view .LVU1270
 195:Middlewares/Third_Party/FreeRTOS/Source/portable/GCC/ARM_CM4F/portmacro.h **** 	(
 4472              		.loc 2 195 2 view .LVU1271
 4473              		.syntax unified
 4474              	@ 195 "Middlewares/Third_Party/FreeRTOS/Source/portable/GCC/ARM_CM4F/portmacro.h" 1
 4475 0052 4FF05003 			mov r3, #80												
 4476 0056 83F31188 		msr basepri, r3											
 4477 005a BFF36F8F 		isb														
 4478 005e BFF34F8F 		dsb														
 4479              	
 4480              	@ 0 "" 2
 4481              		.thumb
 4482              		.syntax unified
 4483              	.L354:
 4484              	.LBE204:
 4485              	.LBE203:
3157:Middlewares/Third_Party/FreeRTOS/Source/tasks.c **** 	( void ) uxListRemove( &( pxUnblockedTCB->xEventListItem ) );
ARM GAS  /tmp/ccbSDz7D.s 			page 196


 4486              		.loc 1 3157 2 view .LVU1272
3157:Middlewares/Third_Party/FreeRTOS/Source/tasks.c **** 	( void ) uxListRemove( &( pxUnblockedTCB->xEventListItem ) );
 4487              		.loc 1 3157 2 view .LVU1273
 4488 0062 FEE7     		b	.L354
 4489              	.LVL300:
 4490              	.L355:
3183:Middlewares/Third_Party/FreeRTOS/Source/tasks.c **** 	}
 4491              		.loc 1 3183 3 view .LVU1274
 4492 0064 2946     		mov	r1, r5
 4493 0066 0848     		ldr	r0, .L362+20
 4494 0068 FFF7FEFF 		bl	vListInsertEnd
 4495              	.LVL301:
 4496 006c E7E7     		b	.L357
 4497              	.L359:
3199:Middlewares/Third_Party/FreeRTOS/Source/tasks.c **** 	}
 4498              		.loc 1 3199 11 is_stmt 0 view .LVU1275
 4499 006e 0020     		movs	r0, #0
 4500              	.LVL302:
3202:Middlewares/Third_Party/FreeRTOS/Source/tasks.c **** }
 4501              		.loc 1 3202 2 is_stmt 1 view .LVU1276
3202:Middlewares/Third_Party/FreeRTOS/Source/tasks.c **** }
 4502              		.loc 1 3202 9 is_stmt 0 view .LVU1277
 4503 0070 EEE7     		b	.L352
 4504              	.L363:
 4505 0072 00BF     		.align	2
 4506              	.L362:
 4507 0074 00000000 		.word	uxSchedulerSuspended
 4508 0078 00000000 		.word	uxTopReadyPriority
 4509 007c 00000000 		.word	pxReadyTasksLists
 4510 0080 00000000 		.word	pxCurrentTCB
 4511 0084 00000000 		.word	xYieldPending
 4512 0088 00000000 		.word	xPendingReadyList
 4513              		.cfi_endproc
 4514              	.LFE34:
 4516              		.section	.text.vTaskRemoveFromUnorderedEventList,"ax",%progbits
 4517              		.align	1
 4518              		.global	vTaskRemoveFromUnorderedEventList
 4519              		.syntax unified
 4520              		.thumb
 4521              		.thumb_func
 4523              	vTaskRemoveFromUnorderedEventList:
 4524              	.LVL303:
 4525              	.LFB35:
3207:Middlewares/Third_Party/FreeRTOS/Source/tasks.c **** TCB_t *pxUnblockedTCB;
 4526              		.loc 1 3207 1 is_stmt 1 view -0
 4527              		.cfi_startproc
 4528              		@ args = 0, pretend = 0, frame = 0
 4529              		@ frame_needed = 0, uses_anonymous_args = 0
3207:Middlewares/Third_Party/FreeRTOS/Source/tasks.c **** TCB_t *pxUnblockedTCB;
 4530              		.loc 1 3207 1 is_stmt 0 view .LVU1279
 4531 0000 38B5     		push	{r3, r4, r5, lr}
 4532              	.LCFI40:
 4533              		.cfi_def_cfa_offset 16
 4534              		.cfi_offset 3, -16
 4535              		.cfi_offset 4, -12
 4536              		.cfi_offset 5, -8
 4537              		.cfi_offset 14, -4
ARM GAS  /tmp/ccbSDz7D.s 			page 197


3208:Middlewares/Third_Party/FreeRTOS/Source/tasks.c **** 
 4538              		.loc 1 3208 1 is_stmt 1 view .LVU1280
3212:Middlewares/Third_Party/FreeRTOS/Source/tasks.c **** 
 4539              		.loc 1 3212 2 view .LVU1281
 4540 0002 1C4B     		ldr	r3, .L373
 4541 0004 1B68     		ldr	r3, [r3]
 4542 0006 43B9     		cbnz	r3, .L365
3212:Middlewares/Third_Party/FreeRTOS/Source/tasks.c **** 
 4543              		.loc 1 3212 2 discriminator 1 view .LVU1282
 4544              	.LBB205:
 4545              	.LBI205:
 191:Middlewares/Third_Party/FreeRTOS/Source/portable/GCC/ARM_CM4F/portmacro.h **** {
 4546              		.loc 2 191 30 view .LVU1283
 4547              	.LBB206:
 193:Middlewares/Third_Party/FreeRTOS/Source/portable/GCC/ARM_CM4F/portmacro.h **** 
 4548              		.loc 2 193 1 view .LVU1284
 195:Middlewares/Third_Party/FreeRTOS/Source/portable/GCC/ARM_CM4F/portmacro.h **** 	(
 4549              		.loc 2 195 2 view .LVU1285
 4550              		.syntax unified
 4551              	@ 195 "Middlewares/Third_Party/FreeRTOS/Source/portable/GCC/ARM_CM4F/portmacro.h" 1
 4552 0008 4FF05003 			mov r3, #80												
 4553 000c 83F31188 		msr basepri, r3											
 4554 0010 BFF36F8F 		isb														
 4555 0014 BFF34F8F 		dsb														
 4556              	
 4557              	@ 0 "" 2
 4558              		.thumb
 4559              		.syntax unified
 4560              	.L366:
 4561              	.LBE206:
 4562              	.LBE205:
3212:Middlewares/Third_Party/FreeRTOS/Source/tasks.c **** 
 4563              		.loc 1 3212 2 view .LVU1286
3212:Middlewares/Third_Party/FreeRTOS/Source/tasks.c **** 
 4564              		.loc 1 3212 2 view .LVU1287
 4565 0018 FEE7     		b	.L366
 4566              	.L365:
3212:Middlewares/Third_Party/FreeRTOS/Source/tasks.c **** 
 4567              		.loc 1 3212 49 view .LVU1288
3215:Middlewares/Third_Party/FreeRTOS/Source/tasks.c **** 
 4568              		.loc 1 3215 2 view .LVU1289
 4569 001a 41F00041 		orr	r1, r1, #-2147483648
 4570              	.LVL304:
3215:Middlewares/Third_Party/FreeRTOS/Source/tasks.c **** 
 4571              		.loc 1 3215 2 is_stmt 0 view .LVU1290
 4572 001e 0160     		str	r1, [r0]
3219:Middlewares/Third_Party/FreeRTOS/Source/tasks.c **** 	configASSERT( pxUnblockedTCB );
 4573              		.loc 1 3219 2 is_stmt 1 view .LVU1291
3219:Middlewares/Third_Party/FreeRTOS/Source/tasks.c **** 	configASSERT( pxUnblockedTCB );
 4574              		.loc 1 3219 17 is_stmt 0 view .LVU1292
 4575 0020 C468     		ldr	r4, [r0, #12]
 4576              	.LVL305:
3220:Middlewares/Third_Party/FreeRTOS/Source/tasks.c **** 	( void ) uxListRemove( pxEventListItem );
 4577              		.loc 1 3220 2 is_stmt 1 view .LVU1293
 4578 0022 F4B1     		cbz	r4, .L372
3220:Middlewares/Third_Party/FreeRTOS/Source/tasks.c **** 	( void ) uxListRemove( pxEventListItem );
 4579              		.loc 1 3220 32 view .LVU1294
ARM GAS  /tmp/ccbSDz7D.s 			page 198


3221:Middlewares/Third_Party/FreeRTOS/Source/tasks.c **** 
 4580              		.loc 1 3221 2 view .LVU1295
3221:Middlewares/Third_Party/FreeRTOS/Source/tasks.c **** 
 4581              		.loc 1 3221 11 is_stmt 0 view .LVU1296
 4582 0024 FFF7FEFF 		bl	uxListRemove
 4583              	.LVL306:
3240:Middlewares/Third_Party/FreeRTOS/Source/tasks.c **** 	prvAddTaskToReadyList( pxUnblockedTCB );
 4584              		.loc 1 3240 2 is_stmt 1 view .LVU1297
3240:Middlewares/Third_Party/FreeRTOS/Source/tasks.c **** 	prvAddTaskToReadyList( pxUnblockedTCB );
 4585              		.loc 1 3240 25 is_stmt 0 view .LVU1298
 4586 0028 251D     		adds	r5, r4, #4
3240:Middlewares/Third_Party/FreeRTOS/Source/tasks.c **** 	prvAddTaskToReadyList( pxUnblockedTCB );
 4587              		.loc 1 3240 11 view .LVU1299
 4588 002a 2846     		mov	r0, r5
 4589 002c FFF7FEFF 		bl	uxListRemove
 4590              	.LVL307:
3241:Middlewares/Third_Party/FreeRTOS/Source/tasks.c **** 
 4591              		.loc 1 3241 2 is_stmt 1 view .LVU1300
3241:Middlewares/Third_Party/FreeRTOS/Source/tasks.c **** 
 4592              		.loc 1 3241 2 view .LVU1301
 4593 0030 E06A     		ldr	r0, [r4, #44]
 4594 0032 114B     		ldr	r3, .L373+4
 4595 0034 1B68     		ldr	r3, [r3]
 4596 0036 9842     		cmp	r0, r3
 4597 0038 01D9     		bls	.L369
3241:Middlewares/Third_Party/FreeRTOS/Source/tasks.c **** 
 4598              		.loc 1 3241 2 discriminator 1 view .LVU1302
 4599 003a 0F4B     		ldr	r3, .L373+4
 4600 003c 1860     		str	r0, [r3]
 4601              	.L369:
3241:Middlewares/Third_Party/FreeRTOS/Source/tasks.c **** 
 4602              		.loc 1 3241 2 discriminator 3 view .LVU1303
3241:Middlewares/Third_Party/FreeRTOS/Source/tasks.c **** 
 4603              		.loc 1 3241 2 discriminator 3 view .LVU1304
 4604 003e 00EB8000 		add	r0, r0, r0, lsl #2
 4605 0042 2946     		mov	r1, r5
 4606 0044 0D4B     		ldr	r3, .L373+8
 4607 0046 03EB8000 		add	r0, r3, r0, lsl #2
 4608 004a FFF7FEFF 		bl	vListInsertEnd
 4609              	.LVL308:
3241:Middlewares/Third_Party/FreeRTOS/Source/tasks.c **** 
 4610              		.loc 1 3241 41 discriminator 1 view .LVU1305
3243:Middlewares/Third_Party/FreeRTOS/Source/tasks.c **** 	{
 4611              		.loc 1 3243 2 view .LVU1306
3243:Middlewares/Third_Party/FreeRTOS/Source/tasks.c **** 	{
 4612              		.loc 1 3243 20 is_stmt 0 view .LVU1307
 4613 004e E26A     		ldr	r2, [r4, #44]
3243:Middlewares/Third_Party/FreeRTOS/Source/tasks.c **** 	{
 4614              		.loc 1 3243 47 view .LVU1308
 4615 0050 0B4B     		ldr	r3, .L373+12
 4616 0052 1B68     		ldr	r3, [r3]
 4617 0054 DB6A     		ldr	r3, [r3, #44]
3243:Middlewares/Third_Party/FreeRTOS/Source/tasks.c **** 	{
 4618              		.loc 1 3243 4 view .LVU1309
 4619 0056 9A42     		cmp	r2, r3
 4620 0058 02D9     		bls	.L364
3249:Middlewares/Third_Party/FreeRTOS/Source/tasks.c **** 	}
ARM GAS  /tmp/ccbSDz7D.s 			page 199


 4621              		.loc 1 3249 3 is_stmt 1 view .LVU1310
3249:Middlewares/Third_Party/FreeRTOS/Source/tasks.c **** 	}
 4622              		.loc 1 3249 17 is_stmt 0 view .LVU1311
 4623 005a 0A4B     		ldr	r3, .L373+16
 4624 005c 0122     		movs	r2, #1
 4625 005e 1A60     		str	r2, [r3]
 4626              	.L364:
3251:Middlewares/Third_Party/FreeRTOS/Source/tasks.c **** /*-----------------------------------------------------------*/
 4627              		.loc 1 3251 1 view .LVU1312
 4628 0060 38BD     		pop	{r3, r4, r5, pc}
 4629              	.LVL309:
 4630              	.L372:
3220:Middlewares/Third_Party/FreeRTOS/Source/tasks.c **** 	( void ) uxListRemove( pxEventListItem );
 4631              		.loc 1 3220 2 is_stmt 1 discriminator 1 view .LVU1313
 4632              	.LBB207:
 4633              	.LBI207:
 191:Middlewares/Third_Party/FreeRTOS/Source/portable/GCC/ARM_CM4F/portmacro.h **** {
 4634              		.loc 2 191 30 view .LVU1314
 4635              	.LBB208:
 193:Middlewares/Third_Party/FreeRTOS/Source/portable/GCC/ARM_CM4F/portmacro.h **** 
 4636              		.loc 2 193 1 view .LVU1315
 195:Middlewares/Third_Party/FreeRTOS/Source/portable/GCC/ARM_CM4F/portmacro.h **** 	(
 4637              		.loc 2 195 2 view .LVU1316
 4638              		.syntax unified
 4639              	@ 195 "Middlewares/Third_Party/FreeRTOS/Source/portable/GCC/ARM_CM4F/portmacro.h" 1
 4640 0062 4FF05003 			mov r3, #80												
 4641 0066 83F31188 		msr basepri, r3											
 4642 006a BFF36F8F 		isb														
 4643 006e BFF34F8F 		dsb														
 4644              	
 4645              	@ 0 "" 2
 4646              		.thumb
 4647              		.syntax unified
 4648              	.L368:
 4649              	.LBE208:
 4650              	.LBE207:
3220:Middlewares/Third_Party/FreeRTOS/Source/tasks.c **** 	( void ) uxListRemove( pxEventListItem );
 4651              		.loc 1 3220 2 view .LVU1317
3220:Middlewares/Third_Party/FreeRTOS/Source/tasks.c **** 	( void ) uxListRemove( pxEventListItem );
 4652              		.loc 1 3220 2 view .LVU1318
 4653 0072 FEE7     		b	.L368
 4654              	.L374:
 4655              		.align	2
 4656              	.L373:
 4657 0074 00000000 		.word	uxSchedulerSuspended
 4658 0078 00000000 		.word	uxTopReadyPriority
 4659 007c 00000000 		.word	pxReadyTasksLists
 4660 0080 00000000 		.word	pxCurrentTCB
 4661 0084 00000000 		.word	xYieldPending
 4662              		.cfi_endproc
 4663              	.LFE35:
 4665              		.section	.text.vTaskSetTimeOutState,"ax",%progbits
 4666              		.align	1
 4667              		.global	vTaskSetTimeOutState
 4668              		.syntax unified
 4669              		.thumb
 4670              		.thumb_func
ARM GAS  /tmp/ccbSDz7D.s 			page 200


 4672              	vTaskSetTimeOutState:
 4673              	.LVL310:
 4674              	.LFB36:
3255:Middlewares/Third_Party/FreeRTOS/Source/tasks.c **** 	configASSERT( pxTimeOut );
 4675              		.loc 1 3255 1 view -0
 4676              		.cfi_startproc
 4677              		@ args = 0, pretend = 0, frame = 0
 4678              		@ frame_needed = 0, uses_anonymous_args = 0
3256:Middlewares/Third_Party/FreeRTOS/Source/tasks.c **** 	taskENTER_CRITICAL();
 4679              		.loc 1 3256 2 view .LVU1320
 4680 0000 60B1     		cbz	r0, .L380
3255:Middlewares/Third_Party/FreeRTOS/Source/tasks.c **** 	configASSERT( pxTimeOut );
 4681              		.loc 1 3255 1 is_stmt 0 view .LVU1321
 4682 0002 10B5     		push	{r4, lr}
 4683              	.LCFI41:
 4684              		.cfi_def_cfa_offset 8
 4685              		.cfi_offset 4, -8
 4686              		.cfi_offset 14, -4
 4687 0004 0446     		mov	r4, r0
3256:Middlewares/Third_Party/FreeRTOS/Source/tasks.c **** 	taskENTER_CRITICAL();
 4688              		.loc 1 3256 27 is_stmt 1 view .LVU1322
3257:Middlewares/Third_Party/FreeRTOS/Source/tasks.c **** 	{
 4689              		.loc 1 3257 2 view .LVU1323
 4690 0006 FFF7FEFF 		bl	vPortEnterCritical
 4691              	.LVL311:
3259:Middlewares/Third_Party/FreeRTOS/Source/tasks.c **** 		pxTimeOut->xTimeOnEntering = xTickCount;
 4692              		.loc 1 3259 3 view .LVU1324
3259:Middlewares/Third_Party/FreeRTOS/Source/tasks.c **** 		pxTimeOut->xTimeOnEntering = xTickCount;
 4693              		.loc 1 3259 29 is_stmt 0 view .LVU1325
 4694 000a 094B     		ldr	r3, .L381
 4695 000c 1B68     		ldr	r3, [r3]
 4696 000e 2360     		str	r3, [r4]
3260:Middlewares/Third_Party/FreeRTOS/Source/tasks.c **** 	}
 4697              		.loc 1 3260 3 is_stmt 1 view .LVU1326
3260:Middlewares/Third_Party/FreeRTOS/Source/tasks.c **** 	}
 4698              		.loc 1 3260 30 is_stmt 0 view .LVU1327
 4699 0010 084B     		ldr	r3, .L381+4
 4700 0012 1B68     		ldr	r3, [r3]
 4701 0014 6360     		str	r3, [r4, #4]
3262:Middlewares/Third_Party/FreeRTOS/Source/tasks.c **** }
 4702              		.loc 1 3262 2 is_stmt 1 view .LVU1328
 4703 0016 FFF7FEFF 		bl	vPortExitCritical
 4704              	.LVL312:
3263:Middlewares/Third_Party/FreeRTOS/Source/tasks.c **** /*-----------------------------------------------------------*/
 4705              		.loc 1 3263 1 is_stmt 0 view .LVU1329
 4706 001a 10BD     		pop	{r4, pc}
 4707              	.LVL313:
 4708              	.L380:
 4709              	.LCFI42:
 4710              		.cfi_def_cfa_offset 0
 4711              		.cfi_restore 4
 4712              		.cfi_restore 14
3256:Middlewares/Third_Party/FreeRTOS/Source/tasks.c **** 	taskENTER_CRITICAL();
 4713              		.loc 1 3256 2 is_stmt 1 discriminator 1 view .LVU1330
 4714              	.LBB209:
 4715              	.LBI209:
 191:Middlewares/Third_Party/FreeRTOS/Source/portable/GCC/ARM_CM4F/portmacro.h **** {
ARM GAS  /tmp/ccbSDz7D.s 			page 201


 4716              		.loc 2 191 30 view .LVU1331
 4717              	.LBB210:
 193:Middlewares/Third_Party/FreeRTOS/Source/portable/GCC/ARM_CM4F/portmacro.h **** 
 4718              		.loc 2 193 1 view .LVU1332
 195:Middlewares/Third_Party/FreeRTOS/Source/portable/GCC/ARM_CM4F/portmacro.h **** 	(
 4719              		.loc 2 195 2 view .LVU1333
 4720              		.syntax unified
 4721              	@ 195 "Middlewares/Third_Party/FreeRTOS/Source/portable/GCC/ARM_CM4F/portmacro.h" 1
 4722 001c 4FF05003 			mov r3, #80												
 4723 0020 83F31188 		msr basepri, r3											
 4724 0024 BFF36F8F 		isb														
 4725 0028 BFF34F8F 		dsb														
 4726              	
 4727              	@ 0 "" 2
 4728              		.thumb
 4729              		.syntax unified
 4730              	.L377:
 4731              	.LBE210:
 4732              	.LBE209:
3256:Middlewares/Third_Party/FreeRTOS/Source/tasks.c **** 	taskENTER_CRITICAL();
 4733              		.loc 1 3256 2 view .LVU1334
3256:Middlewares/Third_Party/FreeRTOS/Source/tasks.c **** 	taskENTER_CRITICAL();
 4734              		.loc 1 3256 2 view .LVU1335
 4735 002c FEE7     		b	.L377
 4736              	.L382:
 4737 002e 00BF     		.align	2
 4738              	.L381:
 4739 0030 00000000 		.word	xNumOfOverflows
 4740 0034 00000000 		.word	xTickCount
 4741              		.cfi_endproc
 4742              	.LFE36:
 4744              		.section	.text.vTaskInternalSetTimeOutState,"ax",%progbits
 4745              		.align	1
 4746              		.global	vTaskInternalSetTimeOutState
 4747              		.syntax unified
 4748              		.thumb
 4749              		.thumb_func
 4751              	vTaskInternalSetTimeOutState:
 4752              	.LVL314:
 4753              	.LFB37:
3267:Middlewares/Third_Party/FreeRTOS/Source/tasks.c **** 	/* For internal use only as it does not use a critical section. */
 4754              		.loc 1 3267 1 view -0
 4755              		.cfi_startproc
 4756              		@ args = 0, pretend = 0, frame = 0
 4757              		@ frame_needed = 0, uses_anonymous_args = 0
 4758              		@ link register save eliminated.
3269:Middlewares/Third_Party/FreeRTOS/Source/tasks.c **** 	pxTimeOut->xTimeOnEntering = xTickCount;
 4759              		.loc 1 3269 2 view .LVU1337
3269:Middlewares/Third_Party/FreeRTOS/Source/tasks.c **** 	pxTimeOut->xTimeOnEntering = xTickCount;
 4760              		.loc 1 3269 28 is_stmt 0 view .LVU1338
 4761 0000 034B     		ldr	r3, .L384
 4762 0002 1B68     		ldr	r3, [r3]
 4763 0004 0360     		str	r3, [r0]
3270:Middlewares/Third_Party/FreeRTOS/Source/tasks.c **** }
 4764              		.loc 1 3270 2 is_stmt 1 view .LVU1339
3270:Middlewares/Third_Party/FreeRTOS/Source/tasks.c **** }
 4765              		.loc 1 3270 29 is_stmt 0 view .LVU1340
ARM GAS  /tmp/ccbSDz7D.s 			page 202


 4766 0006 034B     		ldr	r3, .L384+4
 4767 0008 1B68     		ldr	r3, [r3]
 4768 000a 4360     		str	r3, [r0, #4]
3271:Middlewares/Third_Party/FreeRTOS/Source/tasks.c **** /*-----------------------------------------------------------*/
 4769              		.loc 1 3271 1 view .LVU1341
 4770 000c 7047     		bx	lr
 4771              	.L385:
 4772 000e 00BF     		.align	2
 4773              	.L384:
 4774 0010 00000000 		.word	xNumOfOverflows
 4775 0014 00000000 		.word	xTickCount
 4776              		.cfi_endproc
 4777              	.LFE37:
 4779              		.section	.text.xTaskCheckForTimeOut,"ax",%progbits
 4780              		.align	1
 4781              		.global	xTaskCheckForTimeOut
 4782              		.syntax unified
 4783              		.thumb
 4784              		.thumb_func
 4786              	xTaskCheckForTimeOut:
 4787              	.LVL315:
 4788              	.LFB38:
3275:Middlewares/Third_Party/FreeRTOS/Source/tasks.c **** BaseType_t xReturn;
 4789              		.loc 1 3275 1 is_stmt 1 view -0
 4790              		.cfi_startproc
 4791              		@ args = 0, pretend = 0, frame = 0
 4792              		@ frame_needed = 0, uses_anonymous_args = 0
3276:Middlewares/Third_Party/FreeRTOS/Source/tasks.c **** 
 4793              		.loc 1 3276 1 view .LVU1343
3278:Middlewares/Third_Party/FreeRTOS/Source/tasks.c **** 	configASSERT( pxTicksToWait );
 4794              		.loc 1 3278 2 view .LVU1344
 4795 0000 E0B1     		cbz	r0, .L398
3275:Middlewares/Third_Party/FreeRTOS/Source/tasks.c **** BaseType_t xReturn;
 4796              		.loc 1 3275 1 is_stmt 0 view .LVU1345
 4797 0002 70B5     		push	{r4, r5, r6, lr}
 4798              	.LCFI43:
 4799              		.cfi_def_cfa_offset 16
 4800              		.cfi_offset 4, -16
 4801              		.cfi_offset 5, -12
 4802              		.cfi_offset 6, -8
 4803              		.cfi_offset 14, -4
 4804 0004 0C46     		mov	r4, r1
 4805 0006 0546     		mov	r5, r0
3278:Middlewares/Third_Party/FreeRTOS/Source/tasks.c **** 	configASSERT( pxTicksToWait );
 4806              		.loc 1 3278 27 is_stmt 1 view .LVU1346
3279:Middlewares/Third_Party/FreeRTOS/Source/tasks.c **** 
 4807              		.loc 1 3279 2 view .LVU1347
 4808 0008 09B3     		cbz	r1, .L399
3279:Middlewares/Third_Party/FreeRTOS/Source/tasks.c **** 
 4809              		.loc 1 3279 31 view .LVU1348
3281:Middlewares/Third_Party/FreeRTOS/Source/tasks.c **** 	{
 4810              		.loc 1 3281 2 view .LVU1349
 4811 000a FFF7FEFF 		bl	vPortEnterCritical
 4812              	.LVL316:
 4813              	.LBB211:
3284:Middlewares/Third_Party/FreeRTOS/Source/tasks.c **** 		const TickType_t xElapsedTime = xConstTickCount - pxTimeOut->xTimeOnEntering;
 4814              		.loc 1 3284 3 view .LVU1350
ARM GAS  /tmp/ccbSDz7D.s 			page 203


3284:Middlewares/Third_Party/FreeRTOS/Source/tasks.c **** 		const TickType_t xElapsedTime = xConstTickCount - pxTimeOut->xTimeOnEntering;
 4815              		.loc 1 3284 20 is_stmt 0 view .LVU1351
 4816 000e 1C4B     		ldr	r3, .L401
 4817 0010 1968     		ldr	r1, [r3]
 4818              	.LVL317:
3285:Middlewares/Third_Party/FreeRTOS/Source/tasks.c **** 
 4819              		.loc 1 3285 3 is_stmt 1 view .LVU1352
3285:Middlewares/Third_Party/FreeRTOS/Source/tasks.c **** 
 4820              		.loc 1 3285 62 is_stmt 0 view .LVU1353
 4821 0012 6B68     		ldr	r3, [r5, #4]
3285:Middlewares/Third_Party/FreeRTOS/Source/tasks.c **** 
 4822              		.loc 1 3285 20 view .LVU1354
 4823 0014 C81A     		subs	r0, r1, r3
 4824              	.LVL318:
3299:Middlewares/Third_Party/FreeRTOS/Source/tasks.c **** 			{
 4825              		.loc 1 3299 4 is_stmt 1 view .LVU1355
3299:Middlewares/Third_Party/FreeRTOS/Source/tasks.c **** 			{
 4826              		.loc 1 3299 8 is_stmt 0 view .LVU1356
 4827 0016 2268     		ldr	r2, [r4]
3299:Middlewares/Third_Party/FreeRTOS/Source/tasks.c **** 			{
 4828              		.loc 1 3299 6 view .LVU1357
 4829 0018 B2F1FF3F 		cmp	r2, #-1
 4830 001c 28D0     		beq	.L394
3309:Middlewares/Third_Party/FreeRTOS/Source/tasks.c **** 		{
 4831              		.loc 1 3309 3 is_stmt 1 view .LVU1358
3309:Middlewares/Third_Party/FreeRTOS/Source/tasks.c **** 		{
 4832              		.loc 1 3309 25 is_stmt 0 view .LVU1359
 4833 001e DFF864C0 		ldr	ip, .L401+4
 4834 0022 DCF800C0 		ldr	ip, [ip]
3309:Middlewares/Third_Party/FreeRTOS/Source/tasks.c **** 		{
 4835              		.loc 1 3309 5 view .LVU1360
 4836 0026 2E68     		ldr	r6, [r5]
 4837 0028 6645     		cmp	r6, ip
 4838 002a 01D0     		beq	.L392
3309:Middlewares/Third_Party/FreeRTOS/Source/tasks.c **** 		{
 4839              		.loc 1 3309 56 discriminator 1 view .LVU1361
 4840 002c 8B42     		cmp	r3, r1
 4841 002e 24D9     		bls	.L395
 4842              	.L392:
3318:Middlewares/Third_Party/FreeRTOS/Source/tasks.c **** 		{
 4843              		.loc 1 3318 8 is_stmt 1 view .LVU1362
3318:Middlewares/Third_Party/FreeRTOS/Source/tasks.c **** 		{
 4844              		.loc 1 3318 10 is_stmt 0 view .LVU1363
 4845 0030 8242     		cmp	r2, r0
 4846 0032 15D8     		bhi	.L400
3327:Middlewares/Third_Party/FreeRTOS/Source/tasks.c **** 			xReturn = pdTRUE;
 4847              		.loc 1 3327 4 is_stmt 1 view .LVU1364
3327:Middlewares/Third_Party/FreeRTOS/Source/tasks.c **** 			xReturn = pdTRUE;
 4848              		.loc 1 3327 19 is_stmt 0 view .LVU1365
 4849 0034 0023     		movs	r3, #0
 4850 0036 2360     		str	r3, [r4]
3328:Middlewares/Third_Party/FreeRTOS/Source/tasks.c **** 		}
 4851              		.loc 1 3328 4 is_stmt 1 view .LVU1366
 4852              	.LVL319:
3328:Middlewares/Third_Party/FreeRTOS/Source/tasks.c **** 		}
 4853              		.loc 1 3328 12 is_stmt 0 view .LVU1367
 4854 0038 0124     		movs	r4, #1
ARM GAS  /tmp/ccbSDz7D.s 			page 204


 4855              	.LVL320:
3328:Middlewares/Third_Party/FreeRTOS/Source/tasks.c **** 		}
 4856              		.loc 1 3328 12 view .LVU1368
 4857 003a 1AE0     		b	.L391
 4858              	.LVL321:
 4859              	.L398:
 4860              	.LCFI44:
 4861              		.cfi_def_cfa_offset 0
 4862              		.cfi_restore 4
 4863              		.cfi_restore 5
 4864              		.cfi_restore 6
 4865              		.cfi_restore 14
3328:Middlewares/Third_Party/FreeRTOS/Source/tasks.c **** 		}
 4866              		.loc 1 3328 12 view .LVU1369
 4867              	.LBE211:
3278:Middlewares/Third_Party/FreeRTOS/Source/tasks.c **** 	configASSERT( pxTicksToWait );
 4868              		.loc 1 3278 2 is_stmt 1 discriminator 1 view .LVU1370
 4869              	.LBB212:
 4870              	.LBI212:
 191:Middlewares/Third_Party/FreeRTOS/Source/portable/GCC/ARM_CM4F/portmacro.h **** {
 4871              		.loc 2 191 30 view .LVU1371
 4872              	.LBB213:
 193:Middlewares/Third_Party/FreeRTOS/Source/portable/GCC/ARM_CM4F/portmacro.h **** 
 4873              		.loc 2 193 1 view .LVU1372
 195:Middlewares/Third_Party/FreeRTOS/Source/portable/GCC/ARM_CM4F/portmacro.h **** 	(
 4874              		.loc 2 195 2 view .LVU1373
 4875              		.syntax unified
 4876              	@ 195 "Middlewares/Third_Party/FreeRTOS/Source/portable/GCC/ARM_CM4F/portmacro.h" 1
 4877 003c 4FF05003 			mov r3, #80												
 4878 0040 83F31188 		msr basepri, r3											
 4879 0044 BFF36F8F 		isb														
 4880 0048 BFF34F8F 		dsb														
 4881              	
 4882              	@ 0 "" 2
 4883              		.thumb
 4884              		.syntax unified
 4885              	.L388:
 4886              	.LBE213:
 4887              	.LBE212:
3278:Middlewares/Third_Party/FreeRTOS/Source/tasks.c **** 	configASSERT( pxTicksToWait );
 4888              		.loc 1 3278 2 view .LVU1374
3278:Middlewares/Third_Party/FreeRTOS/Source/tasks.c **** 	configASSERT( pxTicksToWait );
 4889              		.loc 1 3278 2 view .LVU1375
 4890 004c FEE7     		b	.L388
 4891              	.L399:
 4892              	.LCFI45:
 4893              		.cfi_def_cfa_offset 16
 4894              		.cfi_offset 4, -16
 4895              		.cfi_offset 5, -12
 4896              		.cfi_offset 6, -8
 4897              		.cfi_offset 14, -4
3279:Middlewares/Third_Party/FreeRTOS/Source/tasks.c **** 
 4898              		.loc 1 3279 2 discriminator 1 view .LVU1376
 4899              	.LBB214:
 4900              	.LBI214:
 191:Middlewares/Third_Party/FreeRTOS/Source/portable/GCC/ARM_CM4F/portmacro.h **** {
 4901              		.loc 2 191 30 view .LVU1377
ARM GAS  /tmp/ccbSDz7D.s 			page 205


 4902              	.LBB215:
 193:Middlewares/Third_Party/FreeRTOS/Source/portable/GCC/ARM_CM4F/portmacro.h **** 
 4903              		.loc 2 193 1 view .LVU1378
 195:Middlewares/Third_Party/FreeRTOS/Source/portable/GCC/ARM_CM4F/portmacro.h **** 	(
 4904              		.loc 2 195 2 view .LVU1379
 4905              		.syntax unified
 4906              	@ 195 "Middlewares/Third_Party/FreeRTOS/Source/portable/GCC/ARM_CM4F/portmacro.h" 1
 4907 004e 4FF05003 			mov r3, #80												
 4908 0052 83F31188 		msr basepri, r3											
 4909 0056 BFF36F8F 		isb														
 4910 005a BFF34F8F 		dsb														
 4911              	
 4912              	@ 0 "" 2
 4913              		.thumb
 4914              		.syntax unified
 4915              	.L390:
 4916              	.LBE215:
 4917              	.LBE214:
3279:Middlewares/Third_Party/FreeRTOS/Source/tasks.c **** 
 4918              		.loc 1 3279 2 view .LVU1380
3279:Middlewares/Third_Party/FreeRTOS/Source/tasks.c **** 
 4919              		.loc 1 3279 2 view .LVU1381
 4920 005e FEE7     		b	.L390
 4921              	.LVL322:
 4922              	.L400:
 4923              	.LBB216:
3321:Middlewares/Third_Party/FreeRTOS/Source/tasks.c **** 			vTaskInternalSetTimeOutState( pxTimeOut );
 4924              		.loc 1 3321 4 view .LVU1382
3321:Middlewares/Third_Party/FreeRTOS/Source/tasks.c **** 			vTaskInternalSetTimeOutState( pxTimeOut );
 4925              		.loc 1 3321 19 is_stmt 0 view .LVU1383
 4926 0060 5B1A     		subs	r3, r3, r1
 4927 0062 1344     		add	r3, r3, r2
 4928 0064 2360     		str	r3, [r4]
3322:Middlewares/Third_Party/FreeRTOS/Source/tasks.c **** 			xReturn = pdFALSE;
 4929              		.loc 1 3322 4 is_stmt 1 view .LVU1384
 4930 0066 2846     		mov	r0, r5
 4931              	.LVL323:
3322:Middlewares/Third_Party/FreeRTOS/Source/tasks.c **** 			xReturn = pdFALSE;
 4932              		.loc 1 3322 4 is_stmt 0 view .LVU1385
 4933 0068 FFF7FEFF 		bl	vTaskInternalSetTimeOutState
 4934              	.LVL324:
3323:Middlewares/Third_Party/FreeRTOS/Source/tasks.c **** 		}
 4935              		.loc 1 3323 4 is_stmt 1 view .LVU1386
3323:Middlewares/Third_Party/FreeRTOS/Source/tasks.c **** 		}
 4936              		.loc 1 3323 12 is_stmt 0 view .LVU1387
 4937 006c 0024     		movs	r4, #0
 4938              	.LVL325:
3323:Middlewares/Third_Party/FreeRTOS/Source/tasks.c **** 		}
 4939              		.loc 1 3323 12 view .LVU1388
 4940 006e 00E0     		b	.L391
 4941              	.LVL326:
 4942              	.L394:
3304:Middlewares/Third_Party/FreeRTOS/Source/tasks.c **** 			}
 4943              		.loc 1 3304 13 view .LVU1389
 4944 0070 0024     		movs	r4, #0
 4945              	.LVL327:
 4946              	.L391:
ARM GAS  /tmp/ccbSDz7D.s 			page 206


3304:Middlewares/Third_Party/FreeRTOS/Source/tasks.c **** 			}
 4947              		.loc 1 3304 13 view .LVU1390
 4948              	.LBE216:
3331:Middlewares/Third_Party/FreeRTOS/Source/tasks.c **** 
 4949              		.loc 1 3331 2 is_stmt 1 view .LVU1391
 4950 0072 FFF7FEFF 		bl	vPortExitCritical
 4951              	.LVL328:
3333:Middlewares/Third_Party/FreeRTOS/Source/tasks.c **** }
 4952              		.loc 1 3333 2 view .LVU1392
3334:Middlewares/Third_Party/FreeRTOS/Source/tasks.c **** /*-----------------------------------------------------------*/
 4953              		.loc 1 3334 1 is_stmt 0 view .LVU1393
 4954 0076 2046     		mov	r0, r4
 4955 0078 70BD     		pop	{r4, r5, r6, pc}
 4956              	.LVL329:
 4957              	.L395:
 4958              	.LBB217:
3316:Middlewares/Third_Party/FreeRTOS/Source/tasks.c **** 		}
 4959              		.loc 1 3316 12 view .LVU1394
 4960 007a 0124     		movs	r4, #1
 4961              	.LVL330:
3316:Middlewares/Third_Party/FreeRTOS/Source/tasks.c **** 		}
 4962              		.loc 1 3316 12 view .LVU1395
 4963 007c F9E7     		b	.L391
 4964              	.L402:
 4965 007e 00BF     		.align	2
 4966              	.L401:
 4967 0080 00000000 		.word	xTickCount
 4968 0084 00000000 		.word	xNumOfOverflows
 4969              	.LBE217:
 4970              		.cfi_endproc
 4971              	.LFE38:
 4973              		.section	.text.vTaskMissedYield,"ax",%progbits
 4974              		.align	1
 4975              		.global	vTaskMissedYield
 4976              		.syntax unified
 4977              		.thumb
 4978              		.thumb_func
 4980              	vTaskMissedYield:
 4981              	.LFB39:
3338:Middlewares/Third_Party/FreeRTOS/Source/tasks.c **** 	xYieldPending = pdTRUE;
 4982              		.loc 1 3338 1 is_stmt 1 view -0
 4983              		.cfi_startproc
 4984              		@ args = 0, pretend = 0, frame = 0
 4985              		@ frame_needed = 0, uses_anonymous_args = 0
 4986              		@ link register save eliminated.
3339:Middlewares/Third_Party/FreeRTOS/Source/tasks.c **** }
 4987              		.loc 1 3339 2 view .LVU1397
3339:Middlewares/Third_Party/FreeRTOS/Source/tasks.c **** }
 4988              		.loc 1 3339 16 is_stmt 0 view .LVU1398
 4989 0000 014B     		ldr	r3, .L404
 4990 0002 0122     		movs	r2, #1
 4991 0004 1A60     		str	r2, [r3]
3340:Middlewares/Third_Party/FreeRTOS/Source/tasks.c **** /*-----------------------------------------------------------*/
 4992              		.loc 1 3340 1 view .LVU1399
 4993 0006 7047     		bx	lr
 4994              	.L405:
 4995              		.align	2
ARM GAS  /tmp/ccbSDz7D.s 			page 207


 4996              	.L404:
 4997 0008 00000000 		.word	xYieldPending
 4998              		.cfi_endproc
 4999              	.LFE39:
 5001              		.section	.text.uxTaskGetTaskNumber,"ax",%progbits
 5002              		.align	1
 5003              		.global	uxTaskGetTaskNumber
 5004              		.syntax unified
 5005              		.thumb
 5006              		.thumb_func
 5008              	uxTaskGetTaskNumber:
 5009              	.LVL331:
 5010              	.LFB40:
3346:Middlewares/Third_Party/FreeRTOS/Source/tasks.c **** 	UBaseType_t uxReturn;
 5011              		.loc 1 3346 2 is_stmt 1 view -0
 5012              		.cfi_startproc
 5013              		@ args = 0, pretend = 0, frame = 0
 5014              		@ frame_needed = 0, uses_anonymous_args = 0
 5015              		@ link register save eliminated.
3347:Middlewares/Third_Party/FreeRTOS/Source/tasks.c **** 	TCB_t const *pxTCB;
 5016              		.loc 1 3347 2 view .LVU1401
3348:Middlewares/Third_Party/FreeRTOS/Source/tasks.c **** 
 5017              		.loc 1 3348 2 view .LVU1402
3350:Middlewares/Third_Party/FreeRTOS/Source/tasks.c **** 		{
 5018              		.loc 1 3350 3 view .LVU1403
3350:Middlewares/Third_Party/FreeRTOS/Source/tasks.c **** 		{
 5019              		.loc 1 3350 5 is_stmt 0 view .LVU1404
 5020 0000 08B1     		cbz	r0, .L408
3352:Middlewares/Third_Party/FreeRTOS/Source/tasks.c **** 			uxReturn = pxTCB->uxTaskNumber;
 5021              		.loc 1 3352 4 is_stmt 1 view .LVU1405
 5022              	.LVL332:
3353:Middlewares/Third_Party/FreeRTOS/Source/tasks.c **** 		}
 5023              		.loc 1 3353 4 view .LVU1406
3353:Middlewares/Third_Party/FreeRTOS/Source/tasks.c **** 		}
 5024              		.loc 1 3353 13 is_stmt 0 view .LVU1407
 5025 0002 806C     		ldr	r0, [r0, #72]
 5026              	.LVL333:
3353:Middlewares/Third_Party/FreeRTOS/Source/tasks.c **** 		}
 5027              		.loc 1 3353 13 view .LVU1408
 5028 0004 7047     		bx	lr
 5029              	.LVL334:
 5030              	.L408:
3357:Middlewares/Third_Party/FreeRTOS/Source/tasks.c **** 		}
 5031              		.loc 1 3357 13 view .LVU1409
 5032 0006 0020     		movs	r0, #0
 5033              	.LVL335:
3360:Middlewares/Third_Party/FreeRTOS/Source/tasks.c **** 	}
 5034              		.loc 1 3360 3 is_stmt 1 view .LVU1410
3361:Middlewares/Third_Party/FreeRTOS/Source/tasks.c **** 
 5035              		.loc 1 3361 2 is_stmt 0 view .LVU1411
 5036 0008 7047     		bx	lr
 5037              		.cfi_endproc
 5038              	.LFE40:
 5040              		.section	.text.vTaskSetTaskNumber,"ax",%progbits
 5041              		.align	1
 5042              		.global	vTaskSetTaskNumber
 5043              		.syntax unified
ARM GAS  /tmp/ccbSDz7D.s 			page 208


 5044              		.thumb
 5045              		.thumb_func
 5047              	vTaskSetTaskNumber:
 5048              	.LVL336:
 5049              	.LFB41:
3369:Middlewares/Third_Party/FreeRTOS/Source/tasks.c **** 	TCB_t * pxTCB;
 5050              		.loc 1 3369 2 is_stmt 1 view -0
 5051              		.cfi_startproc
 5052              		@ args = 0, pretend = 0, frame = 0
 5053              		@ frame_needed = 0, uses_anonymous_args = 0
 5054              		@ link register save eliminated.
3370:Middlewares/Third_Party/FreeRTOS/Source/tasks.c **** 
 5055              		.loc 1 3370 2 view .LVU1413
3372:Middlewares/Third_Party/FreeRTOS/Source/tasks.c **** 		{
 5056              		.loc 1 3372 3 view .LVU1414
3372:Middlewares/Third_Party/FreeRTOS/Source/tasks.c **** 		{
 5057              		.loc 1 3372 5 is_stmt 0 view .LVU1415
 5058 0000 00B1     		cbz	r0, .L409
3374:Middlewares/Third_Party/FreeRTOS/Source/tasks.c **** 			pxTCB->uxTaskNumber = uxHandle;
 5059              		.loc 1 3374 4 is_stmt 1 view .LVU1416
 5060              	.LVL337:
3375:Middlewares/Third_Party/FreeRTOS/Source/tasks.c **** 		}
 5061              		.loc 1 3375 4 view .LVU1417
3375:Middlewares/Third_Party/FreeRTOS/Source/tasks.c **** 		}
 5062              		.loc 1 3375 24 is_stmt 0 view .LVU1418
 5063 0002 8164     		str	r1, [r0, #72]
 5064              	.LVL338:
 5065              	.L409:
3377:Middlewares/Third_Party/FreeRTOS/Source/tasks.c **** 
 5066              		.loc 1 3377 2 view .LVU1419
 5067 0004 7047     		bx	lr
 5068              		.cfi_endproc
 5069              	.LFE41:
 5071              		.section	.text.vTaskGetInfo,"ax",%progbits
 5072              		.align	1
 5073              		.global	vTaskGetInfo
 5074              		.syntax unified
 5075              		.thumb
 5076              		.thumb_func
 5078              	vTaskGetInfo:
 5079              	.LVL339:
 5080              	.LFB45:
3671:Middlewares/Third_Party/FreeRTOS/Source/tasks.c **** 	TCB_t *pxTCB;
 5081              		.loc 1 3671 2 is_stmt 1 view -0
 5082              		.cfi_startproc
 5083              		@ args = 0, pretend = 0, frame = 0
 5084              		@ frame_needed = 0, uses_anonymous_args = 0
3671:Middlewares/Third_Party/FreeRTOS/Source/tasks.c **** 	TCB_t *pxTCB;
 5085              		.loc 1 3671 2 is_stmt 0 view .LVU1421
 5086 0000 70B5     		push	{r4, r5, r6, lr}
 5087              	.LCFI46:
 5088              		.cfi_def_cfa_offset 16
 5089              		.cfi_offset 4, -16
 5090              		.cfi_offset 5, -12
 5091              		.cfi_offset 6, -8
 5092              		.cfi_offset 14, -4
 5093 0002 0C46     		mov	r4, r1
ARM GAS  /tmp/ccbSDz7D.s 			page 209


 5094 0004 1646     		mov	r6, r2
3672:Middlewares/Third_Party/FreeRTOS/Source/tasks.c **** 
 5095              		.loc 1 3672 2 is_stmt 1 view .LVU1422
3675:Middlewares/Third_Party/FreeRTOS/Source/tasks.c **** 
 5096              		.loc 1 3675 3 view .LVU1423
3675:Middlewares/Third_Party/FreeRTOS/Source/tasks.c **** 
 5097              		.loc 1 3675 11 is_stmt 0 view .LVU1424
 5098 0006 0546     		mov	r5, r0
 5099 0008 D0B1     		cbz	r0, .L420
 5100              	.LVL340:
 5101              	.L412:
3677:Middlewares/Third_Party/FreeRTOS/Source/tasks.c **** 		pxTaskStatus->pcTaskName = ( const char * ) &( pxTCB->pcTaskName [ 0 ] );
 5102              		.loc 1 3677 3 is_stmt 1 view .LVU1425
3677:Middlewares/Third_Party/FreeRTOS/Source/tasks.c **** 		pxTaskStatus->pcTaskName = ( const char * ) &( pxTCB->pcTaskName [ 0 ] );
 5103              		.loc 1 3677 25 is_stmt 0 view .LVU1426
 5104 000a 2560     		str	r5, [r4]
3678:Middlewares/Third_Party/FreeRTOS/Source/tasks.c **** 		pxTaskStatus->uxCurrentPriority = pxTCB->uxPriority;
 5105              		.loc 1 3678 3 is_stmt 1 view .LVU1427
3678:Middlewares/Third_Party/FreeRTOS/Source/tasks.c **** 		pxTaskStatus->uxCurrentPriority = pxTCB->uxPriority;
 5106              		.loc 1 3678 47 is_stmt 0 view .LVU1428
 5107 000c 05F13402 		add	r2, r5, #52
3678:Middlewares/Third_Party/FreeRTOS/Source/tasks.c **** 		pxTaskStatus->uxCurrentPriority = pxTCB->uxPriority;
 5108              		.loc 1 3678 28 view .LVU1429
 5109 0010 6260     		str	r2, [r4, #4]
3679:Middlewares/Third_Party/FreeRTOS/Source/tasks.c **** 		pxTaskStatus->pxStackBase = pxTCB->pxStack;
 5110              		.loc 1 3679 3 is_stmt 1 view .LVU1430
3679:Middlewares/Third_Party/FreeRTOS/Source/tasks.c **** 		pxTaskStatus->pxStackBase = pxTCB->pxStack;
 5111              		.loc 1 3679 42 is_stmt 0 view .LVU1431
 5112 0012 EA6A     		ldr	r2, [r5, #44]
3679:Middlewares/Third_Party/FreeRTOS/Source/tasks.c **** 		pxTaskStatus->pxStackBase = pxTCB->pxStack;
 5113              		.loc 1 3679 35 view .LVU1432
 5114 0014 2261     		str	r2, [r4, #16]
3680:Middlewares/Third_Party/FreeRTOS/Source/tasks.c **** 		pxTaskStatus->xTaskNumber = pxTCB->uxTCBNumber;
 5115              		.loc 1 3680 3 is_stmt 1 view .LVU1433
3680:Middlewares/Third_Party/FreeRTOS/Source/tasks.c **** 		pxTaskStatus->xTaskNumber = pxTCB->uxTCBNumber;
 5116              		.loc 1 3680 36 is_stmt 0 view .LVU1434
 5117 0016 2A6B     		ldr	r2, [r5, #48]
3680:Middlewares/Third_Party/FreeRTOS/Source/tasks.c **** 		pxTaskStatus->xTaskNumber = pxTCB->uxTCBNumber;
 5118              		.loc 1 3680 29 view .LVU1435
 5119 0018 E261     		str	r2, [r4, #28]
3681:Middlewares/Third_Party/FreeRTOS/Source/tasks.c **** 
 5120              		.loc 1 3681 3 is_stmt 1 view .LVU1436
3681:Middlewares/Third_Party/FreeRTOS/Source/tasks.c **** 
 5121              		.loc 1 3681 36 is_stmt 0 view .LVU1437
 5122 001a 6A6C     		ldr	r2, [r5, #68]
3681:Middlewares/Third_Party/FreeRTOS/Source/tasks.c **** 
 5123              		.loc 1 3681 29 view .LVU1438
 5124 001c A260     		str	r2, [r4, #8]
3685:Middlewares/Third_Party/FreeRTOS/Source/tasks.c **** 		}
 5125              		.loc 1 3685 4 is_stmt 1 view .LVU1439
3685:Middlewares/Third_Party/FreeRTOS/Source/tasks.c **** 		}
 5126              		.loc 1 3685 40 is_stmt 0 view .LVU1440
 5127 001e EA6C     		ldr	r2, [r5, #76]
3685:Middlewares/Third_Party/FreeRTOS/Source/tasks.c **** 		}
 5128              		.loc 1 3685 33 view .LVU1441
 5129 0020 6261     		str	r2, [r4, #20]
3699:Middlewares/Third_Party/FreeRTOS/Source/tasks.c **** 		}
ARM GAS  /tmp/ccbSDz7D.s 			page 210


 5130              		.loc 1 3699 4 is_stmt 1 view .LVU1442
3699:Middlewares/Third_Party/FreeRTOS/Source/tasks.c **** 		}
 5131              		.loc 1 3699 35 is_stmt 0 view .LVU1443
 5132 0022 0022     		movs	r2, #0
 5133 0024 A261     		str	r2, [r4, #24]
3706:Middlewares/Third_Party/FreeRTOS/Source/tasks.c **** 		{
 5134              		.loc 1 3706 3 is_stmt 1 view .LVU1444
3706:Middlewares/Third_Party/FreeRTOS/Source/tasks.c **** 		{
 5135              		.loc 1 3706 5 is_stmt 0 view .LVU1445
 5136 0026 052B     		cmp	r3, #5
 5137 0028 19D0     		beq	.L413
3708:Middlewares/Third_Party/FreeRTOS/Source/tasks.c **** 			{
 5138              		.loc 1 3708 4 is_stmt 1 view .LVU1446
3708:Middlewares/Third_Party/FreeRTOS/Source/tasks.c **** 			{
 5139              		.loc 1 3708 14 is_stmt 0 view .LVU1447
 5140 002a 124A     		ldr	r2, .L424
 5141 002c 1268     		ldr	r2, [r2]
3708:Middlewares/Third_Party/FreeRTOS/Source/tasks.c **** 			{
 5142              		.loc 1 3708 6 view .LVU1448
 5143 002e AA42     		cmp	r2, r5
 5144 0030 09D0     		beq	.L421
3714:Middlewares/Third_Party/FreeRTOS/Source/tasks.c **** 
 5145              		.loc 1 3714 5 is_stmt 1 view .LVU1449
3714:Middlewares/Third_Party/FreeRTOS/Source/tasks.c **** 
 5146              		.loc 1 3714 33 is_stmt 0 view .LVU1450
 5147 0032 2373     		strb	r3, [r4, #12]
3721:Middlewares/Third_Party/FreeRTOS/Source/tasks.c **** 					{
 5148              		.loc 1 3721 6 is_stmt 1 view .LVU1451
3721:Middlewares/Third_Party/FreeRTOS/Source/tasks.c **** 					{
 5149              		.loc 1 3721 8 is_stmt 0 view .LVU1452
 5150 0034 032B     		cmp	r3, #3
 5151 0036 09D0     		beq	.L422
 5152              	.LVL341:
 5153              	.L415:
3743:Middlewares/Third_Party/FreeRTOS/Source/tasks.c **** 		{
 5154              		.loc 1 3743 3 is_stmt 1 view .LVU1453
3743:Middlewares/Third_Party/FreeRTOS/Source/tasks.c **** 		{
 5155              		.loc 1 3743 5 is_stmt 0 view .LVU1454
 5156 0038 B6B9     		cbnz	r6, .L423
3757:Middlewares/Third_Party/FreeRTOS/Source/tasks.c **** 		}
 5157              		.loc 1 3757 4 is_stmt 1 view .LVU1455
3757:Middlewares/Third_Party/FreeRTOS/Source/tasks.c **** 		}
 5158              		.loc 1 3757 39 is_stmt 0 view .LVU1456
 5159 003a 0023     		movs	r3, #0
 5160 003c 2384     		strh	r3, [r4, #32]	@ movhi
 5161              	.L411:
3759:Middlewares/Third_Party/FreeRTOS/Source/tasks.c **** 
 5162              		.loc 1 3759 2 view .LVU1457
 5163 003e 70BD     		pop	{r4, r5, r6, pc}
 5164              	.LVL342:
 5165              	.L420:
3675:Middlewares/Third_Party/FreeRTOS/Source/tasks.c **** 
 5166              		.loc 1 3675 11 discriminator 1 view .LVU1458
 5167 0040 0C4A     		ldr	r2, .L424
 5168              	.LVL343:
3675:Middlewares/Third_Party/FreeRTOS/Source/tasks.c **** 
 5169              		.loc 1 3675 11 discriminator 1 view .LVU1459
ARM GAS  /tmp/ccbSDz7D.s 			page 211


 5170 0042 1568     		ldr	r5, [r2]
 5171              	.LVL344:
3675:Middlewares/Third_Party/FreeRTOS/Source/tasks.c **** 
 5172              		.loc 1 3675 11 discriminator 1 view .LVU1460
 5173 0044 E1E7     		b	.L412
 5174              	.LVL345:
 5175              	.L421:
3710:Middlewares/Third_Party/FreeRTOS/Source/tasks.c **** 			}
 5176              		.loc 1 3710 5 is_stmt 1 view .LVU1461
3710:Middlewares/Third_Party/FreeRTOS/Source/tasks.c **** 			}
 5177              		.loc 1 3710 33 is_stmt 0 view .LVU1462
 5178 0046 0023     		movs	r3, #0
 5179              	.LVL346:
3710:Middlewares/Third_Party/FreeRTOS/Source/tasks.c **** 			}
 5180              		.loc 1 3710 33 view .LVU1463
 5181 0048 2373     		strb	r3, [r4, #12]
 5182 004a F5E7     		b	.L415
 5183              	.LVL347:
 5184              	.L422:
3723:Middlewares/Third_Party/FreeRTOS/Source/tasks.c **** 						{
 5185              		.loc 1 3723 7 is_stmt 1 view .LVU1464
 5186 004c FFF7FEFF 		bl	vTaskSuspendAll
 5187              	.LVL348:
3725:Middlewares/Third_Party/FreeRTOS/Source/tasks.c **** 							{
 5188              		.loc 1 3725 8 view .LVU1465
3725:Middlewares/Third_Party/FreeRTOS/Source/tasks.c **** 							{
 5189              		.loc 1 3725 12 is_stmt 0 view .LVU1466
 5190 0050 AB6A     		ldr	r3, [r5, #40]
3725:Middlewares/Third_Party/FreeRTOS/Source/tasks.c **** 							{
 5191              		.loc 1 3725 10 view .LVU1467
 5192 0052 0BB1     		cbz	r3, .L416
3727:Middlewares/Third_Party/FreeRTOS/Source/tasks.c **** 							}
 5193              		.loc 1 3727 9 is_stmt 1 view .LVU1468
3727:Middlewares/Third_Party/FreeRTOS/Source/tasks.c **** 							}
 5194              		.loc 1 3727 37 is_stmt 0 view .LVU1469
 5195 0054 0223     		movs	r3, #2
 5196 0056 2373     		strb	r3, [r4, #12]
 5197              	.L416:
3730:Middlewares/Third_Party/FreeRTOS/Source/tasks.c **** 					}
 5198              		.loc 1 3730 7 is_stmt 1 view .LVU1470
3730:Middlewares/Third_Party/FreeRTOS/Source/tasks.c **** 					}
 5199              		.loc 1 3730 16 is_stmt 0 view .LVU1471
 5200 0058 FFF7FEFF 		bl	xTaskResumeAll
 5201              	.LVL349:
 5202 005c ECE7     		b	.L415
 5203              	.LVL350:
 5204              	.L413:
3738:Middlewares/Third_Party/FreeRTOS/Source/tasks.c **** 		}
 5205              		.loc 1 3738 4 is_stmt 1 view .LVU1472
3738:Middlewares/Third_Party/FreeRTOS/Source/tasks.c **** 		}
 5206              		.loc 1 3738 34 is_stmt 0 view .LVU1473
 5207 005e 2846     		mov	r0, r5
 5208 0060 FFF7FEFF 		bl	eTaskGetState
 5209              	.LVL351:
3738:Middlewares/Third_Party/FreeRTOS/Source/tasks.c **** 		}
 5210              		.loc 1 3738 32 discriminator 1 view .LVU1474
 5211 0064 2073     		strb	r0, [r4, #12]
ARM GAS  /tmp/ccbSDz7D.s 			page 212


 5212 0066 E7E7     		b	.L415
 5213              	.L423:
3751:Middlewares/Third_Party/FreeRTOS/Source/tasks.c **** 			}
 5214              		.loc 1 3751 5 is_stmt 1 view .LVU1475
3751:Middlewares/Third_Party/FreeRTOS/Source/tasks.c **** 			}
 5215              		.loc 1 3751 42 is_stmt 0 view .LVU1476
 5216 0068 286B     		ldr	r0, [r5, #48]
 5217 006a FFF7FEFF 		bl	prvTaskCheckFreeStackSpace
 5218              	.LVL352:
3751:Middlewares/Third_Party/FreeRTOS/Source/tasks.c **** 			}
 5219              		.loc 1 3751 40 discriminator 1 view .LVU1477
 5220 006e 2084     		strh	r0, [r4, #32]	@ movhi
 5221 0070 E5E7     		b	.L411
 5222              	.L425:
 5223 0072 00BF     		.align	2
 5224              	.L424:
 5225 0074 00000000 		.word	pxCurrentTCB
 5226              		.cfi_endproc
 5227              	.LFE45:
 5229              		.section	.text.prvListTasksWithinSingleList,"ax",%progbits
 5230              		.align	1
 5231              		.syntax unified
 5232              		.thumb
 5233              		.thumb_func
 5235              	prvListTasksWithinSingleList:
 5236              	.LVL353:
 5237              	.LFB46:
3767:Middlewares/Third_Party/FreeRTOS/Source/tasks.c **** 	configLIST_VOLATILE TCB_t *pxNextTCB, *pxFirstTCB;
 5238              		.loc 1 3767 2 is_stmt 1 view -0
 5239              		.cfi_startproc
 5240              		@ args = 0, pretend = 0, frame = 0
 5241              		@ frame_needed = 0, uses_anonymous_args = 0
3767:Middlewares/Third_Party/FreeRTOS/Source/tasks.c **** 	configLIST_VOLATILE TCB_t *pxNextTCB, *pxFirstTCB;
 5242              		.loc 1 3767 2 is_stmt 0 view .LVU1479
 5243 0000 2DE9F047 		push	{r4, r5, r6, r7, r8, r9, r10, lr}
 5244              	.LCFI47:
 5245              		.cfi_def_cfa_offset 32
 5246              		.cfi_offset 4, -32
 5247              		.cfi_offset 5, -28
 5248              		.cfi_offset 6, -24
 5249              		.cfi_offset 7, -20
 5250              		.cfi_offset 8, -16
 5251              		.cfi_offset 9, -12
 5252              		.cfi_offset 10, -8
 5253              		.cfi_offset 14, -4
3768:Middlewares/Third_Party/FreeRTOS/Source/tasks.c **** 	UBaseType_t uxTask = 0;
 5254              		.loc 1 3768 22 is_stmt 1 view .LVU1480
3769:Middlewares/Third_Party/FreeRTOS/Source/tasks.c **** 
 5255              		.loc 1 3769 2 view .LVU1481
 5256              	.LVL354:
3771:Middlewares/Third_Party/FreeRTOS/Source/tasks.c **** 		{
 5257              		.loc 1 3771 3 view .LVU1482
3771:Middlewares/Third_Party/FreeRTOS/Source/tasks.c **** 		{
 5258              		.loc 1 3771 7 is_stmt 0 view .LVU1483
 5259 0004 0C68     		ldr	r4, [r1]
3771:Middlewares/Third_Party/FreeRTOS/Source/tasks.c **** 		{
 5260              		.loc 1 3771 5 view .LVU1484
ARM GAS  /tmp/ccbSDz7D.s 			page 213


 5261 0006 3CB3     		cbz	r4, .L426
 5262 0008 0746     		mov	r7, r0
 5263 000a 0D46     		mov	r5, r1
 5264 000c 9046     		mov	r8, r2
 5265              	.LBB218:
3773:Middlewares/Third_Party/FreeRTOS/Source/tasks.c **** 
 5266              		.loc 1 3773 4 is_stmt 1 view .LVU1485
 5267              	.LVL355:
3773:Middlewares/Third_Party/FreeRTOS/Source/tasks.c **** 
 5268              		.loc 1 3773 4 view .LVU1486
 5269 000e 4B68     		ldr	r3, [r1, #4]
 5270 0010 5B68     		ldr	r3, [r3, #4]
 5271 0012 4B60     		str	r3, [r1, #4]
3773:Middlewares/Third_Party/FreeRTOS/Source/tasks.c **** 
 5272              		.loc 1 3773 4 view .LVU1487
 5273 0014 01F10809 		add	r9, r1, #8
 5274 0018 4B45     		cmp	r3, r9
 5275 001a 04D0     		beq	.L432
 5276              	.L428:
3773:Middlewares/Third_Party/FreeRTOS/Source/tasks.c **** 
 5277              		.loc 1 3773 4 discriminator 3 view .LVU1488
 5278 001c 6B68     		ldr	r3, [r5, #4]
 5279 001e D3F80CA0 		ldr	r10, [r3, #12]
 5280              	.LVL356:
3773:Middlewares/Third_Party/FreeRTOS/Source/tasks.c **** 
 5281              		.loc 1 3773 4 is_stmt 0 discriminator 3 view .LVU1489
 5282              	.LBE218:
3769:Middlewares/Third_Party/FreeRTOS/Source/tasks.c **** 
 5283              		.loc 1 3769 14 view .LVU1490
 5284 0022 0024     		movs	r4, #0
 5285 0024 10E0     		b	.L430
 5286              	.LVL357:
 5287              	.L432:
 5288              	.LBB219:
3773:Middlewares/Third_Party/FreeRTOS/Source/tasks.c **** 
 5289              		.loc 1 3773 4 is_stmt 1 discriminator 1 view .LVU1491
 5290 0026 5B68     		ldr	r3, [r3, #4]
 5291 0028 4B60     		str	r3, [r1, #4]
 5292 002a F7E7     		b	.L428
 5293              	.LVL358:
 5294              	.L429:
3773:Middlewares/Third_Party/FreeRTOS/Source/tasks.c **** 
 5295              		.loc 1 3773 4 is_stmt 0 discriminator 1 view .LVU1492
 5296              	.LBE219:
 5297              	.LBB220:
3781:Middlewares/Third_Party/FreeRTOS/Source/tasks.c **** 				vTaskGetInfo( ( TaskHandle_t ) pxNextTCB, &( pxTaskStatusArray[ uxTask ] ), pdTRUE, eState );
 5298              		.loc 1 3781 5 is_stmt 1 discriminator 3 view .LVU1493
 5299 002c 6B68     		ldr	r3, [r5, #4]
 5300 002e DE68     		ldr	r6, [r3, #12]
 5301              	.LVL359:
3781:Middlewares/Third_Party/FreeRTOS/Source/tasks.c **** 				vTaskGetInfo( ( TaskHandle_t ) pxNextTCB, &( pxTaskStatusArray[ uxTask ] ), pdTRUE, eState );
 5302              		.loc 1 3781 5 is_stmt 0 discriminator 3 view .LVU1494
 5303              	.LBE220:
3781:Middlewares/Third_Party/FreeRTOS/Source/tasks.c **** 				vTaskGetInfo( ( TaskHandle_t ) pxNextTCB, &( pxTaskStatusArray[ uxTask ] ), pdTRUE, eState );
 5304              		.loc 1 3781 53 is_stmt 1 view .LVU1495
3782:Middlewares/Third_Party/FreeRTOS/Source/tasks.c **** 				uxTask++;
 5305              		.loc 1 3782 5 view .LVU1496
ARM GAS  /tmp/ccbSDz7D.s 			page 214


3782:Middlewares/Third_Party/FreeRTOS/Source/tasks.c **** 				uxTask++;
 5306              		.loc 1 3782 67 is_stmt 0 view .LVU1497
 5307 0030 04EBC401 		add	r1, r4, r4, lsl #3
3782:Middlewares/Third_Party/FreeRTOS/Source/tasks.c **** 				uxTask++;
 5308              		.loc 1 3782 5 view .LVU1498
 5309 0034 4346     		mov	r3, r8
 5310 0036 0122     		movs	r2, #1
 5311 0038 07EB8101 		add	r1, r7, r1, lsl #2
 5312 003c 3046     		mov	r0, r6
 5313 003e FFF7FEFF 		bl	vTaskGetInfo
 5314              	.LVL360:
3783:Middlewares/Third_Party/FreeRTOS/Source/tasks.c **** 			} while( pxNextTCB != pxFirstTCB );
 5315              		.loc 1 3783 5 is_stmt 1 view .LVU1499
3783:Middlewares/Third_Party/FreeRTOS/Source/tasks.c **** 			} while( pxNextTCB != pxFirstTCB );
 5316              		.loc 1 3783 11 is_stmt 0 view .LVU1500
 5317 0042 0134     		adds	r4, r4, #1
 5318              	.LVL361:
3784:Middlewares/Third_Party/FreeRTOS/Source/tasks.c **** 		}
 5319              		.loc 1 3784 23 is_stmt 1 view .LVU1501
 5320 0044 B245     		cmp	r10, r6
 5321 0046 07D0     		beq	.L426
 5322              	.LVL362:
 5323              	.L430:
3773:Middlewares/Third_Party/FreeRTOS/Source/tasks.c **** 
 5324              		.loc 1 3773 53 view .LVU1502
3779:Middlewares/Third_Party/FreeRTOS/Source/tasks.c **** 			{
 5325              		.loc 1 3779 4 view .LVU1503
 5326              	.LBB221:
3781:Middlewares/Third_Party/FreeRTOS/Source/tasks.c **** 				vTaskGetInfo( ( TaskHandle_t ) pxNextTCB, &( pxTaskStatusArray[ uxTask ] ), pdTRUE, eState );
 5327              		.loc 1 3781 5 view .LVU1504
3781:Middlewares/Third_Party/FreeRTOS/Source/tasks.c **** 				vTaskGetInfo( ( TaskHandle_t ) pxNextTCB, &( pxTaskStatusArray[ uxTask ] ), pdTRUE, eState );
 5328              		.loc 1 3781 5 view .LVU1505
 5329 0048 6B68     		ldr	r3, [r5, #4]
 5330 004a 5968     		ldr	r1, [r3, #4]
 5331 004c 6960     		str	r1, [r5, #4]
3781:Middlewares/Third_Party/FreeRTOS/Source/tasks.c **** 				vTaskGetInfo( ( TaskHandle_t ) pxNextTCB, &( pxTaskStatusArray[ uxTask ] ), pdTRUE, eState );
 5332              		.loc 1 3781 5 view .LVU1506
 5333 004e 8945     		cmp	r9, r1
 5334 0050 ECD1     		bne	.L429
3781:Middlewares/Third_Party/FreeRTOS/Source/tasks.c **** 				vTaskGetInfo( ( TaskHandle_t ) pxNextTCB, &( pxTaskStatusArray[ uxTask ] ), pdTRUE, eState );
 5335              		.loc 1 3781 5 discriminator 1 view .LVU1507
 5336 0052 4B68     		ldr	r3, [r1, #4]
 5337 0054 6B60     		str	r3, [r5, #4]
 5338 0056 E9E7     		b	.L429
 5339              	.LVL363:
 5340              	.L426:
3781:Middlewares/Third_Party/FreeRTOS/Source/tasks.c **** 				vTaskGetInfo( ( TaskHandle_t ) pxNextTCB, &( pxTaskStatusArray[ uxTask ] ), pdTRUE, eState );
 5341              		.loc 1 3781 5 is_stmt 0 discriminator 1 view .LVU1508
 5342              	.LBE221:
3792:Middlewares/Third_Party/FreeRTOS/Source/tasks.c **** 
 5343              		.loc 1 3792 2 view .LVU1509
 5344 0058 2046     		mov	r0, r4
 5345 005a BDE8F087 		pop	{r4, r5, r6, r7, r8, r9, r10, pc}
 5346              		.cfi_endproc
 5347              	.LFE46:
 5349              		.section	.text.uxTaskGetSystemState,"ax",%progbits
 5350              		.align	1
ARM GAS  /tmp/ccbSDz7D.s 			page 215


 5351              		.global	uxTaskGetSystemState
 5352              		.syntax unified
 5353              		.thumb
 5354              		.thumb_func
 5356              	uxTaskGetSystemState:
 5357              	.LVL364:
 5358              	.LFB27:
2506:Middlewares/Third_Party/FreeRTOS/Source/tasks.c **** 	UBaseType_t uxTask = 0, uxQueue = configMAX_PRIORITIES;
 5359              		.loc 1 2506 2 is_stmt 1 view -0
 5360              		.cfi_startproc
 5361              		@ args = 0, pretend = 0, frame = 0
 5362              		@ frame_needed = 0, uses_anonymous_args = 0
2506:Middlewares/Third_Party/FreeRTOS/Source/tasks.c **** 	UBaseType_t uxTask = 0, uxQueue = configMAX_PRIORITIES;
 5363              		.loc 1 2506 2 is_stmt 0 view .LVU1511
 5364 0000 F8B5     		push	{r3, r4, r5, r6, r7, lr}
 5365              	.LCFI48:
 5366              		.cfi_def_cfa_offset 24
 5367              		.cfi_offset 3, -24
 5368              		.cfi_offset 4, -20
 5369              		.cfi_offset 5, -16
 5370              		.cfi_offset 6, -12
 5371              		.cfi_offset 7, -8
 5372              		.cfi_offset 14, -4
 5373 0002 0746     		mov	r7, r0
 5374 0004 0C46     		mov	r4, r1
 5375 0006 1646     		mov	r6, r2
2507:Middlewares/Third_Party/FreeRTOS/Source/tasks.c **** 
 5376              		.loc 1 2507 2 is_stmt 1 view .LVU1512
 5377              	.LVL365:
2509:Middlewares/Third_Party/FreeRTOS/Source/tasks.c **** 		{
 5378              		.loc 1 2509 3 view .LVU1513
 5379 0008 FFF7FEFF 		bl	vTaskSuspendAll
 5380              	.LVL366:
2512:Middlewares/Third_Party/FreeRTOS/Source/tasks.c **** 			{
 5381              		.loc 1 2512 4 view .LVU1514
2512:Middlewares/Third_Party/FreeRTOS/Source/tasks.c **** 			{
 5382              		.loc 1 2512 20 is_stmt 0 view .LVU1515
 5383 000c 224B     		ldr	r3, .L438
 5384 000e 1B68     		ldr	r3, [r3]
2512:Middlewares/Third_Party/FreeRTOS/Source/tasks.c **** 			{
 5385              		.loc 1 2512 6 view .LVU1516
 5386 0010 A342     		cmp	r3, r4
 5387 0012 3BD8     		bhi	.L436
2507:Middlewares/Third_Party/FreeRTOS/Source/tasks.c **** 
 5388              		.loc 1 2507 26 view .LVU1517
 5389 0014 3824     		movs	r4, #56
 5390              	.LVL367:
2507:Middlewares/Third_Party/FreeRTOS/Source/tasks.c **** 
 5391              		.loc 1 2507 14 view .LVU1518
 5392 0016 0025     		movs	r5, #0
 5393              	.LVL368:
 5394              	.L435:
2516:Middlewares/Third_Party/FreeRTOS/Source/tasks.c **** 				{
 5395              		.loc 1 2516 5 is_stmt 1 view .LVU1519
2518:Middlewares/Third_Party/FreeRTOS/Source/tasks.c **** 					uxTask += prvListTasksWithinSingleList( &( pxTaskStatusArray[ uxTask ] ), &( pxReadyTasksLists
 5396              		.loc 1 2518 6 view .LVU1520
2518:Middlewares/Third_Party/FreeRTOS/Source/tasks.c **** 					uxTask += prvListTasksWithinSingleList( &( pxTaskStatusArray[ uxTask ] ), &( pxReadyTasksLists
ARM GAS  /tmp/ccbSDz7D.s 			page 216


 5397              		.loc 1 2518 13 is_stmt 0 view .LVU1521
 5398 0018 013C     		subs	r4, r4, #1
 5399              	.LVL369:
2519:Middlewares/Third_Party/FreeRTOS/Source/tasks.c **** 
 5400              		.loc 1 2519 6 is_stmt 1 view .LVU1522
2519:Middlewares/Third_Party/FreeRTOS/Source/tasks.c **** 
 5401              		.loc 1 2519 66 is_stmt 0 view .LVU1523
 5402 001a 05EBC500 		add	r0, r5, r5, lsl #3
2519:Middlewares/Third_Party/FreeRTOS/Source/tasks.c **** 
 5403              		.loc 1 2519 16 view .LVU1524
 5404 001e 04EB8401 		add	r1, r4, r4, lsl #2
 5405 0022 0122     		movs	r2, #1
 5406 0024 1D4B     		ldr	r3, .L438+4
 5407 0026 03EB8101 		add	r1, r3, r1, lsl #2
 5408 002a 07EB8000 		add	r0, r7, r0, lsl #2
 5409 002e FFF7FEFF 		bl	prvListTasksWithinSingleList
 5410              	.LVL370:
2519:Middlewares/Third_Party/FreeRTOS/Source/tasks.c **** 
 5411              		.loc 1 2519 13 discriminator 1 view .LVU1525
 5412 0032 0544     		add	r5, r5, r0
 5413              	.LVL371:
2521:Middlewares/Third_Party/FreeRTOS/Source/tasks.c **** 
 5414              		.loc 1 2521 22 is_stmt 1 discriminator 1 view .LVU1526
 5415 0034 002C     		cmp	r4, #0
 5416 0036 EFD1     		bne	.L435
2525:Middlewares/Third_Party/FreeRTOS/Source/tasks.c **** 				uxTask += prvListTasksWithinSingleList( &( pxTaskStatusArray[ uxTask ] ), ( List_t * ) pxOverfl
 5417              		.loc 1 2525 5 view .LVU1527
2525:Middlewares/Third_Party/FreeRTOS/Source/tasks.c **** 				uxTask += prvListTasksWithinSingleList( &( pxTaskStatusArray[ uxTask ] ), ( List_t * ) pxOverfl
 5418              		.loc 1 2525 65 is_stmt 0 view .LVU1528
 5419 0038 05EBC500 		add	r0, r5, r5, lsl #3
2525:Middlewares/Third_Party/FreeRTOS/Source/tasks.c **** 				uxTask += prvListTasksWithinSingleList( &( pxTaskStatusArray[ uxTask ] ), ( List_t * ) pxOverfl
 5420              		.loc 1 2525 15 view .LVU1529
 5421 003c 184B     		ldr	r3, .L438+8
 5422 003e 1968     		ldr	r1, [r3]
 5423 0040 0222     		movs	r2, #2
 5424 0042 07EB8000 		add	r0, r7, r0, lsl #2
 5425 0046 FFF7FEFF 		bl	prvListTasksWithinSingleList
 5426              	.LVL372:
2525:Middlewares/Third_Party/FreeRTOS/Source/tasks.c **** 				uxTask += prvListTasksWithinSingleList( &( pxTaskStatusArray[ uxTask ] ), ( List_t * ) pxOverfl
 5427              		.loc 1 2525 12 discriminator 1 view .LVU1530
 5428 004a 0544     		add	r5, r5, r0
 5429              	.LVL373:
2526:Middlewares/Third_Party/FreeRTOS/Source/tasks.c **** 
 5430              		.loc 1 2526 5 is_stmt 1 view .LVU1531
2526:Middlewares/Third_Party/FreeRTOS/Source/tasks.c **** 
 5431              		.loc 1 2526 65 is_stmt 0 view .LVU1532
 5432 004c 05EBC500 		add	r0, r5, r5, lsl #3
2526:Middlewares/Third_Party/FreeRTOS/Source/tasks.c **** 
 5433              		.loc 1 2526 15 view .LVU1533
 5434 0050 144B     		ldr	r3, .L438+12
 5435 0052 1968     		ldr	r1, [r3]
 5436 0054 0222     		movs	r2, #2
 5437 0056 07EB8000 		add	r0, r7, r0, lsl #2
 5438 005a FFF7FEFF 		bl	prvListTasksWithinSingleList
 5439              	.LVL374:
2526:Middlewares/Third_Party/FreeRTOS/Source/tasks.c **** 
 5440              		.loc 1 2526 12 discriminator 1 view .LVU1534
ARM GAS  /tmp/ccbSDz7D.s 			page 217


 5441 005e 0544     		add	r5, r5, r0
 5442              	.LVL375:
2532:Middlewares/Third_Party/FreeRTOS/Source/tasks.c **** 				}
 5443              		.loc 1 2532 6 is_stmt 1 view .LVU1535
2532:Middlewares/Third_Party/FreeRTOS/Source/tasks.c **** 				}
 5444              		.loc 1 2532 66 is_stmt 0 view .LVU1536
 5445 0060 05EBC500 		add	r0, r5, r5, lsl #3
2532:Middlewares/Third_Party/FreeRTOS/Source/tasks.c **** 				}
 5446              		.loc 1 2532 16 view .LVU1537
 5447 0064 0422     		movs	r2, #4
 5448 0066 1049     		ldr	r1, .L438+16
 5449 0068 07EB8000 		add	r0, r7, r0, lsl #2
 5450 006c FFF7FEFF 		bl	prvListTasksWithinSingleList
 5451              	.LVL376:
2532:Middlewares/Third_Party/FreeRTOS/Source/tasks.c **** 				}
 5452              		.loc 1 2532 13 discriminator 1 view .LVU1538
 5453 0070 2C18     		adds	r4, r5, r0
 5454              	.LVL377:
2540:Middlewares/Third_Party/FreeRTOS/Source/tasks.c **** 				}
 5455              		.loc 1 2540 6 is_stmt 1 view .LVU1539
2540:Middlewares/Third_Party/FreeRTOS/Source/tasks.c **** 				}
 5456              		.loc 1 2540 66 is_stmt 0 view .LVU1540
 5457 0072 04EBC400 		add	r0, r4, r4, lsl #3
2540:Middlewares/Third_Party/FreeRTOS/Source/tasks.c **** 				}
 5458              		.loc 1 2540 16 view .LVU1541
 5459 0076 0322     		movs	r2, #3
 5460 0078 0C49     		ldr	r1, .L438+20
 5461 007a 07EB8000 		add	r0, r7, r0, lsl #2
 5462 007e FFF7FEFF 		bl	prvListTasksWithinSingleList
 5463              	.LVL378:
2540:Middlewares/Third_Party/FreeRTOS/Source/tasks.c **** 				}
 5464              		.loc 1 2540 13 discriminator 1 view .LVU1542
 5465 0082 0444     		add	r4, r4, r0
 5466              	.LVL379:
2557:Middlewares/Third_Party/FreeRTOS/Source/tasks.c **** 					{
 5467              		.loc 1 2557 6 is_stmt 1 view .LVU1543
2557:Middlewares/Third_Party/FreeRTOS/Source/tasks.c **** 					{
 5468              		.loc 1 2557 8 is_stmt 0 view .LVU1544
 5469 0084 1EB1     		cbz	r6, .L434
2559:Middlewares/Third_Party/FreeRTOS/Source/tasks.c **** 					}
 5470              		.loc 1 2559 7 is_stmt 1 view .LVU1545
2559:Middlewares/Third_Party/FreeRTOS/Source/tasks.c **** 					}
 5471              		.loc 1 2559 24 is_stmt 0 view .LVU1546
 5472 0086 0023     		movs	r3, #0
 5473 0088 3360     		str	r3, [r6]
 5474 008a 00E0     		b	.L434
 5475              	.LVL380:
 5476              	.L436:
2507:Middlewares/Third_Party/FreeRTOS/Source/tasks.c **** 
 5477              		.loc 1 2507 14 view .LVU1547
 5478 008c 0024     		movs	r4, #0
 5479              	.LVL381:
 5480              	.L434:
2566:Middlewares/Third_Party/FreeRTOS/Source/tasks.c **** 			}
 5481              		.loc 1 2566 29 is_stmt 1 view .LVU1548
2569:Middlewares/Third_Party/FreeRTOS/Source/tasks.c **** 
 5482              		.loc 1 2569 3 view .LVU1549
ARM GAS  /tmp/ccbSDz7D.s 			page 218


2569:Middlewares/Third_Party/FreeRTOS/Source/tasks.c **** 
 5483              		.loc 1 2569 12 is_stmt 0 view .LVU1550
 5484 008e FFF7FEFF 		bl	xTaskResumeAll
 5485              	.LVL382:
2571:Middlewares/Third_Party/FreeRTOS/Source/tasks.c **** 	}
 5486              		.loc 1 2571 3 is_stmt 1 view .LVU1551
2572:Middlewares/Third_Party/FreeRTOS/Source/tasks.c **** 
 5487              		.loc 1 2572 2 is_stmt 0 view .LVU1552
 5488 0092 2046     		mov	r0, r4
 5489 0094 F8BD     		pop	{r3, r4, r5, r6, r7, pc}
 5490              	.LVL383:
 5491              	.L439:
2572:Middlewares/Third_Party/FreeRTOS/Source/tasks.c **** 
 5492              		.loc 1 2572 2 view .LVU1553
 5493 0096 00BF     		.align	2
 5494              	.L438:
 5495 0098 00000000 		.word	uxCurrentNumberOfTasks
 5496 009c 00000000 		.word	pxReadyTasksLists
 5497 00a0 00000000 		.word	pxDelayedTaskList
 5498 00a4 00000000 		.word	pxOverflowDelayedTaskList
 5499 00a8 00000000 		.word	xTasksWaitingTermination
 5500 00ac 00000000 		.word	xSuspendedTaskList
 5501              		.cfi_endproc
 5502              	.LFE27:
 5504              		.section	.text.uxTaskGetStackHighWaterMark,"ax",%progbits
 5505              		.align	1
 5506              		.global	uxTaskGetStackHighWaterMark
 5507              		.syntax unified
 5508              		.thumb
 5509              		.thumb_func
 5511              	uxTaskGetStackHighWaterMark:
 5512              	.LVL384:
 5513              	.LFB48:
3860:Middlewares/Third_Party/FreeRTOS/Source/tasks.c **** 	TCB_t *pxTCB;
 5514              		.loc 1 3860 2 is_stmt 1 view -0
 5515              		.cfi_startproc
 5516              		@ args = 0, pretend = 0, frame = 0
 5517              		@ frame_needed = 0, uses_anonymous_args = 0
3860:Middlewares/Third_Party/FreeRTOS/Source/tasks.c **** 	TCB_t *pxTCB;
 5518              		.loc 1 3860 2 is_stmt 0 view .LVU1555
 5519 0000 08B5     		push	{r3, lr}
 5520              	.LCFI49:
 5521              		.cfi_def_cfa_offset 8
 5522              		.cfi_offset 3, -8
 5523              		.cfi_offset 14, -4
3861:Middlewares/Third_Party/FreeRTOS/Source/tasks.c **** 	uint8_t *pucEndOfStack;
 5524              		.loc 1 3861 2 is_stmt 1 view .LVU1556
3862:Middlewares/Third_Party/FreeRTOS/Source/tasks.c **** 	UBaseType_t uxReturn;
 5525              		.loc 1 3862 2 view .LVU1557
3863:Middlewares/Third_Party/FreeRTOS/Source/tasks.c **** 
 5526              		.loc 1 3863 2 view .LVU1558
3865:Middlewares/Third_Party/FreeRTOS/Source/tasks.c **** 
 5527              		.loc 1 3865 3 view .LVU1559
3865:Middlewares/Third_Party/FreeRTOS/Source/tasks.c **** 
 5528              		.loc 1 3865 11 is_stmt 0 view .LVU1560
 5529 0002 0346     		mov	r3, r0
 5530 0004 18B1     		cbz	r0, .L443
ARM GAS  /tmp/ccbSDz7D.s 			page 219


 5531              	.LVL385:
 5532              	.L441:
3869:Middlewares/Third_Party/FreeRTOS/Source/tasks.c **** 		}
 5533              		.loc 1 3869 4 is_stmt 1 view .LVU1561
3877:Middlewares/Third_Party/FreeRTOS/Source/tasks.c **** 
 5534              		.loc 1 3877 3 view .LVU1562
3877:Middlewares/Third_Party/FreeRTOS/Source/tasks.c **** 
 5535              		.loc 1 3877 30 is_stmt 0 view .LVU1563
 5536 0006 186B     		ldr	r0, [r3, #48]
 5537 0008 FFF7FEFF 		bl	prvTaskCheckFreeStackSpace
 5538              	.LVL386:
3879:Middlewares/Third_Party/FreeRTOS/Source/tasks.c **** 	}
 5539              		.loc 1 3879 3 is_stmt 1 view .LVU1564
3880:Middlewares/Third_Party/FreeRTOS/Source/tasks.c **** 
 5540              		.loc 1 3880 2 is_stmt 0 view .LVU1565
 5541 000c 08BD     		pop	{r3, pc}
 5542              	.LVL387:
 5543              	.L443:
3865:Middlewares/Third_Party/FreeRTOS/Source/tasks.c **** 
 5544              		.loc 1 3865 11 discriminator 1 view .LVU1566
 5545 000e 014B     		ldr	r3, .L444
 5546 0010 1B68     		ldr	r3, [r3]
 5547              	.LVL388:
3865:Middlewares/Third_Party/FreeRTOS/Source/tasks.c **** 
 5548              		.loc 1 3865 11 discriminator 1 view .LVU1567
 5549 0012 F8E7     		b	.L441
 5550              	.L445:
 5551              		.align	2
 5552              	.L444:
 5553 0014 00000000 		.word	pxCurrentTCB
 5554              		.cfi_endproc
 5555              	.LFE48:
 5557              		.section	.text.xTaskGetCurrentTaskHandle,"ax",%progbits
 5558              		.align	1
 5559              		.global	xTaskGetCurrentTaskHandle
 5560              		.syntax unified
 5561              		.thumb
 5562              		.thumb_func
 5564              	xTaskGetCurrentTaskHandle:
 5565              	.LFB51:
3970:Middlewares/Third_Party/FreeRTOS/Source/tasks.c **** 	TaskHandle_t xReturn;
 5566              		.loc 1 3970 2 is_stmt 1 view -0
 5567              		.cfi_startproc
 5568              		@ args = 0, pretend = 0, frame = 0
 5569              		@ frame_needed = 0, uses_anonymous_args = 0
 5570              		@ link register save eliminated.
3971:Middlewares/Third_Party/FreeRTOS/Source/tasks.c **** 
 5571              		.loc 1 3971 2 view .LVU1569
3976:Middlewares/Third_Party/FreeRTOS/Source/tasks.c **** 
 5572              		.loc 1 3976 3 view .LVU1570
3976:Middlewares/Third_Party/FreeRTOS/Source/tasks.c **** 
 5573              		.loc 1 3976 11 is_stmt 0 view .LVU1571
 5574 0000 014B     		ldr	r3, .L447
 5575 0002 1868     		ldr	r0, [r3]
 5576              	.LVL389:
3978:Middlewares/Third_Party/FreeRTOS/Source/tasks.c **** 	}
 5577              		.loc 1 3978 3 is_stmt 1 view .LVU1572
ARM GAS  /tmp/ccbSDz7D.s 			page 220


3979:Middlewares/Third_Party/FreeRTOS/Source/tasks.c **** 
 5578              		.loc 1 3979 2 is_stmt 0 view .LVU1573
 5579 0004 7047     		bx	lr
 5580              	.L448:
 5581 0006 00BF     		.align	2
 5582              	.L447:
 5583 0008 00000000 		.word	pxCurrentTCB
 5584              		.cfi_endproc
 5585              	.LFE51:
 5587              		.section	.text.xTaskGetSchedulerState,"ax",%progbits
 5588              		.align	1
 5589              		.global	xTaskGetSchedulerState
 5590              		.syntax unified
 5591              		.thumb
 5592              		.thumb_func
 5594              	xTaskGetSchedulerState:
 5595              	.LFB52:
3987:Middlewares/Third_Party/FreeRTOS/Source/tasks.c **** 	BaseType_t xReturn;
 5596              		.loc 1 3987 2 is_stmt 1 view -0
 5597              		.cfi_startproc
 5598              		@ args = 0, pretend = 0, frame = 0
 5599              		@ frame_needed = 0, uses_anonymous_args = 0
 5600              		@ link register save eliminated.
3988:Middlewares/Third_Party/FreeRTOS/Source/tasks.c **** 
 5601              		.loc 1 3988 2 view .LVU1575
3990:Middlewares/Third_Party/FreeRTOS/Source/tasks.c **** 		{
 5602              		.loc 1 3990 3 view .LVU1576
3990:Middlewares/Third_Party/FreeRTOS/Source/tasks.c **** 		{
 5603              		.loc 1 3990 25 is_stmt 0 view .LVU1577
 5604 0000 054B     		ldr	r3, .L454
 5605 0002 1B68     		ldr	r3, [r3]
3990:Middlewares/Third_Party/FreeRTOS/Source/tasks.c **** 		{
 5606              		.loc 1 3990 5 view .LVU1578
 5607 0004 33B1     		cbz	r3, .L451
3996:Middlewares/Third_Party/FreeRTOS/Source/tasks.c **** 			{
 5608              		.loc 1 3996 4 is_stmt 1 view .LVU1579
3996:Middlewares/Third_Party/FreeRTOS/Source/tasks.c **** 			{
 5609              		.loc 1 3996 29 is_stmt 0 view .LVU1580
 5610 0006 054B     		ldr	r3, .L454+4
 5611 0008 1B68     		ldr	r3, [r3]
3996:Middlewares/Third_Party/FreeRTOS/Source/tasks.c **** 			{
 5612              		.loc 1 3996 6 view .LVU1581
 5613 000a 0BB1     		cbz	r3, .L453
4002:Middlewares/Third_Party/FreeRTOS/Source/tasks.c **** 			}
 5614              		.loc 1 4002 13 view .LVU1582
 5615 000c 0020     		movs	r0, #0
 5616              	.LVL390:
4006:Middlewares/Third_Party/FreeRTOS/Source/tasks.c **** 	}
 5617              		.loc 1 4006 3 is_stmt 1 view .LVU1583
4007:Middlewares/Third_Party/FreeRTOS/Source/tasks.c **** 
 5618              		.loc 1 4007 2 is_stmt 0 view .LVU1584
 5619 000e 7047     		bx	lr
 5620              	.LVL391:
 5621              	.L453:
3998:Middlewares/Third_Party/FreeRTOS/Source/tasks.c **** 			}
 5622              		.loc 1 3998 13 view .LVU1585
 5623 0010 0220     		movs	r0, #2
ARM GAS  /tmp/ccbSDz7D.s 			page 221


 5624 0012 7047     		bx	lr
 5625              	.L451:
3992:Middlewares/Third_Party/FreeRTOS/Source/tasks.c **** 		}
 5626              		.loc 1 3992 12 view .LVU1586
 5627 0014 0120     		movs	r0, #1
 5628 0016 7047     		bx	lr
 5629              	.L455:
 5630              		.align	2
 5631              	.L454:
 5632 0018 00000000 		.word	xSchedulerRunning
 5633 001c 00000000 		.word	uxSchedulerSuspended
 5634              		.cfi_endproc
 5635              	.LFE52:
 5637              		.section	.text.xTaskPriorityInherit,"ax",%progbits
 5638              		.align	1
 5639              		.global	xTaskPriorityInherit
 5640              		.syntax unified
 5641              		.thumb
 5642              		.thumb_func
 5644              	xTaskPriorityInherit:
 5645              	.LVL392:
 5646              	.LFB53:
4015:Middlewares/Third_Party/FreeRTOS/Source/tasks.c **** 	TCB_t * const pxMutexHolderTCB = pxMutexHolder;
 5647              		.loc 1 4015 2 is_stmt 1 view -0
 5648              		.cfi_startproc
 5649              		@ args = 0, pretend = 0, frame = 0
 5650              		@ frame_needed = 0, uses_anonymous_args = 0
4016:Middlewares/Third_Party/FreeRTOS/Source/tasks.c **** 	BaseType_t xReturn = pdFALSE;
 5651              		.loc 1 4016 2 view .LVU1588
4017:Middlewares/Third_Party/FreeRTOS/Source/tasks.c **** 
 5652              		.loc 1 4017 2 view .LVU1589
4022:Middlewares/Third_Party/FreeRTOS/Source/tasks.c **** 		{
 5653              		.loc 1 4022 3 view .LVU1590
4022:Middlewares/Third_Party/FreeRTOS/Source/tasks.c **** 		{
 5654              		.loc 1 4022 5 is_stmt 0 view .LVU1591
 5655 0000 0028     		cmp	r0, #0
 5656 0002 3ED0     		beq	.L462
4015:Middlewares/Third_Party/FreeRTOS/Source/tasks.c **** 	TCB_t * const pxMutexHolderTCB = pxMutexHolder;
 5657              		.loc 1 4015 2 view .LVU1592
 5658 0004 38B5     		push	{r3, r4, r5, lr}
 5659              	.LCFI50:
 5660              		.cfi_def_cfa_offset 16
 5661              		.cfi_offset 3, -16
 5662              		.cfi_offset 4, -12
 5663              		.cfi_offset 5, -8
 5664              		.cfi_offset 14, -4
 5665 0006 0446     		mov	r4, r0
4027:Middlewares/Third_Party/FreeRTOS/Source/tasks.c **** 			{
 5666              		.loc 1 4027 4 is_stmt 1 view .LVU1593
4027:Middlewares/Third_Party/FreeRTOS/Source/tasks.c **** 			{
 5667              		.loc 1 4027 24 is_stmt 0 view .LVU1594
 5668 0008 C36A     		ldr	r3, [r0, #44]
4027:Middlewares/Third_Party/FreeRTOS/Source/tasks.c **** 			{
 5669              		.loc 1 4027 51 view .LVU1595
 5670 000a 204A     		ldr	r2, .L469
 5671 000c 1268     		ldr	r2, [r2]
 5672 000e D26A     		ldr	r2, [r2, #44]
ARM GAS  /tmp/ccbSDz7D.s 			page 222


4027:Middlewares/Third_Party/FreeRTOS/Source/tasks.c **** 			{
 5673              		.loc 1 4027 6 view .LVU1596
 5674 0010 9342     		cmp	r3, r2
 5675 0012 2ED2     		bcs	.L458
4032:Middlewares/Third_Party/FreeRTOS/Source/tasks.c **** 				{
 5676              		.loc 1 4032 5 is_stmt 1 view .LVU1597
4032:Middlewares/Third_Party/FreeRTOS/Source/tasks.c **** 				{
 5677              		.loc 1 4032 11 is_stmt 0 view .LVU1598
 5678 0014 8269     		ldr	r2, [r0, #24]
4032:Middlewares/Third_Party/FreeRTOS/Source/tasks.c **** 				{
 5679              		.loc 1 4032 7 view .LVU1599
 5680 0016 002A     		cmp	r2, #0
 5681 0018 05DB     		blt	.L459
4034:Middlewares/Third_Party/FreeRTOS/Source/tasks.c **** 				}
 5682              		.loc 1 4034 6 is_stmt 1 view .LVU1600
 5683 001a 1C4A     		ldr	r2, .L469
 5684 001c 1268     		ldr	r2, [r2]
 5685 001e D26A     		ldr	r2, [r2, #44]
 5686 0020 C2F13802 		rsb	r2, r2, #56
 5687 0024 8261     		str	r2, [r0, #24]
 5688              	.L459:
4038:Middlewares/Third_Party/FreeRTOS/Source/tasks.c **** 				}
 5689              		.loc 1 4038 30 view .LVU1601
4043:Middlewares/Third_Party/FreeRTOS/Source/tasks.c **** 				{
 5690              		.loc 1 4043 5 view .LVU1602
4043:Middlewares/Third_Party/FreeRTOS/Source/tasks.c **** 				{
 5691              		.loc 1 4043 9 is_stmt 0 view .LVU1603
 5692 0026 6169     		ldr	r1, [r4, #20]
 5693 0028 03EB8303 		add	r3, r3, r3, lsl #2
 5694 002c 184A     		ldr	r2, .L469+4
 5695 002e 02EB8303 		add	r3, r2, r3, lsl #2
4043:Middlewares/Third_Party/FreeRTOS/Source/tasks.c **** 				{
 5696              		.loc 1 4043 7 view .LVU1604
 5697 0032 9942     		cmp	r1, r3
 5698 0034 05D0     		beq	.L468
4064:Middlewares/Third_Party/FreeRTOS/Source/tasks.c **** 				}
 5699              		.loc 1 4064 6 is_stmt 1 view .LVU1605
4064:Middlewares/Third_Party/FreeRTOS/Source/tasks.c **** 				}
 5700              		.loc 1 4064 49 is_stmt 0 view .LVU1606
 5701 0036 154B     		ldr	r3, .L469
 5702 0038 1B68     		ldr	r3, [r3]
 5703 003a DB6A     		ldr	r3, [r3, #44]
4064:Middlewares/Third_Party/FreeRTOS/Source/tasks.c **** 				}
 5704              		.loc 1 4064 35 view .LVU1607
 5705 003c E362     		str	r3, [r4, #44]
4070:Middlewares/Third_Party/FreeRTOS/Source/tasks.c **** 			}
 5706              		.loc 1 4070 13 view .LVU1608
 5707 003e 0120     		movs	r0, #1
 5708              	.LVL393:
 5709              	.L456:
4097:Middlewares/Third_Party/FreeRTOS/Source/tasks.c **** 
 5710              		.loc 1 4097 2 view .LVU1609
 5711 0040 38BD     		pop	{r3, r4, r5, pc}
 5712              	.LVL394:
 5713              	.L468:
4045:Middlewares/Third_Party/FreeRTOS/Source/tasks.c **** 					{
 5714              		.loc 1 4045 6 is_stmt 1 view .LVU1610
ARM GAS  /tmp/ccbSDz7D.s 			page 223


4045:Middlewares/Third_Party/FreeRTOS/Source/tasks.c **** 					{
 5715              		.loc 1 4045 24 is_stmt 0 view .LVU1611
 5716 0042 251D     		adds	r5, r4, #4
4045:Middlewares/Third_Party/FreeRTOS/Source/tasks.c **** 					{
 5717              		.loc 1 4045 10 view .LVU1612
 5718 0044 2846     		mov	r0, r5
 5719              	.LVL395:
4045:Middlewares/Third_Party/FreeRTOS/Source/tasks.c **** 					{
 5720              		.loc 1 4045 10 view .LVU1613
 5721 0046 FFF7FEFF 		bl	uxListRemove
 5722              	.LVL396:
4050:Middlewares/Third_Party/FreeRTOS/Source/tasks.c **** 					}
 5723              		.loc 1 4050 83 is_stmt 1 view .LVU1614
4054:Middlewares/Third_Party/FreeRTOS/Source/tasks.c **** 					}
 5724              		.loc 1 4054 31 view .LVU1615
4058:Middlewares/Third_Party/FreeRTOS/Source/tasks.c **** 					prvAddTaskToReadyList( pxMutexHolderTCB );
 5725              		.loc 1 4058 6 view .LVU1616
4058:Middlewares/Third_Party/FreeRTOS/Source/tasks.c **** 					prvAddTaskToReadyList( pxMutexHolderTCB );
 5726              		.loc 1 4058 49 is_stmt 0 view .LVU1617
 5727 004a 104B     		ldr	r3, .L469
 5728 004c 1B68     		ldr	r3, [r3]
 5729 004e D86A     		ldr	r0, [r3, #44]
4058:Middlewares/Third_Party/FreeRTOS/Source/tasks.c **** 					prvAddTaskToReadyList( pxMutexHolderTCB );
 5730              		.loc 1 4058 35 view .LVU1618
 5731 0050 E062     		str	r0, [r4, #44]
4059:Middlewares/Third_Party/FreeRTOS/Source/tasks.c **** 				}
 5732              		.loc 1 4059 6 is_stmt 1 view .LVU1619
4059:Middlewares/Third_Party/FreeRTOS/Source/tasks.c **** 				}
 5733              		.loc 1 4059 6 view .LVU1620
 5734 0052 104B     		ldr	r3, .L469+8
 5735 0054 1B68     		ldr	r3, [r3]
 5736 0056 9842     		cmp	r0, r3
 5737 0058 01D9     		bls	.L461
4059:Middlewares/Third_Party/FreeRTOS/Source/tasks.c **** 				}
 5738              		.loc 1 4059 6 discriminator 1 view .LVU1621
 5739 005a 0E4B     		ldr	r3, .L469+8
 5740 005c 1860     		str	r0, [r3]
 5741              	.L461:
4059:Middlewares/Third_Party/FreeRTOS/Source/tasks.c **** 				}
 5742              		.loc 1 4059 6 discriminator 3 view .LVU1622
4059:Middlewares/Third_Party/FreeRTOS/Source/tasks.c **** 				}
 5743              		.loc 1 4059 6 discriminator 3 view .LVU1623
 5744 005e 00EB8000 		add	r0, r0, r0, lsl #2
 5745 0062 2946     		mov	r1, r5
 5746 0064 0A4B     		ldr	r3, .L469+4
 5747 0066 03EB8000 		add	r0, r3, r0, lsl #2
 5748 006a FFF7FEFF 		bl	vListInsertEnd
 5749              	.LVL397:
4059:Middlewares/Third_Party/FreeRTOS/Source/tasks.c **** 				}
 5750              		.loc 1 4059 47 discriminator 1 view .LVU1624
4070:Middlewares/Third_Party/FreeRTOS/Source/tasks.c **** 			}
 5751              		.loc 1 4070 13 is_stmt 0 view .LVU1625
 5752 006e 0120     		movs	r0, #1
 5753 0070 E6E7     		b	.L456
 5754              	.LVL398:
 5755              	.L458:
4074:Middlewares/Third_Party/FreeRTOS/Source/tasks.c **** 				{
ARM GAS  /tmp/ccbSDz7D.s 			page 224


 5756              		.loc 1 4074 5 is_stmt 1 view .LVU1626
4074:Middlewares/Third_Party/FreeRTOS/Source/tasks.c **** 				{
 5757              		.loc 1 4074 25 is_stmt 0 view .LVU1627
 5758 0072 C26C     		ldr	r2, [r0, #76]
4074:Middlewares/Third_Party/FreeRTOS/Source/tasks.c **** 				{
 5759              		.loc 1 4074 56 view .LVU1628
 5760 0074 054B     		ldr	r3, .L469
 5761 0076 1B68     		ldr	r3, [r3]
 5762 0078 DB6A     		ldr	r3, [r3, #44]
4074:Middlewares/Third_Party/FreeRTOS/Source/tasks.c **** 				{
 5763              		.loc 1 4074 7 view .LVU1629
 5764 007a 9A42     		cmp	r2, r3
 5765 007c 03D3     		bcc	.L463
4017:Middlewares/Third_Party/FreeRTOS/Source/tasks.c **** 
 5766              		.loc 1 4017 13 view .LVU1630
 5767 007e 0020     		movs	r0, #0
 5768              	.LVL399:
4017:Middlewares/Third_Party/FreeRTOS/Source/tasks.c **** 
 5769              		.loc 1 4017 13 view .LVU1631
 5770 0080 DEE7     		b	.L456
 5771              	.LVL400:
 5772              	.L462:
 5773              	.LCFI51:
 5774              		.cfi_def_cfa_offset 0
 5775              		.cfi_restore 3
 5776              		.cfi_restore 4
 5777              		.cfi_restore 5
 5778              		.cfi_restore 14
4017:Middlewares/Third_Party/FreeRTOS/Source/tasks.c **** 
 5779              		.loc 1 4017 13 view .LVU1632
 5780 0082 0020     		movs	r0, #0
 5781              	.LVL401:
4097:Middlewares/Third_Party/FreeRTOS/Source/tasks.c **** 
 5782              		.loc 1 4097 2 view .LVU1633
 5783 0084 7047     		bx	lr
 5784              	.LVL402:
 5785              	.L463:
 5786              	.LCFI52:
 5787              		.cfi_def_cfa_offset 16
 5788              		.cfi_offset 3, -16
 5789              		.cfi_offset 4, -12
 5790              		.cfi_offset 5, -8
 5791              		.cfi_offset 14, -4
4083:Middlewares/Third_Party/FreeRTOS/Source/tasks.c **** 				}
 5792              		.loc 1 4083 14 view .LVU1634
 5793 0086 0120     		movs	r0, #1
 5794              	.LVL403:
4093:Middlewares/Third_Party/FreeRTOS/Source/tasks.c **** 		}
 5795              		.loc 1 4093 28 is_stmt 1 view .LVU1635
4096:Middlewares/Third_Party/FreeRTOS/Source/tasks.c **** 	}
 5796              		.loc 1 4096 3 view .LVU1636
4096:Middlewares/Third_Party/FreeRTOS/Source/tasks.c **** 	}
 5797              		.loc 1 4096 10 is_stmt 0 view .LVU1637
 5798 0088 DAE7     		b	.L456
 5799              	.L470:
 5800 008a 00BF     		.align	2
 5801              	.L469:
ARM GAS  /tmp/ccbSDz7D.s 			page 225


 5802 008c 00000000 		.word	pxCurrentTCB
 5803 0090 00000000 		.word	pxReadyTasksLists
 5804 0094 00000000 		.word	uxTopReadyPriority
 5805              		.cfi_endproc
 5806              	.LFE53:
 5808              		.section	.text.xTaskPriorityDisinherit,"ax",%progbits
 5809              		.align	1
 5810              		.global	xTaskPriorityDisinherit
 5811              		.syntax unified
 5812              		.thumb
 5813              		.thumb_func
 5815              	xTaskPriorityDisinherit:
 5816              	.LVL404:
 5817              	.LFB54:
4105:Middlewares/Third_Party/FreeRTOS/Source/tasks.c **** 	TCB_t * const pxTCB = pxMutexHolder;
 5818              		.loc 1 4105 2 is_stmt 1 view -0
 5819              		.cfi_startproc
 5820              		@ args = 0, pretend = 0, frame = 0
 5821              		@ frame_needed = 0, uses_anonymous_args = 0
4106:Middlewares/Third_Party/FreeRTOS/Source/tasks.c **** 	BaseType_t xReturn = pdFALSE;
 5822              		.loc 1 4106 2 view .LVU1639
4107:Middlewares/Third_Party/FreeRTOS/Source/tasks.c **** 
 5823              		.loc 1 4107 2 view .LVU1640
4109:Middlewares/Third_Party/FreeRTOS/Source/tasks.c **** 		{
 5824              		.loc 1 4109 3 view .LVU1641
4109:Middlewares/Third_Party/FreeRTOS/Source/tasks.c **** 		{
 5825              		.loc 1 4109 5 is_stmt 0 view .LVU1642
 5826 0000 0028     		cmp	r0, #0
 5827 0002 3BD0     		beq	.L478
4105:Middlewares/Third_Party/FreeRTOS/Source/tasks.c **** 	TCB_t * const pxTCB = pxMutexHolder;
 5828              		.loc 1 4105 2 view .LVU1643
 5829 0004 38B5     		push	{r3, r4, r5, lr}
 5830              	.LCFI53:
 5831              		.cfi_def_cfa_offset 16
 5832              		.cfi_offset 3, -16
 5833              		.cfi_offset 4, -12
 5834              		.cfi_offset 5, -8
 5835              		.cfi_offset 14, -4
 5836 0006 0446     		mov	r4, r0
4115:Middlewares/Third_Party/FreeRTOS/Source/tasks.c **** 			configASSERT( pxTCB->uxMutexesHeld );
 5837              		.loc 1 4115 4 is_stmt 1 view .LVU1644
 5838 0008 1E4B     		ldr	r3, .L486
 5839 000a 1B68     		ldr	r3, [r3]
 5840 000c 8342     		cmp	r3, r0
 5841 000e 08D0     		beq	.L473
4115:Middlewares/Third_Party/FreeRTOS/Source/tasks.c **** 			configASSERT( pxTCB->uxMutexesHeld );
 5842              		.loc 1 4115 4 discriminator 1 view .LVU1645
 5843              	.LBB222:
 5844              	.LBI222:
 191:Middlewares/Third_Party/FreeRTOS/Source/portable/GCC/ARM_CM4F/portmacro.h **** {
 5845              		.loc 2 191 30 view .LVU1646
 5846              	.LBB223:
 193:Middlewares/Third_Party/FreeRTOS/Source/portable/GCC/ARM_CM4F/portmacro.h **** 
 5847              		.loc 2 193 1 view .LVU1647
 195:Middlewares/Third_Party/FreeRTOS/Source/portable/GCC/ARM_CM4F/portmacro.h **** 	(
 5848              		.loc 2 195 2 view .LVU1648
 5849              		.syntax unified
ARM GAS  /tmp/ccbSDz7D.s 			page 226


 5850              	@ 195 "Middlewares/Third_Party/FreeRTOS/Source/portable/GCC/ARM_CM4F/portmacro.h" 1
 5851 0010 4FF05003 			mov r3, #80												
 5852 0014 83F31188 		msr basepri, r3											
 5853 0018 BFF36F8F 		isb														
 5854 001c BFF34F8F 		dsb														
 5855              	
 5856              	@ 0 "" 2
 5857              		.thumb
 5858              		.syntax unified
 5859              	.L474:
 5860              	.LBE223:
 5861              	.LBE222:
4115:Middlewares/Third_Party/FreeRTOS/Source/tasks.c **** 			configASSERT( pxTCB->uxMutexesHeld );
 5862              		.loc 1 4115 4 view .LVU1649
4115:Middlewares/Third_Party/FreeRTOS/Source/tasks.c **** 			configASSERT( pxTCB->uxMutexesHeld );
 5863              		.loc 1 4115 4 view .LVU1650
 5864 0020 FEE7     		b	.L474
 5865              	.L473:
4115:Middlewares/Third_Party/FreeRTOS/Source/tasks.c **** 			configASSERT( pxTCB->uxMutexesHeld );
 5866              		.loc 1 4115 41 view .LVU1651
4116:Middlewares/Third_Party/FreeRTOS/Source/tasks.c **** 			( pxTCB->uxMutexesHeld )--;
 5867              		.loc 1 4116 4 view .LVU1652
 5868 0022 036D     		ldr	r3, [r0, #80]
 5869 0024 43B9     		cbnz	r3, .L475
4116:Middlewares/Third_Party/FreeRTOS/Source/tasks.c **** 			( pxTCB->uxMutexesHeld )--;
 5870              		.loc 1 4116 4 discriminator 1 view .LVU1653
 5871              	.LBB224:
 5872              	.LBI224:
 191:Middlewares/Third_Party/FreeRTOS/Source/portable/GCC/ARM_CM4F/portmacro.h **** {
 5873              		.loc 2 191 30 view .LVU1654
 5874              	.LBB225:
 193:Middlewares/Third_Party/FreeRTOS/Source/portable/GCC/ARM_CM4F/portmacro.h **** 
 5875              		.loc 2 193 1 view .LVU1655
 195:Middlewares/Third_Party/FreeRTOS/Source/portable/GCC/ARM_CM4F/portmacro.h **** 	(
 5876              		.loc 2 195 2 view .LVU1656
 5877              		.syntax unified
 5878              	@ 195 "Middlewares/Third_Party/FreeRTOS/Source/portable/GCC/ARM_CM4F/portmacro.h" 1
 5879 0026 4FF05003 			mov r3, #80												
 5880 002a 83F31188 		msr basepri, r3											
 5881 002e BFF36F8F 		isb														
 5882 0032 BFF34F8F 		dsb														
 5883              	
 5884              	@ 0 "" 2
 5885              		.thumb
 5886              		.syntax unified
 5887              	.L476:
 5888              	.LBE225:
 5889              	.LBE224:
4116:Middlewares/Third_Party/FreeRTOS/Source/tasks.c **** 			( pxTCB->uxMutexesHeld )--;
 5890              		.loc 1 4116 4 view .LVU1657
4116:Middlewares/Third_Party/FreeRTOS/Source/tasks.c **** 			( pxTCB->uxMutexesHeld )--;
 5891              		.loc 1 4116 4 view .LVU1658
 5892 0036 FEE7     		b	.L476
 5893              	.L475:
4116:Middlewares/Third_Party/FreeRTOS/Source/tasks.c **** 			( pxTCB->uxMutexesHeld )--;
 5894              		.loc 1 4116 40 view .LVU1659
4117:Middlewares/Third_Party/FreeRTOS/Source/tasks.c **** 
ARM GAS  /tmp/ccbSDz7D.s 			page 227


 5895              		.loc 1 4117 4 view .LVU1660
4117:Middlewares/Third_Party/FreeRTOS/Source/tasks.c **** 
 5896              		.loc 1 4117 28 is_stmt 0 view .LVU1661
 5897 0038 013B     		subs	r3, r3, #1
 5898 003a 0365     		str	r3, [r0, #80]
4121:Middlewares/Third_Party/FreeRTOS/Source/tasks.c **** 			{
 5899              		.loc 1 4121 4 is_stmt 1 view .LVU1662
4121:Middlewares/Third_Party/FreeRTOS/Source/tasks.c **** 			{
 5900              		.loc 1 4121 13 is_stmt 0 view .LVU1663
 5901 003c C16A     		ldr	r1, [r0, #44]
4121:Middlewares/Third_Party/FreeRTOS/Source/tasks.c **** 			{
 5902              		.loc 1 4121 34 view .LVU1664
 5903 003e C26C     		ldr	r2, [r0, #76]
4121:Middlewares/Third_Party/FreeRTOS/Source/tasks.c **** 			{
 5904              		.loc 1 4121 6 view .LVU1665
 5905 0040 9142     		cmp	r1, r2
 5906 0042 1DD0     		beq	.L479
4124:Middlewares/Third_Party/FreeRTOS/Source/tasks.c **** 				{
 5907              		.loc 1 4124 5 is_stmt 1 view .LVU1666
4124:Middlewares/Third_Party/FreeRTOS/Source/tasks.c **** 				{
 5908              		.loc 1 4124 7 is_stmt 0 view .LVU1667
 5909 0044 0BB1     		cbz	r3, .L485
4107:Middlewares/Third_Party/FreeRTOS/Source/tasks.c **** 
 5910              		.loc 1 4107 13 view .LVU1668
 5911 0046 0020     		movs	r0, #0
 5912              	.LVL405:
4173:Middlewares/Third_Party/FreeRTOS/Source/tasks.c **** 		}
 5913              		.loc 1 4173 28 is_stmt 1 view .LVU1669
4176:Middlewares/Third_Party/FreeRTOS/Source/tasks.c **** 	}
 5914              		.loc 1 4176 3 view .LVU1670
 5915              	.L471:
4177:Middlewares/Third_Party/FreeRTOS/Source/tasks.c **** 
 5916              		.loc 1 4177 2 is_stmt 0 view .LVU1671
 5917 0048 38BD     		pop	{r3, r4, r5, pc}
 5918              	.LVL406:
 5919              	.L485:
4131:Middlewares/Third_Party/FreeRTOS/Source/tasks.c **** 					{
 5920              		.loc 1 4131 6 is_stmt 1 view .LVU1672
4131:Middlewares/Third_Party/FreeRTOS/Source/tasks.c **** 					{
 5921              		.loc 1 4131 24 is_stmt 0 view .LVU1673
 5922 004a 051D     		adds	r5, r0, #4
4131:Middlewares/Third_Party/FreeRTOS/Source/tasks.c **** 					{
 5923              		.loc 1 4131 10 view .LVU1674
 5924 004c 2846     		mov	r0, r5
 5925              	.LVL407:
4131:Middlewares/Third_Party/FreeRTOS/Source/tasks.c **** 					{
 5926              		.loc 1 4131 10 view .LVU1675
 5927 004e FFF7FEFF 		bl	uxListRemove
 5928              	.LVL408:
4133:Middlewares/Third_Party/FreeRTOS/Source/tasks.c **** 					}
 5929              		.loc 1 4133 52 is_stmt 1 view .LVU1676
4137:Middlewares/Third_Party/FreeRTOS/Source/tasks.c **** 					}
 5930              		.loc 1 4137 31 view .LVU1677
4142:Middlewares/Third_Party/FreeRTOS/Source/tasks.c **** 					pxTCB->uxPriority = pxTCB->uxBasePriority;
 5931              		.loc 1 4142 67 view .LVU1678
4143:Middlewares/Third_Party/FreeRTOS/Source/tasks.c **** 
 5932              		.loc 1 4143 6 view .LVU1679
ARM GAS  /tmp/ccbSDz7D.s 			page 228


4143:Middlewares/Third_Party/FreeRTOS/Source/tasks.c **** 
 5933              		.loc 1 4143 31 is_stmt 0 view .LVU1680
 5934 0052 E06C     		ldr	r0, [r4, #76]
4143:Middlewares/Third_Party/FreeRTOS/Source/tasks.c **** 
 5935              		.loc 1 4143 24 view .LVU1681
 5936 0054 E062     		str	r0, [r4, #44]
4148:Middlewares/Third_Party/FreeRTOS/Source/tasks.c **** 					prvAddTaskToReadyList( pxTCB );
 5937              		.loc 1 4148 6 is_stmt 1 view .LVU1682
 5938 0056 C0F13803 		rsb	r3, r0, #56
 5939 005a A361     		str	r3, [r4, #24]
4149:Middlewares/Third_Party/FreeRTOS/Source/tasks.c **** 
 5940              		.loc 1 4149 6 view .LVU1683
4149:Middlewares/Third_Party/FreeRTOS/Source/tasks.c **** 
 5941              		.loc 1 4149 6 view .LVU1684
 5942 005c 0A4B     		ldr	r3, .L486+4
 5943 005e 1B68     		ldr	r3, [r3]
 5944 0060 9842     		cmp	r0, r3
 5945 0062 01D9     		bls	.L477
4149:Middlewares/Third_Party/FreeRTOS/Source/tasks.c **** 
 5946              		.loc 1 4149 6 discriminator 1 view .LVU1685
 5947 0064 084B     		ldr	r3, .L486+4
 5948 0066 1860     		str	r0, [r3]
 5949              	.L477:
4149:Middlewares/Third_Party/FreeRTOS/Source/tasks.c **** 
 5950              		.loc 1 4149 6 discriminator 3 view .LVU1686
4149:Middlewares/Third_Party/FreeRTOS/Source/tasks.c **** 
 5951              		.loc 1 4149 6 discriminator 3 view .LVU1687
 5952 0068 00EB8000 		add	r0, r0, r0, lsl #2
 5953 006c 2946     		mov	r1, r5
 5954 006e 074B     		ldr	r3, .L486+8
 5955 0070 03EB8000 		add	r0, r3, r0, lsl #2
 5956 0074 FFF7FEFF 		bl	vListInsertEnd
 5957              	.LVL409:
4149:Middlewares/Third_Party/FreeRTOS/Source/tasks.c **** 
 5958              		.loc 1 4149 36 discriminator 1 view .LVU1688
4159:Middlewares/Third_Party/FreeRTOS/Source/tasks.c **** 				}
 5959              		.loc 1 4159 6 view .LVU1689
4159:Middlewares/Third_Party/FreeRTOS/Source/tasks.c **** 				}
 5960              		.loc 1 4159 14 is_stmt 0 view .LVU1690
 5961 0078 0120     		movs	r0, #1
 5962 007a E5E7     		b	.L471
 5963              	.LVL410:
 5964              	.L478:
 5965              	.LCFI54:
 5966              		.cfi_def_cfa_offset 0
 5967              		.cfi_restore 3
 5968              		.cfi_restore 4
 5969              		.cfi_restore 5
 5970              		.cfi_restore 14
4107:Middlewares/Third_Party/FreeRTOS/Source/tasks.c **** 
 5971              		.loc 1 4107 13 view .LVU1691
 5972 007c 0020     		movs	r0, #0
 5973              	.LVL411:
4177:Middlewares/Third_Party/FreeRTOS/Source/tasks.c **** 
 5974              		.loc 1 4177 2 view .LVU1692
 5975 007e 7047     		bx	lr
 5976              	.LVL412:
ARM GAS  /tmp/ccbSDz7D.s 			page 229


 5977              	.L479:
 5978              	.LCFI55:
 5979              		.cfi_def_cfa_offset 16
 5980              		.cfi_offset 3, -16
 5981              		.cfi_offset 4, -12
 5982              		.cfi_offset 5, -8
 5983              		.cfi_offset 14, -4
4107:Middlewares/Third_Party/FreeRTOS/Source/tasks.c **** 
 5984              		.loc 1 4107 13 view .LVU1693
 5985 0080 0020     		movs	r0, #0
 5986              	.LVL413:
4107:Middlewares/Third_Party/FreeRTOS/Source/tasks.c **** 
 5987              		.loc 1 4107 13 view .LVU1694
 5988 0082 E1E7     		b	.L471
 5989              	.L487:
 5990              		.align	2
 5991              	.L486:
 5992 0084 00000000 		.word	pxCurrentTCB
 5993 0088 00000000 		.word	uxTopReadyPriority
 5994 008c 00000000 		.word	pxReadyTasksLists
 5995              		.cfi_endproc
 5996              	.LFE54:
 5998              		.section	.text.vTaskPriorityDisinheritAfterTimeout,"ax",%progbits
 5999              		.align	1
 6000              		.global	vTaskPriorityDisinheritAfterTimeout
 6001              		.syntax unified
 6002              		.thumb
 6003              		.thumb_func
 6005              	vTaskPriorityDisinheritAfterTimeout:
 6006              	.LVL414:
 6007              	.LFB55:
4185:Middlewares/Third_Party/FreeRTOS/Source/tasks.c **** 	TCB_t * const pxTCB = pxMutexHolder;
 6008              		.loc 1 4185 2 is_stmt 1 view -0
 6009              		.cfi_startproc
 6010              		@ args = 0, pretend = 0, frame = 0
 6011              		@ frame_needed = 0, uses_anonymous_args = 0
4186:Middlewares/Third_Party/FreeRTOS/Source/tasks.c **** 	UBaseType_t uxPriorityUsedOnEntry, uxPriorityToUse;
 6012              		.loc 1 4186 2 view .LVU1696
4187:Middlewares/Third_Party/FreeRTOS/Source/tasks.c **** 	const UBaseType_t uxOnlyOneMutexHeld = ( UBaseType_t ) 1;
 6013              		.loc 1 4187 2 view .LVU1697
4188:Middlewares/Third_Party/FreeRTOS/Source/tasks.c **** 
 6014              		.loc 1 4188 2 view .LVU1698
4190:Middlewares/Third_Party/FreeRTOS/Source/tasks.c **** 		{
 6015              		.loc 1 4190 3 view .LVU1699
4190:Middlewares/Third_Party/FreeRTOS/Source/tasks.c **** 		{
 6016              		.loc 1 4190 5 is_stmt 0 view .LVU1700
 6017 0000 0028     		cmp	r0, #0
 6018 0002 46D0     		beq	.L498
4185:Middlewares/Third_Party/FreeRTOS/Source/tasks.c **** 	TCB_t * const pxTCB = pxMutexHolder;
 6019              		.loc 1 4185 2 view .LVU1701
 6020 0004 38B5     		push	{r3, r4, r5, lr}
 6021              	.LCFI56:
 6022              		.cfi_def_cfa_offset 16
 6023              		.cfi_offset 3, -16
 6024              		.cfi_offset 4, -12
 6025              		.cfi_offset 5, -8
 6026              		.cfi_offset 14, -4
ARM GAS  /tmp/ccbSDz7D.s 			page 230


 6027 0006 0446     		mov	r4, r0
4194:Middlewares/Third_Party/FreeRTOS/Source/tasks.c **** 
 6028              		.loc 1 4194 4 is_stmt 1 view .LVU1702
 6029 0008 036D     		ldr	r3, [r0, #80]
 6030 000a 43B9     		cbnz	r3, .L490
4194:Middlewares/Third_Party/FreeRTOS/Source/tasks.c **** 
 6031              		.loc 1 4194 4 discriminator 1 view .LVU1703
 6032              	.LBB226:
 6033              	.LBI226:
 191:Middlewares/Third_Party/FreeRTOS/Source/portable/GCC/ARM_CM4F/portmacro.h **** {
 6034              		.loc 2 191 30 view .LVU1704
 6035              	.LBB227:
 193:Middlewares/Third_Party/FreeRTOS/Source/portable/GCC/ARM_CM4F/portmacro.h **** 
 6036              		.loc 2 193 1 view .LVU1705
 195:Middlewares/Third_Party/FreeRTOS/Source/portable/GCC/ARM_CM4F/portmacro.h **** 	(
 6037              		.loc 2 195 2 view .LVU1706
 6038              		.syntax unified
 6039              	@ 195 "Middlewares/Third_Party/FreeRTOS/Source/portable/GCC/ARM_CM4F/portmacro.h" 1
 6040 000c 4FF05003 			mov r3, #80												
 6041 0010 83F31188 		msr basepri, r3											
 6042 0014 BFF36F8F 		isb														
 6043 0018 BFF34F8F 		dsb														
 6044              	
 6045              	@ 0 "" 2
 6046              		.thumb
 6047              		.syntax unified
 6048              	.L491:
 6049              	.LBE227:
 6050              	.LBE226:
4194:Middlewares/Third_Party/FreeRTOS/Source/tasks.c **** 
 6051              		.loc 1 4194 4 view .LVU1707
4194:Middlewares/Third_Party/FreeRTOS/Source/tasks.c **** 
 6052              		.loc 1 4194 4 view .LVU1708
 6053 001c FEE7     		b	.L491
 6054              	.L490:
4194:Middlewares/Third_Party/FreeRTOS/Source/tasks.c **** 
 6055              		.loc 1 4194 40 view .LVU1709
4200:Middlewares/Third_Party/FreeRTOS/Source/tasks.c **** 			{
 6056              		.loc 1 4200 4 view .LVU1710
4200:Middlewares/Third_Party/FreeRTOS/Source/tasks.c **** 			{
 6057              		.loc 1 4200 13 is_stmt 0 view .LVU1711
 6058 001e C26C     		ldr	r2, [r0, #76]
4200:Middlewares/Third_Party/FreeRTOS/Source/tasks.c **** 			{
 6059              		.loc 1 4200 6 view .LVU1712
 6060 0020 8A42     		cmp	r2, r1
 6061 0022 00D2     		bcs	.L492
4202:Middlewares/Third_Party/FreeRTOS/Source/tasks.c **** 			}
 6062              		.loc 1 4202 21 view .LVU1713
 6063 0024 0A46     		mov	r2, r1
 6064              	.L492:
 6065              	.LVL415:
4210:Middlewares/Third_Party/FreeRTOS/Source/tasks.c **** 			{
 6066              		.loc 1 4210 4 is_stmt 1 view .LVU1714
4210:Middlewares/Third_Party/FreeRTOS/Source/tasks.c **** 			{
 6067              		.loc 1 4210 13 is_stmt 0 view .LVU1715
 6068 0026 E16A     		ldr	r1, [r4, #44]
 6069              	.LVL416:
ARM GAS  /tmp/ccbSDz7D.s 			page 231


4210:Middlewares/Third_Party/FreeRTOS/Source/tasks.c **** 			{
 6070              		.loc 1 4210 6 view .LVU1716
 6071 0028 9142     		cmp	r1, r2
 6072 002a 01D0     		beq	.L488
4216:Middlewares/Third_Party/FreeRTOS/Source/tasks.c **** 				{
 6073              		.loc 1 4216 5 is_stmt 1 view .LVU1717
4216:Middlewares/Third_Party/FreeRTOS/Source/tasks.c **** 				{
 6074              		.loc 1 4216 7 is_stmt 0 view .LVU1718
 6075 002c 012B     		cmp	r3, #1
 6076 002e 00D0     		beq	.L501
 6077              	.LVL417:
 6078              	.L488:
4282:Middlewares/Third_Party/FreeRTOS/Source/tasks.c **** 
 6079              		.loc 1 4282 2 view .LVU1719
 6080 0030 38BD     		pop	{r3, r4, r5, pc}
 6081              	.LVL418:
 6082              	.L501:
4221:Middlewares/Third_Party/FreeRTOS/Source/tasks.c **** 
 6083              		.loc 1 4221 6 is_stmt 1 view .LVU1720
 6084 0032 184B     		ldr	r3, .L503
 6085 0034 1B68     		ldr	r3, [r3]
 6086 0036 A342     		cmp	r3, r4
 6087 0038 22D0     		beq	.L502
4221:Middlewares/Third_Party/FreeRTOS/Source/tasks.c **** 
 6088              		.loc 1 4221 43 view .LVU1721
4226:Middlewares/Third_Party/FreeRTOS/Source/tasks.c **** 					uxPriorityUsedOnEntry = pxTCB->uxPriority;
 6089              		.loc 1 4226 67 view .LVU1722
4227:Middlewares/Third_Party/FreeRTOS/Source/tasks.c **** 					pxTCB->uxPriority = uxPriorityToUse;
 6090              		.loc 1 4227 6 view .LVU1723
 6091              	.LVL419:
4228:Middlewares/Third_Party/FreeRTOS/Source/tasks.c **** 
 6092              		.loc 1 4228 6 view .LVU1724
4228:Middlewares/Third_Party/FreeRTOS/Source/tasks.c **** 
 6093              		.loc 1 4228 24 is_stmt 0 view .LVU1725
 6094 003a E262     		str	r2, [r4, #44]
4232:Middlewares/Third_Party/FreeRTOS/Source/tasks.c **** 					{
 6095              		.loc 1 4232 6 is_stmt 1 view .LVU1726
4232:Middlewares/Third_Party/FreeRTOS/Source/tasks.c **** 					{
 6096              		.loc 1 4232 12 is_stmt 0 view .LVU1727
 6097 003c A369     		ldr	r3, [r4, #24]
4232:Middlewares/Third_Party/FreeRTOS/Source/tasks.c **** 					{
 6098              		.loc 1 4232 8 view .LVU1728
 6099 003e 002B     		cmp	r3, #0
 6100 0040 02DB     		blt	.L495
4234:Middlewares/Third_Party/FreeRTOS/Source/tasks.c **** 					}
 6101              		.loc 1 4234 7 is_stmt 1 view .LVU1729
 6102 0042 C2F13802 		rsb	r2, r2, #56
 6103              	.LVL420:
4234:Middlewares/Third_Party/FreeRTOS/Source/tasks.c **** 					}
 6104              		.loc 1 4234 7 is_stmt 0 view .LVU1730
 6105 0046 A261     		str	r2, [r4, #24]
 6106              	.L495:
4238:Middlewares/Third_Party/FreeRTOS/Source/tasks.c **** 					}
 6107              		.loc 1 4238 31 is_stmt 1 view .LVU1731
4247:Middlewares/Third_Party/FreeRTOS/Source/tasks.c **** 					{
 6108              		.loc 1 4247 6 view .LVU1732
4247:Middlewares/Third_Party/FreeRTOS/Source/tasks.c **** 					{
ARM GAS  /tmp/ccbSDz7D.s 			page 232


 6109              		.loc 1 4247 10 is_stmt 0 view .LVU1733
 6110 0048 6269     		ldr	r2, [r4, #20]
 6111 004a 01EB8101 		add	r1, r1, r1, lsl #2
 6112              	.LVL421:
4247:Middlewares/Third_Party/FreeRTOS/Source/tasks.c **** 					{
 6113              		.loc 1 4247 10 view .LVU1734
 6114 004e 124B     		ldr	r3, .L503+4
 6115 0050 03EB8103 		add	r3, r3, r1, lsl #2
4247:Middlewares/Third_Party/FreeRTOS/Source/tasks.c **** 					{
 6116              		.loc 1 4247 8 view .LVU1735
 6117 0054 9A42     		cmp	r2, r3
 6118 0056 EBD1     		bne	.L488
4249:Middlewares/Third_Party/FreeRTOS/Source/tasks.c **** 						{
 6119              		.loc 1 4249 7 is_stmt 1 view .LVU1736
4249:Middlewares/Third_Party/FreeRTOS/Source/tasks.c **** 						{
 6120              		.loc 1 4249 25 is_stmt 0 view .LVU1737
 6121 0058 251D     		adds	r5, r4, #4
4249:Middlewares/Third_Party/FreeRTOS/Source/tasks.c **** 						{
 6122              		.loc 1 4249 11 view .LVU1738
 6123 005a 2846     		mov	r0, r5
 6124              	.LVL422:
4249:Middlewares/Third_Party/FreeRTOS/Source/tasks.c **** 						{
 6125              		.loc 1 4249 11 view .LVU1739
 6126 005c FFF7FEFF 		bl	uxListRemove
 6127              	.LVL423:
4254:Middlewares/Third_Party/FreeRTOS/Source/tasks.c **** 						}
 6128              		.loc 1 4254 73 is_stmt 1 view .LVU1740
4258:Middlewares/Third_Party/FreeRTOS/Source/tasks.c **** 						}
 6129              		.loc 1 4258 32 view .LVU1741
4261:Middlewares/Third_Party/FreeRTOS/Source/tasks.c **** 					}
 6130              		.loc 1 4261 7 view .LVU1742
4261:Middlewares/Third_Party/FreeRTOS/Source/tasks.c **** 					}
 6131              		.loc 1 4261 7 view .LVU1743
 6132 0060 E06A     		ldr	r0, [r4, #44]
 6133 0062 0E4B     		ldr	r3, .L503+8
 6134 0064 1B68     		ldr	r3, [r3]
 6135 0066 9842     		cmp	r0, r3
 6136 0068 01D9     		bls	.L496
4261:Middlewares/Third_Party/FreeRTOS/Source/tasks.c **** 					}
 6137              		.loc 1 4261 7 discriminator 1 view .LVU1744
 6138 006a 0C4B     		ldr	r3, .L503+8
 6139 006c 1860     		str	r0, [r3]
 6140              	.L496:
4261:Middlewares/Third_Party/FreeRTOS/Source/tasks.c **** 					}
 6141              		.loc 1 4261 7 discriminator 3 view .LVU1745
4261:Middlewares/Third_Party/FreeRTOS/Source/tasks.c **** 					}
 6142              		.loc 1 4261 7 discriminator 3 view .LVU1746
 6143 006e 00EB8000 		add	r0, r0, r0, lsl #2
 6144 0072 2946     		mov	r1, r5
 6145 0074 084B     		ldr	r3, .L503+4
 6146 0076 03EB8000 		add	r0, r3, r0, lsl #2
 6147 007a FFF7FEFF 		bl	vListInsertEnd
 6148              	.LVL424:
4261:Middlewares/Third_Party/FreeRTOS/Source/tasks.c **** 					}
 6149              		.loc 1 4261 37 discriminator 1 view .LVU1747
4280:Middlewares/Third_Party/FreeRTOS/Source/tasks.c **** 		}
 6150              		.loc 1 4280 28 view .LVU1748
ARM GAS  /tmp/ccbSDz7D.s 			page 233


4282:Middlewares/Third_Party/FreeRTOS/Source/tasks.c **** 
 6151              		.loc 1 4282 2 is_stmt 0 view .LVU1749
 6152 007e D7E7     		b	.L488
 6153              	.LVL425:
 6154              	.L502:
4221:Middlewares/Third_Party/FreeRTOS/Source/tasks.c **** 
 6155              		.loc 1 4221 6 is_stmt 1 discriminator 1 view .LVU1750
 6156              	.LBB228:
 6157              	.LBI228:
 191:Middlewares/Third_Party/FreeRTOS/Source/portable/GCC/ARM_CM4F/portmacro.h **** {
 6158              		.loc 2 191 30 view .LVU1751
 6159              	.LBB229:
 193:Middlewares/Third_Party/FreeRTOS/Source/portable/GCC/ARM_CM4F/portmacro.h **** 
 6160              		.loc 2 193 1 view .LVU1752
 195:Middlewares/Third_Party/FreeRTOS/Source/portable/GCC/ARM_CM4F/portmacro.h **** 	(
 6161              		.loc 2 195 2 view .LVU1753
 6162              		.syntax unified
 6163              	@ 195 "Middlewares/Third_Party/FreeRTOS/Source/portable/GCC/ARM_CM4F/portmacro.h" 1
 6164 0080 4FF05003 			mov r3, #80												
 6165 0084 83F31188 		msr basepri, r3											
 6166 0088 BFF36F8F 		isb														
 6167 008c BFF34F8F 		dsb														
 6168              	
 6169              	@ 0 "" 2
 6170              		.thumb
 6171              		.syntax unified
 6172              	.L494:
 6173              	.LBE229:
 6174              	.LBE228:
4221:Middlewares/Third_Party/FreeRTOS/Source/tasks.c **** 
 6175              		.loc 1 4221 6 view .LVU1754
4221:Middlewares/Third_Party/FreeRTOS/Source/tasks.c **** 
 6176              		.loc 1 4221 6 view .LVU1755
 6177 0090 FEE7     		b	.L494
 6178              	.LVL426:
 6179              	.L498:
 6180              	.LCFI57:
 6181              		.cfi_def_cfa_offset 0
 6182              		.cfi_restore 3
 6183              		.cfi_restore 4
 6184              		.cfi_restore 5
 6185              		.cfi_restore 14
4221:Middlewares/Third_Party/FreeRTOS/Source/tasks.c **** 
 6186              		.loc 1 4221 6 is_stmt 0 view .LVU1756
 6187 0092 7047     		bx	lr
 6188              	.L504:
 6189              		.align	2
 6190              	.L503:
 6191 0094 00000000 		.word	pxCurrentTCB
 6192 0098 00000000 		.word	pxReadyTasksLists
 6193 009c 00000000 		.word	uxTopReadyPriority
 6194              		.cfi_endproc
 6195              	.LFE55:
 6197              		.section	.text.uxTaskResetEventItemValue,"ax",%progbits
 6198              		.align	1
 6199              		.global	uxTaskResetEventItemValue
 6200              		.syntax unified
ARM GAS  /tmp/ccbSDz7D.s 			page 234


 6201              		.thumb
 6202              		.thumb_func
 6204              	uxTaskResetEventItemValue:
 6205              	.LFB56:
4603:Middlewares/Third_Party/FreeRTOS/Source/tasks.c **** TickType_t uxReturn;
 6206              		.loc 1 4603 1 is_stmt 1 view -0
 6207              		.cfi_startproc
 6208              		@ args = 0, pretend = 0, frame = 0
 6209              		@ frame_needed = 0, uses_anonymous_args = 0
 6210              		@ link register save eliminated.
4604:Middlewares/Third_Party/FreeRTOS/Source/tasks.c **** 
 6211              		.loc 1 4604 1 view .LVU1758
4606:Middlewares/Third_Party/FreeRTOS/Source/tasks.c **** 
 6212              		.loc 1 4606 2 view .LVU1759
4606:Middlewares/Third_Party/FreeRTOS/Source/tasks.c **** 
 6213              		.loc 1 4606 13 is_stmt 0 view .LVU1760
 6214 0000 044A     		ldr	r2, .L506
 6215 0002 1368     		ldr	r3, [r2]
4606:Middlewares/Third_Party/FreeRTOS/Source/tasks.c **** 
 6216              		.loc 1 4606 11 view .LVU1761
 6217 0004 9869     		ldr	r0, [r3, #24]
 6218              	.LVL427:
4610:Middlewares/Third_Party/FreeRTOS/Source/tasks.c **** 
 6219              		.loc 1 4610 2 is_stmt 1 view .LVU1762
 6220 0006 1368     		ldr	r3, [r2]
 6221 0008 DB6A     		ldr	r3, [r3, #44]
 6222 000a 1268     		ldr	r2, [r2]
 6223 000c C3F13803 		rsb	r3, r3, #56
 6224 0010 9361     		str	r3, [r2, #24]
4612:Middlewares/Third_Party/FreeRTOS/Source/tasks.c **** }
 6225              		.loc 1 4612 2 view .LVU1763
4613:Middlewares/Third_Party/FreeRTOS/Source/tasks.c **** /*-----------------------------------------------------------*/
 6226              		.loc 1 4613 1 is_stmt 0 view .LVU1764
 6227 0012 7047     		bx	lr
 6228              	.L507:
 6229              		.align	2
 6230              	.L506:
 6231 0014 00000000 		.word	pxCurrentTCB
 6232              		.cfi_endproc
 6233              	.LFE56:
 6235              		.section	.text.pvTaskIncrementMutexHeldCount,"ax",%progbits
 6236              		.align	1
 6237              		.global	pvTaskIncrementMutexHeldCount
 6238              		.syntax unified
 6239              		.thumb
 6240              		.thumb_func
 6242              	pvTaskIncrementMutexHeldCount:
 6243              	.LFB57:
4619:Middlewares/Third_Party/FreeRTOS/Source/tasks.c **** 		/* If xSemaphoreCreateMutex() is called before any tasks have been created
 6244              		.loc 1 4619 2 is_stmt 1 view -0
 6245              		.cfi_startproc
 6246              		@ args = 0, pretend = 0, frame = 0
 6247              		@ frame_needed = 0, uses_anonymous_args = 0
 6248              		@ link register save eliminated.
4622:Middlewares/Third_Party/FreeRTOS/Source/tasks.c **** 		{
 6249              		.loc 1 4622 3 view .LVU1766
4622:Middlewares/Third_Party/FreeRTOS/Source/tasks.c **** 		{
ARM GAS  /tmp/ccbSDz7D.s 			page 235


 6250              		.loc 1 4622 20 is_stmt 0 view .LVU1767
 6251 0000 054B     		ldr	r3, .L510
 6252 0002 1B68     		ldr	r3, [r3]
4622:Middlewares/Third_Party/FreeRTOS/Source/tasks.c **** 		{
 6253              		.loc 1 4622 5 view .LVU1768
 6254 0004 23B1     		cbz	r3, .L509
4624:Middlewares/Third_Party/FreeRTOS/Source/tasks.c **** 		}
 6255              		.loc 1 4624 4 is_stmt 1 view .LVU1769
4624:Middlewares/Third_Party/FreeRTOS/Source/tasks.c **** 		}
 6256              		.loc 1 4624 18 is_stmt 0 view .LVU1770
 6257 0006 044B     		ldr	r3, .L510
 6258 0008 1A68     		ldr	r2, [r3]
 6259 000a 136D     		ldr	r3, [r2, #80]
4624:Middlewares/Third_Party/FreeRTOS/Source/tasks.c **** 		}
 6260              		.loc 1 4624 35 view .LVU1771
 6261 000c 0133     		adds	r3, r3, #1
 6262 000e 1365     		str	r3, [r2, #80]
 6263              	.L509:
4627:Middlewares/Third_Party/FreeRTOS/Source/tasks.c **** 	}
 6264              		.loc 1 4627 3 is_stmt 1 view .LVU1772
4627:Middlewares/Third_Party/FreeRTOS/Source/tasks.c **** 	}
 6265              		.loc 1 4627 10 is_stmt 0 view .LVU1773
 6266 0010 014B     		ldr	r3, .L510
 6267 0012 1868     		ldr	r0, [r3]
4628:Middlewares/Third_Party/FreeRTOS/Source/tasks.c **** 
 6268              		.loc 1 4628 2 view .LVU1774
 6269 0014 7047     		bx	lr
 6270              	.L511:
 6271 0016 00BF     		.align	2
 6272              	.L510:
 6273 0018 00000000 		.word	pxCurrentTCB
 6274              		.cfi_endproc
 6275              	.LFE57:
 6277              		.section	.text.ulTaskNotifyTake,"ax",%progbits
 6278              		.align	1
 6279              		.global	ulTaskNotifyTake
 6280              		.syntax unified
 6281              		.thumb
 6282              		.thumb_func
 6284              	ulTaskNotifyTake:
 6285              	.LVL428:
 6286              	.LFB58:
4636:Middlewares/Third_Party/FreeRTOS/Source/tasks.c **** 	uint32_t ulReturn;
 6287              		.loc 1 4636 2 is_stmt 1 view -0
 6288              		.cfi_startproc
 6289              		@ args = 0, pretend = 0, frame = 0
 6290              		@ frame_needed = 0, uses_anonymous_args = 0
4636:Middlewares/Third_Party/FreeRTOS/Source/tasks.c **** 	uint32_t ulReturn;
 6291              		.loc 1 4636 2 is_stmt 0 view .LVU1776
 6292 0000 38B5     		push	{r3, r4, r5, lr}
 6293              	.LCFI58:
 6294              		.cfi_def_cfa_offset 16
 6295              		.cfi_offset 3, -16
 6296              		.cfi_offset 4, -12
 6297              		.cfi_offset 5, -8
 6298              		.cfi_offset 14, -4
 6299 0002 0546     		mov	r5, r0
ARM GAS  /tmp/ccbSDz7D.s 			page 236


 6300 0004 0C46     		mov	r4, r1
4637:Middlewares/Third_Party/FreeRTOS/Source/tasks.c **** 
 6301              		.loc 1 4637 2 is_stmt 1 view .LVU1777
4639:Middlewares/Third_Party/FreeRTOS/Source/tasks.c **** 		{
 6302              		.loc 1 4639 3 view .LVU1778
 6303 0006 FFF7FEFF 		bl	vPortEnterCritical
 6304              	.LVL429:
4642:Middlewares/Third_Party/FreeRTOS/Source/tasks.c **** 			{
 6305              		.loc 1 4642 4 view .LVU1779
4642:Middlewares/Third_Party/FreeRTOS/Source/tasks.c **** 			{
 6306              		.loc 1 4642 20 is_stmt 0 view .LVU1780
 6307 000a 1A4B     		ldr	r3, .L518
 6308 000c 1B68     		ldr	r3, [r3]
 6309 000e 5B6D     		ldr	r3, [r3, #84]
4642:Middlewares/Third_Party/FreeRTOS/Source/tasks.c **** 			{
 6310              		.loc 1 4642 6 view .LVU1781
 6311 0010 2BB9     		cbnz	r3, .L513
4645:Middlewares/Third_Party/FreeRTOS/Source/tasks.c **** 
 6312              		.loc 1 4645 5 is_stmt 1 view .LVU1782
4645:Middlewares/Third_Party/FreeRTOS/Source/tasks.c **** 
 6313              		.loc 1 4645 17 is_stmt 0 view .LVU1783
 6314 0012 184B     		ldr	r3, .L518
 6315 0014 1B68     		ldr	r3, [r3]
4645:Middlewares/Third_Party/FreeRTOS/Source/tasks.c **** 
 6316              		.loc 1 4645 33 view .LVU1784
 6317 0016 0122     		movs	r2, #1
 6318 0018 83F85820 		strb	r2, [r3, #88]
4647:Middlewares/Third_Party/FreeRTOS/Source/tasks.c **** 				{
 6319              		.loc 1 4647 5 is_stmt 1 view .LVU1785
4647:Middlewares/Third_Party/FreeRTOS/Source/tasks.c **** 				{
 6320              		.loc 1 4647 7 is_stmt 0 view .LVU1786
 6321 001c ACB9     		cbnz	r4, .L517
 6322              	.L513:
4665:Middlewares/Third_Party/FreeRTOS/Source/tasks.c **** 			}
 6323              		.loc 1 4665 29 is_stmt 1 view .LVU1787
4668:Middlewares/Third_Party/FreeRTOS/Source/tasks.c **** 
 6324              		.loc 1 4668 3 view .LVU1788
 6325 001e FFF7FEFF 		bl	vPortExitCritical
 6326              	.LVL430:
4670:Middlewares/Third_Party/FreeRTOS/Source/tasks.c **** 		{
 6327              		.loc 1 4670 3 view .LVU1789
 6328 0022 FFF7FEFF 		bl	vPortEnterCritical
 6329              	.LVL431:
4672:Middlewares/Third_Party/FreeRTOS/Source/tasks.c **** 			ulReturn = pxCurrentTCB->ulNotifiedValue;
 6330              		.loc 1 4672 27 view .LVU1790
4673:Middlewares/Third_Party/FreeRTOS/Source/tasks.c **** 
 6331              		.loc 1 4673 4 view .LVU1791
4673:Middlewares/Third_Party/FreeRTOS/Source/tasks.c **** 
 6332              		.loc 1 4673 27 is_stmt 0 view .LVU1792
 6333 0026 134B     		ldr	r3, .L518
 6334 0028 1B68     		ldr	r3, [r3]
4673:Middlewares/Third_Party/FreeRTOS/Source/tasks.c **** 
 6335              		.loc 1 4673 13 view .LVU1793
 6336 002a 5C6D     		ldr	r4, [r3, #84]
 6337              	.LVL432:
4675:Middlewares/Third_Party/FreeRTOS/Source/tasks.c **** 			{
 6338              		.loc 1 4675 4 is_stmt 1 view .LVU1794
ARM GAS  /tmp/ccbSDz7D.s 			page 237


4675:Middlewares/Third_Party/FreeRTOS/Source/tasks.c **** 			{
 6339              		.loc 1 4675 6 is_stmt 0 view .LVU1795
 6340 002c 24B1     		cbz	r4, .L514
4677:Middlewares/Third_Party/FreeRTOS/Source/tasks.c **** 				{
 6341              		.loc 1 4677 5 is_stmt 1 view .LVU1796
4677:Middlewares/Third_Party/FreeRTOS/Source/tasks.c **** 				{
 6342              		.loc 1 4677 7 is_stmt 0 view .LVU1797
 6343 002e DDB1     		cbz	r5, .L515
4679:Middlewares/Third_Party/FreeRTOS/Source/tasks.c **** 				}
 6344              		.loc 1 4679 6 is_stmt 1 view .LVU1798
4679:Middlewares/Third_Party/FreeRTOS/Source/tasks.c **** 				}
 6345              		.loc 1 4679 18 is_stmt 0 view .LVU1799
 6346 0030 104B     		ldr	r3, .L518
 6347 0032 1B68     		ldr	r3, [r3]
4679:Middlewares/Third_Party/FreeRTOS/Source/tasks.c **** 				}
 6348              		.loc 1 4679 36 view .LVU1800
 6349 0034 0022     		movs	r2, #0
 6350 0036 5A65     		str	r2, [r3, #84]
 6351              	.L514:
4688:Middlewares/Third_Party/FreeRTOS/Source/tasks.c **** 			}
 6352              		.loc 1 4688 29 is_stmt 1 view .LVU1801
4691:Middlewares/Third_Party/FreeRTOS/Source/tasks.c **** 		}
 6353              		.loc 1 4691 4 view .LVU1802
4691:Middlewares/Third_Party/FreeRTOS/Source/tasks.c **** 		}
 6354              		.loc 1 4691 16 is_stmt 0 view .LVU1803
 6355 0038 0E4B     		ldr	r3, .L518
 6356 003a 1B68     		ldr	r3, [r3]
4691:Middlewares/Third_Party/FreeRTOS/Source/tasks.c **** 		}
 6357              		.loc 1 4691 32 view .LVU1804
 6358 003c 0022     		movs	r2, #0
 6359 003e 83F85820 		strb	r2, [r3, #88]
4693:Middlewares/Third_Party/FreeRTOS/Source/tasks.c **** 
 6360              		.loc 1 4693 3 is_stmt 1 view .LVU1805
 6361 0042 FFF7FEFF 		bl	vPortExitCritical
 6362              	.LVL433:
4695:Middlewares/Third_Party/FreeRTOS/Source/tasks.c **** 	}
 6363              		.loc 1 4695 3 view .LVU1806
4696:Middlewares/Third_Party/FreeRTOS/Source/tasks.c **** 
 6364              		.loc 1 4696 2 is_stmt 0 view .LVU1807
 6365 0046 2046     		mov	r0, r4
 6366 0048 38BD     		pop	{r3, r4, r5, pc}
 6367              	.LVL434:
 6368              	.L517:
4649:Middlewares/Third_Party/FreeRTOS/Source/tasks.c **** 					traceTASK_NOTIFY_TAKE_BLOCK();
 6369              		.loc 1 4649 6 is_stmt 1 view .LVU1808
 6370 004a 1146     		mov	r1, r2
 6371 004c 2046     		mov	r0, r4
 6372 004e FFF7FEFF 		bl	prvAddCurrentTaskToDelayedList
 6373              	.LVL435:
4650:Middlewares/Third_Party/FreeRTOS/Source/tasks.c **** 
 6374              		.loc 1 4650 35 view .LVU1809
4656:Middlewares/Third_Party/FreeRTOS/Source/tasks.c **** 				}
 6375              		.loc 1 4656 6 view .LVU1810
 6376 0052 4FF0E023 		mov	r3, #-536813568
 6377 0056 4FF08052 		mov	r2, #268435456
 6378 005a C3F8042D 		str	r2, [r3, #3332]
4656:Middlewares/Third_Party/FreeRTOS/Source/tasks.c **** 				}
ARM GAS  /tmp/ccbSDz7D.s 			page 238


 6379              		.loc 1 4656 6 view .LVU1811
 6380              		.syntax unified
 6381              	@ 4656 "Middlewares/Third_Party/FreeRTOS/Source/tasks.c" 1
 6382 005e BFF34F8F 		dsb
 6383              	@ 0 "" 2
4656:Middlewares/Third_Party/FreeRTOS/Source/tasks.c **** 				}
 6384              		.loc 1 4656 6 view .LVU1812
 6385              	@ 4656 "Middlewares/Third_Party/FreeRTOS/Source/tasks.c" 1
 6386 0062 BFF36F8F 		isb
 6387              	@ 0 "" 2
4656:Middlewares/Third_Party/FreeRTOS/Source/tasks.c **** 				}
 6388              		.loc 1 4656 28 view .LVU1813
 6389              		.thumb
 6390              		.syntax unified
 6391 0066 DAE7     		b	.L513
 6392              	.LVL436:
 6393              	.L515:
4683:Middlewares/Third_Party/FreeRTOS/Source/tasks.c **** 				}
 6394              		.loc 1 4683 6 view .LVU1814
4683:Middlewares/Third_Party/FreeRTOS/Source/tasks.c **** 				}
 6395              		.loc 1 4683 18 is_stmt 0 view .LVU1815
 6396 0068 024B     		ldr	r3, .L518
 6397 006a 1B68     		ldr	r3, [r3]
4683:Middlewares/Third_Party/FreeRTOS/Source/tasks.c **** 				}
 6398              		.loc 1 4683 47 view .LVU1816
 6399 006c 621E     		subs	r2, r4, #1
4683:Middlewares/Third_Party/FreeRTOS/Source/tasks.c **** 				}
 6400              		.loc 1 4683 36 view .LVU1817
 6401 006e 5A65     		str	r2, [r3, #84]
 6402 0070 E2E7     		b	.L514
 6403              	.L519:
 6404 0072 00BF     		.align	2
 6405              	.L518:
 6406 0074 00000000 		.word	pxCurrentTCB
 6407              		.cfi_endproc
 6408              	.LFE58:
 6410              		.section	.text.xTaskNotifyWait,"ax",%progbits
 6411              		.align	1
 6412              		.global	xTaskNotifyWait
 6413              		.syntax unified
 6414              		.thumb
 6415              		.thumb_func
 6417              	xTaskNotifyWait:
 6418              	.LVL437:
 6419              	.LFB59:
4704:Middlewares/Third_Party/FreeRTOS/Source/tasks.c **** 	BaseType_t xReturn;
 6420              		.loc 1 4704 2 is_stmt 1 view -0
 6421              		.cfi_startproc
 6422              		@ args = 0, pretend = 0, frame = 0
 6423              		@ frame_needed = 0, uses_anonymous_args = 0
4704:Middlewares/Third_Party/FreeRTOS/Source/tasks.c **** 	BaseType_t xReturn;
 6424              		.loc 1 4704 2 is_stmt 0 view .LVU1819
 6425 0000 F8B5     		push	{r3, r4, r5, r6, r7, lr}
 6426              	.LCFI59:
 6427              		.cfi_def_cfa_offset 24
 6428              		.cfi_offset 3, -24
 6429              		.cfi_offset 4, -20
ARM GAS  /tmp/ccbSDz7D.s 			page 239


 6430              		.cfi_offset 5, -16
 6431              		.cfi_offset 6, -12
 6432              		.cfi_offset 7, -8
 6433              		.cfi_offset 14, -4
 6434 0002 0646     		mov	r6, r0
 6435 0004 0F46     		mov	r7, r1
 6436 0006 1446     		mov	r4, r2
 6437 0008 1D46     		mov	r5, r3
4705:Middlewares/Third_Party/FreeRTOS/Source/tasks.c **** 
 6438              		.loc 1 4705 2 is_stmt 1 view .LVU1820
4707:Middlewares/Third_Party/FreeRTOS/Source/tasks.c **** 		{
 6439              		.loc 1 4707 3 view .LVU1821
 6440 000a FFF7FEFF 		bl	vPortEnterCritical
 6441              	.LVL438:
4710:Middlewares/Third_Party/FreeRTOS/Source/tasks.c **** 			{
 6442              		.loc 1 4710 4 view .LVU1822
4710:Middlewares/Third_Party/FreeRTOS/Source/tasks.c **** 			{
 6443              		.loc 1 4710 20 is_stmt 0 view .LVU1823
 6444 000e 204B     		ldr	r3, .L528
 6445 0010 1B68     		ldr	r3, [r3]
 6446 0012 93F85830 		ldrb	r3, [r3, #88]	@ zero_extendqisi2
4710:Middlewares/Third_Party/FreeRTOS/Source/tasks.c **** 			{
 6447              		.loc 1 4710 6 view .LVU1824
 6448 0016 022B     		cmp	r3, #2
 6449 0018 0AD0     		beq	.L521
4715:Middlewares/Third_Party/FreeRTOS/Source/tasks.c **** 
 6450              		.loc 1 4715 5 is_stmt 1 view .LVU1825
4715:Middlewares/Third_Party/FreeRTOS/Source/tasks.c **** 
 6451              		.loc 1 4715 17 is_stmt 0 view .LVU1826
 6452 001a 1D4A     		ldr	r2, .L528
 6453 001c 1168     		ldr	r1, [r2]
 6454 001e 4B6D     		ldr	r3, [r1, #84]
4715:Middlewares/Third_Party/FreeRTOS/Source/tasks.c **** 
 6455              		.loc 1 4715 35 view .LVU1827
 6456 0020 23EA0603 		bic	r3, r3, r6
 6457 0024 4B65     		str	r3, [r1, #84]
4718:Middlewares/Third_Party/FreeRTOS/Source/tasks.c **** 
 6458              		.loc 1 4718 5 is_stmt 1 view .LVU1828
4718:Middlewares/Third_Party/FreeRTOS/Source/tasks.c **** 
 6459              		.loc 1 4718 17 is_stmt 0 view .LVU1829
 6460 0026 1368     		ldr	r3, [r2]
4718:Middlewares/Third_Party/FreeRTOS/Source/tasks.c **** 
 6461              		.loc 1 4718 33 view .LVU1830
 6462 0028 0122     		movs	r2, #1
 6463 002a 83F85820 		strb	r2, [r3, #88]
4720:Middlewares/Third_Party/FreeRTOS/Source/tasks.c **** 				{
 6464              		.loc 1 4720 5 is_stmt 1 view .LVU1831
4720:Middlewares/Third_Party/FreeRTOS/Source/tasks.c **** 				{
 6465              		.loc 1 4720 7 is_stmt 0 view .LVU1832
 6466 002e C5B9     		cbnz	r5, .L526
 6467              	.L521:
4738:Middlewares/Third_Party/FreeRTOS/Source/tasks.c **** 			}
 6468              		.loc 1 4738 29 is_stmt 1 view .LVU1833
4741:Middlewares/Third_Party/FreeRTOS/Source/tasks.c **** 
 6469              		.loc 1 4741 3 view .LVU1834
 6470 0030 FFF7FEFF 		bl	vPortExitCritical
 6471              	.LVL439:
ARM GAS  /tmp/ccbSDz7D.s 			page 240


4743:Middlewares/Third_Party/FreeRTOS/Source/tasks.c **** 		{
 6472              		.loc 1 4743 3 view .LVU1835
 6473 0034 FFF7FEFF 		bl	vPortEnterCritical
 6474              	.LVL440:
4745:Middlewares/Third_Party/FreeRTOS/Source/tasks.c **** 
 6475              		.loc 1 4745 27 view .LVU1836
4747:Middlewares/Third_Party/FreeRTOS/Source/tasks.c **** 			{
 6476              		.loc 1 4747 4 view .LVU1837
4747:Middlewares/Third_Party/FreeRTOS/Source/tasks.c **** 			{
 6477              		.loc 1 4747 6 is_stmt 0 view .LVU1838
 6478 0038 1CB1     		cbz	r4, .L522
4751:Middlewares/Third_Party/FreeRTOS/Source/tasks.c **** 			}
 6479              		.loc 1 4751 5 is_stmt 1 view .LVU1839
4751:Middlewares/Third_Party/FreeRTOS/Source/tasks.c **** 			}
 6480              		.loc 1 4751 41 is_stmt 0 view .LVU1840
 6481 003a 154B     		ldr	r3, .L528
 6482 003c 1B68     		ldr	r3, [r3]
 6483 003e 5B6D     		ldr	r3, [r3, #84]
4751:Middlewares/Third_Party/FreeRTOS/Source/tasks.c **** 			}
 6484              		.loc 1 4751 27 view .LVU1841
 6485 0040 2360     		str	r3, [r4]
 6486              	.L522:
4758:Middlewares/Third_Party/FreeRTOS/Source/tasks.c **** 			{
 6487              		.loc 1 4758 4 is_stmt 1 view .LVU1842
4758:Middlewares/Third_Party/FreeRTOS/Source/tasks.c **** 			{
 6488              		.loc 1 4758 20 is_stmt 0 view .LVU1843
 6489 0042 134B     		ldr	r3, .L528
 6490 0044 1B68     		ldr	r3, [r3]
 6491 0046 93F85830 		ldrb	r3, [r3, #88]	@ zero_extendqisi2
4758:Middlewares/Third_Party/FreeRTOS/Source/tasks.c **** 			{
 6492              		.loc 1 4758 6 view .LVU1844
 6493 004a 022B     		cmp	r3, #2
 6494 004c 18D0     		beq	.L527
4761:Middlewares/Third_Party/FreeRTOS/Source/tasks.c **** 			}
 6495              		.loc 1 4761 13 view .LVU1845
 6496 004e 0024     		movs	r4, #0
 6497              	.LVL441:
 6498              	.L523:
4771:Middlewares/Third_Party/FreeRTOS/Source/tasks.c **** 		}
 6499              		.loc 1 4771 4 is_stmt 1 view .LVU1846
4771:Middlewares/Third_Party/FreeRTOS/Source/tasks.c **** 		}
 6500              		.loc 1 4771 16 is_stmt 0 view .LVU1847
 6501 0050 0F4B     		ldr	r3, .L528
 6502 0052 1B68     		ldr	r3, [r3]
4771:Middlewares/Third_Party/FreeRTOS/Source/tasks.c **** 		}
 6503              		.loc 1 4771 32 view .LVU1848
 6504 0054 0022     		movs	r2, #0
 6505 0056 83F85820 		strb	r2, [r3, #88]
4773:Middlewares/Third_Party/FreeRTOS/Source/tasks.c **** 
 6506              		.loc 1 4773 3 is_stmt 1 view .LVU1849
 6507 005a FFF7FEFF 		bl	vPortExitCritical
 6508              	.LVL442:
4775:Middlewares/Third_Party/FreeRTOS/Source/tasks.c **** 	}
 6509              		.loc 1 4775 3 view .LVU1850
4776:Middlewares/Third_Party/FreeRTOS/Source/tasks.c **** 
 6510              		.loc 1 4776 2 is_stmt 0 view .LVU1851
 6511 005e 2046     		mov	r0, r4
ARM GAS  /tmp/ccbSDz7D.s 			page 241


 6512 0060 F8BD     		pop	{r3, r4, r5, r6, r7, pc}
 6513              	.LVL443:
 6514              	.L526:
4722:Middlewares/Third_Party/FreeRTOS/Source/tasks.c **** 					traceTASK_NOTIFY_WAIT_BLOCK();
 6515              		.loc 1 4722 6 is_stmt 1 view .LVU1852
 6516 0062 1146     		mov	r1, r2
 6517 0064 2846     		mov	r0, r5
 6518 0066 FFF7FEFF 		bl	prvAddCurrentTaskToDelayedList
 6519              	.LVL444:
4723:Middlewares/Third_Party/FreeRTOS/Source/tasks.c **** 
 6520              		.loc 1 4723 35 view .LVU1853
4729:Middlewares/Third_Party/FreeRTOS/Source/tasks.c **** 				}
 6521              		.loc 1 4729 6 view .LVU1854
 6522 006a 4FF0E023 		mov	r3, #-536813568
 6523 006e 4FF08052 		mov	r2, #268435456
 6524 0072 C3F8042D 		str	r2, [r3, #3332]
4729:Middlewares/Third_Party/FreeRTOS/Source/tasks.c **** 				}
 6525              		.loc 1 4729 6 view .LVU1855
 6526              		.syntax unified
 6527              	@ 4729 "Middlewares/Third_Party/FreeRTOS/Source/tasks.c" 1
 6528 0076 BFF34F8F 		dsb
 6529              	@ 0 "" 2
4729:Middlewares/Third_Party/FreeRTOS/Source/tasks.c **** 				}
 6530              		.loc 1 4729 6 view .LVU1856
 6531              	@ 4729 "Middlewares/Third_Party/FreeRTOS/Source/tasks.c" 1
 6532 007a BFF36F8F 		isb
 6533              	@ 0 "" 2
4729:Middlewares/Third_Party/FreeRTOS/Source/tasks.c **** 				}
 6534              		.loc 1 4729 28 view .LVU1857
 6535              		.thumb
 6536              		.syntax unified
 6537 007e D7E7     		b	.L521
 6538              	.L527:
4767:Middlewares/Third_Party/FreeRTOS/Source/tasks.c **** 				xReturn = pdTRUE;
 6539              		.loc 1 4767 5 view .LVU1858
4767:Middlewares/Third_Party/FreeRTOS/Source/tasks.c **** 				xReturn = pdTRUE;
 6540              		.loc 1 4767 17 is_stmt 0 view .LVU1859
 6541 0080 034B     		ldr	r3, .L528
 6542 0082 1A68     		ldr	r2, [r3]
 6543 0084 536D     		ldr	r3, [r2, #84]
4767:Middlewares/Third_Party/FreeRTOS/Source/tasks.c **** 				xReturn = pdTRUE;
 6544              		.loc 1 4767 35 view .LVU1860
 6545 0086 23EA0703 		bic	r3, r3, r7
 6546 008a 5365     		str	r3, [r2, #84]
4768:Middlewares/Third_Party/FreeRTOS/Source/tasks.c **** 			}
 6547              		.loc 1 4768 5 is_stmt 1 view .LVU1861
 6548              	.LVL445:
4768:Middlewares/Third_Party/FreeRTOS/Source/tasks.c **** 			}
 6549              		.loc 1 4768 13 is_stmt 0 view .LVU1862
 6550 008c 0124     		movs	r4, #1
 6551              	.LVL446:
4768:Middlewares/Third_Party/FreeRTOS/Source/tasks.c **** 			}
 6552              		.loc 1 4768 13 view .LVU1863
 6553 008e DFE7     		b	.L523
 6554              	.L529:
 6555              		.align	2
 6556              	.L528:
ARM GAS  /tmp/ccbSDz7D.s 			page 242


 6557 0090 00000000 		.word	pxCurrentTCB
 6558              		.cfi_endproc
 6559              	.LFE59:
 6561              		.section	.text.xTaskGenericNotify,"ax",%progbits
 6562              		.align	1
 6563              		.global	xTaskGenericNotify
 6564              		.syntax unified
 6565              		.thumb
 6566              		.thumb_func
 6568              	xTaskGenericNotify:
 6569              	.LVL447:
 6570              	.LFB60:
4784:Middlewares/Third_Party/FreeRTOS/Source/tasks.c **** 	TCB_t * pxTCB;
 6571              		.loc 1 4784 2 is_stmt 1 view -0
 6572              		.cfi_startproc
 6573              		@ args = 0, pretend = 0, frame = 0
 6574              		@ frame_needed = 0, uses_anonymous_args = 0
4784:Middlewares/Third_Party/FreeRTOS/Source/tasks.c **** 	TCB_t * pxTCB;
 6575              		.loc 1 4784 2 is_stmt 0 view .LVU1865
 6576 0000 F8B5     		push	{r3, r4, r5, r6, r7, lr}
 6577              	.LCFI60:
 6578              		.cfi_def_cfa_offset 24
 6579              		.cfi_offset 3, -24
 6580              		.cfi_offset 4, -20
 6581              		.cfi_offset 5, -16
 6582              		.cfi_offset 6, -12
 6583              		.cfi_offset 7, -8
 6584              		.cfi_offset 14, -4
4785:Middlewares/Third_Party/FreeRTOS/Source/tasks.c **** 	BaseType_t xReturn = pdPASS;
 6585              		.loc 1 4785 2 is_stmt 1 view .LVU1866
4786:Middlewares/Third_Party/FreeRTOS/Source/tasks.c **** 	uint8_t ucOriginalNotifyState;
 6586              		.loc 1 4786 2 view .LVU1867
 6587              	.LVL448:
4787:Middlewares/Third_Party/FreeRTOS/Source/tasks.c **** 
 6588              		.loc 1 4787 2 view .LVU1868
4789:Middlewares/Third_Party/FreeRTOS/Source/tasks.c **** 		pxTCB = xTaskToNotify;
 6589              		.loc 1 4789 3 view .LVU1869
 6590 0002 A8B1     		cbz	r0, .L551
 6591 0004 0F46     		mov	r7, r1
 6592 0006 1446     		mov	r4, r2
 6593 0008 1D46     		mov	r5, r3
 6594 000a 0646     		mov	r6, r0
4789:Middlewares/Third_Party/FreeRTOS/Source/tasks.c **** 		pxTCB = xTaskToNotify;
 6595              		.loc 1 4789 32 view .LVU1870
4790:Middlewares/Third_Party/FreeRTOS/Source/tasks.c **** 
 6596              		.loc 1 4790 3 view .LVU1871
 6597              	.LVL449:
4792:Middlewares/Third_Party/FreeRTOS/Source/tasks.c **** 		{
 6598              		.loc 1 4792 3 view .LVU1872
 6599 000c FFF7FEFF 		bl	vPortEnterCritical
 6600              	.LVL450:
4794:Middlewares/Third_Party/FreeRTOS/Source/tasks.c **** 			{
 6601              		.loc 1 4794 4 view .LVU1873
4794:Middlewares/Third_Party/FreeRTOS/Source/tasks.c **** 			{
 6602              		.loc 1 4794 6 is_stmt 0 view .LVU1874
 6603 0010 0DB1     		cbz	r5, .L533
4796:Middlewares/Third_Party/FreeRTOS/Source/tasks.c **** 			}
ARM GAS  /tmp/ccbSDz7D.s 			page 243


 6604              		.loc 1 4796 5 is_stmt 1 view .LVU1875
4796:Middlewares/Third_Party/FreeRTOS/Source/tasks.c **** 			}
 6605              		.loc 1 4796 42 is_stmt 0 view .LVU1876
 6606 0012 736D     		ldr	r3, [r6, #84]
4796:Middlewares/Third_Party/FreeRTOS/Source/tasks.c **** 			}
 6607              		.loc 1 4796 35 view .LVU1877
 6608 0014 2B60     		str	r3, [r5]
 6609              	.L533:
4799:Middlewares/Third_Party/FreeRTOS/Source/tasks.c **** 
 6610              		.loc 1 4799 4 is_stmt 1 view .LVU1878
4799:Middlewares/Third_Party/FreeRTOS/Source/tasks.c **** 
 6611              		.loc 1 4799 26 is_stmt 0 view .LVU1879
 6612 0016 96F85830 		ldrb	r3, [r6, #88]	@ zero_extendqisi2
 6613 001a DBB2     		uxtb	r3, r3
 6614              	.LVL451:
4801:Middlewares/Third_Party/FreeRTOS/Source/tasks.c **** 
 6615              		.loc 1 4801 4 is_stmt 1 view .LVU1880
4801:Middlewares/Third_Party/FreeRTOS/Source/tasks.c **** 
 6616              		.loc 1 4801 25 is_stmt 0 view .LVU1881
 6617 001c 0222     		movs	r2, #2
 6618 001e 86F85820 		strb	r2, [r6, #88]
4803:Middlewares/Third_Party/FreeRTOS/Source/tasks.c **** 			{
 6619              		.loc 1 4803 4 is_stmt 1 view .LVU1882
 6620 0022 042C     		cmp	r4, #4
 6621 0024 21D8     		bhi	.L534
 6622 0026 DFE804F0 		tbb	[pc, r4]
 6623              	.L536:
 6624 002a 0F       		.byte	(.L540-.L536)/2
 6625 002b 0C       		.byte	(.L539-.L536)/2
 6626 002c 16       		.byte	(.L538-.L536)/2
 6627 002d 1A       		.byte	(.L537-.L536)/2
 6628 002e 1C       		.byte	(.L535-.L536)/2
 6629              	.LVL452:
 6630 002f 00       		.p2align 1
 6631              	.L551:
4789:Middlewares/Third_Party/FreeRTOS/Source/tasks.c **** 		pxTCB = xTaskToNotify;
 6632              		.loc 1 4789 3 discriminator 1 view .LVU1883
 6633              	.LBB230:
 6634              	.LBI230:
 191:Middlewares/Third_Party/FreeRTOS/Source/portable/GCC/ARM_CM4F/portmacro.h **** {
 6635              		.loc 2 191 30 view .LVU1884
 6636              	.LBB231:
 193:Middlewares/Third_Party/FreeRTOS/Source/portable/GCC/ARM_CM4F/portmacro.h **** 
 6637              		.loc 2 193 1 view .LVU1885
 195:Middlewares/Third_Party/FreeRTOS/Source/portable/GCC/ARM_CM4F/portmacro.h **** 	(
 6638              		.loc 2 195 2 view .LVU1886
 6639              		.syntax unified
 6640              	@ 195 "Middlewares/Third_Party/FreeRTOS/Source/portable/GCC/ARM_CM4F/portmacro.h" 1
 6641 0030 4FF05003 			mov r3, #80												
 6642 0034 83F31188 		msr basepri, r3											
 6643 0038 BFF36F8F 		isb														
 6644 003c BFF34F8F 		dsb														
 6645              	
 6646              	@ 0 "" 2
 6647              	.LVL453:
 6648              		.thumb
 6649              		.syntax unified
ARM GAS  /tmp/ccbSDz7D.s 			page 244


 6650              	.L532:
 195:Middlewares/Third_Party/FreeRTOS/Source/portable/GCC/ARM_CM4F/portmacro.h **** 	(
 6651              		.loc 2 195 2 is_stmt 0 view .LVU1887
 6652              	.LBE231:
 6653              	.LBE230:
4789:Middlewares/Third_Party/FreeRTOS/Source/tasks.c **** 		pxTCB = xTaskToNotify;
 6654              		.loc 1 4789 3 is_stmt 1 view .LVU1888
4789:Middlewares/Third_Party/FreeRTOS/Source/tasks.c **** 		pxTCB = xTaskToNotify;
 6655              		.loc 1 4789 3 view .LVU1889
 6656 0040 FEE7     		b	.L532
 6657              	.LVL454:
 6658              	.L539:
4806:Middlewares/Third_Party/FreeRTOS/Source/tasks.c **** 					break;
 6659              		.loc 1 4806 6 view .LVU1890
4806:Middlewares/Third_Party/FreeRTOS/Source/tasks.c **** 					break;
 6660              		.loc 1 4806 11 is_stmt 0 view .LVU1891
 6661 0042 726D     		ldr	r2, [r6, #84]
4806:Middlewares/Third_Party/FreeRTOS/Source/tasks.c **** 					break;
 6662              		.loc 1 4806 29 view .LVU1892
 6663 0044 3A43     		orrs	r2, r2, r7
 6664 0046 7265     		str	r2, [r6, #84]
4807:Middlewares/Third_Party/FreeRTOS/Source/tasks.c **** 
 6665              		.loc 1 4807 6 is_stmt 1 view .LVU1893
 6666              	.L540:
4843:Middlewares/Third_Party/FreeRTOS/Source/tasks.c **** 
 6667              		.loc 1 4843 22 view .LVU1894
4847:Middlewares/Third_Party/FreeRTOS/Source/tasks.c **** 			{
 6668              		.loc 1 4847 4 view .LVU1895
4847:Middlewares/Third_Party/FreeRTOS/Source/tasks.c **** 			{
 6669              		.loc 1 4847 6 is_stmt 0 view .LVU1896
 6670 0048 012B     		cmp	r3, #1
 6671 004a 1BD0     		beq	.L552
 6672 004c 0124     		movs	r4, #1
 6673              	.LVL455:
 6674              	.L541:
4884:Middlewares/Third_Party/FreeRTOS/Source/tasks.c **** 			}
 6675              		.loc 1 4884 29 is_stmt 1 view .LVU1897
4887:Middlewares/Third_Party/FreeRTOS/Source/tasks.c **** 
 6676              		.loc 1 4887 3 view .LVU1898
 6677 004e FFF7FEFF 		bl	vPortExitCritical
 6678              	.LVL456:
4889:Middlewares/Third_Party/FreeRTOS/Source/tasks.c **** 	}
 6679              		.loc 1 4889 3 view .LVU1899
4890:Middlewares/Third_Party/FreeRTOS/Source/tasks.c **** 
 6680              		.loc 1 4890 2 is_stmt 0 view .LVU1900
 6681 0052 2046     		mov	r0, r4
 6682 0054 F8BD     		pop	{r3, r4, r5, r6, r7, pc}
 6683              	.LVL457:
 6684              	.L538:
4810:Middlewares/Third_Party/FreeRTOS/Source/tasks.c **** 					break;
 6685              		.loc 1 4810 6 is_stmt 1 view .LVU1901
4810:Middlewares/Third_Party/FreeRTOS/Source/tasks.c **** 					break;
 6686              		.loc 1 4810 13 is_stmt 0 view .LVU1902
 6687 0056 726D     		ldr	r2, [r6, #84]
4810:Middlewares/Third_Party/FreeRTOS/Source/tasks.c **** 					break;
 6688              		.loc 1 4810 32 view .LVU1903
 6689 0058 0132     		adds	r2, r2, #1
ARM GAS  /tmp/ccbSDz7D.s 			page 245


 6690 005a 7265     		str	r2, [r6, #84]
4811:Middlewares/Third_Party/FreeRTOS/Source/tasks.c **** 
 6691              		.loc 1 4811 6 is_stmt 1 view .LVU1904
 6692 005c F4E7     		b	.L540
 6693              	.L537:
4814:Middlewares/Third_Party/FreeRTOS/Source/tasks.c **** 					break;
 6694              		.loc 1 4814 6 view .LVU1905
4814:Middlewares/Third_Party/FreeRTOS/Source/tasks.c **** 					break;
 6695              		.loc 1 4814 29 is_stmt 0 view .LVU1906
 6696 005e 7765     		str	r7, [r6, #84]
4815:Middlewares/Third_Party/FreeRTOS/Source/tasks.c **** 
 6697              		.loc 1 4815 6 is_stmt 1 view .LVU1907
 6698 0060 F2E7     		b	.L540
 6699              	.L535:
4818:Middlewares/Third_Party/FreeRTOS/Source/tasks.c **** 					{
 6700              		.loc 1 4818 6 view .LVU1908
4818:Middlewares/Third_Party/FreeRTOS/Source/tasks.c **** 					{
 6701              		.loc 1 4818 8 is_stmt 0 view .LVU1909
 6702 0062 022B     		cmp	r3, #2
 6703 0064 3ED0     		beq	.L546
4820:Middlewares/Third_Party/FreeRTOS/Source/tasks.c **** 					}
 6704              		.loc 1 4820 7 is_stmt 1 view .LVU1910
4820:Middlewares/Third_Party/FreeRTOS/Source/tasks.c **** 					}
 6705              		.loc 1 4820 30 is_stmt 0 view .LVU1911
 6706 0066 7765     		str	r7, [r6, #84]
 6707 0068 EEE7     		b	.L540
 6708              	.L534:
4838:Middlewares/Third_Party/FreeRTOS/Source/tasks.c **** 
 6709              		.loc 1 4838 6 is_stmt 1 view .LVU1912
 6710 006a 726D     		ldr	r2, [r6, #84]
 6711 006c B2F1FF3F 		cmp	r2, #-1
 6712 0070 EAD0     		beq	.L540
4838:Middlewares/Third_Party/FreeRTOS/Source/tasks.c **** 
 6713              		.loc 1 4838 6 discriminator 1 view .LVU1913
 6714              	.LBB232:
 6715              	.LBI232:
 191:Middlewares/Third_Party/FreeRTOS/Source/portable/GCC/ARM_CM4F/portmacro.h **** {
 6716              		.loc 2 191 30 view .LVU1914
 6717              	.LBB233:
 193:Middlewares/Third_Party/FreeRTOS/Source/portable/GCC/ARM_CM4F/portmacro.h **** 
 6718              		.loc 2 193 1 view .LVU1915
 195:Middlewares/Third_Party/FreeRTOS/Source/portable/GCC/ARM_CM4F/portmacro.h **** 	(
 6719              		.loc 2 195 2 view .LVU1916
 6720              		.syntax unified
 6721              	@ 195 "Middlewares/Third_Party/FreeRTOS/Source/portable/GCC/ARM_CM4F/portmacro.h" 1
 6722 0072 4FF05003 			mov r3, #80												
 6723 0076 83F31188 		msr basepri, r3											
 6724 007a BFF36F8F 		isb														
 6725 007e BFF34F8F 		dsb														
 6726              	
 6727              	@ 0 "" 2
 6728              	.LVL458:
 6729              		.thumb
 6730              		.syntax unified
 6731              	.L542:
 195:Middlewares/Third_Party/FreeRTOS/Source/portable/GCC/ARM_CM4F/portmacro.h **** 	(
 6732              		.loc 2 195 2 is_stmt 0 view .LVU1917
ARM GAS  /tmp/ccbSDz7D.s 			page 246


 6733              	.LBE233:
 6734              	.LBE232:
4838:Middlewares/Third_Party/FreeRTOS/Source/tasks.c **** 
 6735              		.loc 1 4838 6 is_stmt 1 view .LVU1918
4838:Middlewares/Third_Party/FreeRTOS/Source/tasks.c **** 
 6736              		.loc 1 4838 6 view .LVU1919
 6737 0082 FEE7     		b	.L542
 6738              	.LVL459:
 6739              	.L552:
4849:Middlewares/Third_Party/FreeRTOS/Source/tasks.c **** 				prvAddTaskToReadyList( pxTCB );
 6740              		.loc 1 4849 5 view .LVU1920
4849:Middlewares/Third_Party/FreeRTOS/Source/tasks.c **** 				prvAddTaskToReadyList( pxTCB );
 6741              		.loc 1 4849 28 is_stmt 0 view .LVU1921
 6742 0084 341D     		adds	r4, r6, #4
4849:Middlewares/Third_Party/FreeRTOS/Source/tasks.c **** 				prvAddTaskToReadyList( pxTCB );
 6743              		.loc 1 4849 14 view .LVU1922
 6744 0086 2046     		mov	r0, r4
 6745 0088 FFF7FEFF 		bl	uxListRemove
 6746              	.LVL460:
4850:Middlewares/Third_Party/FreeRTOS/Source/tasks.c **** 
 6747              		.loc 1 4850 5 is_stmt 1 view .LVU1923
4850:Middlewares/Third_Party/FreeRTOS/Source/tasks.c **** 
 6748              		.loc 1 4850 5 view .LVU1924
 6749 008c F06A     		ldr	r0, [r6, #44]
 6750 008e 174B     		ldr	r3, .L553
 6751 0090 1B68     		ldr	r3, [r3]
 6752 0092 9842     		cmp	r0, r3
 6753 0094 01D9     		bls	.L543
4850:Middlewares/Third_Party/FreeRTOS/Source/tasks.c **** 
 6754              		.loc 1 4850 5 discriminator 1 view .LVU1925
 6755 0096 154B     		ldr	r3, .L553
 6756 0098 1860     		str	r0, [r3]
 6757              	.L543:
4850:Middlewares/Third_Party/FreeRTOS/Source/tasks.c **** 
 6758              		.loc 1 4850 5 discriminator 3 view .LVU1926
4850:Middlewares/Third_Party/FreeRTOS/Source/tasks.c **** 
 6759              		.loc 1 4850 5 discriminator 3 view .LVU1927
 6760 009a 00EB8000 		add	r0, r0, r0, lsl #2
 6761 009e 2146     		mov	r1, r4
 6762 00a0 134B     		ldr	r3, .L553+4
 6763 00a2 03EB8000 		add	r0, r3, r0, lsl #2
 6764 00a6 FFF7FEFF 		bl	vListInsertEnd
 6765              	.LVL461:
4850:Middlewares/Third_Party/FreeRTOS/Source/tasks.c **** 
 6766              		.loc 1 4850 35 discriminator 1 view .LVU1928
4853:Middlewares/Third_Party/FreeRTOS/Source/tasks.c **** 
 6767              		.loc 1 4853 5 view .LVU1929
 6768 00aa B36A     		ldr	r3, [r6, #40]
 6769 00ac 43B1     		cbz	r3, .L544
4853:Middlewares/Third_Party/FreeRTOS/Source/tasks.c **** 
 6770              		.loc 1 4853 5 discriminator 1 view .LVU1930
 6771              	.LBB234:
 6772              	.LBI234:
 191:Middlewares/Third_Party/FreeRTOS/Source/portable/GCC/ARM_CM4F/portmacro.h **** {
 6773              		.loc 2 191 30 view .LVU1931
 6774              	.LBB235:
 193:Middlewares/Third_Party/FreeRTOS/Source/portable/GCC/ARM_CM4F/portmacro.h **** 
ARM GAS  /tmp/ccbSDz7D.s 			page 247


 6775              		.loc 2 193 1 view .LVU1932
 195:Middlewares/Third_Party/FreeRTOS/Source/portable/GCC/ARM_CM4F/portmacro.h **** 	(
 6776              		.loc 2 195 2 view .LVU1933
 6777              		.syntax unified
 6778              	@ 195 "Middlewares/Third_Party/FreeRTOS/Source/portable/GCC/ARM_CM4F/portmacro.h" 1
 6779 00ae 4FF05003 			mov r3, #80												
 6780 00b2 83F31188 		msr basepri, r3											
 6781 00b6 BFF36F8F 		isb														
 6782 00ba BFF34F8F 		dsb														
 6783              	
 6784              	@ 0 "" 2
 6785              		.thumb
 6786              		.syntax unified
 6787              	.L545:
 6788              	.LBE235:
 6789              	.LBE234:
4853:Middlewares/Third_Party/FreeRTOS/Source/tasks.c **** 
 6790              		.loc 1 4853 5 view .LVU1934
4853:Middlewares/Third_Party/FreeRTOS/Source/tasks.c **** 
 6791              		.loc 1 4853 5 view .LVU1935
 6792 00be FEE7     		b	.L545
 6793              	.L544:
4853:Middlewares/Third_Party/FreeRTOS/Source/tasks.c **** 
 6794              		.loc 1 4853 82 view .LVU1936
4871:Middlewares/Third_Party/FreeRTOS/Source/tasks.c **** 				{
 6795              		.loc 1 4871 5 view .LVU1937
4871:Middlewares/Third_Party/FreeRTOS/Source/tasks.c **** 				{
 6796              		.loc 1 4871 14 is_stmt 0 view .LVU1938
 6797 00c0 F26A     		ldr	r2, [r6, #44]
4871:Middlewares/Third_Party/FreeRTOS/Source/tasks.c **** 				{
 6798              		.loc 1 4871 41 view .LVU1939
 6799 00c2 0C4B     		ldr	r3, .L553+8
 6800 00c4 1B68     		ldr	r3, [r3]
 6801 00c6 DB6A     		ldr	r3, [r3, #44]
4871:Middlewares/Third_Party/FreeRTOS/Source/tasks.c **** 				{
 6802              		.loc 1 4871 7 view .LVU1940
 6803 00c8 9A42     		cmp	r2, r3
 6804 00ca 0DD9     		bls	.L548
4875:Middlewares/Third_Party/FreeRTOS/Source/tasks.c **** 				}
 6805              		.loc 1 4875 6 is_stmt 1 view .LVU1941
 6806 00cc 4FF0E023 		mov	r3, #-536813568
 6807 00d0 4FF08052 		mov	r2, #268435456
 6808 00d4 C3F8042D 		str	r2, [r3, #3332]
4875:Middlewares/Third_Party/FreeRTOS/Source/tasks.c **** 				}
 6809              		.loc 1 4875 6 view .LVU1942
 6810              		.syntax unified
 6811              	@ 4875 "Middlewares/Third_Party/FreeRTOS/Source/tasks.c" 1
 6812 00d8 BFF34F8F 		dsb
 6813              	@ 0 "" 2
4875:Middlewares/Third_Party/FreeRTOS/Source/tasks.c **** 				}
 6814              		.loc 1 4875 6 view .LVU1943
 6815              	@ 4875 "Middlewares/Third_Party/FreeRTOS/Source/tasks.c" 1
 6816 00dc BFF36F8F 		isb
 6817              	@ 0 "" 2
4875:Middlewares/Third_Party/FreeRTOS/Source/tasks.c **** 				}
 6818              		.loc 1 4875 37 view .LVU1944
 6819              		.thumb
ARM GAS  /tmp/ccbSDz7D.s 			page 248


 6820              		.syntax unified
 6821 00e0 0124     		movs	r4, #1
 6822 00e2 B4E7     		b	.L541
 6823              	.LVL462:
 6824              	.L546:
4825:Middlewares/Third_Party/FreeRTOS/Source/tasks.c **** 					}
 6825              		.loc 1 4825 15 is_stmt 0 view .LVU1945
 6826 00e4 0024     		movs	r4, #0
 6827 00e6 B2E7     		b	.L541
 6828              	.LVL463:
 6829              	.L548:
4825:Middlewares/Third_Party/FreeRTOS/Source/tasks.c **** 					}
 6830              		.loc 1 4825 15 view .LVU1946
 6831 00e8 0124     		movs	r4, #1
 6832 00ea B0E7     		b	.L541
 6833              	.L554:
 6834              		.align	2
 6835              	.L553:
 6836 00ec 00000000 		.word	uxTopReadyPriority
 6837 00f0 00000000 		.word	pxReadyTasksLists
 6838 00f4 00000000 		.word	pxCurrentTCB
 6839              		.cfi_endproc
 6840              	.LFE60:
 6842              		.section	.text.xTaskGenericNotifyFromISR,"ax",%progbits
 6843              		.align	1
 6844              		.global	xTaskGenericNotifyFromISR
 6845              		.syntax unified
 6846              		.thumb
 6847              		.thumb_func
 6849              	xTaskGenericNotifyFromISR:
 6850              	.LVL464:
 6851              	.LFB61:
4898:Middlewares/Third_Party/FreeRTOS/Source/tasks.c **** 	TCB_t * pxTCB;
 6852              		.loc 1 4898 2 is_stmt 1 view -0
 6853              		.cfi_startproc
 6854              		@ args = 4, pretend = 0, frame = 0
 6855              		@ frame_needed = 0, uses_anonymous_args = 0
4899:Middlewares/Third_Party/FreeRTOS/Source/tasks.c **** 	uint8_t ucOriginalNotifyState;
 6856              		.loc 1 4899 2 view .LVU1948
4900:Middlewares/Third_Party/FreeRTOS/Source/tasks.c **** 	BaseType_t xReturn = pdPASS;
 6857              		.loc 1 4900 2 view .LVU1949
4901:Middlewares/Third_Party/FreeRTOS/Source/tasks.c **** 	UBaseType_t uxSavedInterruptStatus;
 6858              		.loc 1 4901 2 view .LVU1950
4902:Middlewares/Third_Party/FreeRTOS/Source/tasks.c **** 
 6859              		.loc 1 4902 2 view .LVU1951
4904:Middlewares/Third_Party/FreeRTOS/Source/tasks.c **** 
 6860              		.loc 1 4904 3 view .LVU1952
 6861 0000 10B3     		cbz	r0, .L580
4898:Middlewares/Third_Party/FreeRTOS/Source/tasks.c **** 	TCB_t * pxTCB;
 6862              		.loc 1 4898 2 is_stmt 0 view .LVU1953
 6863 0002 2DE9F041 		push	{r4, r5, r6, r7, r8, lr}
 6864              	.LCFI61:
 6865              		.cfi_def_cfa_offset 24
 6866              		.cfi_offset 4, -24
 6867              		.cfi_offset 5, -20
 6868              		.cfi_offset 6, -16
 6869              		.cfi_offset 7, -12
ARM GAS  /tmp/ccbSDz7D.s 			page 249


 6870              		.cfi_offset 8, -8
 6871              		.cfi_offset 14, -4
 6872 0006 0F46     		mov	r7, r1
 6873 0008 1446     		mov	r4, r2
 6874 000a 1D46     		mov	r5, r3
 6875 000c 0646     		mov	r6, r0
4904:Middlewares/Third_Party/FreeRTOS/Source/tasks.c **** 
 6876              		.loc 1 4904 32 is_stmt 1 view .LVU1954
4922:Middlewares/Third_Party/FreeRTOS/Source/tasks.c **** 
 6877              		.loc 1 4922 3 view .LVU1955
 6878 000e FFF7FEFF 		bl	vPortValidateInterruptPriority
 6879              	.LVL465:
4924:Middlewares/Third_Party/FreeRTOS/Source/tasks.c **** 
 6880              		.loc 1 4924 3 view .LVU1956
4926:Middlewares/Third_Party/FreeRTOS/Source/tasks.c **** 		{
 6881              		.loc 1 4926 3 view .LVU1957
 6882              	.LBB236:
 6883              	.LBI236:
 207:Middlewares/Third_Party/FreeRTOS/Source/portable/GCC/ARM_CM4F/portmacro.h **** {
 6884              		.loc 2 207 34 view .LVU1958
 6885              	.LBB237:
 209:Middlewares/Third_Party/FreeRTOS/Source/portable/GCC/ARM_CM4F/portmacro.h **** 
 6886              		.loc 2 209 1 view .LVU1959
 211:Middlewares/Third_Party/FreeRTOS/Source/portable/GCC/ARM_CM4F/portmacro.h **** 	(
 6887              		.loc 2 211 2 view .LVU1960
 6888              		.syntax unified
 6889              	@ 211 "Middlewares/Third_Party/FreeRTOS/Source/portable/GCC/ARM_CM4F/portmacro.h" 1
 6890 0012 EFF31183 			mrs r3, basepri											
 6891 0016 4FF05002 		mov r2, #80												
 6892 001a 82F31188 		msr basepri, r2											
 6893 001e BFF36F8F 		isb														
 6894 0022 BFF34F8F 		dsb														
 6895              	
 6896              	@ 0 "" 2
 6897              		.thumb
 6898              		.syntax unified
 6899 0026 9846     		mov	r8, r3
 6900              	.LVL466:
 223:Middlewares/Third_Party/FreeRTOS/Source/portable/GCC/ARM_CM4F/portmacro.h **** }
 6901              		.loc 2 223 2 view .LVU1961
 223:Middlewares/Third_Party/FreeRTOS/Source/portable/GCC/ARM_CM4F/portmacro.h **** }
 6902              		.loc 2 223 2 is_stmt 0 view .LVU1962
 6903              	.LBE237:
 6904              	.LBE236:
4928:Middlewares/Third_Party/FreeRTOS/Source/tasks.c **** 			{
 6905              		.loc 1 4928 4 is_stmt 1 view .LVU1963
4928:Middlewares/Third_Party/FreeRTOS/Source/tasks.c **** 			{
 6906              		.loc 1 4928 6 is_stmt 0 view .LVU1964
 6907 0028 0DB1     		cbz	r5, .L558
4930:Middlewares/Third_Party/FreeRTOS/Source/tasks.c **** 			}
 6908              		.loc 1 4930 5 is_stmt 1 view .LVU1965
4930:Middlewares/Third_Party/FreeRTOS/Source/tasks.c **** 			}
 6909              		.loc 1 4930 42 is_stmt 0 view .LVU1966
 6910 002a 736D     		ldr	r3, [r6, #84]
 6911              	.LVL467:
4930:Middlewares/Third_Party/FreeRTOS/Source/tasks.c **** 			}
 6912              		.loc 1 4930 35 view .LVU1967
ARM GAS  /tmp/ccbSDz7D.s 			page 250


 6913 002c 2B60     		str	r3, [r5]
 6914              	.L558:
4933:Middlewares/Third_Party/FreeRTOS/Source/tasks.c **** 			pxTCB->ucNotifyState = taskNOTIFICATION_RECEIVED;
 6915              		.loc 1 4933 4 is_stmt 1 view .LVU1968
4933:Middlewares/Third_Party/FreeRTOS/Source/tasks.c **** 			pxTCB->ucNotifyState = taskNOTIFICATION_RECEIVED;
 6916              		.loc 1 4933 26 is_stmt 0 view .LVU1969
 6917 002e 96F85830 		ldrb	r3, [r6, #88]	@ zero_extendqisi2
 6918 0032 DBB2     		uxtb	r3, r3
 6919              	.LVL468:
4934:Middlewares/Third_Party/FreeRTOS/Source/tasks.c **** 
 6920              		.loc 1 4934 4 is_stmt 1 view .LVU1970
4934:Middlewares/Third_Party/FreeRTOS/Source/tasks.c **** 
 6921              		.loc 1 4934 25 is_stmt 0 view .LVU1971
 6922 0034 0222     		movs	r2, #2
 6923 0036 86F85820 		strb	r2, [r6, #88]
4936:Middlewares/Third_Party/FreeRTOS/Source/tasks.c **** 			{
 6924              		.loc 1 4936 4 is_stmt 1 view .LVU1972
 6925 003a 042C     		cmp	r4, #4
 6926 003c 21D8     		bhi	.L559
 6927 003e DFE804F0 		tbb	[pc, r4]
 6928              	.L561:
 6929 0042 0F       		.byte	(.L565-.L561)/2
 6930 0043 0C       		.byte	(.L564-.L561)/2
 6931 0044 16       		.byte	(.L563-.L561)/2
 6932 0045 1A       		.byte	(.L562-.L561)/2
 6933 0046 1C       		.byte	(.L560-.L561)/2
 6934              	.LVL469:
 6935 0047 00       		.p2align 1
 6936              	.L580:
 6937              	.LCFI62:
 6938              		.cfi_def_cfa_offset 0
 6939              		.cfi_restore 4
 6940              		.cfi_restore 5
 6941              		.cfi_restore 6
 6942              		.cfi_restore 7
 6943              		.cfi_restore 8
 6944              		.cfi_restore 14
4904:Middlewares/Third_Party/FreeRTOS/Source/tasks.c **** 
 6945              		.loc 1 4904 3 discriminator 1 view .LVU1973
 6946              	.LBB238:
 6947              	.LBI238:
 191:Middlewares/Third_Party/FreeRTOS/Source/portable/GCC/ARM_CM4F/portmacro.h **** {
 6948              		.loc 2 191 30 view .LVU1974
 6949              	.LBB239:
 193:Middlewares/Third_Party/FreeRTOS/Source/portable/GCC/ARM_CM4F/portmacro.h **** 
 6950              		.loc 2 193 1 view .LVU1975
 195:Middlewares/Third_Party/FreeRTOS/Source/portable/GCC/ARM_CM4F/portmacro.h **** 	(
 6951              		.loc 2 195 2 view .LVU1976
 6952              		.syntax unified
 6953              	@ 195 "Middlewares/Third_Party/FreeRTOS/Source/portable/GCC/ARM_CM4F/portmacro.h" 1
 6954 0048 4FF05003 			mov r3, #80												
 6955 004c 83F31188 		msr basepri, r3											
 6956 0050 BFF36F8F 		isb														
 6957 0054 BFF34F8F 		dsb														
 6958              	
 6959              	@ 0 "" 2
 6960              	.LVL470:
ARM GAS  /tmp/ccbSDz7D.s 			page 251


 6961              		.thumb
 6962              		.syntax unified
 6963              	.L557:
 195:Middlewares/Third_Party/FreeRTOS/Source/portable/GCC/ARM_CM4F/portmacro.h **** 	(
 6964              		.loc 2 195 2 is_stmt 0 view .LVU1977
 6965              	.LBE239:
 6966              	.LBE238:
4904:Middlewares/Third_Party/FreeRTOS/Source/tasks.c **** 
 6967              		.loc 1 4904 3 is_stmt 1 view .LVU1978
4904:Middlewares/Third_Party/FreeRTOS/Source/tasks.c **** 
 6968              		.loc 1 4904 3 view .LVU1979
 6969 0058 FEE7     		b	.L557
 6970              	.LVL471:
 6971              	.L564:
 6972              	.LCFI63:
 6973              		.cfi_def_cfa_offset 24
 6974              		.cfi_offset 4, -24
 6975              		.cfi_offset 5, -20
 6976              		.cfi_offset 6, -16
 6977              		.cfi_offset 7, -12
 6978              		.cfi_offset 8, -8
 6979              		.cfi_offset 14, -4
4939:Middlewares/Third_Party/FreeRTOS/Source/tasks.c **** 					break;
 6980              		.loc 1 4939 6 view .LVU1980
4939:Middlewares/Third_Party/FreeRTOS/Source/tasks.c **** 					break;
 6981              		.loc 1 4939 11 is_stmt 0 view .LVU1981
 6982 005a 726D     		ldr	r2, [r6, #84]
4939:Middlewares/Third_Party/FreeRTOS/Source/tasks.c **** 					break;
 6983              		.loc 1 4939 29 view .LVU1982
 6984 005c 3A43     		orrs	r2, r2, r7
 6985 005e 7265     		str	r2, [r6, #84]
4940:Middlewares/Third_Party/FreeRTOS/Source/tasks.c **** 
 6986              		.loc 1 4940 6 is_stmt 1 view .LVU1983
 6987              	.L565:
4975:Middlewares/Third_Party/FreeRTOS/Source/tasks.c **** 
 6988              		.loc 1 4975 31 view .LVU1984
4979:Middlewares/Third_Party/FreeRTOS/Source/tasks.c **** 			{
 6989              		.loc 1 4979 4 view .LVU1985
4979:Middlewares/Third_Party/FreeRTOS/Source/tasks.c **** 			{
 6990              		.loc 1 4979 6 is_stmt 0 view .LVU1986
 6991 0060 012B     		cmp	r3, #1
 6992 0062 1BD0     		beq	.L581
 6993 0064 0120     		movs	r0, #1
 6994              	.LVL472:
 6995              	.L566:
5012:Middlewares/Third_Party/FreeRTOS/Source/tasks.c **** 				}
 6996              		.loc 1 5012 30 is_stmt 1 view .LVU1987
5016:Middlewares/Third_Party/FreeRTOS/Source/tasks.c **** 
 6997              		.loc 1 5016 3 view .LVU1988
 6998              	.LBB240:
 6999              	.LBI240:
 227:Middlewares/Third_Party/FreeRTOS/Source/portable/GCC/ARM_CM4F/portmacro.h **** {
 7000              		.loc 2 227 30 view .LVU1989
 7001              	.LBB241:
 7002              		.loc 2 229 2 view .LVU1990
 7003              		.syntax unified
 7004              	@ 229 "Middlewares/Third_Party/FreeRTOS/Source/portable/GCC/ARM_CM4F/portmacro.h" 1
ARM GAS  /tmp/ccbSDz7D.s 			page 252


 7005 0066 88F31188 			msr basepri, r8	
 7006              	@ 0 "" 2
 7007              		.thumb
 7008              		.syntax unified
 7009              	.LBE241:
 7010              	.LBE240:
5018:Middlewares/Third_Party/FreeRTOS/Source/tasks.c **** 	}
 7011              		.loc 1 5018 3 view .LVU1991
5019:Middlewares/Third_Party/FreeRTOS/Source/tasks.c **** 
 7012              		.loc 1 5019 2 is_stmt 0 view .LVU1992
 7013 006a BDE8F081 		pop	{r4, r5, r6, r7, r8, pc}
 7014              	.LVL473:
 7015              	.L563:
4943:Middlewares/Third_Party/FreeRTOS/Source/tasks.c **** 					break;
 7016              		.loc 1 4943 6 is_stmt 1 view .LVU1993
4943:Middlewares/Third_Party/FreeRTOS/Source/tasks.c **** 					break;
 7017              		.loc 1 4943 13 is_stmt 0 view .LVU1994
 7018 006e 726D     		ldr	r2, [r6, #84]
4943:Middlewares/Third_Party/FreeRTOS/Source/tasks.c **** 					break;
 7019              		.loc 1 4943 32 view .LVU1995
 7020 0070 0132     		adds	r2, r2, #1
 7021 0072 7265     		str	r2, [r6, #84]
4944:Middlewares/Third_Party/FreeRTOS/Source/tasks.c **** 
 7022              		.loc 1 4944 6 is_stmt 1 view .LVU1996
 7023 0074 F4E7     		b	.L565
 7024              	.L562:
4947:Middlewares/Third_Party/FreeRTOS/Source/tasks.c **** 					break;
 7025              		.loc 1 4947 6 view .LVU1997
4947:Middlewares/Third_Party/FreeRTOS/Source/tasks.c **** 					break;
 7026              		.loc 1 4947 29 is_stmt 0 view .LVU1998
 7027 0076 7765     		str	r7, [r6, #84]
4948:Middlewares/Third_Party/FreeRTOS/Source/tasks.c **** 
 7028              		.loc 1 4948 6 is_stmt 1 view .LVU1999
 7029 0078 F2E7     		b	.L565
 7030              	.L560:
4951:Middlewares/Third_Party/FreeRTOS/Source/tasks.c **** 					{
 7031              		.loc 1 4951 6 view .LVU2000
4951:Middlewares/Third_Party/FreeRTOS/Source/tasks.c **** 					{
 7032              		.loc 1 4951 8 is_stmt 0 view .LVU2001
 7033 007a 022B     		cmp	r3, #2
 7034 007c 44D0     		beq	.L574
4953:Middlewares/Third_Party/FreeRTOS/Source/tasks.c **** 					}
 7035              		.loc 1 4953 7 is_stmt 1 view .LVU2002
4953:Middlewares/Third_Party/FreeRTOS/Source/tasks.c **** 					}
 7036              		.loc 1 4953 30 is_stmt 0 view .LVU2003
 7037 007e 7765     		str	r7, [r6, #84]
 7038 0080 EEE7     		b	.L565
 7039              	.L559:
4971:Middlewares/Third_Party/FreeRTOS/Source/tasks.c **** 					break;
 7040              		.loc 1 4971 6 is_stmt 1 view .LVU2004
 7041 0082 726D     		ldr	r2, [r6, #84]
 7042 0084 B2F1FF3F 		cmp	r2, #-1
 7043 0088 EAD0     		beq	.L565
4971:Middlewares/Third_Party/FreeRTOS/Source/tasks.c **** 					break;
 7044              		.loc 1 4971 6 discriminator 1 view .LVU2005
 7045              	.LBB242:
 7046              	.LBI242:
ARM GAS  /tmp/ccbSDz7D.s 			page 253


 191:Middlewares/Third_Party/FreeRTOS/Source/portable/GCC/ARM_CM4F/portmacro.h **** {
 7047              		.loc 2 191 30 view .LVU2006
 7048              	.LBB243:
 193:Middlewares/Third_Party/FreeRTOS/Source/portable/GCC/ARM_CM4F/portmacro.h **** 
 7049              		.loc 2 193 1 view .LVU2007
 195:Middlewares/Third_Party/FreeRTOS/Source/portable/GCC/ARM_CM4F/portmacro.h **** 	(
 7050              		.loc 2 195 2 view .LVU2008
 7051              		.syntax unified
 7052              	@ 195 "Middlewares/Third_Party/FreeRTOS/Source/portable/GCC/ARM_CM4F/portmacro.h" 1
 7053 008a 4FF05003 			mov r3, #80												
 7054 008e 83F31188 		msr basepri, r3											
 7055 0092 BFF36F8F 		isb														
 7056 0096 BFF34F8F 		dsb														
 7057              	
 7058              	@ 0 "" 2
 7059              	.LVL474:
 7060              		.thumb
 7061              		.syntax unified
 7062              	.L567:
 195:Middlewares/Third_Party/FreeRTOS/Source/portable/GCC/ARM_CM4F/portmacro.h **** 	(
 7063              		.loc 2 195 2 is_stmt 0 view .LVU2009
 7064              	.LBE243:
 7065              	.LBE242:
4971:Middlewares/Third_Party/FreeRTOS/Source/tasks.c **** 					break;
 7066              		.loc 1 4971 6 is_stmt 1 view .LVU2010
4971:Middlewares/Third_Party/FreeRTOS/Source/tasks.c **** 					break;
 7067              		.loc 1 4971 6 view .LVU2011
 7068 009a FEE7     		b	.L567
 7069              	.LVL475:
 7070              	.L581:
4982:Middlewares/Third_Party/FreeRTOS/Source/tasks.c **** 
 7071              		.loc 1 4982 5 view .LVU2012
 7072 009c B36A     		ldr	r3, [r6, #40]
 7073              	.LVL476:
4982:Middlewares/Third_Party/FreeRTOS/Source/tasks.c **** 
 7074              		.loc 1 4982 5 is_stmt 0 view .LVU2013
 7075 009e 43B1     		cbz	r3, .L568
4982:Middlewares/Third_Party/FreeRTOS/Source/tasks.c **** 
 7076              		.loc 1 4982 5 is_stmt 1 discriminator 1 view .LVU2014
 7077              	.LBB244:
 7078              	.LBI244:
 191:Middlewares/Third_Party/FreeRTOS/Source/portable/GCC/ARM_CM4F/portmacro.h **** {
 7079              		.loc 2 191 30 view .LVU2015
 7080              	.LBB245:
 193:Middlewares/Third_Party/FreeRTOS/Source/portable/GCC/ARM_CM4F/portmacro.h **** 
 7081              		.loc 2 193 1 view .LVU2016
 195:Middlewares/Third_Party/FreeRTOS/Source/portable/GCC/ARM_CM4F/portmacro.h **** 	(
 7082              		.loc 2 195 2 view .LVU2017
 7083              		.syntax unified
 7084              	@ 195 "Middlewares/Third_Party/FreeRTOS/Source/portable/GCC/ARM_CM4F/portmacro.h" 1
 7085 00a0 4FF05003 			mov r3, #80												
 7086 00a4 83F31188 		msr basepri, r3											
 7087 00a8 BFF36F8F 		isb														
 7088 00ac BFF34F8F 		dsb														
 7089              	
 7090              	@ 0 "" 2
 7091              		.thumb
ARM GAS  /tmp/ccbSDz7D.s 			page 254


 7092              		.syntax unified
 7093              	.L569:
 7094              	.LBE245:
 7095              	.LBE244:
4982:Middlewares/Third_Party/FreeRTOS/Source/tasks.c **** 
 7096              		.loc 1 4982 5 view .LVU2018
4982:Middlewares/Third_Party/FreeRTOS/Source/tasks.c **** 
 7097              		.loc 1 4982 5 view .LVU2019
 7098 00b0 FEE7     		b	.L569
 7099              	.L568:
4982:Middlewares/Third_Party/FreeRTOS/Source/tasks.c **** 
 7100              		.loc 1 4982 82 view .LVU2020
4984:Middlewares/Third_Party/FreeRTOS/Source/tasks.c **** 				{
 7101              		.loc 1 4984 5 view .LVU2021
4984:Middlewares/Third_Party/FreeRTOS/Source/tasks.c **** 				{
 7102              		.loc 1 4984 30 is_stmt 0 view .LVU2022
 7103 00b2 174B     		ldr	r3, .L582
 7104 00b4 1B68     		ldr	r3, [r3]
4984:Middlewares/Third_Party/FreeRTOS/Source/tasks.c **** 				{
 7105              		.loc 1 4984 7 view .LVU2023
 7106 00b6 0BBB     		cbnz	r3, .L570
4986:Middlewares/Third_Party/FreeRTOS/Source/tasks.c **** 					prvAddTaskToReadyList( pxTCB );
 7107              		.loc 1 4986 6 is_stmt 1 view .LVU2024
4986:Middlewares/Third_Party/FreeRTOS/Source/tasks.c **** 					prvAddTaskToReadyList( pxTCB );
 7108              		.loc 1 4986 29 is_stmt 0 view .LVU2025
 7109 00b8 341D     		adds	r4, r6, #4
4986:Middlewares/Third_Party/FreeRTOS/Source/tasks.c **** 					prvAddTaskToReadyList( pxTCB );
 7110              		.loc 1 4986 15 view .LVU2026
 7111 00ba 2046     		mov	r0, r4
 7112 00bc FFF7FEFF 		bl	uxListRemove
 7113              	.LVL477:
4987:Middlewares/Third_Party/FreeRTOS/Source/tasks.c **** 				}
 7114              		.loc 1 4987 6 is_stmt 1 view .LVU2027
4987:Middlewares/Third_Party/FreeRTOS/Source/tasks.c **** 				}
 7115              		.loc 1 4987 6 view .LVU2028
 7116 00c0 F06A     		ldr	r0, [r6, #44]
 7117 00c2 144B     		ldr	r3, .L582+4
 7118 00c4 1B68     		ldr	r3, [r3]
 7119 00c6 9842     		cmp	r0, r3
 7120 00c8 01D9     		bls	.L571
4987:Middlewares/Third_Party/FreeRTOS/Source/tasks.c **** 				}
 7121              		.loc 1 4987 6 discriminator 1 view .LVU2029
 7122 00ca 124B     		ldr	r3, .L582+4
 7123 00cc 1860     		str	r0, [r3]
 7124              	.L571:
4987:Middlewares/Third_Party/FreeRTOS/Source/tasks.c **** 				}
 7125              		.loc 1 4987 6 discriminator 3 view .LVU2030
4987:Middlewares/Third_Party/FreeRTOS/Source/tasks.c **** 				}
 7126              		.loc 1 4987 6 discriminator 3 view .LVU2031
 7127 00ce 00EB8000 		add	r0, r0, r0, lsl #2
 7128 00d2 2146     		mov	r1, r4
 7129 00d4 104B     		ldr	r3, .L582+8
 7130 00d6 03EB8000 		add	r0, r3, r0, lsl #2
 7131 00da FFF7FEFF 		bl	vListInsertEnd
 7132              	.LVL478:
4987:Middlewares/Third_Party/FreeRTOS/Source/tasks.c **** 				}
 7133              		.loc 1 4987 36 discriminator 1 view .LVU2032
ARM GAS  /tmp/ccbSDz7D.s 			page 255


 7134              	.L572:
4996:Middlewares/Third_Party/FreeRTOS/Source/tasks.c **** 				{
 7135              		.loc 1 4996 5 view .LVU2033
4996:Middlewares/Third_Party/FreeRTOS/Source/tasks.c **** 				{
 7136              		.loc 1 4996 14 is_stmt 0 view .LVU2034
 7137 00de F26A     		ldr	r2, [r6, #44]
4996:Middlewares/Third_Party/FreeRTOS/Source/tasks.c **** 				{
 7138              		.loc 1 4996 41 view .LVU2035
 7139 00e0 0E4B     		ldr	r3, .L582+12
 7140 00e2 1B68     		ldr	r3, [r3]
 7141 00e4 DB6A     		ldr	r3, [r3, #44]
4996:Middlewares/Third_Party/FreeRTOS/Source/tasks.c **** 				{
 7142              		.loc 1 4996 7 view .LVU2036
 7143 00e6 9A42     		cmp	r2, r3
 7144 00e8 10D9     		bls	.L576
5000:Middlewares/Third_Party/FreeRTOS/Source/tasks.c **** 					{
 7145              		.loc 1 5000 6 is_stmt 1 view .LVU2037
5000:Middlewares/Third_Party/FreeRTOS/Source/tasks.c **** 					{
 7146              		.loc 1 5000 8 is_stmt 0 view .LVU2038
 7147 00ea 069B     		ldr	r3, [sp, #24]
 7148 00ec 13B1     		cbz	r3, .L573
5002:Middlewares/Third_Party/FreeRTOS/Source/tasks.c **** 					}
 7149              		.loc 1 5002 7 is_stmt 1 view .LVU2039
5002:Middlewares/Third_Party/FreeRTOS/Source/tasks.c **** 					}
 7150              		.loc 1 5002 34 is_stmt 0 view .LVU2040
 7151 00ee 0123     		movs	r3, #1
 7152 00f0 069A     		ldr	r2, [sp, #24]
 7153 00f2 1360     		str	r3, [r2]
 7154              	.L573:
5008:Middlewares/Third_Party/FreeRTOS/Source/tasks.c **** 				}
 7155              		.loc 1 5008 6 is_stmt 1 view .LVU2041
5008:Middlewares/Third_Party/FreeRTOS/Source/tasks.c **** 				}
 7156              		.loc 1 5008 20 is_stmt 0 view .LVU2042
 7157 00f4 0120     		movs	r0, #1
 7158 00f6 0A4B     		ldr	r3, .L582+16
 7159 00f8 1860     		str	r0, [r3]
 7160 00fa B4E7     		b	.L566
 7161              	.L570:
4993:Middlewares/Third_Party/FreeRTOS/Source/tasks.c **** 				}
 7162              		.loc 1 4993 6 is_stmt 1 view .LVU2043
 7163 00fc 06F11801 		add	r1, r6, #24
 7164 0100 0848     		ldr	r0, .L582+20
 7165 0102 FFF7FEFF 		bl	vListInsertEnd
 7166              	.LVL479:
 7167 0106 EAE7     		b	.L572
 7168              	.LVL480:
 7169              	.L574:
4958:Middlewares/Third_Party/FreeRTOS/Source/tasks.c **** 					}
 7170              		.loc 1 4958 15 is_stmt 0 view .LVU2044
 7171 0108 0020     		movs	r0, #0
 7172 010a ACE7     		b	.L566
 7173              	.LVL481:
 7174              	.L576:
4958:Middlewares/Third_Party/FreeRTOS/Source/tasks.c **** 					}
 7175              		.loc 1 4958 15 view .LVU2045
 7176 010c 0120     		movs	r0, #1
 7177 010e AAE7     		b	.L566
ARM GAS  /tmp/ccbSDz7D.s 			page 256


 7178              	.L583:
 7179              		.align	2
 7180              	.L582:
 7181 0110 00000000 		.word	uxSchedulerSuspended
 7182 0114 00000000 		.word	uxTopReadyPriority
 7183 0118 00000000 		.word	pxReadyTasksLists
 7184 011c 00000000 		.word	pxCurrentTCB
 7185 0120 00000000 		.word	xYieldPending
 7186 0124 00000000 		.word	xPendingReadyList
 7187              		.cfi_endproc
 7188              	.LFE61:
 7190              		.section	.text.vTaskNotifyGiveFromISR,"ax",%progbits
 7191              		.align	1
 7192              		.global	vTaskNotifyGiveFromISR
 7193              		.syntax unified
 7194              		.thumb
 7195              		.thumb_func
 7197              	vTaskNotifyGiveFromISR:
 7198              	.LVL482:
 7199              	.LFB62:
5027:Middlewares/Third_Party/FreeRTOS/Source/tasks.c **** 	TCB_t * pxTCB;
 7200              		.loc 1 5027 2 is_stmt 1 view -0
 7201              		.cfi_startproc
 7202              		@ args = 0, pretend = 0, frame = 0
 7203              		@ frame_needed = 0, uses_anonymous_args = 0
5027:Middlewares/Third_Party/FreeRTOS/Source/tasks.c **** 	TCB_t * pxTCB;
 7204              		.loc 1 5027 2 is_stmt 0 view .LVU2047
 7205 0000 F8B5     		push	{r3, r4, r5, r6, r7, lr}
 7206              	.LCFI64:
 7207              		.cfi_def_cfa_offset 24
 7208              		.cfi_offset 3, -24
 7209              		.cfi_offset 4, -20
 7210              		.cfi_offset 5, -16
 7211              		.cfi_offset 6, -12
 7212              		.cfi_offset 7, -8
 7213              		.cfi_offset 14, -4
5028:Middlewares/Third_Party/FreeRTOS/Source/tasks.c **** 	uint8_t ucOriginalNotifyState;
 7214              		.loc 1 5028 2 is_stmt 1 view .LVU2048
5029:Middlewares/Third_Party/FreeRTOS/Source/tasks.c **** 	UBaseType_t uxSavedInterruptStatus;
 7215              		.loc 1 5029 2 view .LVU2049
5030:Middlewares/Third_Party/FreeRTOS/Source/tasks.c **** 
 7216              		.loc 1 5030 2 view .LVU2050
5032:Middlewares/Third_Party/FreeRTOS/Source/tasks.c **** 
 7217              		.loc 1 5032 3 view .LVU2051
 7218 0002 D8B1     		cbz	r0, .L595
 7219 0004 0D46     		mov	r5, r1
 7220 0006 0446     		mov	r4, r0
5032:Middlewares/Third_Party/FreeRTOS/Source/tasks.c **** 
 7221              		.loc 1 5032 32 view .LVU2052
5050:Middlewares/Third_Party/FreeRTOS/Source/tasks.c **** 
 7222              		.loc 1 5050 3 view .LVU2053
 7223 0008 FFF7FEFF 		bl	vPortValidateInterruptPriority
 7224              	.LVL483:
5052:Middlewares/Third_Party/FreeRTOS/Source/tasks.c **** 
 7225              		.loc 1 5052 3 view .LVU2054
5054:Middlewares/Third_Party/FreeRTOS/Source/tasks.c **** 		{
 7226              		.loc 1 5054 3 view .LVU2055
ARM GAS  /tmp/ccbSDz7D.s 			page 257


 7227              	.LBB246:
 7228              	.LBI246:
 207:Middlewares/Third_Party/FreeRTOS/Source/portable/GCC/ARM_CM4F/portmacro.h **** {
 7229              		.loc 2 207 34 view .LVU2056
 7230              	.LBB247:
 209:Middlewares/Third_Party/FreeRTOS/Source/portable/GCC/ARM_CM4F/portmacro.h **** 
 7231              		.loc 2 209 1 view .LVU2057
 211:Middlewares/Third_Party/FreeRTOS/Source/portable/GCC/ARM_CM4F/portmacro.h **** 	(
 7232              		.loc 2 211 2 view .LVU2058
 7233              		.syntax unified
 7234              	@ 211 "Middlewares/Third_Party/FreeRTOS/Source/portable/GCC/ARM_CM4F/portmacro.h" 1
 7235 000c EFF31183 			mrs r3, basepri											
 7236 0010 4FF05002 		mov r2, #80												
 7237 0014 82F31188 		msr basepri, r2											
 7238 0018 BFF36F8F 		isb														
 7239 001c BFF34F8F 		dsb														
 7240              	
 7241              	@ 0 "" 2
 7242              		.thumb
 7243              		.syntax unified
 7244 0020 1E46     		mov	r6, r3
 7245              	.LVL484:
 223:Middlewares/Third_Party/FreeRTOS/Source/portable/GCC/ARM_CM4F/portmacro.h **** }
 7246              		.loc 2 223 2 view .LVU2059
 223:Middlewares/Third_Party/FreeRTOS/Source/portable/GCC/ARM_CM4F/portmacro.h **** }
 7247              		.loc 2 223 2 is_stmt 0 view .LVU2060
 7248              	.LBE247:
 7249              	.LBE246:
5056:Middlewares/Third_Party/FreeRTOS/Source/tasks.c **** 			pxTCB->ucNotifyState = taskNOTIFICATION_RECEIVED;
 7250              		.loc 1 5056 4 is_stmt 1 view .LVU2061
5056:Middlewares/Third_Party/FreeRTOS/Source/tasks.c **** 			pxTCB->ucNotifyState = taskNOTIFICATION_RECEIVED;
 7251              		.loc 1 5056 26 is_stmt 0 view .LVU2062
 7252 0022 94F85820 		ldrb	r2, [r4, #88]	@ zero_extendqisi2
 7253              	.LVL485:
5057:Middlewares/Third_Party/FreeRTOS/Source/tasks.c **** 
 7254              		.loc 1 5057 4 is_stmt 1 view .LVU2063
5057:Middlewares/Third_Party/FreeRTOS/Source/tasks.c **** 
 7255              		.loc 1 5057 25 is_stmt 0 view .LVU2064
 7256 0026 0223     		movs	r3, #2
 7257              	.LVL486:
5057:Middlewares/Third_Party/FreeRTOS/Source/tasks.c **** 
 7258              		.loc 1 5057 25 view .LVU2065
 7259 0028 84F85830 		strb	r3, [r4, #88]
5061:Middlewares/Third_Party/FreeRTOS/Source/tasks.c **** 
 7260              		.loc 1 5061 4 is_stmt 1 view .LVU2066
5061:Middlewares/Third_Party/FreeRTOS/Source/tasks.c **** 
 7261              		.loc 1 5061 11 is_stmt 0 view .LVU2067
 7262 002c 636D     		ldr	r3, [r4, #84]
5061:Middlewares/Third_Party/FreeRTOS/Source/tasks.c **** 
 7263              		.loc 1 5061 30 view .LVU2068
 7264 002e 0133     		adds	r3, r3, #1
 7265 0030 6365     		str	r3, [r4, #84]
5063:Middlewares/Third_Party/FreeRTOS/Source/tasks.c **** 
 7266              		.loc 1 5063 36 is_stmt 1 view .LVU2069
5067:Middlewares/Third_Party/FreeRTOS/Source/tasks.c **** 			{
 7267              		.loc 1 5067 4 view .LVU2070
5067:Middlewares/Third_Party/FreeRTOS/Source/tasks.c **** 			{
ARM GAS  /tmp/ccbSDz7D.s 			page 258


 7268              		.loc 1 5067 6 is_stmt 0 view .LVU2071
 7269 0032 012A     		cmp	r2, #1
 7270 0034 0BD0     		beq	.L596
 7271              	.LVL487:
 7272              	.L587:
5100:Middlewares/Third_Party/FreeRTOS/Source/tasks.c **** 				}
 7273              		.loc 1 5100 30 is_stmt 1 view .LVU2072
5104:Middlewares/Third_Party/FreeRTOS/Source/tasks.c **** 	}
 7274              		.loc 1 5104 3 view .LVU2073
 7275              	.LBB248:
 7276              	.LBI248:
 227:Middlewares/Third_Party/FreeRTOS/Source/portable/GCC/ARM_CM4F/portmacro.h **** {
 7277              		.loc 2 227 30 view .LVU2074
 7278              	.LBB249:
 7279              		.loc 2 229 2 view .LVU2075
 7280              		.syntax unified
 7281              	@ 229 "Middlewares/Third_Party/FreeRTOS/Source/portable/GCC/ARM_CM4F/portmacro.h" 1
 7282 0036 86F31188 			msr basepri, r6	
 7283              	@ 0 "" 2
 7284              		.thumb
 7285              		.syntax unified
 7286              	.LBE249:
 7287              	.LBE248:
5105:Middlewares/Third_Party/FreeRTOS/Source/tasks.c **** 
 7288              		.loc 1 5105 2 is_stmt 0 view .LVU2076
 7289 003a F8BD     		pop	{r3, r4, r5, r6, r7, pc}
 7290              	.LVL488:
 7291              	.L595:
5032:Middlewares/Third_Party/FreeRTOS/Source/tasks.c **** 
 7292              		.loc 1 5032 3 is_stmt 1 discriminator 1 view .LVU2077
 7293              	.LBB250:
 7294              	.LBI250:
 191:Middlewares/Third_Party/FreeRTOS/Source/portable/GCC/ARM_CM4F/portmacro.h **** {
 7295              		.loc 2 191 30 view .LVU2078
 7296              	.LBB251:
 193:Middlewares/Third_Party/FreeRTOS/Source/portable/GCC/ARM_CM4F/portmacro.h **** 
 7297              		.loc 2 193 1 view .LVU2079
 195:Middlewares/Third_Party/FreeRTOS/Source/portable/GCC/ARM_CM4F/portmacro.h **** 	(
 7298              		.loc 2 195 2 view .LVU2080
 7299              		.syntax unified
 7300              	@ 195 "Middlewares/Third_Party/FreeRTOS/Source/portable/GCC/ARM_CM4F/portmacro.h" 1
 7301 003c 4FF05003 			mov r3, #80												
 7302 0040 83F31188 		msr basepri, r3											
 7303 0044 BFF36F8F 		isb														
 7304 0048 BFF34F8F 		dsb														
 7305              	
 7306              	@ 0 "" 2
 7307              		.thumb
 7308              		.syntax unified
 7309              	.L586:
 7310              	.LBE251:
 7311              	.LBE250:
5032:Middlewares/Third_Party/FreeRTOS/Source/tasks.c **** 
 7312              		.loc 1 5032 3 view .LVU2081
5032:Middlewares/Third_Party/FreeRTOS/Source/tasks.c **** 
 7313              		.loc 1 5032 3 view .LVU2082
 7314 004c FEE7     		b	.L586
ARM GAS  /tmp/ccbSDz7D.s 			page 259


 7315              	.LVL489:
 7316              	.L596:
5070:Middlewares/Third_Party/FreeRTOS/Source/tasks.c **** 
 7317              		.loc 1 5070 5 view .LVU2083
 7318 004e A36A     		ldr	r3, [r4, #40]
 7319 0050 43B1     		cbz	r3, .L588
5070:Middlewares/Third_Party/FreeRTOS/Source/tasks.c **** 
 7320              		.loc 1 5070 5 discriminator 1 view .LVU2084
 7321              	.LBB252:
 7322              	.LBI252:
 191:Middlewares/Third_Party/FreeRTOS/Source/portable/GCC/ARM_CM4F/portmacro.h **** {
 7323              		.loc 2 191 30 view .LVU2085
 7324              	.LBB253:
 193:Middlewares/Third_Party/FreeRTOS/Source/portable/GCC/ARM_CM4F/portmacro.h **** 
 7325              		.loc 2 193 1 view .LVU2086
 195:Middlewares/Third_Party/FreeRTOS/Source/portable/GCC/ARM_CM4F/portmacro.h **** 	(
 7326              		.loc 2 195 2 view .LVU2087
 7327              		.syntax unified
 7328              	@ 195 "Middlewares/Third_Party/FreeRTOS/Source/portable/GCC/ARM_CM4F/portmacro.h" 1
 7329 0052 4FF05003 			mov r3, #80												
 7330 0056 83F31188 		msr basepri, r3											
 7331 005a BFF36F8F 		isb														
 7332 005e BFF34F8F 		dsb														
 7333              	
 7334              	@ 0 "" 2
 7335              		.thumb
 7336              		.syntax unified
 7337              	.L589:
 7338              	.LBE253:
 7339              	.LBE252:
5070:Middlewares/Third_Party/FreeRTOS/Source/tasks.c **** 
 7340              		.loc 1 5070 5 view .LVU2088
5070:Middlewares/Third_Party/FreeRTOS/Source/tasks.c **** 
 7341              		.loc 1 5070 5 view .LVU2089
 7342 0062 FEE7     		b	.L589
 7343              	.L588:
5070:Middlewares/Third_Party/FreeRTOS/Source/tasks.c **** 
 7344              		.loc 1 5070 82 view .LVU2090
5072:Middlewares/Third_Party/FreeRTOS/Source/tasks.c **** 				{
 7345              		.loc 1 5072 5 view .LVU2091
5072:Middlewares/Third_Party/FreeRTOS/Source/tasks.c **** 				{
 7346              		.loc 1 5072 30 is_stmt 0 view .LVU2092
 7347 0064 144B     		ldr	r3, .L597
 7348 0066 1B68     		ldr	r3, [r3]
5072:Middlewares/Third_Party/FreeRTOS/Source/tasks.c **** 				{
 7349              		.loc 1 5072 7 view .LVU2093
 7350 0068 FBB9     		cbnz	r3, .L590
5074:Middlewares/Third_Party/FreeRTOS/Source/tasks.c **** 					prvAddTaskToReadyList( pxTCB );
 7351              		.loc 1 5074 6 is_stmt 1 view .LVU2094
5074:Middlewares/Third_Party/FreeRTOS/Source/tasks.c **** 					prvAddTaskToReadyList( pxTCB );
 7352              		.loc 1 5074 29 is_stmt 0 view .LVU2095
 7353 006a 271D     		adds	r7, r4, #4
5074:Middlewares/Third_Party/FreeRTOS/Source/tasks.c **** 					prvAddTaskToReadyList( pxTCB );
 7354              		.loc 1 5074 15 view .LVU2096
 7355 006c 3846     		mov	r0, r7
 7356 006e FFF7FEFF 		bl	uxListRemove
 7357              	.LVL490:
ARM GAS  /tmp/ccbSDz7D.s 			page 260


5075:Middlewares/Third_Party/FreeRTOS/Source/tasks.c **** 				}
 7358              		.loc 1 5075 6 is_stmt 1 view .LVU2097
5075:Middlewares/Third_Party/FreeRTOS/Source/tasks.c **** 				}
 7359              		.loc 1 5075 6 view .LVU2098
 7360 0072 E06A     		ldr	r0, [r4, #44]
 7361 0074 114B     		ldr	r3, .L597+4
 7362 0076 1B68     		ldr	r3, [r3]
 7363 0078 9842     		cmp	r0, r3
 7364 007a 01D9     		bls	.L591
5075:Middlewares/Third_Party/FreeRTOS/Source/tasks.c **** 				}
 7365              		.loc 1 5075 6 discriminator 1 view .LVU2099
 7366 007c 0F4B     		ldr	r3, .L597+4
 7367 007e 1860     		str	r0, [r3]
 7368              	.L591:
5075:Middlewares/Third_Party/FreeRTOS/Source/tasks.c **** 				}
 7369              		.loc 1 5075 6 discriminator 3 view .LVU2100
5075:Middlewares/Third_Party/FreeRTOS/Source/tasks.c **** 				}
 7370              		.loc 1 5075 6 discriminator 3 view .LVU2101
 7371 0080 00EB8000 		add	r0, r0, r0, lsl #2
 7372 0084 3946     		mov	r1, r7
 7373 0086 0E4B     		ldr	r3, .L597+8
 7374 0088 03EB8000 		add	r0, r3, r0, lsl #2
 7375 008c FFF7FEFF 		bl	vListInsertEnd
 7376              	.LVL491:
5075:Middlewares/Third_Party/FreeRTOS/Source/tasks.c **** 				}
 7377              		.loc 1 5075 36 discriminator 1 view .LVU2102
 7378              	.L592:
5084:Middlewares/Third_Party/FreeRTOS/Source/tasks.c **** 				{
 7379              		.loc 1 5084 5 view .LVU2103
5084:Middlewares/Third_Party/FreeRTOS/Source/tasks.c **** 				{
 7380              		.loc 1 5084 14 is_stmt 0 view .LVU2104
 7381 0090 E26A     		ldr	r2, [r4, #44]
5084:Middlewares/Third_Party/FreeRTOS/Source/tasks.c **** 				{
 7382              		.loc 1 5084 41 view .LVU2105
 7383 0092 0C4B     		ldr	r3, .L597+12
 7384 0094 1B68     		ldr	r3, [r3]
 7385 0096 DB6A     		ldr	r3, [r3, #44]
5084:Middlewares/Third_Party/FreeRTOS/Source/tasks.c **** 				{
 7386              		.loc 1 5084 7 view .LVU2106
 7387 0098 9A42     		cmp	r2, r3
 7388 009a CCD9     		bls	.L587
5088:Middlewares/Third_Party/FreeRTOS/Source/tasks.c **** 					{
 7389              		.loc 1 5088 6 is_stmt 1 view .LVU2107
5088:Middlewares/Third_Party/FreeRTOS/Source/tasks.c **** 					{
 7390              		.loc 1 5088 8 is_stmt 0 view .LVU2108
 7391 009c 0DB1     		cbz	r5, .L593
5090:Middlewares/Third_Party/FreeRTOS/Source/tasks.c **** 					}
 7392              		.loc 1 5090 7 is_stmt 1 view .LVU2109
5090:Middlewares/Third_Party/FreeRTOS/Source/tasks.c **** 					}
 7393              		.loc 1 5090 34 is_stmt 0 view .LVU2110
 7394 009e 0123     		movs	r3, #1
 7395 00a0 2B60     		str	r3, [r5]
 7396              	.L593:
5096:Middlewares/Third_Party/FreeRTOS/Source/tasks.c **** 				}
 7397              		.loc 1 5096 6 is_stmt 1 view .LVU2111
5096:Middlewares/Third_Party/FreeRTOS/Source/tasks.c **** 				}
 7398              		.loc 1 5096 20 is_stmt 0 view .LVU2112
ARM GAS  /tmp/ccbSDz7D.s 			page 261


 7399 00a2 094B     		ldr	r3, .L597+16
 7400 00a4 0122     		movs	r2, #1
 7401 00a6 1A60     		str	r2, [r3]
 7402 00a8 C5E7     		b	.L587
 7403              	.LVL492:
 7404              	.L590:
5081:Middlewares/Third_Party/FreeRTOS/Source/tasks.c **** 				}
 7405              		.loc 1 5081 6 is_stmt 1 view .LVU2113
 7406 00aa 04F11801 		add	r1, r4, #24
 7407 00ae 0748     		ldr	r0, .L597+20
 7408 00b0 FFF7FEFF 		bl	vListInsertEnd
 7409              	.LVL493:
5081:Middlewares/Third_Party/FreeRTOS/Source/tasks.c **** 				}
 7410              		.loc 1 5081 6 is_stmt 0 view .LVU2114
 7411 00b4 ECE7     		b	.L592
 7412              	.L598:
 7413 00b6 00BF     		.align	2
 7414              	.L597:
 7415 00b8 00000000 		.word	uxSchedulerSuspended
 7416 00bc 00000000 		.word	uxTopReadyPriority
 7417 00c0 00000000 		.word	pxReadyTasksLists
 7418 00c4 00000000 		.word	pxCurrentTCB
 7419 00c8 00000000 		.word	xYieldPending
 7420 00cc 00000000 		.word	xPendingReadyList
 7421              		.cfi_endproc
 7422              	.LFE62:
 7424              		.section	.text.xTaskNotifyStateClear,"ax",%progbits
 7425              		.align	1
 7426              		.global	xTaskNotifyStateClear
 7427              		.syntax unified
 7428              		.thumb
 7429              		.thumb_func
 7431              	xTaskNotifyStateClear:
 7432              	.LVL494:
 7433              	.LFB63:
5113:Middlewares/Third_Party/FreeRTOS/Source/tasks.c **** 	TCB_t *pxTCB;
 7434              		.loc 1 5113 2 is_stmt 1 view -0
 7435              		.cfi_startproc
 7436              		@ args = 0, pretend = 0, frame = 0
 7437              		@ frame_needed = 0, uses_anonymous_args = 0
5113:Middlewares/Third_Party/FreeRTOS/Source/tasks.c **** 	TCB_t *pxTCB;
 7438              		.loc 1 5113 2 is_stmt 0 view .LVU2116
 7439 0000 10B5     		push	{r4, lr}
 7440              	.LCFI65:
 7441              		.cfi_def_cfa_offset 8
 7442              		.cfi_offset 4, -8
 7443              		.cfi_offset 14, -4
5114:Middlewares/Third_Party/FreeRTOS/Source/tasks.c **** 	BaseType_t xReturn;
 7444              		.loc 1 5114 2 is_stmt 1 view .LVU2117
5115:Middlewares/Third_Party/FreeRTOS/Source/tasks.c **** 
 7445              		.loc 1 5115 2 view .LVU2118
5119:Middlewares/Third_Party/FreeRTOS/Source/tasks.c **** 
 7446              		.loc 1 5119 3 view .LVU2119
5119:Middlewares/Third_Party/FreeRTOS/Source/tasks.c **** 
 7447              		.loc 1 5119 11 is_stmt 0 view .LVU2120
 7448 0002 0446     		mov	r4, r0
 7449 0004 50B1     		cbz	r0, .L604
ARM GAS  /tmp/ccbSDz7D.s 			page 262


 7450              	.LVL495:
 7451              	.L600:
5121:Middlewares/Third_Party/FreeRTOS/Source/tasks.c **** 		{
 7452              		.loc 1 5121 3 is_stmt 1 view .LVU2121
 7453 0006 FFF7FEFF 		bl	vPortEnterCritical
 7454              	.LVL496:
5123:Middlewares/Third_Party/FreeRTOS/Source/tasks.c **** 			{
 7455              		.loc 1 5123 4 view .LVU2122
5123:Middlewares/Third_Party/FreeRTOS/Source/tasks.c **** 			{
 7456              		.loc 1 5123 13 is_stmt 0 view .LVU2123
 7457 000a 94F85830 		ldrb	r3, [r4, #88]	@ zero_extendqisi2
5123:Middlewares/Third_Party/FreeRTOS/Source/tasks.c **** 			{
 7458              		.loc 1 5123 6 view .LVU2124
 7459 000e 022B     		cmp	r3, #2
 7460 0010 07D0     		beq	.L605
5130:Middlewares/Third_Party/FreeRTOS/Source/tasks.c **** 			}
 7461              		.loc 1 5130 13 view .LVU2125
 7462 0012 0024     		movs	r4, #0
 7463              	.LVL497:
 7464              	.L601:
5133:Middlewares/Third_Party/FreeRTOS/Source/tasks.c **** 
 7465              		.loc 1 5133 3 is_stmt 1 view .LVU2126
 7466 0014 FFF7FEFF 		bl	vPortExitCritical
 7467              	.LVL498:
5135:Middlewares/Third_Party/FreeRTOS/Source/tasks.c **** 	}
 7468              		.loc 1 5135 3 view .LVU2127
5136:Middlewares/Third_Party/FreeRTOS/Source/tasks.c **** 
 7469              		.loc 1 5136 2 is_stmt 0 view .LVU2128
 7470 0018 2046     		mov	r0, r4
 7471 001a 10BD     		pop	{r4, pc}
 7472              	.LVL499:
 7473              	.L604:
5119:Middlewares/Third_Party/FreeRTOS/Source/tasks.c **** 
 7474              		.loc 1 5119 11 discriminator 1 view .LVU2129
 7475 001c 034B     		ldr	r3, .L606
 7476 001e 1C68     		ldr	r4, [r3]
 7477              	.LVL500:
5119:Middlewares/Third_Party/FreeRTOS/Source/tasks.c **** 
 7478              		.loc 1 5119 11 discriminator 1 view .LVU2130
 7479 0020 F1E7     		b	.L600
 7480              	.LVL501:
 7481              	.L605:
5125:Middlewares/Third_Party/FreeRTOS/Source/tasks.c **** 				xReturn = pdPASS;
 7482              		.loc 1 5125 5 is_stmt 1 view .LVU2131
5125:Middlewares/Third_Party/FreeRTOS/Source/tasks.c **** 				xReturn = pdPASS;
 7483              		.loc 1 5125 26 is_stmt 0 view .LVU2132
 7484 0022 0023     		movs	r3, #0
 7485 0024 84F85830 		strb	r3, [r4, #88]
5126:Middlewares/Third_Party/FreeRTOS/Source/tasks.c **** 			}
 7486              		.loc 1 5126 5 is_stmt 1 view .LVU2133
 7487              	.LVL502:
5126:Middlewares/Third_Party/FreeRTOS/Source/tasks.c **** 			}
 7488              		.loc 1 5126 13 is_stmt 0 view .LVU2134
 7489 0028 0124     		movs	r4, #1
 7490              	.LVL503:
5126:Middlewares/Third_Party/FreeRTOS/Source/tasks.c **** 			}
 7491              		.loc 1 5126 13 view .LVU2135
ARM GAS  /tmp/ccbSDz7D.s 			page 263


 7492 002a F3E7     		b	.L601
 7493              	.L607:
 7494              		.align	2
 7495              	.L606:
 7496 002c 00000000 		.word	pxCurrentTCB
 7497              		.cfi_endproc
 7498              	.LFE63:
 7500              		.section	.text.ulTaskNotifyValueClear,"ax",%progbits
 7501              		.align	1
 7502              		.global	ulTaskNotifyValueClear
 7503              		.syntax unified
 7504              		.thumb
 7505              		.thumb_func
 7507              	ulTaskNotifyValueClear:
 7508              	.LVL504:
 7509              	.LFB64:
5144:Middlewares/Third_Party/FreeRTOS/Source/tasks.c **** 	TCB_t *pxTCB;
 7510              		.loc 1 5144 2 is_stmt 1 view -0
 7511              		.cfi_startproc
 7512              		@ args = 0, pretend = 0, frame = 0
 7513              		@ frame_needed = 0, uses_anonymous_args = 0
5144:Middlewares/Third_Party/FreeRTOS/Source/tasks.c **** 	TCB_t *pxTCB;
 7514              		.loc 1 5144 2 is_stmt 0 view .LVU2137
 7515 0000 70B5     		push	{r4, r5, r6, lr}
 7516              	.LCFI66:
 7517              		.cfi_def_cfa_offset 16
 7518              		.cfi_offset 4, -16
 7519              		.cfi_offset 5, -12
 7520              		.cfi_offset 6, -8
 7521              		.cfi_offset 14, -4
 7522 0002 0C46     		mov	r4, r1
5145:Middlewares/Third_Party/FreeRTOS/Source/tasks.c **** 	uint32_t ulReturn;
 7523              		.loc 1 5145 2 is_stmt 1 view .LVU2138
5146:Middlewares/Third_Party/FreeRTOS/Source/tasks.c **** 
 7524              		.loc 1 5146 2 view .LVU2139
5150:Middlewares/Third_Party/FreeRTOS/Source/tasks.c **** 
 7525              		.loc 1 5150 3 view .LVU2140
5150:Middlewares/Third_Party/FreeRTOS/Source/tasks.c **** 
 7526              		.loc 1 5150 11 is_stmt 0 view .LVU2141
 7527 0004 0546     		mov	r5, r0
 7528 0006 60B1     		cbz	r0, .L611
 7529              	.LVL505:
 7530              	.L609:
5152:Middlewares/Third_Party/FreeRTOS/Source/tasks.c **** 		{
 7531              		.loc 1 5152 3 is_stmt 1 view .LVU2142
 7532 0008 FFF7FEFF 		bl	vPortEnterCritical
 7533              	.LVL506:
5156:Middlewares/Third_Party/FreeRTOS/Source/tasks.c **** 			pxTCB->ulNotifiedValue &= ~ulBitsToClear;
 7534              		.loc 1 5156 4 view .LVU2143
5156:Middlewares/Third_Party/FreeRTOS/Source/tasks.c **** 			pxTCB->ulNotifiedValue &= ~ulBitsToClear;
 7535              		.loc 1 5156 27 is_stmt 0 view .LVU2144
 7536 000c 064B     		ldr	r3, .L612
 7537 000e 1B68     		ldr	r3, [r3]
5156:Middlewares/Third_Party/FreeRTOS/Source/tasks.c **** 			pxTCB->ulNotifiedValue &= ~ulBitsToClear;
 7538              		.loc 1 5156 13 view .LVU2145
 7539 0010 5E6D     		ldr	r6, [r3, #84]
 7540              	.LVL507:
ARM GAS  /tmp/ccbSDz7D.s 			page 264


5157:Middlewares/Third_Party/FreeRTOS/Source/tasks.c **** 		}
 7541              		.loc 1 5157 4 is_stmt 1 view .LVU2146
5157:Middlewares/Third_Party/FreeRTOS/Source/tasks.c **** 		}
 7542              		.loc 1 5157 9 is_stmt 0 view .LVU2147
 7543 0012 6B6D     		ldr	r3, [r5, #84]
5157:Middlewares/Third_Party/FreeRTOS/Source/tasks.c **** 		}
 7544              		.loc 1 5157 27 view .LVU2148
 7545 0014 23EA0403 		bic	r3, r3, r4
 7546 0018 6B65     		str	r3, [r5, #84]
5159:Middlewares/Third_Party/FreeRTOS/Source/tasks.c **** 
 7547              		.loc 1 5159 3 is_stmt 1 view .LVU2149
 7548 001a FFF7FEFF 		bl	vPortExitCritical
 7549              	.LVL508:
5161:Middlewares/Third_Party/FreeRTOS/Source/tasks.c **** 	}
 7550              		.loc 1 5161 3 view .LVU2150
5162:Middlewares/Third_Party/FreeRTOS/Source/tasks.c **** 
 7551              		.loc 1 5162 2 is_stmt 0 view .LVU2151
 7552 001e 3046     		mov	r0, r6
 7553 0020 70BD     		pop	{r4, r5, r6, pc}
 7554              	.LVL509:
 7555              	.L611:
5150:Middlewares/Third_Party/FreeRTOS/Source/tasks.c **** 
 7556              		.loc 1 5150 11 discriminator 1 view .LVU2152
 7557 0022 014B     		ldr	r3, .L612
 7558 0024 1D68     		ldr	r5, [r3]
 7559              	.LVL510:
5150:Middlewares/Third_Party/FreeRTOS/Source/tasks.c **** 
 7560              		.loc 1 5150 11 discriminator 1 view .LVU2153
 7561 0026 EFE7     		b	.L609
 7562              	.L613:
 7563              		.align	2
 7564              	.L612:
 7565 0028 00000000 		.word	pxCurrentTCB
 7566              		.cfi_endproc
 7567              	.LFE64:
 7569              		.section	.bss.uxSchedulerSuspended,"aw",%nobits
 7570              		.align	2
 7573              	uxSchedulerSuspended:
 7574 0000 00000000 		.space	4
 7575              		.section	.bss.xIdleTaskHandle,"aw",%nobits
 7576              		.align	2
 7579              	xIdleTaskHandle:
 7580 0000 00000000 		.space	4
 7581              		.section	.bss.xNextTaskUnblockTime,"aw",%nobits
 7582              		.align	2
 7585              	xNextTaskUnblockTime:
 7586 0000 00000000 		.space	4
 7587              		.section	.bss.uxTaskNumber,"aw",%nobits
 7588              		.align	2
 7591              	uxTaskNumber:
 7592 0000 00000000 		.space	4
 7593              		.section	.bss.xNumOfOverflows,"aw",%nobits
 7594              		.align	2
 7597              	xNumOfOverflows:
 7598 0000 00000000 		.space	4
 7599              		.section	.bss.xYieldPending,"aw",%nobits
 7600              		.align	2
ARM GAS  /tmp/ccbSDz7D.s 			page 265


 7603              	xYieldPending:
 7604 0000 00000000 		.space	4
 7605              		.section	.bss.xPendedTicks,"aw",%nobits
 7606              		.align	2
 7609              	xPendedTicks:
 7610 0000 00000000 		.space	4
 7611              		.section	.bss.xSchedulerRunning,"aw",%nobits
 7612              		.align	2
 7615              	xSchedulerRunning:
 7616 0000 00000000 		.space	4
 7617              		.section	.bss.uxTopReadyPriority,"aw",%nobits
 7618              		.align	2
 7621              	uxTopReadyPriority:
 7622 0000 00000000 		.space	4
 7623              		.section	.bss.xTickCount,"aw",%nobits
 7624              		.align	2
 7627              	xTickCount:
 7628 0000 00000000 		.space	4
 7629              		.section	.bss.uxCurrentNumberOfTasks,"aw",%nobits
 7630              		.align	2
 7633              	uxCurrentNumberOfTasks:
 7634 0000 00000000 		.space	4
 7635              		.section	.bss.xSuspendedTaskList,"aw",%nobits
 7636              		.align	2
 7639              	xSuspendedTaskList:
 7640 0000 00000000 		.space	20
 7640      00000000 
 7640      00000000 
 7640      00000000 
 7640      00000000 
 7641              		.section	.bss.uxDeletedTasksWaitingCleanUp,"aw",%nobits
 7642              		.align	2
 7645              	uxDeletedTasksWaitingCleanUp:
 7646 0000 00000000 		.space	4
 7647              		.section	.bss.xTasksWaitingTermination,"aw",%nobits
 7648              		.align	2
 7651              	xTasksWaitingTermination:
 7652 0000 00000000 		.space	20
 7652      00000000 
 7652      00000000 
 7652      00000000 
 7652      00000000 
 7653              		.section	.bss.xPendingReadyList,"aw",%nobits
 7654              		.align	2
 7657              	xPendingReadyList:
 7658 0000 00000000 		.space	20
 7658      00000000 
 7658      00000000 
 7658      00000000 
 7658      00000000 
 7659              		.section	.bss.pxOverflowDelayedTaskList,"aw",%nobits
 7660              		.align	2
 7663              	pxOverflowDelayedTaskList:
 7664 0000 00000000 		.space	4
 7665              		.section	.bss.pxDelayedTaskList,"aw",%nobits
 7666              		.align	2
 7669              	pxDelayedTaskList:
ARM GAS  /tmp/ccbSDz7D.s 			page 266


 7670 0000 00000000 		.space	4
 7671              		.section	.bss.xDelayedTaskList2,"aw",%nobits
 7672              		.align	2
 7675              	xDelayedTaskList2:
 7676 0000 00000000 		.space	20
 7676      00000000 
 7676      00000000 
 7676      00000000 
 7676      00000000 
 7677              		.section	.bss.xDelayedTaskList1,"aw",%nobits
 7678              		.align	2
 7681              	xDelayedTaskList1:
 7682 0000 00000000 		.space	20
 7682      00000000 
 7682      00000000 
 7682      00000000 
 7682      00000000 
 7683              		.section	.bss.pxReadyTasksLists,"aw",%nobits
 7684              		.align	2
 7687              	pxReadyTasksLists:
 7688 0000 00000000 		.space	1120
 7688      00000000 
 7688      00000000 
 7688      00000000 
 7688      00000000 
 7689              		.global	pxCurrentTCB
 7690              		.section	.bss.pxCurrentTCB,"aw",%nobits
 7691              		.align	2
 7694              	pxCurrentTCB:
 7695 0000 00000000 		.space	4
 7696              		.text
 7697              	.Letext0:
 7698              		.file 3 "/opt/st/stm32cubeide_2.1.1/plugins/com.st.stm32cube.ide.mcu.externaltools.gnu-tools-for-s
 7699              		.file 4 "/opt/st/stm32cubeide_2.1.1/plugins/com.st.stm32cube.ide.mcu.externaltools.gnu-tools-for-s
 7700              		.file 5 "/opt/st/stm32cubeide_2.1.1/plugins/com.st.stm32cube.ide.mcu.externaltools.gnu-tools-for-s
 7701              		.file 6 "Middlewares/Third_Party/FreeRTOS/Source/include/projdefs.h"
 7702              		.file 7 "Middlewares/Third_Party/FreeRTOS/Source/include/FreeRTOS.h"
 7703              		.file 8 "Middlewares/Third_Party/FreeRTOS/Source/include/list.h"
 7704              		.file 9 "Middlewares/Third_Party/FreeRTOS/Source/include/task.h"
 7705              		.file 10 "Middlewares/Third_Party/FreeRTOS/Source/include/portable.h"
 7706              		.file 11 "Middlewares/Third_Party/FreeRTOS/Source/include/timers.h"
 7707              		.file 12 "/opt/st/stm32cubeide_2.1.1/plugins/com.st.stm32cube.ide.mcu.externaltools.gnu-tools-for-
ARM GAS  /tmp/ccbSDz7D.s 			page 267


DEFINED SYMBOLS
                            *ABS*:00000000 tasks.c
     /tmp/ccbSDz7D.s:21     .text.prvTaskIsTaskSuspended:00000000 $t
     /tmp/ccbSDz7D.s:26     .text.prvTaskIsTaskSuspended:00000000 prvTaskIsTaskSuspended
     /tmp/ccbSDz7D.s:112    .text.prvTaskIsTaskSuspended:00000038 $d
     /tmp/ccbSDz7D.s:7639   .bss.xSuspendedTaskList:00000000 xSuspendedTaskList
     /tmp/ccbSDz7D.s:7657   .bss.xPendingReadyList:00000000 xPendingReadyList
     /tmp/ccbSDz7D.s:118    .text.prvTaskCheckFreeStackSpace:00000000 $t
     /tmp/ccbSDz7D.s:123    .text.prvTaskCheckFreeStackSpace:00000000 prvTaskCheckFreeStackSpace
     /tmp/ccbSDz7D.s:166    .text.prvResetNextTaskUnblockTime:00000000 $t
     /tmp/ccbSDz7D.s:171    .text.prvResetNextTaskUnblockTime:00000000 prvResetNextTaskUnblockTime
     /tmp/ccbSDz7D.s:214    .text.prvResetNextTaskUnblockTime:00000024 $d
     /tmp/ccbSDz7D.s:7669   .bss.pxDelayedTaskList:00000000 pxDelayedTaskList
     /tmp/ccbSDz7D.s:7585   .bss.xNextTaskUnblockTime:00000000 xNextTaskUnblockTime
     /tmp/ccbSDz7D.s:220    .text.prvInitialiseNewTask:00000000 $t
     /tmp/ccbSDz7D.s:225    .text.prvInitialiseNewTask:00000000 prvInitialiseNewTask
     /tmp/ccbSDz7D.s:389    .text.prvInitialiseTaskLists:00000000 $t
     /tmp/ccbSDz7D.s:394    .text.prvInitialiseTaskLists:00000000 prvInitialiseTaskLists
     /tmp/ccbSDz7D.s:469    .text.prvInitialiseTaskLists:00000048 $d
     /tmp/ccbSDz7D.s:7687   .bss.pxReadyTasksLists:00000000 pxReadyTasksLists
     /tmp/ccbSDz7D.s:7681   .bss.xDelayedTaskList1:00000000 xDelayedTaskList1
     /tmp/ccbSDz7D.s:7675   .bss.xDelayedTaskList2:00000000 xDelayedTaskList2
     /tmp/ccbSDz7D.s:7651   .bss.xTasksWaitingTermination:00000000 xTasksWaitingTermination
     /tmp/ccbSDz7D.s:7663   .bss.pxOverflowDelayedTaskList:00000000 pxOverflowDelayedTaskList
     /tmp/ccbSDz7D.s:481    .text.prvAddNewTaskToReadyList:00000000 $t
     /tmp/ccbSDz7D.s:486    .text.prvAddNewTaskToReadyList:00000000 prvAddNewTaskToReadyList
     /tmp/ccbSDz7D.s:628    .text.prvAddNewTaskToReadyList:00000094 $d
     /tmp/ccbSDz7D.s:7633   .bss.uxCurrentNumberOfTasks:00000000 uxCurrentNumberOfTasks
     /tmp/ccbSDz7D.s:7694   .bss.pxCurrentTCB:00000000 pxCurrentTCB
     /tmp/ccbSDz7D.s:7615   .bss.xSchedulerRunning:00000000 xSchedulerRunning
     /tmp/ccbSDz7D.s:7591   .bss.uxTaskNumber:00000000 uxTaskNumber
     /tmp/ccbSDz7D.s:7621   .bss.uxTopReadyPriority:00000000 uxTopReadyPriority
     /tmp/ccbSDz7D.s:638    .text.prvDeleteTCB:00000000 $t
     /tmp/ccbSDz7D.s:643    .text.prvDeleteTCB:00000000 prvDeleteTCB
     /tmp/ccbSDz7D.s:718    .text.prvCheckTasksWaitingTermination:00000000 $t
     /tmp/ccbSDz7D.s:723    .text.prvCheckTasksWaitingTermination:00000000 prvCheckTasksWaitingTermination
     /tmp/ccbSDz7D.s:796    .text.prvCheckTasksWaitingTermination:00000040 $d
     /tmp/ccbSDz7D.s:7645   .bss.uxDeletedTasksWaitingCleanUp:00000000 uxDeletedTasksWaitingCleanUp
     /tmp/ccbSDz7D.s:803    .text.prvIdleTask:00000000 $t
     /tmp/ccbSDz7D.s:808    .text.prvIdleTask:00000000 prvIdleTask
     /tmp/ccbSDz7D.s:857    .text.prvIdleTask:00000024 $d
     /tmp/ccbSDz7D.s:862    .text.prvAddCurrentTaskToDelayedList:00000000 $t
     /tmp/ccbSDz7D.s:867    .text.prvAddCurrentTaskToDelayedList:00000000 prvAddCurrentTaskToDelayedList
     /tmp/ccbSDz7D.s:975    .text.prvAddCurrentTaskToDelayedList:00000064 $d
     /tmp/ccbSDz7D.s:7627   .bss.xTickCount:00000000 xTickCount
     /tmp/ccbSDz7D.s:985    .text.xTaskCreateStatic:00000000 $t
     /tmp/ccbSDz7D.s:991    .text.xTaskCreateStatic:00000000 xTaskCreateStatic
     /tmp/ccbSDz7D.s:1153   .text.xTaskCreate:00000000 $t
     /tmp/ccbSDz7D.s:1159   .text.xTaskCreate:00000000 xTaskCreate
     /tmp/ccbSDz7D.s:1276   .text.vTaskDelete:00000000 $t
     /tmp/ccbSDz7D.s:1282   .text.vTaskDelete:00000000 vTaskDelete
     /tmp/ccbSDz7D.s:1449   .text.vTaskDelete:0000009c $d
     /tmp/ccbSDz7D.s:7573   .bss.uxSchedulerSuspended:00000000 uxSchedulerSuspended
     /tmp/ccbSDz7D.s:1460   .text.eTaskGetState:00000000 $t
     /tmp/ccbSDz7D.s:1466   .text.eTaskGetState:00000000 eTaskGetState
     /tmp/ccbSDz7D.s:1617   .text.eTaskGetState:00000078 $d
     /tmp/ccbSDz7D.s:1626   .text.uxTaskPriorityGet:00000000 $t
ARM GAS  /tmp/ccbSDz7D.s 			page 268


     /tmp/ccbSDz7D.s:1632   .text.uxTaskPriorityGet:00000000 uxTaskPriorityGet
     /tmp/ccbSDz7D.s:1678   .text.uxTaskPriorityGet:0000001c $d
     /tmp/ccbSDz7D.s:1683   .text.uxTaskPriorityGetFromISR:00000000 $t
     /tmp/ccbSDz7D.s:1689   .text.uxTaskPriorityGetFromISR:00000000 uxTaskPriorityGetFromISR
     /tmp/ccbSDz7D.s:1768   .text.uxTaskPriorityGetFromISR:0000002c $d
     /tmp/ccbSDz7D.s:1773   .text.vTaskPrioritySet:00000000 $t
     /tmp/ccbSDz7D.s:1779   .text.vTaskPrioritySet:00000000 vTaskPrioritySet
     /tmp/ccbSDz7D.s:2013   .text.vTaskPrioritySet:000000c8 $d
     /tmp/ccbSDz7D.s:2020   .text.vTaskResume:00000000 $t
     /tmp/ccbSDz7D.s:2026   .text.vTaskResume:00000000 vTaskResume
     /tmp/ccbSDz7D.s:2158   .text.vTaskResume:0000007c $d
     /tmp/ccbSDz7D.s:2165   .text.xTaskResumeFromISR:00000000 $t
     /tmp/ccbSDz7D.s:2171   .text.xTaskResumeFromISR:00000000 xTaskResumeFromISR
     /tmp/ccbSDz7D.s:2342   .text.xTaskResumeFromISR:00000090 $d
     /tmp/ccbSDz7D.s:2351   .rodata.vTaskStartScheduler.str1.4:00000000 $d
     /tmp/ccbSDz7D.s:2355   .text.vTaskStartScheduler:00000000 $t
     /tmp/ccbSDz7D.s:2361   .text.vTaskStartScheduler:00000000 vTaskStartScheduler
     /tmp/ccbSDz7D.s:2522   .text.vTaskStartScheduler:00000080 $d
     /tmp/ccbSDz7D.s:7579   .bss.xIdleTaskHandle:00000000 xIdleTaskHandle
     /tmp/ccbSDz7D.s:2532   .text.vTaskEndScheduler:00000000 $t
     /tmp/ccbSDz7D.s:2538   .text.vTaskEndScheduler:00000000 vTaskEndScheduler
     /tmp/ccbSDz7D.s:2581   .text.vTaskEndScheduler:00000020 $d
     /tmp/ccbSDz7D.s:2586   .text.vTaskSuspendAll:00000000 $t
     /tmp/ccbSDz7D.s:2592   .text.vTaskSuspendAll:00000000 vTaskSuspendAll
     /tmp/ccbSDz7D.s:2611   .text.vTaskSuspendAll:0000000c $d
     /tmp/ccbSDz7D.s:2616   .text.xTaskGetTickCount:00000000 $t
     /tmp/ccbSDz7D.s:2622   .text.xTaskGetTickCount:00000000 xTaskGetTickCount
     /tmp/ccbSDz7D.s:2643   .text.xTaskGetTickCount:00000008 $d
     /tmp/ccbSDz7D.s:2648   .text.xTaskGetTickCountFromISR:00000000 $t
     /tmp/ccbSDz7D.s:2654   .text.xTaskGetTickCountFromISR:00000000 xTaskGetTickCountFromISR
     /tmp/ccbSDz7D.s:2683   .text.xTaskGetTickCountFromISR:0000000c $d
     /tmp/ccbSDz7D.s:2688   .text.uxTaskGetNumberOfTasks:00000000 $t
     /tmp/ccbSDz7D.s:2694   .text.uxTaskGetNumberOfTasks:00000000 uxTaskGetNumberOfTasks
     /tmp/ccbSDz7D.s:2710   .text.uxTaskGetNumberOfTasks:00000008 $d
     /tmp/ccbSDz7D.s:2715   .text.pcTaskGetName:00000000 $t
     /tmp/ccbSDz7D.s:2721   .text.pcTaskGetName:00000000 pcTaskGetName
     /tmp/ccbSDz7D.s:2778   .text.pcTaskGetName:00000024 $d
     /tmp/ccbSDz7D.s:2783   .text.xTaskIncrementTick:00000000 $t
     /tmp/ccbSDz7D.s:2789   .text.xTaskIncrementTick:00000000 xTaskIncrementTick
     /tmp/ccbSDz7D.s:3061   .text.xTaskIncrementTick:000000ec $d
     /tmp/ccbSDz7D.s:7597   .bss.xNumOfOverflows:00000000 xNumOfOverflows
     /tmp/ccbSDz7D.s:7603   .bss.xYieldPending:00000000 xYieldPending
     /tmp/ccbSDz7D.s:7609   .bss.xPendedTicks:00000000 xPendedTicks
     /tmp/ccbSDz7D.s:3076   .text.xTaskResumeAll:00000000 $t
     /tmp/ccbSDz7D.s:3082   .text.xTaskResumeAll:00000000 xTaskResumeAll
     /tmp/ccbSDz7D.s:3318   .text.xTaskResumeAll:000000d8 $d
     /tmp/ccbSDz7D.s:3330   .text.vTaskDelayUntil:00000000 $t
     /tmp/ccbSDz7D.s:3336   .text.vTaskDelayUntil:00000000 vTaskDelayUntil
     /tmp/ccbSDz7D.s:3550   .text.vTaskDelayUntil:0000009c $d
     /tmp/ccbSDz7D.s:3557   .text.vTaskDelay:00000000 $t
     /tmp/ccbSDz7D.s:3563   .text.vTaskDelay:00000000 vTaskDelay
     /tmp/ccbSDz7D.s:3653   .text.vTaskDelay:00000048 $d
     /tmp/ccbSDz7D.s:3658   .text.xTaskCatchUpTicks:00000000 $t
     /tmp/ccbSDz7D.s:3664   .text.xTaskCatchUpTicks:00000000 xTaskCatchUpTicks
     /tmp/ccbSDz7D.s:3729   .text.xTaskCatchUpTicks:00000030 $d
     /tmp/ccbSDz7D.s:3735   .text.vTaskSwitchContext:00000000 $t
     /tmp/ccbSDz7D.s:3741   .text.vTaskSwitchContext:00000000 vTaskSwitchContext
ARM GAS  /tmp/ccbSDz7D.s 			page 269


     /tmp/ccbSDz7D.s:3872   .text.vTaskSwitchContext:00000084 $d
     /tmp/ccbSDz7D.s:3883   .text.vTaskSuspend:00000000 $t
     /tmp/ccbSDz7D.s:3889   .text.vTaskSuspend:00000000 vTaskSuspend
     /tmp/ccbSDz7D.s:4075   .text.vTaskSuspend:000000ac $d
     /tmp/ccbSDz7D.s:4084   .text.vTaskPlaceOnEventList:00000000 $t
     /tmp/ccbSDz7D.s:4090   .text.vTaskPlaceOnEventList:00000000 vTaskPlaceOnEventList
     /tmp/ccbSDz7D.s:4155   .text.vTaskPlaceOnEventList:0000002c $d
     /tmp/ccbSDz7D.s:4160   .text.vTaskPlaceOnUnorderedEventList:00000000 $t
     /tmp/ccbSDz7D.s:4166   .text.vTaskPlaceOnUnorderedEventList:00000000 vTaskPlaceOnUnorderedEventList
     /tmp/ccbSDz7D.s:4277   .text.vTaskPlaceOnUnorderedEventList:00000050 $d
     /tmp/ccbSDz7D.s:4283   .text.vTaskPlaceOnEventListRestricted:00000000 $t
     /tmp/ccbSDz7D.s:4289   .text.vTaskPlaceOnEventListRestricted:00000000 vTaskPlaceOnEventListRestricted
     /tmp/ccbSDz7D.s:4363   .text.vTaskPlaceOnEventListRestricted:00000034 $d
     /tmp/ccbSDz7D.s:4368   .text.xTaskRemoveFromEventList:00000000 $t
     /tmp/ccbSDz7D.s:4374   .text.xTaskRemoveFromEventList:00000000 xTaskRemoveFromEventList
     /tmp/ccbSDz7D.s:4507   .text.xTaskRemoveFromEventList:00000074 $d
     /tmp/ccbSDz7D.s:4517   .text.vTaskRemoveFromUnorderedEventList:00000000 $t
     /tmp/ccbSDz7D.s:4523   .text.vTaskRemoveFromUnorderedEventList:00000000 vTaskRemoveFromUnorderedEventList
     /tmp/ccbSDz7D.s:4657   .text.vTaskRemoveFromUnorderedEventList:00000074 $d
     /tmp/ccbSDz7D.s:4666   .text.vTaskSetTimeOutState:00000000 $t
     /tmp/ccbSDz7D.s:4672   .text.vTaskSetTimeOutState:00000000 vTaskSetTimeOutState
     /tmp/ccbSDz7D.s:4739   .text.vTaskSetTimeOutState:00000030 $d
     /tmp/ccbSDz7D.s:4745   .text.vTaskInternalSetTimeOutState:00000000 $t
     /tmp/ccbSDz7D.s:4751   .text.vTaskInternalSetTimeOutState:00000000 vTaskInternalSetTimeOutState
     /tmp/ccbSDz7D.s:4774   .text.vTaskInternalSetTimeOutState:00000010 $d
     /tmp/ccbSDz7D.s:4780   .text.xTaskCheckForTimeOut:00000000 $t
     /tmp/ccbSDz7D.s:4786   .text.xTaskCheckForTimeOut:00000000 xTaskCheckForTimeOut
     /tmp/ccbSDz7D.s:4967   .text.xTaskCheckForTimeOut:00000080 $d
     /tmp/ccbSDz7D.s:4974   .text.vTaskMissedYield:00000000 $t
     /tmp/ccbSDz7D.s:4980   .text.vTaskMissedYield:00000000 vTaskMissedYield
     /tmp/ccbSDz7D.s:4997   .text.vTaskMissedYield:00000008 $d
     /tmp/ccbSDz7D.s:5002   .text.uxTaskGetTaskNumber:00000000 $t
     /tmp/ccbSDz7D.s:5008   .text.uxTaskGetTaskNumber:00000000 uxTaskGetTaskNumber
     /tmp/ccbSDz7D.s:5041   .text.vTaskSetTaskNumber:00000000 $t
     /tmp/ccbSDz7D.s:5047   .text.vTaskSetTaskNumber:00000000 vTaskSetTaskNumber
     /tmp/ccbSDz7D.s:5072   .text.vTaskGetInfo:00000000 $t
     /tmp/ccbSDz7D.s:5078   .text.vTaskGetInfo:00000000 vTaskGetInfo
     /tmp/ccbSDz7D.s:5225   .text.vTaskGetInfo:00000074 $d
     /tmp/ccbSDz7D.s:5230   .text.prvListTasksWithinSingleList:00000000 $t
     /tmp/ccbSDz7D.s:5235   .text.prvListTasksWithinSingleList:00000000 prvListTasksWithinSingleList
     /tmp/ccbSDz7D.s:5350   .text.uxTaskGetSystemState:00000000 $t
     /tmp/ccbSDz7D.s:5356   .text.uxTaskGetSystemState:00000000 uxTaskGetSystemState
     /tmp/ccbSDz7D.s:5495   .text.uxTaskGetSystemState:00000098 $d
     /tmp/ccbSDz7D.s:5505   .text.uxTaskGetStackHighWaterMark:00000000 $t
     /tmp/ccbSDz7D.s:5511   .text.uxTaskGetStackHighWaterMark:00000000 uxTaskGetStackHighWaterMark
     /tmp/ccbSDz7D.s:5553   .text.uxTaskGetStackHighWaterMark:00000014 $d
     /tmp/ccbSDz7D.s:5558   .text.xTaskGetCurrentTaskHandle:00000000 $t
     /tmp/ccbSDz7D.s:5564   .text.xTaskGetCurrentTaskHandle:00000000 xTaskGetCurrentTaskHandle
     /tmp/ccbSDz7D.s:5583   .text.xTaskGetCurrentTaskHandle:00000008 $d
     /tmp/ccbSDz7D.s:5588   .text.xTaskGetSchedulerState:00000000 $t
     /tmp/ccbSDz7D.s:5594   .text.xTaskGetSchedulerState:00000000 xTaskGetSchedulerState
     /tmp/ccbSDz7D.s:5632   .text.xTaskGetSchedulerState:00000018 $d
     /tmp/ccbSDz7D.s:5638   .text.xTaskPriorityInherit:00000000 $t
     /tmp/ccbSDz7D.s:5644   .text.xTaskPriorityInherit:00000000 xTaskPriorityInherit
     /tmp/ccbSDz7D.s:5802   .text.xTaskPriorityInherit:0000008c $d
     /tmp/ccbSDz7D.s:5809   .text.xTaskPriorityDisinherit:00000000 $t
     /tmp/ccbSDz7D.s:5815   .text.xTaskPriorityDisinherit:00000000 xTaskPriorityDisinherit
ARM GAS  /tmp/ccbSDz7D.s 			page 270


     /tmp/ccbSDz7D.s:5992   .text.xTaskPriorityDisinherit:00000084 $d
     /tmp/ccbSDz7D.s:5999   .text.vTaskPriorityDisinheritAfterTimeout:00000000 $t
     /tmp/ccbSDz7D.s:6005   .text.vTaskPriorityDisinheritAfterTimeout:00000000 vTaskPriorityDisinheritAfterTimeout
     /tmp/ccbSDz7D.s:6191   .text.vTaskPriorityDisinheritAfterTimeout:00000094 $d
     /tmp/ccbSDz7D.s:6198   .text.uxTaskResetEventItemValue:00000000 $t
     /tmp/ccbSDz7D.s:6204   .text.uxTaskResetEventItemValue:00000000 uxTaskResetEventItemValue
     /tmp/ccbSDz7D.s:6231   .text.uxTaskResetEventItemValue:00000014 $d
     /tmp/ccbSDz7D.s:6236   .text.pvTaskIncrementMutexHeldCount:00000000 $t
     /tmp/ccbSDz7D.s:6242   .text.pvTaskIncrementMutexHeldCount:00000000 pvTaskIncrementMutexHeldCount
     /tmp/ccbSDz7D.s:6273   .text.pvTaskIncrementMutexHeldCount:00000018 $d
     /tmp/ccbSDz7D.s:6278   .text.ulTaskNotifyTake:00000000 $t
     /tmp/ccbSDz7D.s:6284   .text.ulTaskNotifyTake:00000000 ulTaskNotifyTake
     /tmp/ccbSDz7D.s:6406   .text.ulTaskNotifyTake:00000074 $d
     /tmp/ccbSDz7D.s:6411   .text.xTaskNotifyWait:00000000 $t
     /tmp/ccbSDz7D.s:6417   .text.xTaskNotifyWait:00000000 xTaskNotifyWait
     /tmp/ccbSDz7D.s:6557   .text.xTaskNotifyWait:00000090 $d
     /tmp/ccbSDz7D.s:6562   .text.xTaskGenericNotify:00000000 $t
     /tmp/ccbSDz7D.s:6568   .text.xTaskGenericNotify:00000000 xTaskGenericNotify
     /tmp/ccbSDz7D.s:6624   .text.xTaskGenericNotify:0000002a $d
     /tmp/ccbSDz7D.s:6836   .text.xTaskGenericNotify:000000ec $d
     /tmp/ccbSDz7D.s:6843   .text.xTaskGenericNotifyFromISR:00000000 $t
     /tmp/ccbSDz7D.s:6849   .text.xTaskGenericNotifyFromISR:00000000 xTaskGenericNotifyFromISR
     /tmp/ccbSDz7D.s:6929   .text.xTaskGenericNotifyFromISR:00000042 $d
     /tmp/ccbSDz7D.s:7181   .text.xTaskGenericNotifyFromISR:00000110 $d
     /tmp/ccbSDz7D.s:7191   .text.vTaskNotifyGiveFromISR:00000000 $t
     /tmp/ccbSDz7D.s:7197   .text.vTaskNotifyGiveFromISR:00000000 vTaskNotifyGiveFromISR
     /tmp/ccbSDz7D.s:7415   .text.vTaskNotifyGiveFromISR:000000b8 $d
     /tmp/ccbSDz7D.s:7425   .text.xTaskNotifyStateClear:00000000 $t
     /tmp/ccbSDz7D.s:7431   .text.xTaskNotifyStateClear:00000000 xTaskNotifyStateClear
     /tmp/ccbSDz7D.s:7496   .text.xTaskNotifyStateClear:0000002c $d
     /tmp/ccbSDz7D.s:7501   .text.ulTaskNotifyValueClear:00000000 $t
     /tmp/ccbSDz7D.s:7507   .text.ulTaskNotifyValueClear:00000000 ulTaskNotifyValueClear
     /tmp/ccbSDz7D.s:7565   .text.ulTaskNotifyValueClear:00000028 $d
     /tmp/ccbSDz7D.s:7570   .bss.uxSchedulerSuspended:00000000 $d
     /tmp/ccbSDz7D.s:7576   .bss.xIdleTaskHandle:00000000 $d
     /tmp/ccbSDz7D.s:7582   .bss.xNextTaskUnblockTime:00000000 $d
     /tmp/ccbSDz7D.s:7588   .bss.uxTaskNumber:00000000 $d
     /tmp/ccbSDz7D.s:7594   .bss.xNumOfOverflows:00000000 $d
     /tmp/ccbSDz7D.s:7600   .bss.xYieldPending:00000000 $d
     /tmp/ccbSDz7D.s:7606   .bss.xPendedTicks:00000000 $d
     /tmp/ccbSDz7D.s:7612   .bss.xSchedulerRunning:00000000 $d
     /tmp/ccbSDz7D.s:7618   .bss.uxTopReadyPriority:00000000 $d
     /tmp/ccbSDz7D.s:7624   .bss.xTickCount:00000000 $d
     /tmp/ccbSDz7D.s:7630   .bss.uxCurrentNumberOfTasks:00000000 $d
     /tmp/ccbSDz7D.s:7636   .bss.xSuspendedTaskList:00000000 $d
     /tmp/ccbSDz7D.s:7642   .bss.uxDeletedTasksWaitingCleanUp:00000000 $d
     /tmp/ccbSDz7D.s:7648   .bss.xTasksWaitingTermination:00000000 $d
     /tmp/ccbSDz7D.s:7654   .bss.xPendingReadyList:00000000 $d
     /tmp/ccbSDz7D.s:7660   .bss.pxOverflowDelayedTaskList:00000000 $d
     /tmp/ccbSDz7D.s:7666   .bss.pxDelayedTaskList:00000000 $d
     /tmp/ccbSDz7D.s:7672   .bss.xDelayedTaskList2:00000000 $d
     /tmp/ccbSDz7D.s:7678   .bss.xDelayedTaskList1:00000000 $d
     /tmp/ccbSDz7D.s:7684   .bss.pxReadyTasksLists:00000000 $d
     /tmp/ccbSDz7D.s:7691   .bss.pxCurrentTCB:00000000 $d
     /tmp/ccbSDz7D.s:6630   .text.xTaskGenericNotify:0000002f $d
     /tmp/ccbSDz7D.s:6630   .text.xTaskGenericNotify:00000030 $t
     /tmp/ccbSDz7D.s:6935   .text.xTaskGenericNotifyFromISR:00000047 $d
ARM GAS  /tmp/ccbSDz7D.s 			page 271


     /tmp/ccbSDz7D.s:6935   .text.xTaskGenericNotifyFromISR:00000048 $t

UNDEFINED SYMBOLS
memset
vListInitialiseItem
pxPortInitialiseStack
vListInitialise
vPortEnterCritical
vListInsertEnd
vPortExitCritical
vPortFree
uxListRemove
vListInsert
pvPortMalloc
vPortValidateInterruptPriority
vApplicationGetIdleTaskMemory
xTimerCreateTimerTask
xPortStartScheduler
vPortEndScheduler
