ARM GAS  /tmp/ccwdALXY.s 			page 1


   1              		.cpu cortex-m4
   2              		.arch armv7e-m
   3              		.fpu fpv4-sp-d16
   4              		.eabi_attribute 27, 1
   5              		.eabi_attribute 28, 1
   6              		.eabi_attribute 20, 1
   7              		.eabi_attribute 21, 1
   8              		.eabi_attribute 23, 3
   9              		.eabi_attribute 24, 1
  10              		.eabi_attribute 25, 1
  11              		.eabi_attribute 26, 1
  12              		.eabi_attribute 30, 1
  13              		.eabi_attribute 34, 1
  14              		.eabi_attribute 18, 4
  15              		.file	"tof.c"
  16              		.text
  17              	.Ltext0:
  18              		.cfi_sections	.debug_frame
  19              		.file 1 "Core/Src/tof.c"
  20              		.section	.text.TOF_AddressReady,"ax",%progbits
  21              		.align	1
  22              		.syntax unified
  23              		.thumb
  24              		.thumb_func
  26              	TOF_AddressReady:
  27              	.LVL0:
  28              	.LFB225:
   1:Core/Src/tof.c **** /*
   2:Core/Src/tof.c ****  * tof.c
   3:Core/Src/tof.c ****  *
   4:Core/Src/tof.c ****  * VL6180X driver for STM32 HAL, multi-sensor (4 sensors on one bus,
   5:Core/Src/tof.c ****  * disambiguated via XSHUT and unique I2C addresses).
   6:Core/Src/tof.c ****  *
   7:Core/Src/tof.c ****  * Init policy: best-effort per sensor. A failure on one sensor does
   8:Core/Src/tof.c ****  * NOT abort the others. TOF_Init() returns the bitmask of sensors
   9:Core/Src/tof.c ****  * that initialized successfully.
  10:Core/Src/tof.c ****  *
  11:Core/Src/tof.c ****  * Implementation derived from the Pololu VL6180X Arduino library
  12:Core/Src/tof.c ****  * (https://github.com/pololu/vl6180x-arduino), translated to C and
  13:Core/Src/tof.c ****  * adapted for STM32 HAL. Init / configureDefault / read sequences
  14:Core/Src/tof.c ****  * follow the same registers and values as Pololu's library, which in
  15:Core/Src/tof.c ****  * turn follows ST application note AN4545.
  16:Core/Src/tof.c ****  */
  17:Core/Src/tof.c **** 
  18:Core/Src/tof.c **** #include "tof.h"
  19:Core/Src/tof.c **** #include "i2c.h"
  20:Core/Src/tof.c **** 
  21:Core/Src/tof.c **** /* ------------------------------------------------------------------ */
  22:Core/Src/tof.c **** /* Addresses                                                           */
  23:Core/Src/tof.c **** /* ------------------------------------------------------------------ */
  24:Core/Src/tof.c **** 
  25:Core/Src/tof.c **** #define VL6180X_DEFAULT_7BIT   0x29
  26:Core/Src/tof.c **** 
  27:Core/Src/tof.c **** #define TOF1_7BIT  0x2A
  28:Core/Src/tof.c **** #define TOF2_7BIT  0x3A
  29:Core/Src/tof.c **** #define TOF3_7BIT  0x4A
  30:Core/Src/tof.c **** #define TOF4_7BIT  0x5A
ARM GAS  /tmp/ccwdALXY.s 			page 2


  31:Core/Src/tof.c **** 
  32:Core/Src/tof.c **** #define ADDR8(a7) ((uint16_t)((a7) << 1))
  33:Core/Src/tof.c **** 
  34:Core/Src/tof.c **** /* ------------------------------------------------------------------ */
  35:Core/Src/tof.c **** /* VL6180X registers                                                   */
  36:Core/Src/tof.c **** /* ------------------------------------------------------------------ */
  37:Core/Src/tof.c **** 
  38:Core/Src/tof.c **** #define IDENTIFICATION__MODEL_ID              0x000
  39:Core/Src/tof.c **** #define SYSTEM__INTERRUPT_CONFIG_GPIO         0x014
  40:Core/Src/tof.c **** #define SYSTEM__INTERRUPT_CLEAR               0x015
  41:Core/Src/tof.c **** #define SYSTEM__FRESH_OUT_OF_RESET            0x016
  42:Core/Src/tof.c **** 
  43:Core/Src/tof.c **** #define SYSRANGE__START                       0x018
  44:Core/Src/tof.c **** #define SYSRANGE__INTERMEASUREMENT_PERIOD     0x01B
  45:Core/Src/tof.c **** #define SYSRANGE__MAX_CONVERGENCE_TIME        0x01C
  46:Core/Src/tof.c **** #define SYSRANGE__VHV_RECALIBRATE             0x02E
  47:Core/Src/tof.c **** #define SYSRANGE__VHV_REPEAT_RATE             0x031
  48:Core/Src/tof.c **** 
  49:Core/Src/tof.c **** #define SYSALS__INTERMEASUREMENT_PERIOD       0x03E
  50:Core/Src/tof.c **** #define SYSALS__ANALOGUE_GAIN                 0x03F
  51:Core/Src/tof.c **** #define SYSALS__INTEGRATION_PERIOD            0x040
  52:Core/Src/tof.c **** 
  53:Core/Src/tof.c **** #define RESULT__RANGE_STATUS                  0x04D
  54:Core/Src/tof.c **** #define RESULT__INTERRUPT_STATUS_GPIO         0x04F
  55:Core/Src/tof.c **** #define RESULT__RANGE_VAL                     0x062
  56:Core/Src/tof.c **** 
  57:Core/Src/tof.c **** #define READOUT__AVERAGING_SAMPLE_PERIOD      0x10A
  58:Core/Src/tof.c **** #define I2C_SLAVE__DEVICE_ADDRESS             0x212
  59:Core/Src/tof.c **** #define INTERLEAVED_MODE__ENABLE              0x2A3
  60:Core/Src/tof.c **** 
  61:Core/Src/tof.c **** #define VL6180X_MODEL_ID_VALUE                0xB4
  62:Core/Src/tof.c **** 
  63:Core/Src/tof.c **** /* ------------------------------------------------------------------ */
  64:Core/Src/tof.c **** /* Timing                                                              */
  65:Core/Src/tof.c **** /* ------------------------------------------------------------------ */
  66:Core/Src/tof.c **** 
  67:Core/Src/tof.c **** #define TOF_BOOT_DELAY_MS                20    /* > t_BOOT (1.4 ms typ) */
  68:Core/Src/tof.c **** #define TOF_FULL_RESET_DELAY_MS          100
  69:Core/Src/tof.c **** #define TOF_ADDRESS_CHANGE_DELAY_MS      20
  70:Core/Src/tof.c **** #define TOF_I2C_TIMEOUT_MS               50
  71:Core/Src/tof.c **** #define TOF_RANGE_TIMEOUT_MS             120
  72:Core/Src/tof.c **** #define TOF_BETWEEN_SENSOR_READ_DELAY_MS 5
  73:Core/Src/tof.c **** 
  74:Core/Src/tof.c **** /* ------------------------------------------------------------------ */
  75:Core/Src/tof.c **** /* Per-sensor state                                                    */
  76:Core/Src/tof.c **** /* ------------------------------------------------------------------ */
  77:Core/Src/tof.c **** 
  78:Core/Src/tof.c **** typedef struct
  79:Core/Src/tof.c **** {
  80:Core/Src/tof.c ****     GPIO_TypeDef *xshut_port;
  81:Core/Src/tof.c ****     uint16_t      xshut_pin;
  82:Core/Src/tof.c ****     uint8_t       addr_7bit;
  83:Core/Src/tof.c ****     uint8_t       initialized;
  84:Core/Src/tof.c ****     uint8_t       last_range_status;
  85:Core/Src/tof.c ****     uint8_t       init_fail_step;
  86:Core/Src/tof.c **** } TOF_Sensor_t;
  87:Core/Src/tof.c **** 
ARM GAS  /tmp/ccwdALXY.s 			page 3


  88:Core/Src/tof.c **** static TOF_Sensor_t tof_sensors[TOF_SENSOR_COUNT] =
  89:Core/Src/tof.c **** {
  90:Core/Src/tof.c ****     { VL6180X_1_SHUT_GPIO_Port, VL6180X_1_SHUT_Pin, TOF1_7BIT, 0, 0, 0 },
  91:Core/Src/tof.c ****     { VL6180X_2_SHUT_GPIO_Port, VL6180X_2_SHUT_Pin, TOF2_7BIT, 0, 0, 0 },
  92:Core/Src/tof.c ****     { VL6180X_3_SHUT_GPIO_Port, VL6180X_3_SHUT_Pin, TOF3_7BIT, 0, 0, 0 },
  93:Core/Src/tof.c ****     { VL6180X_4_SHUT_GPIO_Port, VL6180X_4_SHUT_Pin, TOF4_7BIT, 0, 0, 0 }
  94:Core/Src/tof.c **** };
  95:Core/Src/tof.c **** 
  96:Core/Src/tof.c **** static uint8_t tof_init_status = 0;
  97:Core/Src/tof.c **** static uint8_t tof_pre_init_rogue = 0;
  98:Core/Src/tof.c **** 
  99:Core/Src/tof.c **** /* ------------------------------------------------------------------ */
 100:Core/Src/tof.c **** /* Public accessors                                                    */
 101:Core/Src/tof.c **** /* ------------------------------------------------------------------ */
 102:Core/Src/tof.c **** 
 103:Core/Src/tof.c **** uint8_t TOF_GetInitStatus(void)        { return tof_init_status; }
 104:Core/Src/tof.c **** uint8_t TOF_GetPreInitRogueFlag(void)  { return tof_pre_init_rogue; }
 105:Core/Src/tof.c **** 
 106:Core/Src/tof.c **** uint8_t TOF_IsReady(uint8_t i)
 107:Core/Src/tof.c **** {
 108:Core/Src/tof.c ****     return (i < TOF_SENSOR_COUNT) ? tof_sensors[i].initialized : 0;
 109:Core/Src/tof.c **** }
 110:Core/Src/tof.c **** 
 111:Core/Src/tof.c **** uint8_t TOF_GetLastRangeStatus(uint8_t i)
 112:Core/Src/tof.c **** {
 113:Core/Src/tof.c ****     return (i < TOF_SENSOR_COUNT) ? tof_sensors[i].last_range_status : 0xFF;
 114:Core/Src/tof.c **** }
 115:Core/Src/tof.c **** 
 116:Core/Src/tof.c **** uint8_t TOF_GetInitFailStep(uint8_t i)
 117:Core/Src/tof.c **** {
 118:Core/Src/tof.c ****     return (i < TOF_SENSOR_COUNT) ? tof_sensors[i].init_fail_step : 0xFF;
 119:Core/Src/tof.c **** }
 120:Core/Src/tof.c **** 
 121:Core/Src/tof.c **** /* ------------------------------------------------------------------ */
 122:Core/Src/tof.c **** /* I2C primitives + bus recovery                                        */
 123:Core/Src/tof.c **** /* ------------------------------------------------------------------ */
 124:Core/Src/tof.c **** 
 125:Core/Src/tof.c **** static uint8_t TOF_AddressReady(uint16_t addr_8bit)
 126:Core/Src/tof.c **** {
  29              		.loc 1 126 1 view -0
  30              		.cfi_startproc
  31              		@ args = 0, pretend = 0, frame = 0
  32              		@ frame_needed = 0, uses_anonymous_args = 0
  33              		.loc 1 126 1 is_stmt 0 view .LVU1
  34 0000 08B5     		push	{r3, lr}
  35              	.LCFI0:
  36              		.cfi_def_cfa_offset 8
  37              		.cfi_offset 3, -8
  38              		.cfi_offset 14, -4
  39 0002 0146     		mov	r1, r0
 127:Core/Src/tof.c ****     return (HAL_I2C_IsDeviceReady(&hi2c1, addr_8bit, 2,
  40              		.loc 1 127 5 is_stmt 1 view .LVU2
  41              		.loc 1 127 13 is_stmt 0 view .LVU3
  42 0004 3223     		movs	r3, #50
  43 0006 0222     		movs	r2, #2
  44 0008 0348     		ldr	r0, .L3
  45              	.LVL1:
ARM GAS  /tmp/ccwdALXY.s 			page 4


  46              		.loc 1 127 13 view .LVU4
  47 000a FFF7FEFF 		bl	HAL_I2C_IsDeviceReady
  48              	.LVL2:
 128:Core/Src/tof.c ****                                   TOF_I2C_TIMEOUT_MS) == HAL_OK);
 129:Core/Src/tof.c **** }
  49              		.loc 1 129 1 view .LVU5
  50 000e B0FA80F0 		clz	r0, r0
  51 0012 4009     		lsrs	r0, r0, #5
  52 0014 08BD     		pop	{r3, pc}
  53              	.L4:
  54 0016 00BF     		.align	2
  55              	.L3:
  56 0018 00000000 		.word	hi2c1
  57              		.cfi_endproc
  58              	.LFE225:
  60              		.section	.text.TOF_DisableSensor,"ax",%progbits
  61              		.align	1
  62              		.syntax unified
  63              		.thumb
  64              		.thumb_func
  66              	TOF_DisableSensor:
  67              	.LVL3:
  68              	.LFB231:
 130:Core/Src/tof.c **** 
 131:Core/Src/tof.c **** uint8_t TOF_GetAddressMask(void)
 132:Core/Src/tof.c **** {
 133:Core/Src/tof.c ****     uint8_t m = 0;
 134:Core/Src/tof.c ****     if (TOF_AddressReady(ADDR8(0x29))) m |= (1U << 0);
 135:Core/Src/tof.c ****     if (TOF_AddressReady(ADDR8(0x2A))) m |= (1U << 1);
 136:Core/Src/tof.c ****     if (TOF_AddressReady(ADDR8(0x3A))) m |= (1U << 2);
 137:Core/Src/tof.c ****     if (TOF_AddressReady(ADDR8(0x4A))) m |= (1U << 3);
 138:Core/Src/tof.c ****     if (TOF_AddressReady(ADDR8(0x5A))) m |= (1U << 4);
 139:Core/Src/tof.c ****     return m;
 140:Core/Src/tof.c **** }
 141:Core/Src/tof.c **** 
 142:Core/Src/tof.c **** static void TOF_I2C_Recover(void)
 143:Core/Src/tof.c **** {
 144:Core/Src/tof.c ****     if (hi2c1.State != HAL_I2C_STATE_READY ||
 145:Core/Src/tof.c ****         hi2c1.ErrorCode != HAL_I2C_ERROR_NONE)
 146:Core/Src/tof.c ****     {
 147:Core/Src/tof.c ****         HAL_I2C_DeInit(&hi2c1);
 148:Core/Src/tof.c ****         HAL_Delay(2);
 149:Core/Src/tof.c ****         HAL_I2C_Init(&hi2c1);
 150:Core/Src/tof.c ****         __HAL_I2C_ENABLE(&hi2c1);
 151:Core/Src/tof.c ****     }
 152:Core/Src/tof.c **** }
 153:Core/Src/tof.c **** 
 154:Core/Src/tof.c **** static HAL_StatusTypeDef writeReg(uint8_t dev7, uint16_t reg, uint8_t value)
 155:Core/Src/tof.c **** {
 156:Core/Src/tof.c ****     uint8_t buf[3];
 157:Core/Src/tof.c ****     buf[0] = (uint8_t)(reg >> 8);
 158:Core/Src/tof.c ****     buf[1] = (uint8_t)(reg & 0xFF);
 159:Core/Src/tof.c ****     buf[2] = value;
 160:Core/Src/tof.c ****     HAL_StatusTypeDef st = HAL_I2C_Master_Transmit(&hi2c1, ADDR8(dev7),
 161:Core/Src/tof.c ****                                                    buf, 3, TOF_I2C_TIMEOUT_MS);
 162:Core/Src/tof.c ****     if (st != HAL_OK) TOF_I2C_Recover();
 163:Core/Src/tof.c ****     return st;
ARM GAS  /tmp/ccwdALXY.s 			page 5


 164:Core/Src/tof.c **** }
 165:Core/Src/tof.c **** 
 166:Core/Src/tof.c **** static HAL_StatusTypeDef writeReg16(uint8_t dev7, uint16_t reg, uint16_t value)
 167:Core/Src/tof.c **** {
 168:Core/Src/tof.c ****     uint8_t buf[4];
 169:Core/Src/tof.c ****     buf[0] = (uint8_t)(reg >> 8);
 170:Core/Src/tof.c ****     buf[1] = (uint8_t)(reg & 0xFF);
 171:Core/Src/tof.c ****     buf[2] = (uint8_t)(value >> 8);
 172:Core/Src/tof.c ****     buf[3] = (uint8_t)(value & 0xFF);
 173:Core/Src/tof.c ****     HAL_StatusTypeDef st = HAL_I2C_Master_Transmit(&hi2c1, ADDR8(dev7),
 174:Core/Src/tof.c ****                                                    buf, 4, TOF_I2C_TIMEOUT_MS);
 175:Core/Src/tof.c ****     if (st != HAL_OK) TOF_I2C_Recover();
 176:Core/Src/tof.c ****     return st;
 177:Core/Src/tof.c **** }
 178:Core/Src/tof.c **** 
 179:Core/Src/tof.c **** static HAL_StatusTypeDef readReg(uint8_t dev7, uint16_t reg, uint8_t *value)
 180:Core/Src/tof.c **** {
 181:Core/Src/tof.c ****     uint8_t buf[2];
 182:Core/Src/tof.c ****     buf[0] = (uint8_t)(reg >> 8);
 183:Core/Src/tof.c ****     buf[1] = (uint8_t)(reg & 0xFF);
 184:Core/Src/tof.c ****     if (HAL_I2C_Master_Transmit(&hi2c1, ADDR8(dev7), buf, 2,
 185:Core/Src/tof.c ****                                 TOF_I2C_TIMEOUT_MS) != HAL_OK)
 186:Core/Src/tof.c ****     {
 187:Core/Src/tof.c ****         TOF_I2C_Recover();
 188:Core/Src/tof.c ****         return HAL_ERROR;
 189:Core/Src/tof.c ****     }
 190:Core/Src/tof.c ****     HAL_StatusTypeDef st = HAL_I2C_Master_Receive(&hi2c1, ADDR8(dev7),
 191:Core/Src/tof.c ****                                                   value, 1, TOF_I2C_TIMEOUT_MS);
 192:Core/Src/tof.c ****     if (st != HAL_OK) TOF_I2C_Recover();
 193:Core/Src/tof.c ****     return st;
 194:Core/Src/tof.c **** }
 195:Core/Src/tof.c **** 
 196:Core/Src/tof.c **** /* ------------------------------------------------------------------ */
 197:Core/Src/tof.c **** /* GPIO helpers                                                        */
 198:Core/Src/tof.c **** /* ------------------------------------------------------------------ */
 199:Core/Src/tof.c **** 
 200:Core/Src/tof.c **** static void TOF_DisableSensor(uint8_t i)
 201:Core/Src/tof.c **** {
  69              		.loc 1 201 1 is_stmt 1 view -0
  70              		.cfi_startproc
  71              		@ args = 0, pretend = 0, frame = 0
  72              		@ frame_needed = 0, uses_anonymous_args = 0
  73              		.loc 1 201 1 is_stmt 0 view .LVU7
  74 0000 F8B5     		push	{r3, r4, r5, r6, r7, lr}
  75              	.LCFI1:
  76              		.cfi_def_cfa_offset 24
  77              		.cfi_offset 3, -24
  78              		.cfi_offset 4, -20
  79              		.cfi_offset 5, -16
  80              		.cfi_offset 6, -12
  81              		.cfi_offset 7, -8
  82              		.cfi_offset 14, -4
 202:Core/Src/tof.c ****     HAL_GPIO_WritePin(tof_sensors[i].xshut_port,
  83              		.loc 1 202 5 is_stmt 1 view .LVU8
  84 0002 074D     		ldr	r5, .L7
  85 0004 00EB4003 		add	r3, r0, r0, lsl #1
  86 0008 05EB8307 		add	r7, r5, r3, lsl #2
ARM GAS  /tmp/ccwdALXY.s 			page 6


  87 000c 0022     		movs	r2, #0
  88 000e B988     		ldrh	r1, [r7, #4]
  89 0010 55F82300 		ldr	r0, [r5, r3, lsl #2]
  90              	.LVL4:
  91              		.loc 1 202 5 is_stmt 0 view .LVU9
  92 0014 FFF7FEFF 		bl	HAL_GPIO_WritePin
  93              	.LVL5:
 203:Core/Src/tof.c ****                       tof_sensors[i].xshut_pin,
 204:Core/Src/tof.c ****                       GPIO_PIN_RESET);
 205:Core/Src/tof.c ****     tof_sensors[i].initialized = 0;
  94              		.loc 1 205 5 is_stmt 1 view .LVU10
  95              		.loc 1 205 32 is_stmt 0 view .LVU11
  96 0018 0023     		movs	r3, #0
  97 001a FB71     		strb	r3, [r7, #7]
 206:Core/Src/tof.c ****     tof_sensors[i].last_range_status = 0;
  98              		.loc 1 206 5 is_stmt 1 view .LVU12
  99              		.loc 1 206 38 is_stmt 0 view .LVU13
 100 001c 3B72     		strb	r3, [r7, #8]
 207:Core/Src/tof.c **** }
 101              		.loc 1 207 1 view .LVU14
 102 001e F8BD     		pop	{r3, r4, r5, r6, r7, pc}
 103              	.L8:
 104              		.align	2
 105              	.L7:
 106 0020 00000000 		.word	tof_sensors
 107              		.cfi_endproc
 108              	.LFE231:
 110              		.section	.text.TOF_AllShutdown,"ax",%progbits
 111              		.align	1
 112              		.syntax unified
 113              		.thumb
 114              		.thumb_func
 116              	TOF_AllShutdown:
 117              	.LFB233:
 208:Core/Src/tof.c **** 
 209:Core/Src/tof.c **** static void TOF_EnableSensor(uint8_t i)
 210:Core/Src/tof.c **** {
 211:Core/Src/tof.c ****     HAL_GPIO_WritePin(tof_sensors[i].xshut_port,
 212:Core/Src/tof.c ****                       tof_sensors[i].xshut_pin,
 213:Core/Src/tof.c ****                       GPIO_PIN_SET);
 214:Core/Src/tof.c **** }
 215:Core/Src/tof.c **** 
 216:Core/Src/tof.c **** static void TOF_AllShutdown(void)
 217:Core/Src/tof.c **** {
 118              		.loc 1 217 1 is_stmt 1 view -0
 119              		.cfi_startproc
 120              		@ args = 0, pretend = 0, frame = 0
 121              		@ frame_needed = 0, uses_anonymous_args = 0
 122 0000 10B5     		push	{r4, lr}
 123              	.LCFI2:
 124              		.cfi_def_cfa_offset 8
 125              		.cfi_offset 4, -8
 126              		.cfi_offset 14, -4
 218:Core/Src/tof.c ****     for (uint8_t i = 0; i < TOF_SENSOR_COUNT; i++) TOF_DisableSensor(i);
 127              		.loc 1 218 5 view .LVU16
 128              	.LBB2:
 129              		.loc 1 218 10 view .LVU17
ARM GAS  /tmp/ccwdALXY.s 			page 7


 130              	.LVL6:
 131              		.loc 1 218 18 is_stmt 0 view .LVU18
 132 0002 0024     		movs	r4, #0
 133              		.loc 1 218 5 view .LVU19
 134 0004 04E0     		b	.L10
 135              	.LVL7:
 136              	.L11:
 137              		.loc 1 218 52 is_stmt 1 discriminator 3 view .LVU20
 138 0006 2046     		mov	r0, r4
 139 0008 FFF7FEFF 		bl	TOF_DisableSensor
 140              	.LVL8:
 141              		.loc 1 218 48 discriminator 3 view .LVU21
 142 000c 0134     		adds	r4, r4, #1
 143              	.LVL9:
 144              		.loc 1 218 48 is_stmt 0 discriminator 3 view .LVU22
 145 000e E4B2     		uxtb	r4, r4
 146              	.LVL10:
 147              	.L10:
 148              		.loc 1 218 27 is_stmt 1 discriminator 2 view .LVU23
 149 0010 032C     		cmp	r4, #3
 150 0012 F8D9     		bls	.L11
 151              	.LBE2:
 219:Core/Src/tof.c ****     tof_init_status = 0;
 152              		.loc 1 219 5 view .LVU24
 153              		.loc 1 219 21 is_stmt 0 view .LVU25
 154 0014 014B     		ldr	r3, .L13
 155 0016 0022     		movs	r2, #0
 156 0018 1A70     		strb	r2, [r3]
 220:Core/Src/tof.c **** }
 157              		.loc 1 220 1 view .LVU26
 158 001a 10BD     		pop	{r4, pc}
 159              	.LVL11:
 160              	.L14:
 161              		.loc 1 220 1 view .LVU27
 162              		.align	2
 163              	.L13:
 164 001c 00000000 		.word	tof_init_status
 165              		.cfi_endproc
 166              	.LFE233:
 168              		.section	.text.TOF_EnableSensor,"ax",%progbits
 169              		.align	1
 170              		.syntax unified
 171              		.thumb
 172              		.thumb_func
 174              	TOF_EnableSensor:
 175              	.LVL12:
 176              	.LFB232:
 210:Core/Src/tof.c ****     HAL_GPIO_WritePin(tof_sensors[i].xshut_port,
 177              		.loc 1 210 1 is_stmt 1 view -0
 178              		.cfi_startproc
 179              		@ args = 0, pretend = 0, frame = 0
 180              		@ frame_needed = 0, uses_anonymous_args = 0
 210:Core/Src/tof.c ****     HAL_GPIO_WritePin(tof_sensors[i].xshut_port,
 181              		.loc 1 210 1 is_stmt 0 view .LVU29
 182 0000 10B5     		push	{r4, lr}
 183              	.LCFI3:
 184              		.cfi_def_cfa_offset 8
ARM GAS  /tmp/ccwdALXY.s 			page 8


 185              		.cfi_offset 4, -8
 186              		.cfi_offset 14, -4
 211:Core/Src/tof.c ****                       tof_sensors[i].xshut_pin,
 187              		.loc 1 211 5 is_stmt 1 view .LVU30
 188 0002 074C     		ldr	r4, .L17
 189 0004 00EB4003 		add	r3, r0, r0, lsl #1
 190 0008 04EB8303 		add	r3, r4, r3, lsl #2
 191 000c 00EB4000 		add	r0, r0, r0, lsl #1
 192              	.LVL13:
 211:Core/Src/tof.c ****                       tof_sensors[i].xshut_pin,
 193              		.loc 1 211 5 is_stmt 0 view .LVU31
 194 0010 0122     		movs	r2, #1
 195 0012 9988     		ldrh	r1, [r3, #4]
 196 0014 54F82000 		ldr	r0, [r4, r0, lsl #2]
 197 0018 FFF7FEFF 		bl	HAL_GPIO_WritePin
 198              	.LVL14:
 214:Core/Src/tof.c **** 
 199              		.loc 1 214 1 view .LVU32
 200 001c 10BD     		pop	{r4, pc}
 201              	.L18:
 202 001e 00BF     		.align	2
 203              	.L17:
 204 0020 00000000 		.word	tof_sensors
 205              		.cfi_endproc
 206              	.LFE232:
 208              		.section	.text.TOF_I2C_Recover,"ax",%progbits
 209              		.align	1
 210              		.syntax unified
 211              		.thumb
 212              		.thumb_func
 214              	TOF_I2C_Recover:
 215              	.LFB227:
 143:Core/Src/tof.c ****     if (hi2c1.State != HAL_I2C_STATE_READY ||
 216              		.loc 1 143 1 is_stmt 1 view -0
 217              		.cfi_startproc
 218              		@ args = 0, pretend = 0, frame = 0
 219              		@ frame_needed = 0, uses_anonymous_args = 0
 144:Core/Src/tof.c ****         hi2c1.ErrorCode != HAL_I2C_ERROR_NONE)
 220              		.loc 1 144 5 view .LVU34
 144:Core/Src/tof.c ****         hi2c1.ErrorCode != HAL_I2C_ERROR_NONE)
 221              		.loc 1 144 14 is_stmt 0 view .LVU35
 222 0000 0D4B     		ldr	r3, .L25
 223 0002 93F83D30 		ldrb	r3, [r3, #61]	@ zero_extendqisi2
 224 0006 DBB2     		uxtb	r3, r3
 144:Core/Src/tof.c ****         hi2c1.ErrorCode != HAL_I2C_ERROR_NONE)
 225              		.loc 1 144 8 view .LVU36
 226 0008 202B     		cmp	r3, #32
 227 000a 02D1     		bne	.L20
 145:Core/Src/tof.c ****     {
 228              		.loc 1 145 14 view .LVU37
 229 000c 0A4B     		ldr	r3, .L25
 230 000e 1B6C     		ldr	r3, [r3, #64]
 144:Core/Src/tof.c ****         hi2c1.ErrorCode != HAL_I2C_ERROR_NONE)
 231              		.loc 1 144 44 discriminator 1 view .LVU38
 232 0010 83B1     		cbz	r3, .L23
 233              	.L20:
 143:Core/Src/tof.c ****     if (hi2c1.State != HAL_I2C_STATE_READY ||
ARM GAS  /tmp/ccwdALXY.s 			page 9


 234              		.loc 1 143 1 view .LVU39
 235 0012 10B5     		push	{r4, lr}
 236              	.LCFI4:
 237              		.cfi_def_cfa_offset 8
 238              		.cfi_offset 4, -8
 239              		.cfi_offset 14, -4
 147:Core/Src/tof.c ****         HAL_Delay(2);
 240              		.loc 1 147 9 is_stmt 1 view .LVU40
 241 0014 084C     		ldr	r4, .L25
 242 0016 2046     		mov	r0, r4
 243 0018 FFF7FEFF 		bl	HAL_I2C_DeInit
 244              	.LVL15:
 148:Core/Src/tof.c ****         HAL_I2C_Init(&hi2c1);
 245              		.loc 1 148 9 view .LVU41
 246 001c 0220     		movs	r0, #2
 247 001e FFF7FEFF 		bl	HAL_Delay
 248              	.LVL16:
 149:Core/Src/tof.c ****         __HAL_I2C_ENABLE(&hi2c1);
 249              		.loc 1 149 9 view .LVU42
 250 0022 2046     		mov	r0, r4
 251 0024 FFF7FEFF 		bl	HAL_I2C_Init
 252              	.LVL17:
 150:Core/Src/tof.c ****     }
 253              		.loc 1 150 9 view .LVU43
 254 0028 2268     		ldr	r2, [r4]
 255 002a 1368     		ldr	r3, [r2]
 256 002c 43F00103 		orr	r3, r3, #1
 257 0030 1360     		str	r3, [r2]
 152:Core/Src/tof.c **** 
 258              		.loc 1 152 1 is_stmt 0 view .LVU44
 259 0032 10BD     		pop	{r4, pc}
 260              	.L23:
 261              	.LCFI5:
 262              		.cfi_def_cfa_offset 0
 263              		.cfi_restore 4
 264              		.cfi_restore 14
 265 0034 7047     		bx	lr
 266              	.L26:
 267 0036 00BF     		.align	2
 268              	.L25:
 269 0038 00000000 		.word	hi2c1
 270              		.cfi_endproc
 271              	.LFE227:
 273              		.section	.text.writeReg,"ax",%progbits
 274              		.align	1
 275              		.syntax unified
 276              		.thumb
 277              		.thumb_func
 279              	writeReg:
 280              	.LVL18:
 281              	.LFB228:
 155:Core/Src/tof.c ****     uint8_t buf[3];
 282              		.loc 1 155 1 is_stmt 1 view -0
 283              		.cfi_startproc
 284              		@ args = 0, pretend = 0, frame = 8
 285              		@ frame_needed = 0, uses_anonymous_args = 0
 155:Core/Src/tof.c ****     uint8_t buf[3];
ARM GAS  /tmp/ccwdALXY.s 			page 10


 286              		.loc 1 155 1 is_stmt 0 view .LVU46
 287 0000 10B5     		push	{r4, lr}
 288              	.LCFI6:
 289              		.cfi_def_cfa_offset 8
 290              		.cfi_offset 4, -8
 291              		.cfi_offset 14, -4
 292 0002 84B0     		sub	sp, sp, #16
 293              	.LCFI7:
 294              		.cfi_def_cfa_offset 24
 156:Core/Src/tof.c ****     buf[0] = (uint8_t)(reg >> 8);
 295              		.loc 1 156 5 is_stmt 1 view .LVU47
 157:Core/Src/tof.c ****     buf[1] = (uint8_t)(reg & 0xFF);
 296              		.loc 1 157 5 view .LVU48
 157:Core/Src/tof.c ****     buf[1] = (uint8_t)(reg & 0xFF);
 297              		.loc 1 157 14 is_stmt 0 view .LVU49
 298 0004 0B0A     		lsrs	r3, r1, #8
 157:Core/Src/tof.c ****     buf[1] = (uint8_t)(reg & 0xFF);
 299              		.loc 1 157 12 view .LVU50
 300 0006 8DF80C30 		strb	r3, [sp, #12]
 158:Core/Src/tof.c ****     buf[2] = value;
 301              		.loc 1 158 5 is_stmt 1 view .LVU51
 158:Core/Src/tof.c ****     buf[2] = value;
 302              		.loc 1 158 12 is_stmt 0 view .LVU52
 303 000a 8DF80D10 		strb	r1, [sp, #13]
 159:Core/Src/tof.c ****     HAL_StatusTypeDef st = HAL_I2C_Master_Transmit(&hi2c1, ADDR8(dev7),
 304              		.loc 1 159 5 is_stmt 1 view .LVU53
 159:Core/Src/tof.c ****     HAL_StatusTypeDef st = HAL_I2C_Master_Transmit(&hi2c1, ADDR8(dev7),
 305              		.loc 1 159 12 is_stmt 0 view .LVU54
 306 000e 8DF80E20 		strb	r2, [sp, #14]
 160:Core/Src/tof.c ****                                                    buf, 3, TOF_I2C_TIMEOUT_MS);
 307              		.loc 1 160 5 is_stmt 1 view .LVU55
 160:Core/Src/tof.c ****                                                    buf, 3, TOF_I2C_TIMEOUT_MS);
 308              		.loc 1 160 28 is_stmt 0 view .LVU56
 309 0012 3223     		movs	r3, #50
 310 0014 0093     		str	r3, [sp]
 311 0016 0323     		movs	r3, #3
 312 0018 03AA     		add	r2, sp, #12
 313              	.LVL19:
 160:Core/Src/tof.c ****                                                    buf, 3, TOF_I2C_TIMEOUT_MS);
 314              		.loc 1 160 28 view .LVU57
 315 001a 4100     		lsls	r1, r0, #1
 316              	.LVL20:
 160:Core/Src/tof.c ****                                                    buf, 3, TOF_I2C_TIMEOUT_MS);
 317              		.loc 1 160 28 view .LVU58
 318 001c 0548     		ldr	r0, .L31
 319              	.LVL21:
 160:Core/Src/tof.c ****                                                    buf, 3, TOF_I2C_TIMEOUT_MS);
 320              		.loc 1 160 28 view .LVU59
 321 001e FFF7FEFF 		bl	HAL_I2C_Master_Transmit
 322              	.LVL22:
 162:Core/Src/tof.c ****     return st;
 323              		.loc 1 162 5 is_stmt 1 view .LVU60
 162:Core/Src/tof.c ****     return st;
 324              		.loc 1 162 8 is_stmt 0 view .LVU61
 325 0022 0446     		mov	r4, r0
 326 0024 10B9     		cbnz	r0, .L30
 327              	.LVL23:
ARM GAS  /tmp/ccwdALXY.s 			page 11


 328              	.L28:
 163:Core/Src/tof.c **** }
 329              		.loc 1 163 5 is_stmt 1 view .LVU62
 164:Core/Src/tof.c **** 
 330              		.loc 1 164 1 is_stmt 0 view .LVU63
 331 0026 2046     		mov	r0, r4
 332 0028 04B0     		add	sp, sp, #16
 333              	.LCFI8:
 334              		.cfi_remember_state
 335              		.cfi_def_cfa_offset 8
 336              		@ sp needed
 337 002a 10BD     		pop	{r4, pc}
 338              	.LVL24:
 339              	.L30:
 340              	.LCFI9:
 341              		.cfi_restore_state
 162:Core/Src/tof.c ****     return st;
 342              		.loc 1 162 23 is_stmt 1 discriminator 1 view .LVU64
 343 002c FFF7FEFF 		bl	TOF_I2C_Recover
 344              	.LVL25:
 162:Core/Src/tof.c ****     return st;
 345              		.loc 1 162 23 is_stmt 0 discriminator 1 view .LVU65
 346 0030 F9E7     		b	.L28
 347              	.L32:
 348 0032 00BF     		.align	2
 349              	.L31:
 350 0034 00000000 		.word	hi2c1
 351              		.cfi_endproc
 352              	.LFE228:
 354              		.section	.text.VL6180X_SetAddress,"ax",%progbits
 355              		.align	1
 356              		.syntax unified
 357              		.thumb
 358              		.thumb_func
 360              	VL6180X_SetAddress:
 361              	.LVL26:
 362              	.LFB236:
 221:Core/Src/tof.c **** 
 222:Core/Src/tof.c **** /* ------------------------------------------------------------------ */
 223:Core/Src/tof.c **** /* Pololu init() port                                                  */
 224:Core/Src/tof.c **** /* ------------------------------------------------------------------ */
 225:Core/Src/tof.c **** 
 226:Core/Src/tof.c **** static HAL_StatusTypeDef VL6180X_PololuInit(uint8_t dev7)
 227:Core/Src/tof.c **** {
 228:Core/Src/tof.c ****     uint8_t fresh = 0;
 229:Core/Src/tof.c ****     if (readReg(dev7, SYSTEM__FRESH_OUT_OF_RESET, &fresh) != HAL_OK)
 230:Core/Src/tof.c ****         return HAL_ERROR;
 231:Core/Src/tof.c **** 
 232:Core/Src/tof.c ****     if (fresh != 1) return HAL_OK;
 233:Core/Src/tof.c **** 
 234:Core/Src/tof.c ****     /* Mandatory: private registers (AN4545 SR03 settings, copied from
 235:Core/Src/tof.c ****      * Pololu's library). */
 236:Core/Src/tof.c ****     static const struct { uint16_t reg; uint8_t val; } seq[] =
 237:Core/Src/tof.c ****     {
 238:Core/Src/tof.c ****         {0x207, 0x01}, {0x208, 0x01}, {0x096, 0x00}, {0x097, 0xFD},
 239:Core/Src/tof.c ****         {0x0E3, 0x01}, {0x0E4, 0x03}, {0x0E5, 0x02}, {0x0E6, 0x01},
 240:Core/Src/tof.c ****         {0x0E7, 0x03}, {0x0F5, 0x02}, {0x0D9, 0x05}, {0x0DB, 0xCE},
ARM GAS  /tmp/ccwdALXY.s 			page 12


 241:Core/Src/tof.c ****         {0x0DC, 0x03}, {0x0DD, 0xF8}, {0x09F, 0x00}, {0x0A3, 0x3C},
 242:Core/Src/tof.c ****         {0x0B7, 0x00}, {0x0BB, 0x3C}, {0x0B2, 0x09}, {0x0CA, 0x09},
 243:Core/Src/tof.c ****         {0x198, 0x01}, {0x1B0, 0x17}, {0x1AD, 0x00}, {0x0FF, 0x05},
 244:Core/Src/tof.c ****         {0x100, 0x05}, {0x199, 0x05}, {0x1A6, 0x1B}, {0x1AC, 0x3E},
 245:Core/Src/tof.c ****         {0x1A7, 0x1F}, {0x030, 0x00}
 246:Core/Src/tof.c ****     };
 247:Core/Src/tof.c **** 
 248:Core/Src/tof.c ****     for (uint16_t k = 0; k < sizeof(seq)/sizeof(seq[0]); k++)
 249:Core/Src/tof.c ****     {
 250:Core/Src/tof.c ****         if (writeReg(dev7, seq[k].reg, seq[k].val) != HAL_OK)
 251:Core/Src/tof.c ****             return HAL_ERROR;
 252:Core/Src/tof.c ****     }
 253:Core/Src/tof.c **** 
 254:Core/Src/tof.c ****     if (writeReg(dev7, SYSTEM__FRESH_OUT_OF_RESET, 0x00) != HAL_OK)
 255:Core/Src/tof.c ****         return HAL_ERROR;
 256:Core/Src/tof.c **** 
 257:Core/Src/tof.c ****     return HAL_OK;
 258:Core/Src/tof.c **** }
 259:Core/Src/tof.c **** 
 260:Core/Src/tof.c **** /* ------------------------------------------------------------------ */
 261:Core/Src/tof.c **** /* Pololu configureDefault() port                                      */
 262:Core/Src/tof.c **** /* ------------------------------------------------------------------ */
 263:Core/Src/tof.c **** 
 264:Core/Src/tof.c **** static HAL_StatusTypeDef VL6180X_PololuConfigureDefault(uint8_t dev7)
 265:Core/Src/tof.c **** {
 266:Core/Src/tof.c ****     /* AN4545 Section 9 "Recommended public registers":
 267:Core/Src/tof.c ****      * {0x0011} = 0x10 enables polling for 'New Sample ready' when
 268:Core/Src/tof.c ****      * measurement completes. Pololu's library omits this; AN4545 Rev 2
 269:Core/Src/tof.c ****      * lists it explicitly. Adding it for AN4545 compliance. */
 270:Core/Src/tof.c ****     if (writeReg  (dev7, 0x0011,                            0x10)   != HAL_OK) return HAL_ERROR;
 271:Core/Src/tof.c **** 
 272:Core/Src/tof.c ****     if (writeReg  (dev7, READOUT__AVERAGING_SAMPLE_PERIOD,  0x30)   != HAL_OK) return HAL_ERROR;
 273:Core/Src/tof.c ****     if (writeReg  (dev7, SYSALS__ANALOGUE_GAIN,             0x46)   != HAL_OK) return HAL_ERROR;
 274:Core/Src/tof.c ****     if (writeReg  (dev7, SYSRANGE__VHV_REPEAT_RATE,         0xFF)   != HAL_OK) return HAL_ERROR;
 275:Core/Src/tof.c ****     if (writeReg16(dev7, SYSALS__INTEGRATION_PERIOD,        0x0063) != HAL_OK) return HAL_ERROR;
 276:Core/Src/tof.c ****     if (writeReg  (dev7, SYSRANGE__VHV_RECALIBRATE,         0x01)   != HAL_OK) return HAL_ERROR;
 277:Core/Src/tof.c **** 
 278:Core/Src/tof.c ****     if (writeReg  (dev7, SYSRANGE__INTERMEASUREMENT_PERIOD, 0x09)   != HAL_OK) return HAL_ERROR;
 279:Core/Src/tof.c ****     if (writeReg  (dev7, SYSALS__INTERMEASUREMENT_PERIOD,   0x31)   != HAL_OK) return HAL_ERROR;
 280:Core/Src/tof.c ****     if (writeReg  (dev7, SYSTEM__INTERRUPT_CONFIG_GPIO,     0x24)   != HAL_OK) return HAL_ERROR;
 281:Core/Src/tof.c **** 
 282:Core/Src/tof.c ****     if (writeReg  (dev7, SYSRANGE__MAX_CONVERGENCE_TIME,    0x31)   != HAL_OK) return HAL_ERROR;
 283:Core/Src/tof.c ****     if (writeReg  (dev7, INTERLEAVED_MODE__ENABLE,          0x00)   != HAL_OK) return HAL_ERROR;
 284:Core/Src/tof.c **** 
 285:Core/Src/tof.c ****     return HAL_OK;
 286:Core/Src/tof.c **** }
 287:Core/Src/tof.c **** 
 288:Core/Src/tof.c **** static HAL_StatusTypeDef VL6180X_SetAddress(uint8_t old7, uint8_t new7)
 289:Core/Src/tof.c **** {
 363              		.loc 1 289 1 is_stmt 1 view -0
 364              		.cfi_startproc
 365              		@ args = 0, pretend = 0, frame = 0
 366              		@ frame_needed = 0, uses_anonymous_args = 0
 367              		.loc 1 289 1 is_stmt 0 view .LVU67
 368 0000 10B5     		push	{r4, lr}
 369              	.LCFI10:
 370              		.cfi_def_cfa_offset 8
ARM GAS  /tmp/ccwdALXY.s 			page 13


 371              		.cfi_offset 4, -8
 372              		.cfi_offset 14, -4
 290:Core/Src/tof.c ****     if (writeReg(old7, I2C_SLAVE__DEVICE_ADDRESS, new7 & 0x7F) != HAL_OK)
 373              		.loc 1 290 5 is_stmt 1 view .LVU68
 374              		.loc 1 290 9 is_stmt 0 view .LVU69
 375 0002 01F07F02 		and	r2, r1, #127
 376 0006 40F21221 		movw	r1, #530
 377              	.LVL27:
 378              		.loc 1 290 9 view .LVU70
 379 000a FFF7FEFF 		bl	writeReg
 380              	.LVL28:
 381              		.loc 1 290 8 discriminator 1 view .LVU71
 382 000e 10B1     		cbz	r0, .L37
 291:Core/Src/tof.c ****         return HAL_ERROR;
 383              		.loc 1 291 16 view .LVU72
 384 0010 0124     		movs	r4, #1
 385              	.L34:
 292:Core/Src/tof.c ****     HAL_Delay(TOF_ADDRESS_CHANGE_DELAY_MS);
 293:Core/Src/tof.c ****     return HAL_OK;
 294:Core/Src/tof.c **** }
 386              		.loc 1 294 1 view .LVU73
 387 0012 2046     		mov	r0, r4
 388 0014 10BD     		pop	{r4, pc}
 389              	.L37:
 390 0016 0446     		mov	r4, r0
 292:Core/Src/tof.c ****     HAL_Delay(TOF_ADDRESS_CHANGE_DELAY_MS);
 391              		.loc 1 292 5 is_stmt 1 view .LVU74
 392 0018 1420     		movs	r0, #20
 393 001a FFF7FEFF 		bl	HAL_Delay
 394              	.LVL29:
 293:Core/Src/tof.c **** }
 395              		.loc 1 293 5 view .LVU75
 293:Core/Src/tof.c **** }
 396              		.loc 1 293 12 is_stmt 0 view .LVU76
 397 001e F8E7     		b	.L34
 398              		.cfi_endproc
 399              	.LFE236:
 401              		.section	.text.writeReg16,"ax",%progbits
 402              		.align	1
 403              		.syntax unified
 404              		.thumb
 405              		.thumb_func
 407              	writeReg16:
 408              	.LVL30:
 409              	.LFB229:
 167:Core/Src/tof.c ****     uint8_t buf[4];
 410              		.loc 1 167 1 is_stmt 1 view -0
 411              		.cfi_startproc
 412              		@ args = 0, pretend = 0, frame = 8
 413              		@ frame_needed = 0, uses_anonymous_args = 0
 167:Core/Src/tof.c ****     uint8_t buf[4];
 414              		.loc 1 167 1 is_stmt 0 view .LVU78
 415 0000 10B5     		push	{r4, lr}
 416              	.LCFI11:
 417              		.cfi_def_cfa_offset 8
 418              		.cfi_offset 4, -8
 419              		.cfi_offset 14, -4
ARM GAS  /tmp/ccwdALXY.s 			page 14


 420 0002 84B0     		sub	sp, sp, #16
 421              	.LCFI12:
 422              		.cfi_def_cfa_offset 24
 168:Core/Src/tof.c ****     buf[0] = (uint8_t)(reg >> 8);
 423              		.loc 1 168 5 is_stmt 1 view .LVU79
 169:Core/Src/tof.c ****     buf[1] = (uint8_t)(reg & 0xFF);
 424              		.loc 1 169 5 view .LVU80
 169:Core/Src/tof.c ****     buf[1] = (uint8_t)(reg & 0xFF);
 425              		.loc 1 169 14 is_stmt 0 view .LVU81
 426 0004 0B0A     		lsrs	r3, r1, #8
 169:Core/Src/tof.c ****     buf[1] = (uint8_t)(reg & 0xFF);
 427              		.loc 1 169 12 view .LVU82
 428 0006 8DF80C30 		strb	r3, [sp, #12]
 170:Core/Src/tof.c ****     buf[2] = (uint8_t)(value >> 8);
 429              		.loc 1 170 5 is_stmt 1 view .LVU83
 170:Core/Src/tof.c ****     buf[2] = (uint8_t)(value >> 8);
 430              		.loc 1 170 12 is_stmt 0 view .LVU84
 431 000a 8DF80D10 		strb	r1, [sp, #13]
 171:Core/Src/tof.c ****     buf[3] = (uint8_t)(value & 0xFF);
 432              		.loc 1 171 5 is_stmt 1 view .LVU85
 171:Core/Src/tof.c ****     buf[3] = (uint8_t)(value & 0xFF);
 433              		.loc 1 171 14 is_stmt 0 view .LVU86
 434 000e 130A     		lsrs	r3, r2, #8
 171:Core/Src/tof.c ****     buf[3] = (uint8_t)(value & 0xFF);
 435              		.loc 1 171 12 view .LVU87
 436 0010 8DF80E30 		strb	r3, [sp, #14]
 172:Core/Src/tof.c ****     HAL_StatusTypeDef st = HAL_I2C_Master_Transmit(&hi2c1, ADDR8(dev7),
 437              		.loc 1 172 5 is_stmt 1 view .LVU88
 172:Core/Src/tof.c ****     HAL_StatusTypeDef st = HAL_I2C_Master_Transmit(&hi2c1, ADDR8(dev7),
 438              		.loc 1 172 12 is_stmt 0 view .LVU89
 439 0014 8DF80F20 		strb	r2, [sp, #15]
 173:Core/Src/tof.c ****                                                    buf, 4, TOF_I2C_TIMEOUT_MS);
 440              		.loc 1 173 5 is_stmt 1 view .LVU90
 173:Core/Src/tof.c ****                                                    buf, 4, TOF_I2C_TIMEOUT_MS);
 441              		.loc 1 173 28 is_stmt 0 view .LVU91
 442 0018 3223     		movs	r3, #50
 443 001a 0093     		str	r3, [sp]
 444 001c 0423     		movs	r3, #4
 445 001e 03AA     		add	r2, sp, #12
 446              	.LVL31:
 173:Core/Src/tof.c ****                                                    buf, 4, TOF_I2C_TIMEOUT_MS);
 447              		.loc 1 173 28 view .LVU92
 448 0020 4100     		lsls	r1, r0, #1
 449              	.LVL32:
 173:Core/Src/tof.c ****                                                    buf, 4, TOF_I2C_TIMEOUT_MS);
 450              		.loc 1 173 28 view .LVU93
 451 0022 0548     		ldr	r0, .L42
 452              	.LVL33:
 173:Core/Src/tof.c ****                                                    buf, 4, TOF_I2C_TIMEOUT_MS);
 453              		.loc 1 173 28 view .LVU94
 454 0024 FFF7FEFF 		bl	HAL_I2C_Master_Transmit
 455              	.LVL34:
 175:Core/Src/tof.c ****     return st;
 456              		.loc 1 175 5 is_stmt 1 view .LVU95
 175:Core/Src/tof.c ****     return st;
 457              		.loc 1 175 8 is_stmt 0 view .LVU96
 458 0028 0446     		mov	r4, r0
ARM GAS  /tmp/ccwdALXY.s 			page 15


 459 002a 10B9     		cbnz	r0, .L41
 460              	.LVL35:
 461              	.L39:
 176:Core/Src/tof.c **** }
 462              		.loc 1 176 5 is_stmt 1 view .LVU97
 177:Core/Src/tof.c **** 
 463              		.loc 1 177 1 is_stmt 0 view .LVU98
 464 002c 2046     		mov	r0, r4
 465 002e 04B0     		add	sp, sp, #16
 466              	.LCFI13:
 467              		.cfi_remember_state
 468              		.cfi_def_cfa_offset 8
 469              		@ sp needed
 470 0030 10BD     		pop	{r4, pc}
 471              	.LVL36:
 472              	.L41:
 473              	.LCFI14:
 474              		.cfi_restore_state
 175:Core/Src/tof.c ****     return st;
 475              		.loc 1 175 23 is_stmt 1 discriminator 1 view .LVU99
 476 0032 FFF7FEFF 		bl	TOF_I2C_Recover
 477              	.LVL37:
 175:Core/Src/tof.c ****     return st;
 478              		.loc 1 175 23 is_stmt 0 discriminator 1 view .LVU100
 479 0036 F9E7     		b	.L39
 480              	.L43:
 481              		.align	2
 482              	.L42:
 483 0038 00000000 		.word	hi2c1
 484              		.cfi_endproc
 485              	.LFE229:
 487              		.section	.text.VL6180X_PololuConfigureDefault,"ax",%progbits
 488              		.align	1
 489              		.syntax unified
 490              		.thumb
 491              		.thumb_func
 493              	VL6180X_PololuConfigureDefault:
 494              	.LVL38:
 495              	.LFB235:
 265:Core/Src/tof.c ****     /* AN4545 Section 9 "Recommended public registers":
 496              		.loc 1 265 1 is_stmt 1 view -0
 497              		.cfi_startproc
 498              		@ args = 0, pretend = 0, frame = 0
 499              		@ frame_needed = 0, uses_anonymous_args = 0
 265:Core/Src/tof.c ****     /* AN4545 Section 9 "Recommended public registers":
 500              		.loc 1 265 1 is_stmt 0 view .LVU102
 501 0000 10B5     		push	{r4, lr}
 502              	.LCFI15:
 503              		.cfi_def_cfa_offset 8
 504              		.cfi_offset 4, -8
 505              		.cfi_offset 14, -4
 506 0002 0446     		mov	r4, r0
 270:Core/Src/tof.c **** 
 507              		.loc 1 270 5 is_stmt 1 view .LVU103
 270:Core/Src/tof.c **** 
 508              		.loc 1 270 9 is_stmt 0 view .LVU104
 509 0004 1022     		movs	r2, #16
ARM GAS  /tmp/ccwdALXY.s 			page 16


 510 0006 1121     		movs	r1, #17
 511 0008 FFF7FEFF 		bl	writeReg
 512              	.LVL39:
 270:Core/Src/tof.c **** 
 513              		.loc 1 270 8 discriminator 1 view .LVU105
 514 000c 08B1     		cbz	r0, .L58
 270:Core/Src/tof.c **** 
 515              		.loc 1 270 87 discriminator 1 view .LVU106
 516 000e 0120     		movs	r0, #1
 517              	.L45:
 286:Core/Src/tof.c **** 
 518              		.loc 1 286 1 view .LVU107
 519 0010 10BD     		pop	{r4, pc}
 520              	.LVL40:
 521              	.L58:
 272:Core/Src/tof.c ****     if (writeReg  (dev7, SYSALS__ANALOGUE_GAIN,             0x46)   != HAL_OK) return HAL_ERROR;
 522              		.loc 1 272 5 is_stmt 1 view .LVU108
 272:Core/Src/tof.c ****     if (writeReg  (dev7, SYSALS__ANALOGUE_GAIN,             0x46)   != HAL_OK) return HAL_ERROR;
 523              		.loc 1 272 9 is_stmt 0 view .LVU109
 524 0012 3022     		movs	r2, #48
 525 0014 4FF48571 		mov	r1, #266
 526 0018 2046     		mov	r0, r4
 527 001a FFF7FEFF 		bl	writeReg
 528              	.LVL41:
 272:Core/Src/tof.c ****     if (writeReg  (dev7, SYSALS__ANALOGUE_GAIN,             0x46)   != HAL_OK) return HAL_ERROR;
 529              		.loc 1 272 8 discriminator 1 view .LVU110
 530 001e 08B1     		cbz	r0, .L59
 272:Core/Src/tof.c ****     if (writeReg  (dev7, SYSALS__ANALOGUE_GAIN,             0x46)   != HAL_OK) return HAL_ERROR;
 531              		.loc 1 272 87 discriminator 1 view .LVU111
 532 0020 0120     		movs	r0, #1
 533 0022 F5E7     		b	.L45
 534              	.L59:
 273:Core/Src/tof.c ****     if (writeReg  (dev7, SYSRANGE__VHV_REPEAT_RATE,         0xFF)   != HAL_OK) return HAL_ERROR;
 535              		.loc 1 273 5 is_stmt 1 view .LVU112
 273:Core/Src/tof.c ****     if (writeReg  (dev7, SYSRANGE__VHV_REPEAT_RATE,         0xFF)   != HAL_OK) return HAL_ERROR;
 536              		.loc 1 273 9 is_stmt 0 view .LVU113
 537 0024 4622     		movs	r2, #70
 538 0026 3F21     		movs	r1, #63
 539 0028 2046     		mov	r0, r4
 540 002a FFF7FEFF 		bl	writeReg
 541              	.LVL42:
 273:Core/Src/tof.c ****     if (writeReg  (dev7, SYSRANGE__VHV_REPEAT_RATE,         0xFF)   != HAL_OK) return HAL_ERROR;
 542              		.loc 1 273 8 discriminator 1 view .LVU114
 543 002e 08B1     		cbz	r0, .L60
 273:Core/Src/tof.c ****     if (writeReg  (dev7, SYSRANGE__VHV_REPEAT_RATE,         0xFF)   != HAL_OK) return HAL_ERROR;
 544              		.loc 1 273 87 discriminator 1 view .LVU115
 545 0030 0120     		movs	r0, #1
 546 0032 EDE7     		b	.L45
 547              	.L60:
 274:Core/Src/tof.c ****     if (writeReg16(dev7, SYSALS__INTEGRATION_PERIOD,        0x0063) != HAL_OK) return HAL_ERROR;
 548              		.loc 1 274 5 is_stmt 1 view .LVU116
 274:Core/Src/tof.c ****     if (writeReg16(dev7, SYSALS__INTEGRATION_PERIOD,        0x0063) != HAL_OK) return HAL_ERROR;
 549              		.loc 1 274 9 is_stmt 0 view .LVU117
 550 0034 FF22     		movs	r2, #255
 551 0036 3121     		movs	r1, #49
 552 0038 2046     		mov	r0, r4
 553 003a FFF7FEFF 		bl	writeReg
ARM GAS  /tmp/ccwdALXY.s 			page 17


 554              	.LVL43:
 274:Core/Src/tof.c ****     if (writeReg16(dev7, SYSALS__INTEGRATION_PERIOD,        0x0063) != HAL_OK) return HAL_ERROR;
 555              		.loc 1 274 8 discriminator 1 view .LVU118
 556 003e 08B1     		cbz	r0, .L61
 274:Core/Src/tof.c ****     if (writeReg16(dev7, SYSALS__INTEGRATION_PERIOD,        0x0063) != HAL_OK) return HAL_ERROR;
 557              		.loc 1 274 87 discriminator 1 view .LVU119
 558 0040 0120     		movs	r0, #1
 559 0042 E5E7     		b	.L45
 560              	.L61:
 275:Core/Src/tof.c ****     if (writeReg  (dev7, SYSRANGE__VHV_RECALIBRATE,         0x01)   != HAL_OK) return HAL_ERROR;
 561              		.loc 1 275 5 is_stmt 1 view .LVU120
 275:Core/Src/tof.c ****     if (writeReg  (dev7, SYSRANGE__VHV_RECALIBRATE,         0x01)   != HAL_OK) return HAL_ERROR;
 562              		.loc 1 275 9 is_stmt 0 view .LVU121
 563 0044 6322     		movs	r2, #99
 564 0046 4021     		movs	r1, #64
 565 0048 2046     		mov	r0, r4
 566 004a FFF7FEFF 		bl	writeReg16
 567              	.LVL44:
 275:Core/Src/tof.c ****     if (writeReg  (dev7, SYSRANGE__VHV_RECALIBRATE,         0x01)   != HAL_OK) return HAL_ERROR;
 568              		.loc 1 275 8 discriminator 1 view .LVU122
 569 004e 08B1     		cbz	r0, .L62
 275:Core/Src/tof.c ****     if (writeReg  (dev7, SYSRANGE__VHV_RECALIBRATE,         0x01)   != HAL_OK) return HAL_ERROR;
 570              		.loc 1 275 87 discriminator 1 view .LVU123
 571 0050 0120     		movs	r0, #1
 572 0052 DDE7     		b	.L45
 573              	.L62:
 276:Core/Src/tof.c **** 
 574              		.loc 1 276 5 is_stmt 1 view .LVU124
 276:Core/Src/tof.c **** 
 575              		.loc 1 276 9 is_stmt 0 view .LVU125
 576 0054 0122     		movs	r2, #1
 577 0056 2E21     		movs	r1, #46
 578 0058 2046     		mov	r0, r4
 579 005a FFF7FEFF 		bl	writeReg
 580              	.LVL45:
 276:Core/Src/tof.c **** 
 581              		.loc 1 276 8 discriminator 1 view .LVU126
 582 005e 08B1     		cbz	r0, .L63
 276:Core/Src/tof.c **** 
 583              		.loc 1 276 87 discriminator 1 view .LVU127
 584 0060 0120     		movs	r0, #1
 585 0062 D5E7     		b	.L45
 586              	.L63:
 278:Core/Src/tof.c ****     if (writeReg  (dev7, SYSALS__INTERMEASUREMENT_PERIOD,   0x31)   != HAL_OK) return HAL_ERROR;
 587              		.loc 1 278 5 is_stmt 1 view .LVU128
 278:Core/Src/tof.c ****     if (writeReg  (dev7, SYSALS__INTERMEASUREMENT_PERIOD,   0x31)   != HAL_OK) return HAL_ERROR;
 588              		.loc 1 278 9 is_stmt 0 view .LVU129
 589 0064 0922     		movs	r2, #9
 590 0066 1B21     		movs	r1, #27
 591 0068 2046     		mov	r0, r4
 592 006a FFF7FEFF 		bl	writeReg
 593              	.LVL46:
 278:Core/Src/tof.c ****     if (writeReg  (dev7, SYSALS__INTERMEASUREMENT_PERIOD,   0x31)   != HAL_OK) return HAL_ERROR;
 594              		.loc 1 278 8 discriminator 1 view .LVU130
 595 006e 08B1     		cbz	r0, .L64
 278:Core/Src/tof.c ****     if (writeReg  (dev7, SYSALS__INTERMEASUREMENT_PERIOD,   0x31)   != HAL_OK) return HAL_ERROR;
 596              		.loc 1 278 87 discriminator 1 view .LVU131
ARM GAS  /tmp/ccwdALXY.s 			page 18


 597 0070 0120     		movs	r0, #1
 598 0072 CDE7     		b	.L45
 599              	.L64:
 279:Core/Src/tof.c ****     if (writeReg  (dev7, SYSTEM__INTERRUPT_CONFIG_GPIO,     0x24)   != HAL_OK) return HAL_ERROR;
 600              		.loc 1 279 5 is_stmt 1 view .LVU132
 279:Core/Src/tof.c ****     if (writeReg  (dev7, SYSTEM__INTERRUPT_CONFIG_GPIO,     0x24)   != HAL_OK) return HAL_ERROR;
 601              		.loc 1 279 9 is_stmt 0 view .LVU133
 602 0074 3122     		movs	r2, #49
 603 0076 3E21     		movs	r1, #62
 604 0078 2046     		mov	r0, r4
 605 007a FFF7FEFF 		bl	writeReg
 606              	.LVL47:
 279:Core/Src/tof.c ****     if (writeReg  (dev7, SYSTEM__INTERRUPT_CONFIG_GPIO,     0x24)   != HAL_OK) return HAL_ERROR;
 607              		.loc 1 279 8 discriminator 1 view .LVU134
 608 007e 08B1     		cbz	r0, .L65
 279:Core/Src/tof.c ****     if (writeReg  (dev7, SYSTEM__INTERRUPT_CONFIG_GPIO,     0x24)   != HAL_OK) return HAL_ERROR;
 609              		.loc 1 279 87 discriminator 1 view .LVU135
 610 0080 0120     		movs	r0, #1
 611 0082 C5E7     		b	.L45
 612              	.L65:
 280:Core/Src/tof.c **** 
 613              		.loc 1 280 5 is_stmt 1 view .LVU136
 280:Core/Src/tof.c **** 
 614              		.loc 1 280 9 is_stmt 0 view .LVU137
 615 0084 2422     		movs	r2, #36
 616 0086 1421     		movs	r1, #20
 617 0088 2046     		mov	r0, r4
 618 008a FFF7FEFF 		bl	writeReg
 619              	.LVL48:
 280:Core/Src/tof.c **** 
 620              		.loc 1 280 8 discriminator 1 view .LVU138
 621 008e 08B1     		cbz	r0, .L66
 280:Core/Src/tof.c **** 
 622              		.loc 1 280 87 discriminator 1 view .LVU139
 623 0090 0120     		movs	r0, #1
 624 0092 BDE7     		b	.L45
 625              	.L66:
 282:Core/Src/tof.c ****     if (writeReg  (dev7, INTERLEAVED_MODE__ENABLE,          0x00)   != HAL_OK) return HAL_ERROR;
 626              		.loc 1 282 5 is_stmt 1 view .LVU140
 282:Core/Src/tof.c ****     if (writeReg  (dev7, INTERLEAVED_MODE__ENABLE,          0x00)   != HAL_OK) return HAL_ERROR;
 627              		.loc 1 282 9 is_stmt 0 view .LVU141
 628 0094 3122     		movs	r2, #49
 629 0096 1C21     		movs	r1, #28
 630 0098 2046     		mov	r0, r4
 631 009a FFF7FEFF 		bl	writeReg
 632              	.LVL49:
 282:Core/Src/tof.c ****     if (writeReg  (dev7, INTERLEAVED_MODE__ENABLE,          0x00)   != HAL_OK) return HAL_ERROR;
 633              		.loc 1 282 8 discriminator 1 view .LVU142
 634 009e 08B1     		cbz	r0, .L67
 282:Core/Src/tof.c ****     if (writeReg  (dev7, INTERLEAVED_MODE__ENABLE,          0x00)   != HAL_OK) return HAL_ERROR;
 635              		.loc 1 282 87 discriminator 1 view .LVU143
 636 00a0 0120     		movs	r0, #1
 637 00a2 B5E7     		b	.L45
 638              	.L67:
 283:Core/Src/tof.c **** 
 639              		.loc 1 283 5 is_stmt 1 view .LVU144
 283:Core/Src/tof.c **** 
ARM GAS  /tmp/ccwdALXY.s 			page 19


 640              		.loc 1 283 9 is_stmt 0 view .LVU145
 641 00a4 0022     		movs	r2, #0
 642 00a6 40F2A321 		movw	r1, #675
 643 00aa 2046     		mov	r0, r4
 644 00ac FFF7FEFF 		bl	writeReg
 645              	.LVL50:
 283:Core/Src/tof.c **** 
 646              		.loc 1 283 8 discriminator 1 view .LVU146
 647 00b0 0028     		cmp	r0, #0
 648 00b2 ADD0     		beq	.L45
 283:Core/Src/tof.c **** 
 649              		.loc 1 283 87 discriminator 1 view .LVU147
 650 00b4 0120     		movs	r0, #1
 651 00b6 ABE7     		b	.L45
 652              		.cfi_endproc
 653              	.LFE235:
 655              		.section	.text.readReg,"ax",%progbits
 656              		.align	1
 657              		.syntax unified
 658              		.thumb
 659              		.thumb_func
 661              	readReg:
 662              	.LVL51:
 663              	.LFB230:
 180:Core/Src/tof.c ****     uint8_t buf[2];
 664              		.loc 1 180 1 is_stmt 1 view -0
 665              		.cfi_startproc
 666              		@ args = 0, pretend = 0, frame = 8
 667              		@ frame_needed = 0, uses_anonymous_args = 0
 180:Core/Src/tof.c ****     uint8_t buf[2];
 668              		.loc 1 180 1 is_stmt 0 view .LVU149
 669 0000 30B5     		push	{r4, r5, lr}
 670              	.LCFI16:
 671              		.cfi_def_cfa_offset 12
 672              		.cfi_offset 4, -12
 673              		.cfi_offset 5, -8
 674              		.cfi_offset 14, -4
 675 0002 85B0     		sub	sp, sp, #20
 676              	.LCFI17:
 677              		.cfi_def_cfa_offset 32
 678 0004 1546     		mov	r5, r2
 181:Core/Src/tof.c ****     buf[0] = (uint8_t)(reg >> 8);
 679              		.loc 1 181 5 is_stmt 1 view .LVU150
 182:Core/Src/tof.c ****     buf[1] = (uint8_t)(reg & 0xFF);
 680              		.loc 1 182 5 view .LVU151
 182:Core/Src/tof.c ****     buf[1] = (uint8_t)(reg & 0xFF);
 681              		.loc 1 182 14 is_stmt 0 view .LVU152
 682 0006 0B0A     		lsrs	r3, r1, #8
 182:Core/Src/tof.c ****     buf[1] = (uint8_t)(reg & 0xFF);
 683              		.loc 1 182 12 view .LVU153
 684 0008 8DF80C30 		strb	r3, [sp, #12]
 183:Core/Src/tof.c ****     if (HAL_I2C_Master_Transmit(&hi2c1, ADDR8(dev7), buf, 2,
 685              		.loc 1 183 5 is_stmt 1 view .LVU154
 183:Core/Src/tof.c ****     if (HAL_I2C_Master_Transmit(&hi2c1, ADDR8(dev7), buf, 2,
 686              		.loc 1 183 12 is_stmt 0 view .LVU155
 687 000c 8DF80D10 		strb	r1, [sp, #13]
 184:Core/Src/tof.c ****                                 TOF_I2C_TIMEOUT_MS) != HAL_OK)
ARM GAS  /tmp/ccwdALXY.s 			page 20


 688              		.loc 1 184 5 is_stmt 1 view .LVU156
 184:Core/Src/tof.c ****                                 TOF_I2C_TIMEOUT_MS) != HAL_OK)
 689              		.loc 1 184 9 is_stmt 0 view .LVU157
 690 0010 4400     		lsls	r4, r0, #1
 691 0012 3223     		movs	r3, #50
 692 0014 0093     		str	r3, [sp]
 693 0016 0223     		movs	r3, #2
 694 0018 03AA     		add	r2, sp, #12
 695              	.LVL52:
 184:Core/Src/tof.c ****                                 TOF_I2C_TIMEOUT_MS) != HAL_OK)
 696              		.loc 1 184 9 view .LVU158
 697 001a 2146     		mov	r1, r4
 698              	.LVL53:
 184:Core/Src/tof.c ****                                 TOF_I2C_TIMEOUT_MS) != HAL_OK)
 699              		.loc 1 184 9 view .LVU159
 700 001c 0B48     		ldr	r0, .L74
 701              	.LVL54:
 184:Core/Src/tof.c ****                                 TOF_I2C_TIMEOUT_MS) != HAL_OK)
 702              		.loc 1 184 9 view .LVU160
 703 001e FFF7FEFF 		bl	HAL_I2C_Master_Transmit
 704              	.LVL55:
 184:Core/Src/tof.c ****                                 TOF_I2C_TIMEOUT_MS) != HAL_OK)
 705              		.loc 1 184 8 discriminator 1 view .LVU161
 706 0022 60B9     		cbnz	r0, .L72
 190:Core/Src/tof.c ****                                                   value, 1, TOF_I2C_TIMEOUT_MS);
 707              		.loc 1 190 5 is_stmt 1 view .LVU162
 190:Core/Src/tof.c ****                                                   value, 1, TOF_I2C_TIMEOUT_MS);
 708              		.loc 1 190 28 is_stmt 0 view .LVU163
 709 0024 3223     		movs	r3, #50
 710 0026 0093     		str	r3, [sp]
 711 0028 0123     		movs	r3, #1
 712 002a 2A46     		mov	r2, r5
 713 002c 2146     		mov	r1, r4
 714 002e 0748     		ldr	r0, .L74
 715 0030 FFF7FEFF 		bl	HAL_I2C_Master_Receive
 716              	.LVL56:
 192:Core/Src/tof.c ****     return st;
 717              		.loc 1 192 5 is_stmt 1 view .LVU164
 192:Core/Src/tof.c ****     return st;
 718              		.loc 1 192 8 is_stmt 0 view .LVU165
 719 0034 0446     		mov	r4, r0
 720 0036 30B9     		cbnz	r0, .L73
 721              	.LVL57:
 722              	.L70:
 194:Core/Src/tof.c **** 
 723              		.loc 1 194 1 view .LVU166
 724 0038 2046     		mov	r0, r4
 725 003a 05B0     		add	sp, sp, #20
 726              	.LCFI18:
 727              		.cfi_remember_state
 728              		.cfi_def_cfa_offset 12
 729              		@ sp needed
 730 003c 30BD     		pop	{r4, r5, pc}
 731              	.LVL58:
 732              	.L72:
 733              	.LCFI19:
 734              		.cfi_restore_state
ARM GAS  /tmp/ccwdALXY.s 			page 21


 187:Core/Src/tof.c ****         return HAL_ERROR;
 735              		.loc 1 187 9 is_stmt 1 view .LVU167
 736 003e FFF7FEFF 		bl	TOF_I2C_Recover
 737              	.LVL59:
 188:Core/Src/tof.c ****     }
 738              		.loc 1 188 9 view .LVU168
 188:Core/Src/tof.c ****     }
 739              		.loc 1 188 16 is_stmt 0 view .LVU169
 740 0042 0124     		movs	r4, #1
 741 0044 F8E7     		b	.L70
 742              	.LVL60:
 743              	.L73:
 192:Core/Src/tof.c ****     return st;
 744              		.loc 1 192 23 is_stmt 1 discriminator 1 view .LVU170
 745 0046 FFF7FEFF 		bl	TOF_I2C_Recover
 746              	.LVL61:
 192:Core/Src/tof.c ****     return st;
 747              		.loc 1 192 23 is_stmt 0 discriminator 1 view .LVU171
 748 004a F5E7     		b	.L70
 749              	.L75:
 750              		.align	2
 751              	.L74:
 752 004c 00000000 		.word	hi2c1
 753              		.cfi_endproc
 754              	.LFE230:
 756              		.section	.text.VL6180X_PololuInit,"ax",%progbits
 757              		.align	1
 758              		.syntax unified
 759              		.thumb
 760              		.thumb_func
 762              	VL6180X_PololuInit:
 763              	.LVL62:
 764              	.LFB234:
 227:Core/Src/tof.c ****     uint8_t fresh = 0;
 765              		.loc 1 227 1 is_stmt 1 view -0
 766              		.cfi_startproc
 767              		@ args = 0, pretend = 0, frame = 8
 768              		@ frame_needed = 0, uses_anonymous_args = 0
 227:Core/Src/tof.c ****     uint8_t fresh = 0;
 769              		.loc 1 227 1 is_stmt 0 view .LVU173
 770 0000 70B5     		push	{r4, r5, r6, lr}
 771              	.LCFI20:
 772              		.cfi_def_cfa_offset 16
 773              		.cfi_offset 4, -16
 774              		.cfi_offset 5, -12
 775              		.cfi_offset 6, -8
 776              		.cfi_offset 14, -4
 777 0002 82B0     		sub	sp, sp, #8
 778              	.LCFI21:
 779              		.cfi_def_cfa_offset 24
 780 0004 0546     		mov	r5, r0
 228:Core/Src/tof.c ****     if (readReg(dev7, SYSTEM__FRESH_OUT_OF_RESET, &fresh) != HAL_OK)
 781              		.loc 1 228 5 is_stmt 1 view .LVU174
 228:Core/Src/tof.c ****     if (readReg(dev7, SYSTEM__FRESH_OUT_OF_RESET, &fresh) != HAL_OK)
 782              		.loc 1 228 13 is_stmt 0 view .LVU175
 783 0006 0023     		movs	r3, #0
 784 0008 8DF80730 		strb	r3, [sp, #7]
ARM GAS  /tmp/ccwdALXY.s 			page 22


 229:Core/Src/tof.c ****         return HAL_ERROR;
 785              		.loc 1 229 5 is_stmt 1 view .LVU176
 229:Core/Src/tof.c ****         return HAL_ERROR;
 786              		.loc 1 229 9 is_stmt 0 view .LVU177
 787 000c 0DF10702 		add	r2, sp, #7
 788 0010 1621     		movs	r1, #22
 789 0012 FFF7FEFF 		bl	readReg
 790              	.LVL63:
 229:Core/Src/tof.c ****         return HAL_ERROR;
 791              		.loc 1 229 8 discriminator 1 view .LVU178
 792 0016 F0B9     		cbnz	r0, .L80
 232:Core/Src/tof.c **** 
 793              		.loc 1 232 5 is_stmt 1 view .LVU179
 232:Core/Src/tof.c **** 
 794              		.loc 1 232 15 is_stmt 0 view .LVU180
 795 0018 9DF80760 		ldrb	r6, [sp, #7]	@ zero_extendqisi2
 232:Core/Src/tof.c **** 
 796              		.loc 1 232 8 view .LVU181
 797 001c 012E     		cmp	r6, #1
 798 001e 1BD1     		bne	.L77
 799              	.LBB3:
 248:Core/Src/tof.c ****     {
 800              		.loc 1 248 19 view .LVU182
 801 0020 0024     		movs	r4, #0
 802 0022 01E0     		b	.L78
 803              	.LVL64:
 804              	.L85:
 248:Core/Src/tof.c ****     {
 805              		.loc 1 248 59 is_stmt 1 discriminator 2 view .LVU183
 806 0024 0134     		adds	r4, r4, #1
 807              	.LVL65:
 248:Core/Src/tof.c ****     {
 808              		.loc 1 248 59 is_stmt 0 discriminator 2 view .LVU184
 809 0026 A4B2     		uxth	r4, r4
 810              	.LVL66:
 811              	.L78:
 248:Core/Src/tof.c ****     {
 812              		.loc 1 248 28 is_stmt 1 discriminator 1 view .LVU185
 813 0028 1D2C     		cmp	r4, #29
 814 002a 0CD8     		bhi	.L84
 250:Core/Src/tof.c ****             return HAL_ERROR;
 815              		.loc 1 250 9 view .LVU186
 250:Core/Src/tof.c ****             return HAL_ERROR;
 816              		.loc 1 250 34 is_stmt 0 view .LVU187
 817 002c 0B4B     		ldr	r3, .L86
 250:Core/Src/tof.c ****             return HAL_ERROR;
 818              		.loc 1 250 46 view .LVU188
 819 002e 03EB8402 		add	r2, r3, r4, lsl #2
 250:Core/Src/tof.c ****             return HAL_ERROR;
 820              		.loc 1 250 13 view .LVU189
 821 0032 9278     		ldrb	r2, [r2, #2]	@ zero_extendqisi2
 822 0034 33F82410 		ldrh	r1, [r3, r4, lsl #2]
 823 0038 2846     		mov	r0, r5
 824 003a FFF7FEFF 		bl	writeReg
 825              	.LVL67:
 250:Core/Src/tof.c ****             return HAL_ERROR;
 826              		.loc 1 250 12 discriminator 1 view .LVU190
ARM GAS  /tmp/ccwdALXY.s 			page 23


 827 003e 0028     		cmp	r0, #0
 828 0040 F0D0     		beq	.L85
 251:Core/Src/tof.c ****     }
 829              		.loc 1 251 20 view .LVU191
 830 0042 3046     		mov	r0, r6
 831 0044 08E0     		b	.L77
 832              	.L84:
 251:Core/Src/tof.c ****     }
 833              		.loc 1 251 20 view .LVU192
 834              	.LBE3:
 254:Core/Src/tof.c ****         return HAL_ERROR;
 835              		.loc 1 254 5 is_stmt 1 view .LVU193
 254:Core/Src/tof.c ****         return HAL_ERROR;
 836              		.loc 1 254 9 is_stmt 0 view .LVU194
 837 0046 0022     		movs	r2, #0
 838 0048 1621     		movs	r1, #22
 839 004a 2846     		mov	r0, r5
 840 004c FFF7FEFF 		bl	writeReg
 841              	.LVL68:
 254:Core/Src/tof.c ****         return HAL_ERROR;
 842              		.loc 1 254 8 discriminator 1 view .LVU195
 843 0050 10B1     		cbz	r0, .L77
 255:Core/Src/tof.c **** 
 844              		.loc 1 255 16 view .LVU196
 845 0052 3046     		mov	r0, r6
 846 0054 00E0     		b	.L77
 847              	.LVL69:
 848              	.L80:
 230:Core/Src/tof.c **** 
 849              		.loc 1 230 16 view .LVU197
 850 0056 0120     		movs	r0, #1
 851              	.L77:
 258:Core/Src/tof.c **** 
 852              		.loc 1 258 1 view .LVU198
 853 0058 02B0     		add	sp, sp, #8
 854              	.LCFI22:
 855              		.cfi_def_cfa_offset 16
 856              		@ sp needed
 857 005a 70BD     		pop	{r4, r5, r6, pc}
 858              	.LVL70:
 859              	.L87:
 258:Core/Src/tof.c **** 
 860              		.loc 1 258 1 view .LVU199
 861              		.align	2
 862              	.L86:
 863 005c 00000000 		.word	seq.0
 864              		.cfi_endproc
 865              	.LFE234:
 867              		.section	.text.VL6180X_CheckModelID,"ax",%progbits
 868              		.align	1
 869              		.syntax unified
 870              		.thumb
 871              		.thumb_func
 873              	VL6180X_CheckModelID:
 874              	.LVL71:
 875              	.LFB237:
 295:Core/Src/tof.c **** 
ARM GAS  /tmp/ccwdALXY.s 			page 24


 296:Core/Src/tof.c **** static HAL_StatusTypeDef VL6180X_CheckModelID(uint8_t dev7)
 297:Core/Src/tof.c **** {
 876              		.loc 1 297 1 is_stmt 1 view -0
 877              		.cfi_startproc
 878              		@ args = 0, pretend = 0, frame = 8
 879              		@ frame_needed = 0, uses_anonymous_args = 0
 880              		.loc 1 297 1 is_stmt 0 view .LVU201
 881 0000 00B5     		push	{lr}
 882              	.LCFI23:
 883              		.cfi_def_cfa_offset 4
 884              		.cfi_offset 14, -4
 885 0002 83B0     		sub	sp, sp, #12
 886              	.LCFI24:
 887              		.cfi_def_cfa_offset 16
 298:Core/Src/tof.c ****     uint8_t id = 0;
 888              		.loc 1 298 5 is_stmt 1 view .LVU202
 889              		.loc 1 298 13 is_stmt 0 view .LVU203
 890 0004 0021     		movs	r1, #0
 891 0006 8DF80710 		strb	r1, [sp, #7]
 299:Core/Src/tof.c ****     if (readReg(dev7, IDENTIFICATION__MODEL_ID, &id) != HAL_OK) return HAL_ERROR;
 892              		.loc 1 299 5 is_stmt 1 view .LVU204
 893              		.loc 1 299 9 is_stmt 0 view .LVU205
 894 000a 0DF10702 		add	r2, sp, #7
 895 000e FFF7FEFF 		bl	readReg
 896              	.LVL72:
 897              		.loc 1 299 8 discriminator 1 view .LVU206
 898 0012 28B9     		cbnz	r0, .L90
 300:Core/Src/tof.c ****     if (id != VL6180X_MODEL_ID_VALUE)                          return HAL_ERROR;
 899              		.loc 1 300 5 is_stmt 1 view .LVU207
 900              		.loc 1 300 12 is_stmt 0 view .LVU208
 901 0014 9DF80730 		ldrb	r3, [sp, #7]	@ zero_extendqisi2
 902              		.loc 1 300 8 view .LVU209
 903 0018 B42B     		cmp	r3, #180
 904 001a 02D0     		beq	.L89
 905              		.loc 1 300 71 discriminator 1 view .LVU210
 906 001c 0120     		movs	r0, #1
 907 001e 00E0     		b	.L89
 908              	.L90:
 299:Core/Src/tof.c ****     if (readReg(dev7, IDENTIFICATION__MODEL_ID, &id) != HAL_OK) return HAL_ERROR;
 909              		.loc 1 299 72 discriminator 1 view .LVU211
 910 0020 0120     		movs	r0, #1
 911              	.L89:
 301:Core/Src/tof.c ****     return HAL_OK;
 302:Core/Src/tof.c **** }
 912              		.loc 1 302 1 view .LVU212
 913 0022 03B0     		add	sp, sp, #12
 914              	.LCFI25:
 915              		.cfi_def_cfa_offset 4
 916              		@ sp needed
 917 0024 5DF804FB 		ldr	pc, [sp], #4
 918              		.cfi_endproc
 919              	.LFE237:
 921              		.section	.text.TOF_InitOne,"ax",%progbits
 922              		.align	1
 923              		.syntax unified
 924              		.thumb
 925              		.thumb_func
ARM GAS  /tmp/ccwdALXY.s 			page 25


 927              	TOF_InitOne:
 928              	.LVL73:
 929              	.LFB238:
 303:Core/Src/tof.c **** 
 304:Core/Src/tof.c **** /* ------------------------------------------------------------------ */
 305:Core/Src/tof.c **** /* Per-sensor init helper.                                             */
 306:Core/Src/tof.c **** /*                                                                     */
 307:Core/Src/tof.c **** /* Tries to bring up sensor i and move it to its unique address.       */
 308:Core/Src/tof.c **** /* Returns 1 on success, 0 on any failure (with .init_fail_step set).  */
 309:Core/Src/tof.c **** /* On failure, leaves XSHUT low so this sensor stays out of the bus.   */
 310:Core/Src/tof.c **** /* ------------------------------------------------------------------ */
 311:Core/Src/tof.c **** 
 312:Core/Src/tof.c **** static uint8_t TOF_InitOne(uint8_t i)
 313:Core/Src/tof.c **** {
 930              		.loc 1 313 1 is_stmt 1 view -0
 931              		.cfi_startproc
 932              		@ args = 0, pretend = 0, frame = 0
 933              		@ frame_needed = 0, uses_anonymous_args = 0
 934              		.loc 1 313 1 is_stmt 0 view .LVU214
 935 0000 F8B5     		push	{r3, r4, r5, r6, r7, lr}
 936              	.LCFI26:
 937              		.cfi_def_cfa_offset 24
 938              		.cfi_offset 3, -24
 939              		.cfi_offset 4, -20
 940              		.cfi_offset 5, -16
 941              		.cfi_offset 6, -12
 942              		.cfi_offset 7, -8
 943              		.cfi_offset 14, -4
 944 0002 0446     		mov	r4, r0
 314:Core/Src/tof.c ****     tof_sensors[i].init_fail_step = 0;
 945              		.loc 1 314 5 is_stmt 1 view .LVU215
 946              		.loc 1 314 35 is_stmt 0 view .LVU216
 947 0004 00EB4002 		add	r2, r0, r0, lsl #1
 948 0008 594B     		ldr	r3, .L112
 949 000a 03EB8203 		add	r3, r3, r2, lsl #2
 950 000e 0022     		movs	r2, #0
 951 0010 5A72     		strb	r2, [r3, #9]
 315:Core/Src/tof.c ****     tof_sensors[i].initialized    = 0;
 952              		.loc 1 315 5 is_stmt 1 view .LVU217
 953              		.loc 1 315 35 is_stmt 0 view .LVU218
 954 0012 DA71     		strb	r2, [r3, #7]
 316:Core/Src/tof.c **** 
 317:Core/Src/tof.c ****     TOF_EnableSensor(i);
 955              		.loc 1 317 5 is_stmt 1 view .LVU219
 956 0014 FFF7FEFF 		bl	TOF_EnableSensor
 957              	.LVL74:
 318:Core/Src/tof.c ****     HAL_Delay(TOF_BOOT_DELAY_MS);
 958              		.loc 1 318 5 view .LVU220
 959 0018 1420     		movs	r0, #20
 960 001a FFF7FEFF 		bl	HAL_Delay
 961              	.LVL75:
 319:Core/Src/tof.c **** 
 320:Core/Src/tof.c ****     if (!TOF_AddressReady(ADDR8(VL6180X_DEFAULT_7BIT)))
 962              		.loc 1 320 5 view .LVU221
 963              		.loc 1 320 10 is_stmt 0 view .LVU222
 964 001e 5220     		movs	r0, #82
 965 0020 FFF7FEFF 		bl	TOF_AddressReady
ARM GAS  /tmp/ccwdALXY.s 			page 26


 966              	.LVL76:
 967              		.loc 1 320 8 discriminator 1 view .LVU223
 968 0024 0028     		cmp	r0, #0
 969 0026 44D0     		beq	.L104
 321:Core/Src/tof.c ****     {
 322:Core/Src/tof.c ****         tof_sensors[i].init_fail_step = 0x01;
 323:Core/Src/tof.c ****         TOF_DisableSensor(i);
 324:Core/Src/tof.c ****         return 0;
 325:Core/Src/tof.c ****     }
 326:Core/Src/tof.c **** 
 327:Core/Src/tof.c ****     if (VL6180X_CheckModelID(VL6180X_DEFAULT_7BIT) != HAL_OK)
 970              		.loc 1 327 5 is_stmt 1 view .LVU224
 971              		.loc 1 327 9 is_stmt 0 view .LVU225
 972 0028 2920     		movs	r0, #41
 973 002a FFF7FEFF 		bl	VL6180X_CheckModelID
 974              	.LVL77:
 975              		.loc 1 327 8 discriminator 1 view .LVU226
 976 002e 0546     		mov	r5, r0
 977 0030 0028     		cmp	r0, #0
 978 0032 4BD1     		bne	.L105
 328:Core/Src/tof.c ****     {
 329:Core/Src/tof.c ****         tof_sensors[i].init_fail_step = 0x02;
 330:Core/Src/tof.c ****         TOF_DisableSensor(i);
 331:Core/Src/tof.c ****         return 0;
 332:Core/Src/tof.c ****     }
 333:Core/Src/tof.c **** 
 334:Core/Src/tof.c ****     if (VL6180X_PololuInit(VL6180X_DEFAULT_7BIT) != HAL_OK)
 979              		.loc 1 334 5 is_stmt 1 view .LVU227
 980              		.loc 1 334 9 is_stmt 0 view .LVU228
 981 0034 2920     		movs	r0, #41
 982 0036 FFF7FEFF 		bl	VL6180X_PololuInit
 983              	.LVL78:
 984              		.loc 1 334 8 discriminator 1 view .LVU229
 985 003a 0646     		mov	r6, r0
 986 003c 0028     		cmp	r0, #0
 987 003e 51D1     		bne	.L106
 335:Core/Src/tof.c ****     {
 336:Core/Src/tof.c ****         tof_sensors[i].init_fail_step = 0x07;
 337:Core/Src/tof.c ****         TOF_DisableSensor(i);
 338:Core/Src/tof.c ****         return 0;
 339:Core/Src/tof.c ****     }
 340:Core/Src/tof.c **** 
 341:Core/Src/tof.c ****     if (VL6180X_PololuConfigureDefault(VL6180X_DEFAULT_7BIT) != HAL_OK)
 988              		.loc 1 341 5 is_stmt 1 view .LVU230
 989              		.loc 1 341 9 is_stmt 0 view .LVU231
 990 0040 2920     		movs	r0, #41
 991 0042 FFF7FEFF 		bl	VL6180X_PololuConfigureDefault
 992              	.LVL79:
 993              		.loc 1 341 8 discriminator 1 view .LVU232
 994 0046 0546     		mov	r5, r0
 995 0048 0028     		cmp	r0, #0
 996 004a 56D1     		bne	.L107
 342:Core/Src/tof.c ****     {
 343:Core/Src/tof.c ****         tof_sensors[i].init_fail_step = 0x09;
 344:Core/Src/tof.c ****         TOF_DisableSensor(i);
 345:Core/Src/tof.c ****         return 0;
 346:Core/Src/tof.c ****     }
ARM GAS  /tmp/ccwdALXY.s 			page 27


 347:Core/Src/tof.c **** 
 348:Core/Src/tof.c ****     if (VL6180X_SetAddress(VL6180X_DEFAULT_7BIT,
 997              		.loc 1 348 5 is_stmt 1 view .LVU233
 998              		.loc 1 348 9 is_stmt 0 view .LVU234
 999 004c 04EB4402 		add	r2, r4, r4, lsl #1
 1000 0050 474B     		ldr	r3, .L112
 1001 0052 03EB8203 		add	r3, r3, r2, lsl #2
 1002 0056 9979     		ldrb	r1, [r3, #6]	@ zero_extendqisi2
 1003 0058 2920     		movs	r0, #41
 1004 005a FFF7FEFF 		bl	VL6180X_SetAddress
 1005              	.LVL80:
 1006              		.loc 1 348 8 discriminator 1 view .LVU235
 1007 005e 0746     		mov	r7, r0
 1008 0060 0028     		cmp	r0, #0
 1009 0062 56D1     		bne	.L108
 349:Core/Src/tof.c ****                            tof_sensors[i].addr_7bit) != HAL_OK)
 350:Core/Src/tof.c ****     {
 351:Core/Src/tof.c ****         tof_sensors[i].init_fail_step = 0x03;
 352:Core/Src/tof.c ****         TOF_DisableSensor(i);
 353:Core/Src/tof.c ****         return 0;
 354:Core/Src/tof.c ****     }
 355:Core/Src/tof.c **** 
 356:Core/Src/tof.c ****     HAL_Delay(TOF_ADDRESS_CHANGE_DELAY_MS);
 1010              		.loc 1 356 5 is_stmt 1 view .LVU236
 1011 0064 1420     		movs	r0, #20
 1012 0066 FFF7FEFF 		bl	HAL_Delay
 1013              	.LVL81:
 357:Core/Src/tof.c **** 
 358:Core/Src/tof.c ****     /* 0x29 must be empty now. If it isn't, another sensor is also awake
 359:Core/Src/tof.c ****      * at 0x29 (e.g. a stuck-on rogue): we can't trust the address change
 360:Core/Src/tof.c ****      * landed only on this sensor. Mark this slot failed and continue. */
 361:Core/Src/tof.c ****     if (TOF_AddressReady(ADDR8(VL6180X_DEFAULT_7BIT)))
 1014              		.loc 1 361 5 view .LVU237
 1015              		.loc 1 361 9 is_stmt 0 view .LVU238
 1016 006a 5220     		movs	r0, #82
 1017 006c FFF7FEFF 		bl	TOF_AddressReady
 1018              	.LVL82:
 1019              		.loc 1 361 8 discriminator 1 view .LVU239
 1020 0070 0646     		mov	r6, r0
 1021 0072 0028     		cmp	r0, #0
 1022 0074 58D1     		bne	.L109
 362:Core/Src/tof.c ****     {
 363:Core/Src/tof.c ****         tof_sensors[i].init_fail_step = 0x04;
 364:Core/Src/tof.c ****         TOF_DisableSensor(i);
 365:Core/Src/tof.c ****         return 0;
 366:Core/Src/tof.c ****     }
 367:Core/Src/tof.c **** 
 368:Core/Src/tof.c ****     if (!TOF_AddressReady(ADDR8(tof_sensors[i].addr_7bit)))
 1023              		.loc 1 368 5 is_stmt 1 view .LVU240
 1024              		.loc 1 368 27 is_stmt 0 view .LVU241
 1025 0076 04EB4402 		add	r2, r4, r4, lsl #1
 1026 007a 3D4B     		ldr	r3, .L112
 1027 007c 03EB8203 		add	r3, r3, r2, lsl #2
 1028 0080 9879     		ldrb	r0, [r3, #6]	@ zero_extendqisi2
 1029              		.loc 1 368 10 view .LVU242
 1030 0082 4000     		lsls	r0, r0, #1
 1031 0084 FFF7FEFF 		bl	TOF_AddressReady
ARM GAS  /tmp/ccwdALXY.s 			page 28


 1032              	.LVL83:
 1033              		.loc 1 368 8 discriminator 1 view .LVU243
 1034 0088 0546     		mov	r5, r0
 1035 008a 0028     		cmp	r0, #0
 1036 008c 58D0     		beq	.L110
 369:Core/Src/tof.c ****     {
 370:Core/Src/tof.c ****         tof_sensors[i].init_fail_step = 0x05;
 371:Core/Src/tof.c ****         TOF_DisableSensor(i);
 372:Core/Src/tof.c ****         return 0;
 373:Core/Src/tof.c ****     }
 374:Core/Src/tof.c **** 
 375:Core/Src/tof.c ****     if (VL6180X_CheckModelID(tof_sensors[i].addr_7bit) != HAL_OK)
 1037              		.loc 1 375 5 is_stmt 1 view .LVU244
 1038              		.loc 1 375 9 is_stmt 0 view .LVU245
 1039 008e 04EB4402 		add	r2, r4, r4, lsl #1
 1040 0092 374B     		ldr	r3, .L112
 1041 0094 03EB8203 		add	r3, r3, r2, lsl #2
 1042 0098 9879     		ldrb	r0, [r3, #6]	@ zero_extendqisi2
 1043 009a FFF7FEFF 		bl	VL6180X_CheckModelID
 1044              	.LVL84:
 1045              		.loc 1 375 8 discriminator 1 view .LVU246
 1046 009e 0028     		cmp	r0, #0
 1047 00a0 59D1     		bne	.L111
 376:Core/Src/tof.c ****     {
 377:Core/Src/tof.c ****         tof_sensors[i].init_fail_step = 0x06;
 378:Core/Src/tof.c ****         TOF_DisableSensor(i);
 379:Core/Src/tof.c ****         return 0;
 380:Core/Src/tof.c ****     }
 381:Core/Src/tof.c **** 
 382:Core/Src/tof.c ****     tof_sensors[i].initialized = 1;
 1048              		.loc 1 382 5 is_stmt 1 view .LVU247
 1049              		.loc 1 382 32 is_stmt 0 view .LVU248
 1050 00a2 04EB4404 		add	r4, r4, r4, lsl #1
 1051              	.LVL85:
 1052              		.loc 1 382 32 view .LVU249
 1053 00a6 324B     		ldr	r3, .L112
 1054 00a8 03EB8403 		add	r3, r3, r4, lsl #2
 1055 00ac 0125     		movs	r5, #1
 1056 00ae DD71     		strb	r5, [r3, #7]
 383:Core/Src/tof.c ****     return 1;
 1057              		.loc 1 383 5 is_stmt 1 view .LVU250
 1058              		.loc 1 383 12 is_stmt 0 view .LVU251
 1059 00b0 0AE0     		b	.L95
 1060              	.L104:
 1061 00b2 0546     		mov	r5, r0
 322:Core/Src/tof.c ****         TOF_DisableSensor(i);
 1062              		.loc 1 322 9 is_stmt 1 view .LVU252
 322:Core/Src/tof.c ****         TOF_DisableSensor(i);
 1063              		.loc 1 322 39 is_stmt 0 view .LVU253
 1064 00b4 04EB4402 		add	r2, r4, r4, lsl #1
 1065 00b8 2D4B     		ldr	r3, .L112
 1066 00ba 03EB8203 		add	r3, r3, r2, lsl #2
 1067 00be 0122     		movs	r2, #1
 1068 00c0 5A72     		strb	r2, [r3, #9]
 323:Core/Src/tof.c ****         return 0;
 1069              		.loc 1 323 9 is_stmt 1 view .LVU254
 1070 00c2 2046     		mov	r0, r4
ARM GAS  /tmp/ccwdALXY.s 			page 29


 1071 00c4 FFF7FEFF 		bl	TOF_DisableSensor
 1072              	.LVL86:
 324:Core/Src/tof.c ****     }
 1073              		.loc 1 324 9 view .LVU255
 1074              	.L95:
 384:Core/Src/tof.c **** }
 1075              		.loc 1 384 1 is_stmt 0 view .LVU256
 1076 00c8 2846     		mov	r0, r5
 1077 00ca F8BD     		pop	{r3, r4, r5, r6, r7, pc}
 1078              	.L105:
 329:Core/Src/tof.c ****         TOF_DisableSensor(i);
 1079              		.loc 1 329 9 is_stmt 1 view .LVU257
 329:Core/Src/tof.c ****         TOF_DisableSensor(i);
 1080              		.loc 1 329 39 is_stmt 0 view .LVU258
 1081 00cc 04EB4402 		add	r2, r4, r4, lsl #1
 1082 00d0 274B     		ldr	r3, .L112
 1083 00d2 03EB8203 		add	r3, r3, r2, lsl #2
 1084 00d6 0222     		movs	r2, #2
 1085 00d8 5A72     		strb	r2, [r3, #9]
 330:Core/Src/tof.c ****         return 0;
 1086              		.loc 1 330 9 is_stmt 1 view .LVU259
 1087 00da 2046     		mov	r0, r4
 1088 00dc FFF7FEFF 		bl	TOF_DisableSensor
 1089              	.LVL87:
 331:Core/Src/tof.c ****     }
 1090              		.loc 1 331 9 view .LVU260
 331:Core/Src/tof.c ****     }
 1091              		.loc 1 331 16 is_stmt 0 view .LVU261
 1092 00e0 0025     		movs	r5, #0
 1093 00e2 F1E7     		b	.L95
 1094              	.L106:
 336:Core/Src/tof.c ****         TOF_DisableSensor(i);
 1095              		.loc 1 336 9 is_stmt 1 view .LVU262
 336:Core/Src/tof.c ****         TOF_DisableSensor(i);
 1096              		.loc 1 336 39 is_stmt 0 view .LVU263
 1097 00e4 04EB4402 		add	r2, r4, r4, lsl #1
 1098 00e8 214B     		ldr	r3, .L112
 1099 00ea 03EB8203 		add	r3, r3, r2, lsl #2
 1100 00ee 0722     		movs	r2, #7
 1101 00f0 5A72     		strb	r2, [r3, #9]
 337:Core/Src/tof.c ****         return 0;
 1102              		.loc 1 337 9 is_stmt 1 view .LVU264
 1103 00f2 2046     		mov	r0, r4
 1104 00f4 FFF7FEFF 		bl	TOF_DisableSensor
 1105              	.LVL88:
 338:Core/Src/tof.c ****     }
 1106              		.loc 1 338 9 view .LVU265
 338:Core/Src/tof.c ****     }
 1107              		.loc 1 338 16 is_stmt 0 view .LVU266
 1108 00f8 E6E7     		b	.L95
 1109              	.L107:
 343:Core/Src/tof.c ****         TOF_DisableSensor(i);
 1110              		.loc 1 343 9 is_stmt 1 view .LVU267
 343:Core/Src/tof.c ****         TOF_DisableSensor(i);
 1111              		.loc 1 343 39 is_stmt 0 view .LVU268
 1112 00fa 04EB4402 		add	r2, r4, r4, lsl #1
 1113 00fe 1C4B     		ldr	r3, .L112
ARM GAS  /tmp/ccwdALXY.s 			page 30


 1114 0100 03EB8203 		add	r3, r3, r2, lsl #2
 1115 0104 0922     		movs	r2, #9
 1116 0106 5A72     		strb	r2, [r3, #9]
 344:Core/Src/tof.c ****         return 0;
 1117              		.loc 1 344 9 is_stmt 1 view .LVU269
 1118 0108 2046     		mov	r0, r4
 1119 010a FFF7FEFF 		bl	TOF_DisableSensor
 1120              	.LVL89:
 345:Core/Src/tof.c ****     }
 1121              		.loc 1 345 9 view .LVU270
 345:Core/Src/tof.c ****     }
 1122              		.loc 1 345 16 is_stmt 0 view .LVU271
 1123 010e 3546     		mov	r5, r6
 1124 0110 DAE7     		b	.L95
 1125              	.L108:
 351:Core/Src/tof.c ****         TOF_DisableSensor(i);
 1126              		.loc 1 351 9 is_stmt 1 view .LVU272
 351:Core/Src/tof.c ****         TOF_DisableSensor(i);
 1127              		.loc 1 351 39 is_stmt 0 view .LVU273
 1128 0112 04EB4402 		add	r2, r4, r4, lsl #1
 1129 0116 164B     		ldr	r3, .L112
 1130 0118 03EB8203 		add	r3, r3, r2, lsl #2
 1131 011c 0322     		movs	r2, #3
 1132 011e 5A72     		strb	r2, [r3, #9]
 352:Core/Src/tof.c ****         return 0;
 1133              		.loc 1 352 9 is_stmt 1 view .LVU274
 1134 0120 2046     		mov	r0, r4
 1135 0122 FFF7FEFF 		bl	TOF_DisableSensor
 1136              	.LVL90:
 353:Core/Src/tof.c ****     }
 1137              		.loc 1 353 9 view .LVU275
 353:Core/Src/tof.c ****     }
 1138              		.loc 1 353 16 is_stmt 0 view .LVU276
 1139 0126 CFE7     		b	.L95
 1140              	.L109:
 363:Core/Src/tof.c ****         TOF_DisableSensor(i);
 1141              		.loc 1 363 9 is_stmt 1 view .LVU277
 363:Core/Src/tof.c ****         TOF_DisableSensor(i);
 1142              		.loc 1 363 39 is_stmt 0 view .LVU278
 1143 0128 04EB4402 		add	r2, r4, r4, lsl #1
 1144 012c 104B     		ldr	r3, .L112
 1145 012e 03EB8203 		add	r3, r3, r2, lsl #2
 1146 0132 0422     		movs	r2, #4
 1147 0134 5A72     		strb	r2, [r3, #9]
 364:Core/Src/tof.c ****         return 0;
 1148              		.loc 1 364 9 is_stmt 1 view .LVU279
 1149 0136 2046     		mov	r0, r4
 1150 0138 FFF7FEFF 		bl	TOF_DisableSensor
 1151              	.LVL91:
 365:Core/Src/tof.c ****     }
 1152              		.loc 1 365 9 view .LVU280
 365:Core/Src/tof.c ****     }
 1153              		.loc 1 365 16 is_stmt 0 view .LVU281
 1154 013c 3D46     		mov	r5, r7
 1155 013e C3E7     		b	.L95
 1156              	.L110:
 370:Core/Src/tof.c ****         TOF_DisableSensor(i);
ARM GAS  /tmp/ccwdALXY.s 			page 31


 1157              		.loc 1 370 9 is_stmt 1 view .LVU282
 370:Core/Src/tof.c ****         TOF_DisableSensor(i);
 1158              		.loc 1 370 39 is_stmt 0 view .LVU283
 1159 0140 04EB4402 		add	r2, r4, r4, lsl #1
 1160 0144 0A4B     		ldr	r3, .L112
 1161 0146 03EB8203 		add	r3, r3, r2, lsl #2
 1162 014a 0522     		movs	r2, #5
 1163 014c 5A72     		strb	r2, [r3, #9]
 371:Core/Src/tof.c ****         return 0;
 1164              		.loc 1 371 9 is_stmt 1 view .LVU284
 1165 014e 2046     		mov	r0, r4
 1166 0150 FFF7FEFF 		bl	TOF_DisableSensor
 1167              	.LVL92:
 372:Core/Src/tof.c ****     }
 1168              		.loc 1 372 9 view .LVU285
 372:Core/Src/tof.c ****     }
 1169              		.loc 1 372 16 is_stmt 0 view .LVU286
 1170 0154 B8E7     		b	.L95
 1171              	.L111:
 377:Core/Src/tof.c ****         TOF_DisableSensor(i);
 1172              		.loc 1 377 9 is_stmt 1 view .LVU287
 377:Core/Src/tof.c ****         TOF_DisableSensor(i);
 1173              		.loc 1 377 39 is_stmt 0 view .LVU288
 1174 0156 04EB4402 		add	r2, r4, r4, lsl #1
 1175 015a 054B     		ldr	r3, .L112
 1176 015c 03EB8203 		add	r3, r3, r2, lsl #2
 1177 0160 0622     		movs	r2, #6
 1178 0162 5A72     		strb	r2, [r3, #9]
 378:Core/Src/tof.c ****         return 0;
 1179              		.loc 1 378 9 is_stmt 1 view .LVU289
 1180 0164 2046     		mov	r0, r4
 1181 0166 FFF7FEFF 		bl	TOF_DisableSensor
 1182              	.LVL93:
 379:Core/Src/tof.c ****     }
 1183              		.loc 1 379 9 view .LVU290
 379:Core/Src/tof.c ****     }
 1184              		.loc 1 379 16 is_stmt 0 view .LVU291
 1185 016a 3546     		mov	r5, r6
 1186 016c ACE7     		b	.L95
 1187              	.L113:
 1188 016e 00BF     		.align	2
 1189              	.L112:
 1190 0170 00000000 		.word	tof_sensors
 1191              		.cfi_endproc
 1192              	.LFE238:
 1194              		.section	.text.TOF_GetInitStatus,"ax",%progbits
 1195              		.align	1
 1196              		.global	TOF_GetInitStatus
 1197              		.syntax unified
 1198              		.thumb
 1199              		.thumb_func
 1201              	TOF_GetInitStatus:
 1202              	.LFB220:
 103:Core/Src/tof.c **** uint8_t TOF_GetPreInitRogueFlag(void)  { return tof_pre_init_rogue; }
 1203              		.loc 1 103 40 is_stmt 1 view -0
 1204              		.cfi_startproc
 1205              		@ args = 0, pretend = 0, frame = 0
ARM GAS  /tmp/ccwdALXY.s 			page 32


 1206              		@ frame_needed = 0, uses_anonymous_args = 0
 1207              		@ link register save eliminated.
 103:Core/Src/tof.c **** uint8_t TOF_GetPreInitRogueFlag(void)  { return tof_pre_init_rogue; }
 1208              		.loc 1 103 42 view .LVU293
 103:Core/Src/tof.c **** uint8_t TOF_GetPreInitRogueFlag(void)  { return tof_pre_init_rogue; }
 1209              		.loc 1 103 66 is_stmt 0 view .LVU294
 1210 0000 014B     		ldr	r3, .L115
 1211 0002 1878     		ldrb	r0, [r3]	@ zero_extendqisi2
 1212 0004 7047     		bx	lr
 1213              	.L116:
 1214 0006 00BF     		.align	2
 1215              	.L115:
 1216 0008 00000000 		.word	tof_init_status
 1217              		.cfi_endproc
 1218              	.LFE220:
 1220              		.section	.text.TOF_GetPreInitRogueFlag,"ax",%progbits
 1221              		.align	1
 1222              		.global	TOF_GetPreInitRogueFlag
 1223              		.syntax unified
 1224              		.thumb
 1225              		.thumb_func
 1227              	TOF_GetPreInitRogueFlag:
 1228              	.LFB221:
 104:Core/Src/tof.c **** 
 1229              		.loc 1 104 40 is_stmt 1 view -0
 1230              		.cfi_startproc
 1231              		@ args = 0, pretend = 0, frame = 0
 1232              		@ frame_needed = 0, uses_anonymous_args = 0
 1233              		@ link register save eliminated.
 104:Core/Src/tof.c **** 
 1234              		.loc 1 104 42 view .LVU296
 104:Core/Src/tof.c **** 
 1235              		.loc 1 104 69 is_stmt 0 view .LVU297
 1236 0000 014B     		ldr	r3, .L118
 1237 0002 1878     		ldrb	r0, [r3]	@ zero_extendqisi2
 1238 0004 7047     		bx	lr
 1239              	.L119:
 1240 0006 00BF     		.align	2
 1241              	.L118:
 1242 0008 00000000 		.word	tof_pre_init_rogue
 1243              		.cfi_endproc
 1244              	.LFE221:
 1246              		.section	.text.TOF_IsReady,"ax",%progbits
 1247              		.align	1
 1248              		.global	TOF_IsReady
 1249              		.syntax unified
 1250              		.thumb
 1251              		.thumb_func
 1253              	TOF_IsReady:
 1254              	.LVL94:
 1255              	.LFB222:
 107:Core/Src/tof.c ****     return (i < TOF_SENSOR_COUNT) ? tof_sensors[i].initialized : 0;
 1256              		.loc 1 107 1 is_stmt 1 view -0
 1257              		.cfi_startproc
 1258              		@ args = 0, pretend = 0, frame = 0
 1259              		@ frame_needed = 0, uses_anonymous_args = 0
 1260              		@ link register save eliminated.
ARM GAS  /tmp/ccwdALXY.s 			page 33


 108:Core/Src/tof.c **** }
 1261              		.loc 1 108 5 view .LVU299
 108:Core/Src/tof.c **** }
 1262              		.loc 1 108 64 is_stmt 0 view .LVU300
 1263 0000 0328     		cmp	r0, #3
 1264 0002 06D8     		bhi	.L122
 108:Core/Src/tof.c **** }
 1265              		.loc 1 108 64 discriminator 1 view .LVU301
 1266 0004 00EB4000 		add	r0, r0, r0, lsl #1
 1267              	.LVL95:
 108:Core/Src/tof.c **** }
 1268              		.loc 1 108 64 discriminator 1 view .LVU302
 1269 0008 034B     		ldr	r3, .L123
 1270 000a 03EB8003 		add	r3, r3, r0, lsl #2
 1271 000e D879     		ldrb	r0, [r3, #7]	@ zero_extendqisi2
 1272 0010 7047     		bx	lr
 1273              	.LVL96:
 1274              	.L122:
 108:Core/Src/tof.c **** }
 1275              		.loc 1 108 64 discriminator 2 view .LVU303
 1276 0012 0020     		movs	r0, #0
 1277              	.LVL97:
 109:Core/Src/tof.c **** 
 1278              		.loc 1 109 1 view .LVU304
 1279 0014 7047     		bx	lr
 1280              	.L124:
 1281 0016 00BF     		.align	2
 1282              	.L123:
 1283 0018 00000000 		.word	tof_sensors
 1284              		.cfi_endproc
 1285              	.LFE222:
 1287              		.section	.text.TOF_GetLastRangeStatus,"ax",%progbits
 1288              		.align	1
 1289              		.global	TOF_GetLastRangeStatus
 1290              		.syntax unified
 1291              		.thumb
 1292              		.thumb_func
 1294              	TOF_GetLastRangeStatus:
 1295              	.LVL98:
 1296              	.LFB223:
 112:Core/Src/tof.c ****     return (i < TOF_SENSOR_COUNT) ? tof_sensors[i].last_range_status : 0xFF;
 1297              		.loc 1 112 1 is_stmt 1 view -0
 1298              		.cfi_startproc
 1299              		@ args = 0, pretend = 0, frame = 0
 1300              		@ frame_needed = 0, uses_anonymous_args = 0
 1301              		@ link register save eliminated.
 113:Core/Src/tof.c **** }
 1302              		.loc 1 113 5 view .LVU306
 113:Core/Src/tof.c **** }
 1303              		.loc 1 113 70 is_stmt 0 view .LVU307
 1304 0000 0328     		cmp	r0, #3
 1305 0002 06D8     		bhi	.L127
 113:Core/Src/tof.c **** }
 1306              		.loc 1 113 70 discriminator 1 view .LVU308
 1307 0004 00EB4000 		add	r0, r0, r0, lsl #1
 1308              	.LVL99:
 113:Core/Src/tof.c **** }
ARM GAS  /tmp/ccwdALXY.s 			page 34


 1309              		.loc 1 113 70 discriminator 1 view .LVU309
 1310 0008 034B     		ldr	r3, .L128
 1311 000a 03EB8003 		add	r3, r3, r0, lsl #2
 1312 000e 187A     		ldrb	r0, [r3, #8]	@ zero_extendqisi2
 1313 0010 7047     		bx	lr
 1314              	.LVL100:
 1315              	.L127:
 113:Core/Src/tof.c **** }
 1316              		.loc 1 113 70 discriminator 2 view .LVU310
 1317 0012 FF20     		movs	r0, #255
 1318              	.LVL101:
 114:Core/Src/tof.c **** 
 1319              		.loc 1 114 1 view .LVU311
 1320 0014 7047     		bx	lr
 1321              	.L129:
 1322 0016 00BF     		.align	2
 1323              	.L128:
 1324 0018 00000000 		.word	tof_sensors
 1325              		.cfi_endproc
 1326              	.LFE223:
 1328              		.section	.text.TOF_GetInitFailStep,"ax",%progbits
 1329              		.align	1
 1330              		.global	TOF_GetInitFailStep
 1331              		.syntax unified
 1332              		.thumb
 1333              		.thumb_func
 1335              	TOF_GetInitFailStep:
 1336              	.LVL102:
 1337              	.LFB224:
 117:Core/Src/tof.c ****     return (i < TOF_SENSOR_COUNT) ? tof_sensors[i].init_fail_step : 0xFF;
 1338              		.loc 1 117 1 is_stmt 1 view -0
 1339              		.cfi_startproc
 1340              		@ args = 0, pretend = 0, frame = 0
 1341              		@ frame_needed = 0, uses_anonymous_args = 0
 1342              		@ link register save eliminated.
 118:Core/Src/tof.c **** }
 1343              		.loc 1 118 5 view .LVU313
 118:Core/Src/tof.c **** }
 1344              		.loc 1 118 67 is_stmt 0 view .LVU314
 1345 0000 0328     		cmp	r0, #3
 1346 0002 06D8     		bhi	.L132
 118:Core/Src/tof.c **** }
 1347              		.loc 1 118 67 discriminator 1 view .LVU315
 1348 0004 00EB4000 		add	r0, r0, r0, lsl #1
 1349              	.LVL103:
 118:Core/Src/tof.c **** }
 1350              		.loc 1 118 67 discriminator 1 view .LVU316
 1351 0008 034B     		ldr	r3, .L133
 1352 000a 03EB8003 		add	r3, r3, r0, lsl #2
 1353 000e 587A     		ldrb	r0, [r3, #9]	@ zero_extendqisi2
 1354 0010 7047     		bx	lr
 1355              	.LVL104:
 1356              	.L132:
 118:Core/Src/tof.c **** }
 1357              		.loc 1 118 67 discriminator 2 view .LVU317
 1358 0012 FF20     		movs	r0, #255
 1359              	.LVL105:
ARM GAS  /tmp/ccwdALXY.s 			page 35


 119:Core/Src/tof.c **** 
 1360              		.loc 1 119 1 view .LVU318
 1361 0014 7047     		bx	lr
 1362              	.L134:
 1363 0016 00BF     		.align	2
 1364              	.L133:
 1365 0018 00000000 		.word	tof_sensors
 1366              		.cfi_endproc
 1367              	.LFE224:
 1369              		.section	.text.TOF_GetAddressMask,"ax",%progbits
 1370              		.align	1
 1371              		.global	TOF_GetAddressMask
 1372              		.syntax unified
 1373              		.thumb
 1374              		.thumb_func
 1376              	TOF_GetAddressMask:
 1377              	.LFB226:
 132:Core/Src/tof.c ****     uint8_t m = 0;
 1378              		.loc 1 132 1 is_stmt 1 view -0
 1379              		.cfi_startproc
 1380              		@ args = 0, pretend = 0, frame = 0
 1381              		@ frame_needed = 0, uses_anonymous_args = 0
 1382 0000 10B5     		push	{r4, lr}
 1383              	.LCFI27:
 1384              		.cfi_def_cfa_offset 8
 1385              		.cfi_offset 4, -8
 1386              		.cfi_offset 14, -4
 133:Core/Src/tof.c ****     if (TOF_AddressReady(ADDR8(0x29))) m |= (1U << 0);
 1387              		.loc 1 133 5 view .LVU320
 1388              	.LVL106:
 134:Core/Src/tof.c ****     if (TOF_AddressReady(ADDR8(0x2A))) m |= (1U << 1);
 1389              		.loc 1 134 5 view .LVU321
 134:Core/Src/tof.c ****     if (TOF_AddressReady(ADDR8(0x2A))) m |= (1U << 1);
 1390              		.loc 1 134 9 is_stmt 0 view .LVU322
 1391 0002 5220     		movs	r0, #82
 1392 0004 FFF7FEFF 		bl	TOF_AddressReady
 1393              	.LVL107:
 134:Core/Src/tof.c ****     if (TOF_AddressReady(ADDR8(0x2A))) m |= (1U << 1);
 1394              		.loc 1 134 8 discriminator 1 view .LVU323
 1395 0008 0446     		mov	r4, r0
 1396 000a 00B1     		cbz	r0, .L136
 134:Core/Src/tof.c ****     if (TOF_AddressReady(ADDR8(0x2A))) m |= (1U << 1);
 1397              		.loc 1 134 42 discriminator 1 view .LVU324
 1398 000c 0124     		movs	r4, #1
 1399              	.L136:
 1400              	.LVL108:
 135:Core/Src/tof.c ****     if (TOF_AddressReady(ADDR8(0x3A))) m |= (1U << 2);
 1401              		.loc 1 135 5 is_stmt 1 view .LVU325
 135:Core/Src/tof.c ****     if (TOF_AddressReady(ADDR8(0x3A))) m |= (1U << 2);
 1402              		.loc 1 135 9 is_stmt 0 view .LVU326
 1403 000e 5420     		movs	r0, #84
 1404 0010 FFF7FEFF 		bl	TOF_AddressReady
 1405              	.LVL109:
 135:Core/Src/tof.c ****     if (TOF_AddressReady(ADDR8(0x3A))) m |= (1U << 2);
 1406              		.loc 1 135 8 discriminator 1 view .LVU327
 1407 0014 10B1     		cbz	r0, .L137
 135:Core/Src/tof.c ****     if (TOF_AddressReady(ADDR8(0x3A))) m |= (1U << 2);
ARM GAS  /tmp/ccwdALXY.s 			page 36


 1408              		.loc 1 135 40 is_stmt 1 discriminator 1 view .LVU328
 135:Core/Src/tof.c ****     if (TOF_AddressReady(ADDR8(0x3A))) m |= (1U << 2);
 1409              		.loc 1 135 42 is_stmt 0 discriminator 1 view .LVU329
 1410 0016 44F00204 		orr	r4, r4, #2
 1411              	.LVL110:
 135:Core/Src/tof.c ****     if (TOF_AddressReady(ADDR8(0x3A))) m |= (1U << 2);
 1412              		.loc 1 135 42 discriminator 1 view .LVU330
 1413 001a E4B2     		uxtb	r4, r4
 1414              	.LVL111:
 1415              	.L137:
 136:Core/Src/tof.c ****     if (TOF_AddressReady(ADDR8(0x4A))) m |= (1U << 3);
 1416              		.loc 1 136 5 is_stmt 1 view .LVU331
 136:Core/Src/tof.c ****     if (TOF_AddressReady(ADDR8(0x4A))) m |= (1U << 3);
 1417              		.loc 1 136 9 is_stmt 0 view .LVU332
 1418 001c 7420     		movs	r0, #116
 1419 001e FFF7FEFF 		bl	TOF_AddressReady
 1420              	.LVL112:
 136:Core/Src/tof.c ****     if (TOF_AddressReady(ADDR8(0x4A))) m |= (1U << 3);
 1421              		.loc 1 136 8 discriminator 1 view .LVU333
 1422 0022 10B1     		cbz	r0, .L138
 136:Core/Src/tof.c ****     if (TOF_AddressReady(ADDR8(0x4A))) m |= (1U << 3);
 1423              		.loc 1 136 40 is_stmt 1 discriminator 1 view .LVU334
 136:Core/Src/tof.c ****     if (TOF_AddressReady(ADDR8(0x4A))) m |= (1U << 3);
 1424              		.loc 1 136 42 is_stmt 0 discriminator 1 view .LVU335
 1425 0024 44F00404 		orr	r4, r4, #4
 1426              	.LVL113:
 136:Core/Src/tof.c ****     if (TOF_AddressReady(ADDR8(0x4A))) m |= (1U << 3);
 1427              		.loc 1 136 42 discriminator 1 view .LVU336
 1428 0028 E4B2     		uxtb	r4, r4
 1429              	.LVL114:
 1430              	.L138:
 137:Core/Src/tof.c ****     if (TOF_AddressReady(ADDR8(0x5A))) m |= (1U << 4);
 1431              		.loc 1 137 5 is_stmt 1 view .LVU337
 137:Core/Src/tof.c ****     if (TOF_AddressReady(ADDR8(0x5A))) m |= (1U << 4);
 1432              		.loc 1 137 9 is_stmt 0 view .LVU338
 1433 002a 9420     		movs	r0, #148
 1434 002c FFF7FEFF 		bl	TOF_AddressReady
 1435              	.LVL115:
 137:Core/Src/tof.c ****     if (TOF_AddressReady(ADDR8(0x5A))) m |= (1U << 4);
 1436              		.loc 1 137 8 discriminator 1 view .LVU339
 1437 0030 10B1     		cbz	r0, .L139
 137:Core/Src/tof.c ****     if (TOF_AddressReady(ADDR8(0x5A))) m |= (1U << 4);
 1438              		.loc 1 137 40 is_stmt 1 discriminator 1 view .LVU340
 137:Core/Src/tof.c ****     if (TOF_AddressReady(ADDR8(0x5A))) m |= (1U << 4);
 1439              		.loc 1 137 42 is_stmt 0 discriminator 1 view .LVU341
 1440 0032 44F00804 		orr	r4, r4, #8
 1441              	.LVL116:
 137:Core/Src/tof.c ****     if (TOF_AddressReady(ADDR8(0x5A))) m |= (1U << 4);
 1442              		.loc 1 137 42 discriminator 1 view .LVU342
 1443 0036 E4B2     		uxtb	r4, r4
 1444              	.LVL117:
 1445              	.L139:
 138:Core/Src/tof.c ****     return m;
 1446              		.loc 1 138 5 is_stmt 1 view .LVU343
 138:Core/Src/tof.c ****     return m;
 1447              		.loc 1 138 9 is_stmt 0 view .LVU344
 1448 0038 B420     		movs	r0, #180
ARM GAS  /tmp/ccwdALXY.s 			page 37


 1449 003a FFF7FEFF 		bl	TOF_AddressReady
 1450              	.LVL118:
 138:Core/Src/tof.c ****     return m;
 1451              		.loc 1 138 8 discriminator 1 view .LVU345
 1452 003e 10B1     		cbz	r0, .L140
 138:Core/Src/tof.c ****     return m;
 1453              		.loc 1 138 40 is_stmt 1 discriminator 1 view .LVU346
 138:Core/Src/tof.c ****     return m;
 1454              		.loc 1 138 42 is_stmt 0 discriminator 1 view .LVU347
 1455 0040 44F01004 		orr	r4, r4, #16
 1456              	.LVL119:
 138:Core/Src/tof.c ****     return m;
 1457              		.loc 1 138 42 discriminator 1 view .LVU348
 1458 0044 E4B2     		uxtb	r4, r4
 1459              	.LVL120:
 1460              	.L140:
 139:Core/Src/tof.c **** }
 1461              		.loc 1 139 5 is_stmt 1 view .LVU349
 140:Core/Src/tof.c **** 
 1462              		.loc 1 140 1 is_stmt 0 view .LVU350
 1463 0046 2046     		mov	r0, r4
 1464 0048 10BD     		pop	{r4, pc}
 140:Core/Src/tof.c **** 
 1465              		.loc 1 140 1 view .LVU351
 1466              		.cfi_endproc
 1467              	.LFE226:
 1469              		.section	.text.TOF_Init,"ax",%progbits
 1470              		.align	1
 1471              		.global	TOF_Init
 1472              		.syntax unified
 1473              		.thumb
 1474              		.thumb_func
 1476              	TOF_Init:
 1477              	.LFB239:
 385:Core/Src/tof.c **** 
 386:Core/Src/tof.c **** /* ------------------------------------------------------------------ */
 387:Core/Src/tof.c **** /* Best-effort multi-sensor init.                                      */
 388:Core/Src/tof.c **** /*                                                                     */
 389:Core/Src/tof.c **** /* A failure on one sensor is recorded in that sensor's state, then    */
 390:Core/Src/tof.c **** /* we move on to the next. Returns the bitmask of sensors that came    */
 391:Core/Src/tof.c **** /* up successfully (0x0F if all four worked).                          */
 392:Core/Src/tof.c **** /* ------------------------------------------------------------------ */
 393:Core/Src/tof.c **** 
 394:Core/Src/tof.c **** uint8_t TOF_Init(void)
 395:Core/Src/tof.c **** {
 1478              		.loc 1 395 1 is_stmt 1 view -0
 1479              		.cfi_startproc
 1480              		@ args = 0, pretend = 0, frame = 0
 1481              		@ frame_needed = 0, uses_anonymous_args = 0
 1482 0000 10B5     		push	{r4, lr}
 1483              	.LCFI28:
 1484              		.cfi_def_cfa_offset 8
 1485              		.cfi_offset 4, -8
 1486              		.cfi_offset 14, -4
 396:Core/Src/tof.c ****     tof_pre_init_rogue = 0;
 1487              		.loc 1 396 5 view .LVU353
 1488              		.loc 1 396 24 is_stmt 0 view .LVU354
ARM GAS  /tmp/ccwdALXY.s 			page 38


 1489 0002 174B     		ldr	r3, .L150
 1490 0004 0022     		movs	r2, #0
 1491 0006 1A70     		strb	r2, [r3]
 397:Core/Src/tof.c **** 
 398:Core/Src/tof.c ****     TOF_AllShutdown();
 1492              		.loc 1 398 5 is_stmt 1 view .LVU355
 1493 0008 FFF7FEFF 		bl	TOF_AllShutdown
 1494              	.LVL121:
 399:Core/Src/tof.c ****     HAL_Delay(TOF_FULL_RESET_DELAY_MS);
 1495              		.loc 1 399 5 view .LVU356
 1496 000c 6420     		movs	r0, #100
 1497 000e FFF7FEFF 		bl	HAL_Delay
 1498              	.LVL122:
 400:Core/Src/tof.c ****     TOF_I2C_Recover();
 1499              		.loc 1 400 5 view .LVU357
 1500 0012 FFF7FEFF 		bl	TOF_I2C_Recover
 1501              	.LVL123:
 401:Core/Src/tof.c **** 
 402:Core/Src/tof.c ****     /* Informational only: with all XSHUT low, nobody should answer at 0x29.
 403:Core/Src/tof.c ****      * If somebody does, one carrier board's SHDN circuit is broken. We
 404:Core/Src/tof.c ****      * still try to init each sensor in case the others are healthy. */
 405:Core/Src/tof.c ****     if (TOF_AddressReady(ADDR8(VL6180X_DEFAULT_7BIT)))
 1502              		.loc 1 405 5 view .LVU358
 1503              		.loc 1 405 9 is_stmt 0 view .LVU359
 1504 0016 5220     		movs	r0, #82
 1505 0018 FFF7FEFF 		bl	TOF_AddressReady
 1506              	.LVL124:
 1507              		.loc 1 405 8 discriminator 1 view .LVU360
 1508 001c 10B1     		cbz	r0, .L144
 406:Core/Src/tof.c ****     {
 407:Core/Src/tof.c ****         tof_pre_init_rogue = 1;
 1509              		.loc 1 407 9 is_stmt 1 view .LVU361
 1510              		.loc 1 407 28 is_stmt 0 view .LVU362
 1511 001e 104B     		ldr	r3, .L150
 1512 0020 0122     		movs	r2, #1
 1513 0022 1A70     		strb	r2, [r3]
 1514              	.L144:
 395:Core/Src/tof.c ****     tof_pre_init_rogue = 0;
 1515              		.loc 1 395 1 view .LVU363
 1516 0024 0024     		movs	r4, #0
 1517 0026 04E0     		b	.L145
 1518              	.LVL125:
 1519              	.L146:
 1520              	.LBB4:
 408:Core/Src/tof.c ****     }
 409:Core/Src/tof.c **** 
 410:Core/Src/tof.c ****     for (uint8_t i = 0; i < TOF_SENSOR_COUNT; i++)
 411:Core/Src/tof.c ****     {
 412:Core/Src/tof.c ****         (void)TOF_InitOne(i);  /* failures recorded per-sensor, ignored here */
 413:Core/Src/tof.c **** 
 414:Core/Src/tof.c ****         if (tof_sensors[i].initialized)
 415:Core/Src/tof.c ****         {
 416:Core/Src/tof.c ****             tof_init_status |= (1U << i);
 417:Core/Src/tof.c ****         }
 418:Core/Src/tof.c **** 
 419:Core/Src/tof.c ****         HAL_Delay(20);
 1521              		.loc 1 419 9 is_stmt 1 view .LVU364
ARM GAS  /tmp/ccwdALXY.s 			page 39


 1522 0028 1420     		movs	r0, #20
 1523 002a FFF7FEFF 		bl	HAL_Delay
 1524              	.LVL126:
 410:Core/Src/tof.c ****     {
 1525              		.loc 1 410 48 discriminator 2 view .LVU365
 1526 002e 0134     		adds	r4, r4, #1
 1527              	.LVL127:
 410:Core/Src/tof.c ****     {
 1528              		.loc 1 410 48 is_stmt 0 discriminator 2 view .LVU366
 1529 0030 E4B2     		uxtb	r4, r4
 1530              	.LVL128:
 1531              	.L145:
 410:Core/Src/tof.c ****     {
 1532              		.loc 1 410 27 is_stmt 1 discriminator 1 view .LVU367
 1533 0032 032C     		cmp	r4, #3
 1534 0034 11D8     		bhi	.L149
 412:Core/Src/tof.c **** 
 1535              		.loc 1 412 9 view .LVU368
 412:Core/Src/tof.c **** 
 1536              		.loc 1 412 15 is_stmt 0 view .LVU369
 1537 0036 2046     		mov	r0, r4
 1538 0038 FFF7FEFF 		bl	TOF_InitOne
 1539              	.LVL129:
 414:Core/Src/tof.c ****         {
 1540              		.loc 1 414 9 is_stmt 1 view .LVU370
 414:Core/Src/tof.c ****         {
 1541              		.loc 1 414 27 is_stmt 0 view .LVU371
 1542 003c 04EB4402 		add	r2, r4, r4, lsl #1
 1543 0040 084B     		ldr	r3, .L150+4
 1544 0042 03EB8203 		add	r3, r3, r2, lsl #2
 1545 0046 DB79     		ldrb	r3, [r3, #7]	@ zero_extendqisi2
 414:Core/Src/tof.c ****         {
 1546              		.loc 1 414 12 view .LVU372
 1547 0048 002B     		cmp	r3, #0
 1548 004a EDD0     		beq	.L146
 416:Core/Src/tof.c ****         }
 1549              		.loc 1 416 13 is_stmt 1 view .LVU373
 416:Core/Src/tof.c ****         }
 1550              		.loc 1 416 36 is_stmt 0 view .LVU374
 1551 004c 0122     		movs	r2, #1
 1552 004e A240     		lsls	r2, r2, r4
 416:Core/Src/tof.c ****         }
 1553              		.loc 1 416 29 view .LVU375
 1554 0050 0549     		ldr	r1, .L150+8
 1555 0052 0B78     		ldrb	r3, [r1]	@ zero_extendqisi2
 1556 0054 1343     		orrs	r3, r3, r2
 1557 0056 0B70     		strb	r3, [r1]
 1558 0058 E6E7     		b	.L146
 1559              	.L149:
 1560              	.LBE4:
 420:Core/Src/tof.c ****     }
 421:Core/Src/tof.c **** 
 422:Core/Src/tof.c ****     return tof_init_status;
 1561              		.loc 1 422 5 is_stmt 1 view .LVU376
 423:Core/Src/tof.c **** }
 1562              		.loc 1 423 1 is_stmt 0 view .LVU377
 1563 005a 034B     		ldr	r3, .L150+8
ARM GAS  /tmp/ccwdALXY.s 			page 40


 1564 005c 1878     		ldrb	r0, [r3]	@ zero_extendqisi2
 1565 005e 10BD     		pop	{r4, pc}
 1566              	.LVL130:
 1567              	.L151:
 1568              		.loc 1 423 1 view .LVU378
 1569              		.align	2
 1570              	.L150:
 1571 0060 00000000 		.word	tof_pre_init_rogue
 1572 0064 00000000 		.word	tof_sensors
 1573 0068 00000000 		.word	tof_init_status
 1574              		.cfi_endproc
 1575              	.LFE239:
 1577              		.section	.text.TOF_ReadDistance,"ax",%progbits
 1578              		.align	1
 1579              		.global	TOF_ReadDistance
 1580              		.syntax unified
 1581              		.thumb
 1582              		.thumb_func
 1584              	TOF_ReadDistance:
 1585              	.LVL131:
 1586              	.LFB240:
 424:Core/Src/tof.c **** 
 425:Core/Src/tof.c **** /* ------------------------------------------------------------------ */
 426:Core/Src/tof.c **** /* Read                                                                */
 427:Core/Src/tof.c **** /* ------------------------------------------------------------------ */
 428:Core/Src/tof.c **** 
 429:Core/Src/tof.c **** uint8_t TOF_ReadDistance(uint8_t i)
 430:Core/Src/tof.c **** {
 1587              		.loc 1 430 1 is_stmt 1 view -0
 1588              		.cfi_startproc
 1589              		@ args = 0, pretend = 0, frame = 8
 1590              		@ frame_needed = 0, uses_anonymous_args = 0
 1591              		.loc 1 430 1 is_stmt 0 view .LVU380
 1592 0000 2DE9F041 		push	{r4, r5, r6, r7, r8, lr}
 1593              	.LCFI29:
 1594              		.cfi_def_cfa_offset 24
 1595              		.cfi_offset 4, -24
 1596              		.cfi_offset 5, -20
 1597              		.cfi_offset 6, -16
 1598              		.cfi_offset 7, -12
 1599              		.cfi_offset 8, -8
 1600              		.cfi_offset 14, -4
 1601 0004 82B0     		sub	sp, sp, #8
 1602              	.LCFI30:
 1603              		.cfi_def_cfa_offset 32
 431:Core/Src/tof.c ****     if (i >= TOF_SENSOR_COUNT)             return 0;
 1604              		.loc 1 431 5 is_stmt 1 view .LVU381
 1605              		.loc 1 431 8 is_stmt 0 view .LVU382
 1606 0006 0328     		cmp	r0, #3
 1607 0008 00F28B80 		bhi	.L161
 1608 000c 0446     		mov	r4, r0
 432:Core/Src/tof.c ****     if (tof_sensors[i].initialized == 0)   return 0;
 1609              		.loc 1 432 5 is_stmt 1 view .LVU383
 1610              		.loc 1 432 23 is_stmt 0 view .LVU384
 1611 000e 00EB4002 		add	r2, r0, r0, lsl #1
 1612 0012 464B     		ldr	r3, .L167
 1613 0014 03EB8203 		add	r3, r3, r2, lsl #2
ARM GAS  /tmp/ccwdALXY.s 			page 41


 1614 0018 DD79     		ldrb	r5, [r3, #7]	@ zero_extendqisi2
 1615              		.loc 1 432 8 view .LVU385
 1616 001a 002D     		cmp	r5, #0
 1617 001c 00F08280 		beq	.L153
 433:Core/Src/tof.c **** 
 434:Core/Src/tof.c ****     const uint8_t dev7 = tof_sensors[i].addr_7bit;
 1618              		.loc 1 434 5 is_stmt 1 view .LVU386
 1619              		.loc 1 434 19 is_stmt 0 view .LVU387
 1620 0020 424B     		ldr	r3, .L167
 1621 0022 03EB8203 		add	r3, r3, r2, lsl #2
 1622 0026 9E79     		ldrb	r6, [r3, #6]	@ zero_extendqisi2
 1623              	.LVL132:
 435:Core/Src/tof.c **** 
 436:Core/Src/tof.c ****     if (writeReg(dev7, SYSRANGE__START, 0x01) != HAL_OK)
 1624              		.loc 1 436 5 is_stmt 1 view .LVU388
 1625              		.loc 1 436 9 is_stmt 0 view .LVU389
 1626 0028 0122     		movs	r2, #1
 1627 002a 1821     		movs	r1, #24
 1628 002c 3046     		mov	r0, r6
 1629              	.LVL133:
 1630              		.loc 1 436 9 view .LVU390
 1631 002e FFF7FEFF 		bl	writeReg
 1632              	.LVL134:
 1633              		.loc 1 436 8 discriminator 1 view .LVU391
 1634 0032 8046     		mov	r8, r0
 1635 0034 40B1     		cbz	r0, .L154
 437:Core/Src/tof.c ****     {
 438:Core/Src/tof.c ****         tof_sensors[i].last_range_status = 0xFE;
 1636              		.loc 1 438 9 is_stmt 1 view .LVU392
 1637              		.loc 1 438 42 is_stmt 0 view .LVU393
 1638 0036 04EB4404 		add	r4, r4, r4, lsl #1
 1639              	.LVL135:
 1640              		.loc 1 438 42 view .LVU394
 1641 003a 3C4B     		ldr	r3, .L167
 1642 003c 03EB8403 		add	r3, r3, r4, lsl #2
 1643 0040 FE22     		movs	r2, #254
 1644 0042 1A72     		strb	r2, [r3, #8]
 439:Core/Src/tof.c ****         return 0;
 1645              		.loc 1 439 9 is_stmt 1 view .LVU395
 1646              		.loc 1 439 16 is_stmt 0 view .LVU396
 1647 0044 0025     		movs	r5, #0
 1648 0046 6DE0     		b	.L153
 1649              	.L154:
 440:Core/Src/tof.c ****     }
 441:Core/Src/tof.c **** 
 442:Core/Src/tof.c ****     uint32_t t0  = HAL_GetTick();
 1650              		.loc 1 442 5 is_stmt 1 view .LVU397
 1651              		.loc 1 442 20 is_stmt 0 view .LVU398
 1652 0048 FFF7FEFF 		bl	HAL_GetTick
 1653              	.LVL136:
 1654 004c 0746     		mov	r7, r0
 1655              	.LVL137:
 443:Core/Src/tof.c ****     uint8_t  irq = 0;
 1656              		.loc 1 443 5 is_stmt 1 view .LVU399
 1657              		.loc 1 443 14 is_stmt 0 view .LVU400
 1658 004e 0023     		movs	r3, #0
 1659 0050 8DF80730 		strb	r3, [sp, #7]
ARM GAS  /tmp/ccwdALXY.s 			page 42


 1660              	.LVL138:
 1661              	.L157:
 444:Core/Src/tof.c ****     do
 1662              		.loc 1 444 5 is_stmt 1 view .LVU401
 445:Core/Src/tof.c ****     {
 446:Core/Src/tof.c ****         if (readReg(dev7, RESULT__INTERRUPT_STATUS_GPIO, &irq) != HAL_OK)
 1663              		.loc 1 446 9 view .LVU402
 1664              		.loc 1 446 13 is_stmt 0 view .LVU403
 1665 0054 0DF10702 		add	r2, sp, #7
 1666 0058 4F21     		movs	r1, #79
 1667 005a 3046     		mov	r0, r6
 1668 005c FFF7FEFF 		bl	readReg
 1669              	.LVL139:
 1670              		.loc 1 446 12 discriminator 1 view .LVU404
 1671 0060 0546     		mov	r5, r0
 1672 0062 88BB     		cbnz	r0, .L163
 447:Core/Src/tof.c ****         {
 448:Core/Src/tof.c ****             tof_sensors[i].last_range_status = 0xFD;
 449:Core/Src/tof.c ****             return 0;
 450:Core/Src/tof.c ****         }
 451:Core/Src/tof.c ****         if ((HAL_GetTick() - t0) > TOF_RANGE_TIMEOUT_MS)
 1673              		.loc 1 451 9 is_stmt 1 view .LVU405
 1674              		.loc 1 451 14 is_stmt 0 view .LVU406
 1675 0064 FFF7FEFF 		bl	HAL_GetTick
 1676              	.LVL140:
 1677              		.loc 1 451 28 discriminator 1 view .LVU407
 1678 0068 C01B     		subs	r0, r0, r7
 1679              		.loc 1 451 12 discriminator 1 view .LVU408
 1680 006a 7828     		cmp	r0, #120
 1681 006c 35D8     		bhi	.L164
 452:Core/Src/tof.c ****         {
 453:Core/Src/tof.c ****             tof_sensors[i].last_range_status = 0xFC;
 454:Core/Src/tof.c ****             (void)writeReg(dev7, SYSTEM__INTERRUPT_CLEAR, 0x07);
 455:Core/Src/tof.c ****             return 0;
 456:Core/Src/tof.c ****         }
 457:Core/Src/tof.c ****     }
 458:Core/Src/tof.c ****     while ((irq & 0x07U) != 0x04U);
 1682              		.loc 1 458 26 is_stmt 1 view .LVU409
 1683              		.loc 1 458 17 is_stmt 0 view .LVU410
 1684 006e 9DF80730 		ldrb	r3, [sp, #7]	@ zero_extendqisi2
 1685              		.loc 1 458 26 view .LVU411
 1686 0072 03F00703 		and	r3, r3, #7
 1687 0076 042B     		cmp	r3, #4
 1688 0078 ECD1     		bne	.L157
 459:Core/Src/tof.c **** 
 460:Core/Src/tof.c ****     uint8_t rstat = 0;
 1689              		.loc 1 460 5 is_stmt 1 view .LVU412
 1690              		.loc 1 460 13 is_stmt 0 view .LVU413
 1691 007a 0023     		movs	r3, #0
 1692 007c 8DF80630 		strb	r3, [sp, #6]
 461:Core/Src/tof.c ****     if (readReg(dev7, RESULT__RANGE_STATUS, &rstat) != HAL_OK)
 1693              		.loc 1 461 5 is_stmt 1 view .LVU414
 1694              		.loc 1 461 9 is_stmt 0 view .LVU415
 1695 0080 0DF10602 		add	r2, sp, #6
 1696 0084 4D21     		movs	r1, #77
 1697 0086 3046     		mov	r0, r6
 1698 0088 FFF7FEFF 		bl	readReg
ARM GAS  /tmp/ccwdALXY.s 			page 43


 1699              	.LVL141:
 1700              		.loc 1 461 8 discriminator 1 view .LVU416
 1701 008c 0746     		mov	r7, r0
 1702              	.LVL142:
 1703              		.loc 1 461 8 discriminator 1 view .LVU417
 1704 008e 88BB     		cbnz	r0, .L165
 462:Core/Src/tof.c ****     {
 463:Core/Src/tof.c ****         tof_sensors[i].last_range_status = 0xFB;
 464:Core/Src/tof.c ****         return 0;
 465:Core/Src/tof.c ****     }
 466:Core/Src/tof.c ****     tof_sensors[i].last_range_status = (uint8_t)(rstat >> 4);
 1705              		.loc 1 466 5 is_stmt 1 view .LVU418
 1706              		.loc 1 466 40 is_stmt 0 view .LVU419
 1707 0090 9DF80650 		ldrb	r5, [sp, #6]	@ zero_extendqisi2
 1708 0094 2D09     		lsrs	r5, r5, #4
 1709              		.loc 1 466 38 view .LVU420
 1710 0096 04EB4402 		add	r2, r4, r4, lsl #1
 1711 009a 244B     		ldr	r3, .L167
 1712 009c 03EB8203 		add	r3, r3, r2, lsl #2
 1713 00a0 1D72     		strb	r5, [r3, #8]
 467:Core/Src/tof.c **** 
 468:Core/Src/tof.c ****     if ((rstat >> 4) != 0)
 1714              		.loc 1 468 5 is_stmt 1 view .LVU421
 1715              		.loc 1 468 8 is_stmt 0 view .LVU422
 1716 00a2 7DBB     		cbnz	r5, .L166
 469:Core/Src/tof.c ****     {
 470:Core/Src/tof.c ****         (void)writeReg(dev7, SYSTEM__INTERRUPT_CLEAR, 0x07);
 471:Core/Src/tof.c ****         return 0;
 472:Core/Src/tof.c ****     }
 473:Core/Src/tof.c **** 
 474:Core/Src/tof.c ****     uint8_t distance = 0;
 1717              		.loc 1 474 5 is_stmt 1 view .LVU423
 1718              		.loc 1 474 13 is_stmt 0 view .LVU424
 1719 00a4 0023     		movs	r3, #0
 1720 00a6 8DF80530 		strb	r3, [sp, #5]
 475:Core/Src/tof.c ****     if (readReg(dev7, RESULT__RANGE_VAL, &distance) != HAL_OK)
 1721              		.loc 1 475 5 is_stmt 1 view .LVU425
 1722              		.loc 1 475 9 is_stmt 0 view .LVU426
 1723 00aa 0DF10502 		add	r2, sp, #5
 1724 00ae 6221     		movs	r1, #98
 1725 00b0 3046     		mov	r0, r6
 1726 00b2 FFF7FEFF 		bl	readReg
 1727              	.LVL143:
 1728              		.loc 1 475 8 discriminator 1 view .LVU427
 1729 00b6 60B3     		cbz	r0, .L160
 476:Core/Src/tof.c ****     {
 477:Core/Src/tof.c ****         tof_sensors[i].last_range_status = 0xFA;
 1730              		.loc 1 477 9 is_stmt 1 view .LVU428
 1731              		.loc 1 477 42 is_stmt 0 view .LVU429
 1732 00b8 04EB4404 		add	r4, r4, r4, lsl #1
 1733 00bc 1B4B     		ldr	r3, .L167
 1734 00be 03EB8403 		add	r3, r3, r4, lsl #2
 1735 00c2 FA22     		movs	r2, #250
 1736 00c4 1A72     		strb	r2, [r3, #8]
 478:Core/Src/tof.c ****         return 0;
 1737              		.loc 1 478 9 is_stmt 1 view .LVU430
 1738              		.loc 1 478 16 is_stmt 0 view .LVU431
ARM GAS  /tmp/ccwdALXY.s 			page 44


 1739 00c6 2DE0     		b	.L153
 1740              	.LVL144:
 1741              	.L163:
 448:Core/Src/tof.c ****             return 0;
 1742              		.loc 1 448 13 is_stmt 1 view .LVU432
 448:Core/Src/tof.c ****             return 0;
 1743              		.loc 1 448 46 is_stmt 0 view .LVU433
 1744 00c8 04EB4404 		add	r4, r4, r4, lsl #1
 1745 00cc 174B     		ldr	r3, .L167
 1746 00ce 03EB8403 		add	r3, r3, r4, lsl #2
 1747 00d2 FD22     		movs	r2, #253
 1748 00d4 1A72     		strb	r2, [r3, #8]
 449:Core/Src/tof.c ****         }
 1749              		.loc 1 449 13 is_stmt 1 view .LVU434
 449:Core/Src/tof.c ****         }
 1750              		.loc 1 449 20 is_stmt 0 view .LVU435
 1751 00d6 4546     		mov	r5, r8
 1752 00d8 24E0     		b	.L153
 1753              	.L164:
 453:Core/Src/tof.c ****             (void)writeReg(dev7, SYSTEM__INTERRUPT_CLEAR, 0x07);
 1754              		.loc 1 453 13 is_stmt 1 view .LVU436
 453:Core/Src/tof.c ****             (void)writeReg(dev7, SYSTEM__INTERRUPT_CLEAR, 0x07);
 1755              		.loc 1 453 46 is_stmt 0 view .LVU437
 1756 00da 04EB4404 		add	r4, r4, r4, lsl #1
 1757 00de 134B     		ldr	r3, .L167
 1758 00e0 03EB8403 		add	r3, r3, r4, lsl #2
 1759 00e4 FC22     		movs	r2, #252
 1760 00e6 1A72     		strb	r2, [r3, #8]
 454:Core/Src/tof.c ****             return 0;
 1761              		.loc 1 454 13 is_stmt 1 view .LVU438
 454:Core/Src/tof.c ****             return 0;
 1762              		.loc 1 454 19 is_stmt 0 view .LVU439
 1763 00e8 0722     		movs	r2, #7
 1764 00ea 1521     		movs	r1, #21
 1765 00ec 3046     		mov	r0, r6
 1766 00ee FFF7FEFF 		bl	writeReg
 1767              	.LVL145:
 455:Core/Src/tof.c ****         }
 1768              		.loc 1 455 13 is_stmt 1 view .LVU440
 455:Core/Src/tof.c ****         }
 1769              		.loc 1 455 20 is_stmt 0 view .LVU441
 1770 00f2 17E0     		b	.L153
 1771              	.LVL146:
 1772              	.L165:
 463:Core/Src/tof.c ****         return 0;
 1773              		.loc 1 463 9 is_stmt 1 view .LVU442
 463:Core/Src/tof.c ****         return 0;
 1774              		.loc 1 463 42 is_stmt 0 view .LVU443
 1775 00f4 04EB4404 		add	r4, r4, r4, lsl #1
 1776 00f8 0C4B     		ldr	r3, .L167
 1777 00fa 03EB8403 		add	r3, r3, r4, lsl #2
 1778 00fe FB22     		movs	r2, #251
 1779 0100 1A72     		strb	r2, [r3, #8]
 464:Core/Src/tof.c ****     }
 1780              		.loc 1 464 9 is_stmt 1 view .LVU444
 464:Core/Src/tof.c ****     }
 1781              		.loc 1 464 16 is_stmt 0 view .LVU445
ARM GAS  /tmp/ccwdALXY.s 			page 45


 1782 0102 0FE0     		b	.L153
 1783              	.L166:
 470:Core/Src/tof.c ****         return 0;
 1784              		.loc 1 470 9 is_stmt 1 view .LVU446
 470:Core/Src/tof.c ****         return 0;
 1785              		.loc 1 470 15 is_stmt 0 view .LVU447
 1786 0104 0722     		movs	r2, #7
 1787 0106 1521     		movs	r1, #21
 1788 0108 3046     		mov	r0, r6
 1789 010a FFF7FEFF 		bl	writeReg
 1790              	.LVL147:
 471:Core/Src/tof.c ****     }
 1791              		.loc 1 471 9 is_stmt 1 view .LVU448
 471:Core/Src/tof.c ****     }
 1792              		.loc 1 471 16 is_stmt 0 view .LVU449
 1793 010e 3D46     		mov	r5, r7
 1794 0110 08E0     		b	.L153
 1795              	.L160:
 479:Core/Src/tof.c ****     }
 480:Core/Src/tof.c **** 
 481:Core/Src/tof.c ****     (void)writeReg(dev7, SYSTEM__INTERRUPT_CLEAR, 0x07);
 1796              		.loc 1 481 5 is_stmt 1 view .LVU450
 1797              		.loc 1 481 11 is_stmt 0 view .LVU451
 1798 0112 0722     		movs	r2, #7
 1799 0114 1521     		movs	r1, #21
 1800 0116 3046     		mov	r0, r6
 1801 0118 FFF7FEFF 		bl	writeReg
 1802              	.LVL148:
 482:Core/Src/tof.c ****     return distance;
 1803              		.loc 1 482 5 is_stmt 1 view .LVU452
 1804              		.loc 1 482 12 is_stmt 0 view .LVU453
 1805 011c 9DF80550 		ldrb	r5, [sp, #5]	@ zero_extendqisi2
 1806 0120 00E0     		b	.L153
 1807              	.LVL149:
 1808              	.L161:
 431:Core/Src/tof.c ****     if (tof_sensors[i].initialized == 0)   return 0;
 1809              		.loc 1 431 51 discriminator 1 view .LVU454
 1810 0122 0025     		movs	r5, #0
 1811              	.LVL150:
 1812              	.L153:
 483:Core/Src/tof.c **** }
 1813              		.loc 1 483 1 view .LVU455
 1814 0124 2846     		mov	r0, r5
 1815 0126 02B0     		add	sp, sp, #8
 1816              	.LCFI31:
 1817              		.cfi_def_cfa_offset 24
 1818              		@ sp needed
 1819 0128 BDE8F081 		pop	{r4, r5, r6, r7, r8, pc}
 1820              	.L168:
 1821              		.align	2
 1822              	.L167:
 1823 012c 00000000 		.word	tof_sensors
 1824              		.cfi_endproc
 1825              	.LFE240:
 1827              		.section	.text.TOF_ReadAll,"ax",%progbits
 1828              		.align	1
 1829              		.global	TOF_ReadAll
ARM GAS  /tmp/ccwdALXY.s 			page 46


 1830              		.syntax unified
 1831              		.thumb
 1832              		.thumb_func
 1834              	TOF_ReadAll:
 1835              	.LVL151:
 1836              	.LFB241:
 484:Core/Src/tof.c **** 
 485:Core/Src/tof.c **** void TOF_ReadAll(volatile uint8_t distances[TOF_SENSOR_COUNT])
 486:Core/Src/tof.c **** {
 1837              		.loc 1 486 1 is_stmt 1 view -0
 1838              		.cfi_startproc
 1839              		@ args = 0, pretend = 0, frame = 0
 1840              		@ frame_needed = 0, uses_anonymous_args = 0
 1841              		.loc 1 486 1 is_stmt 0 view .LVU457
 1842 0000 38B5     		push	{r3, r4, r5, lr}
 1843              	.LCFI32:
 1844              		.cfi_def_cfa_offset 16
 1845              		.cfi_offset 3, -16
 1846              		.cfi_offset 4, -12
 1847              		.cfi_offset 5, -8
 1848              		.cfi_offset 14, -4
 1849 0002 0546     		mov	r5, r0
 487:Core/Src/tof.c ****     for (uint8_t i = 0; i < TOF_SENSOR_COUNT; i++)
 1850              		.loc 1 487 5 is_stmt 1 view .LVU458
 1851              	.LBB5:
 1852              		.loc 1 487 10 view .LVU459
 1853              	.LVL152:
 1854              		.loc 1 487 18 is_stmt 0 view .LVU460
 1855 0004 0024     		movs	r4, #0
 1856              		.loc 1 487 5 view .LVU461
 1857 0006 08E0     		b	.L170
 1858              	.LVL153:
 1859              	.L171:
 488:Core/Src/tof.c ****     {
 489:Core/Src/tof.c ****         /* Uninitialized sensors return 0 immediately, no bus traffic. */
 490:Core/Src/tof.c ****         distances[i] = TOF_ReadDistance(i);
 1860              		.loc 1 490 9 is_stmt 1 view .LVU462
 1861              		.loc 1 490 24 is_stmt 0 view .LVU463
 1862 0008 2046     		mov	r0, r4
 1863 000a FFF7FEFF 		bl	TOF_ReadDistance
 1864              	.LVL154:
 1865              		.loc 1 490 22 discriminator 1 view .LVU464
 1866 000e 2855     		strb	r0, [r5, r4]
 491:Core/Src/tof.c ****         HAL_Delay(TOF_BETWEEN_SENSOR_READ_DELAY_MS);
 1867              		.loc 1 491 9 is_stmt 1 view .LVU465
 1868 0010 0520     		movs	r0, #5
 1869 0012 FFF7FEFF 		bl	HAL_Delay
 1870              	.LVL155:
 487:Core/Src/tof.c ****     for (uint8_t i = 0; i < TOF_SENSOR_COUNT; i++)
 1871              		.loc 1 487 48 discriminator 3 view .LVU466
 1872 0016 0134     		adds	r4, r4, #1
 1873              	.LVL156:
 487:Core/Src/tof.c ****     for (uint8_t i = 0; i < TOF_SENSOR_COUNT; i++)
 1874              		.loc 1 487 48 is_stmt 0 discriminator 3 view .LVU467
 1875 0018 E4B2     		uxtb	r4, r4
 1876              	.LVL157:
 1877              	.L170:
ARM GAS  /tmp/ccwdALXY.s 			page 47


 487:Core/Src/tof.c ****     for (uint8_t i = 0; i < TOF_SENSOR_COUNT; i++)
 1878              		.loc 1 487 27 is_stmt 1 discriminator 1 view .LVU468
 1879 001a 032C     		cmp	r4, #3
 1880 001c F4D9     		bls	.L171
 1881              	.LBE5:
 492:Core/Src/tof.c ****     }
 493:Core/Src/tof.c **** }
 1882              		.loc 1 493 1 is_stmt 0 view .LVU469
 1883 001e 38BD     		pop	{r3, r4, r5, pc}
 1884              		.loc 1 493 1 view .LVU470
 1885              		.cfi_endproc
 1886              	.LFE241:
 1888              		.section	.rodata.seq.0,"a"
 1889              		.align	2
 1892              	seq.0:
 1893 0000 0702     		.short	519
 1894 0002 01       		.byte	1
 1895 0003 00       		.space	1
 1896 0004 0802     		.short	520
 1897 0006 01       		.byte	1
 1898 0007 00       		.space	1
 1899 0008 9600     		.short	150
 1900 000a 00       		.byte	0
 1901 000b 00       		.space	1
 1902 000c 9700     		.short	151
 1903 000e FD       		.byte	-3
 1904 000f 00       		.space	1
 1905 0010 E300     		.short	227
 1906 0012 01       		.byte	1
 1907 0013 00       		.space	1
 1908 0014 E400     		.short	228
 1909 0016 03       		.byte	3
 1910 0017 00       		.space	1
 1911 0018 E500     		.short	229
 1912 001a 02       		.byte	2
 1913 001b 00       		.space	1
 1914 001c E600     		.short	230
 1915 001e 01       		.byte	1
 1916 001f 00       		.space	1
 1917 0020 E700     		.short	231
 1918 0022 03       		.byte	3
 1919 0023 00       		.space	1
 1920 0024 F500     		.short	245
 1921 0026 02       		.byte	2
 1922 0027 00       		.space	1
 1923 0028 D900     		.short	217
 1924 002a 05       		.byte	5
 1925 002b 00       		.space	1
 1926 002c DB00     		.short	219
 1927 002e CE       		.byte	-50
 1928 002f 00       		.space	1
 1929 0030 DC00     		.short	220
 1930 0032 03       		.byte	3
 1931 0033 00       		.space	1
 1932 0034 DD00     		.short	221
 1933 0036 F8       		.byte	-8
 1934 0037 00       		.space	1
ARM GAS  /tmp/ccwdALXY.s 			page 48


 1935 0038 9F00     		.short	159
 1936 003a 00       		.byte	0
 1937 003b 00       		.space	1
 1938 003c A300     		.short	163
 1939 003e 3C       		.byte	60
 1940 003f 00       		.space	1
 1941 0040 B700     		.short	183
 1942 0042 00       		.byte	0
 1943 0043 00       		.space	1
 1944 0044 BB00     		.short	187
 1945 0046 3C       		.byte	60
 1946 0047 00       		.space	1
 1947 0048 B200     		.short	178
 1948 004a 09       		.byte	9
 1949 004b 00       		.space	1
 1950 004c CA00     		.short	202
 1951 004e 09       		.byte	9
 1952 004f 00       		.space	1
 1953 0050 9801     		.short	408
 1954 0052 01       		.byte	1
 1955 0053 00       		.space	1
 1956 0054 B001     		.short	432
 1957 0056 17       		.byte	23
 1958 0057 00       		.space	1
 1959 0058 AD01     		.short	429
 1960 005a 00       		.byte	0
 1961 005b 00       		.space	1
 1962 005c FF00     		.short	255
 1963 005e 05       		.byte	5
 1964 005f 00       		.space	1
 1965 0060 0001     		.short	256
 1966 0062 05       		.byte	5
 1967 0063 00       		.space	1
 1968 0064 9901     		.short	409
 1969 0066 05       		.byte	5
 1970 0067 00       		.space	1
 1971 0068 A601     		.short	422
 1972 006a 1B       		.byte	27
 1973 006b 00       		.space	1
 1974 006c AC01     		.short	428
 1975 006e 3E       		.byte	62
 1976 006f 00       		.space	1
 1977 0070 A701     		.short	423
 1978 0072 1F       		.byte	31
 1979 0073 00       		.space	1
 1980 0074 3000     		.short	48
 1981 0076 00       		.byte	0
 1982 0077 00       		.space	1
 1983              		.section	.bss.tof_pre_init_rogue,"aw",%nobits
 1986              	tof_pre_init_rogue:
 1987 0000 00       		.space	1
 1988              		.section	.bss.tof_init_status,"aw",%nobits
 1991              	tof_init_status:
 1992 0000 00       		.space	1
 1993              		.section	.data.tof_sensors,"aw"
 1994              		.align	2
 1997              	tof_sensors:
ARM GAS  /tmp/ccwdALXY.s 			page 49


 1998 0000 00080240 		.word	1073874944
 1999 0004 2000     		.short	32
 2000 0006 2A       		.byte	42
 2001 0007 00       		.byte	0
 2002 0008 00       		.byte	0
 2003 0009 00       		.byte	0
 2004 000a 0000     		.space	2
 2005 000c 00080240 		.word	1073874944
 2006 0010 4000     		.short	64
 2007 0012 3A       		.byte	58
 2008 0013 00       		.byte	0
 2009 0014 00       		.byte	0
 2010 0015 00       		.byte	0
 2011 0016 0000     		.space	2
 2012 0018 00080240 		.word	1073874944
 2013 001c 0001     		.short	256
 2014 001e 4A       		.byte	74
 2015 001f 00       		.byte	0
 2016 0020 00       		.byte	0
 2017 0021 00       		.byte	0
 2018 0022 0000     		.space	2
 2019 0024 00080240 		.word	1073874944
 2020 0028 0002     		.short	512
 2021 002a 5A       		.byte	90
 2022 002b 00       		.byte	0
 2023 002c 00       		.byte	0
 2024 002d 00       		.byte	0
 2025 002e 0000     		.space	2
 2026              		.text
 2027              	.Letext0:
 2028              		.file 2 "/usr/lib/gcc/arm-none-eabi/13.2.1/include/stdint.h"
 2029              		.file 3 "Drivers/CMSIS/Device/ST/STM32F4xx/Include/stm32f401xe.h"
 2030              		.file 4 "Drivers/STM32F4xx_HAL_Driver/Inc/stm32f4xx_hal_def.h"
 2031              		.file 5 "Drivers/STM32F4xx_HAL_Driver/Inc/stm32f4xx_hal_gpio.h"
 2032              		.file 6 "Drivers/STM32F4xx_HAL_Driver/Inc/stm32f4xx_hal_dma.h"
 2033              		.file 7 "Drivers/STM32F4xx_HAL_Driver/Inc/stm32f4xx_hal_i2c.h"
 2034              		.file 8 "Drivers/STM32F4xx_HAL_Driver/Inc/stm32f4xx_hal.h"
 2035              		.file 9 "Core/Inc/i2c.h"
ARM GAS  /tmp/ccwdALXY.s 			page 50


DEFINED SYMBOLS
                            *ABS*:00000000 tof.c
     /tmp/ccwdALXY.s:21     .text.TOF_AddressReady:00000000 $t
     /tmp/ccwdALXY.s:26     .text.TOF_AddressReady:00000000 TOF_AddressReady
     /tmp/ccwdALXY.s:56     .text.TOF_AddressReady:00000018 $d
     /tmp/ccwdALXY.s:61     .text.TOF_DisableSensor:00000000 $t
     /tmp/ccwdALXY.s:66     .text.TOF_DisableSensor:00000000 TOF_DisableSensor
     /tmp/ccwdALXY.s:106    .text.TOF_DisableSensor:00000020 $d
     /tmp/ccwdALXY.s:1997   .data.tof_sensors:00000000 tof_sensors
     /tmp/ccwdALXY.s:111    .text.TOF_AllShutdown:00000000 $t
     /tmp/ccwdALXY.s:116    .text.TOF_AllShutdown:00000000 TOF_AllShutdown
     /tmp/ccwdALXY.s:164    .text.TOF_AllShutdown:0000001c $d
     /tmp/ccwdALXY.s:1991   .bss.tof_init_status:00000000 tof_init_status
     /tmp/ccwdALXY.s:169    .text.TOF_EnableSensor:00000000 $t
     /tmp/ccwdALXY.s:174    .text.TOF_EnableSensor:00000000 TOF_EnableSensor
     /tmp/ccwdALXY.s:204    .text.TOF_EnableSensor:00000020 $d
     /tmp/ccwdALXY.s:209    .text.TOF_I2C_Recover:00000000 $t
     /tmp/ccwdALXY.s:214    .text.TOF_I2C_Recover:00000000 TOF_I2C_Recover
     /tmp/ccwdALXY.s:269    .text.TOF_I2C_Recover:00000038 $d
     /tmp/ccwdALXY.s:274    .text.writeReg:00000000 $t
     /tmp/ccwdALXY.s:279    .text.writeReg:00000000 writeReg
     /tmp/ccwdALXY.s:350    .text.writeReg:00000034 $d
     /tmp/ccwdALXY.s:355    .text.VL6180X_SetAddress:00000000 $t
     /tmp/ccwdALXY.s:360    .text.VL6180X_SetAddress:00000000 VL6180X_SetAddress
     /tmp/ccwdALXY.s:402    .text.writeReg16:00000000 $t
     /tmp/ccwdALXY.s:407    .text.writeReg16:00000000 writeReg16
     /tmp/ccwdALXY.s:483    .text.writeReg16:00000038 $d
     /tmp/ccwdALXY.s:488    .text.VL6180X_PololuConfigureDefault:00000000 $t
     /tmp/ccwdALXY.s:493    .text.VL6180X_PololuConfigureDefault:00000000 VL6180X_PololuConfigureDefault
     /tmp/ccwdALXY.s:656    .text.readReg:00000000 $t
     /tmp/ccwdALXY.s:661    .text.readReg:00000000 readReg
     /tmp/ccwdALXY.s:752    .text.readReg:0000004c $d
     /tmp/ccwdALXY.s:757    .text.VL6180X_PololuInit:00000000 $t
     /tmp/ccwdALXY.s:762    .text.VL6180X_PololuInit:00000000 VL6180X_PololuInit
     /tmp/ccwdALXY.s:863    .text.VL6180X_PololuInit:0000005c $d
     /tmp/ccwdALXY.s:1892   .rodata.seq.0:00000000 seq.0
     /tmp/ccwdALXY.s:868    .text.VL6180X_CheckModelID:00000000 $t
     /tmp/ccwdALXY.s:873    .text.VL6180X_CheckModelID:00000000 VL6180X_CheckModelID
     /tmp/ccwdALXY.s:922    .text.TOF_InitOne:00000000 $t
     /tmp/ccwdALXY.s:927    .text.TOF_InitOne:00000000 TOF_InitOne
     /tmp/ccwdALXY.s:1190   .text.TOF_InitOne:00000170 $d
     /tmp/ccwdALXY.s:1195   .text.TOF_GetInitStatus:00000000 $t
     /tmp/ccwdALXY.s:1201   .text.TOF_GetInitStatus:00000000 TOF_GetInitStatus
     /tmp/ccwdALXY.s:1216   .text.TOF_GetInitStatus:00000008 $d
     /tmp/ccwdALXY.s:1221   .text.TOF_GetPreInitRogueFlag:00000000 $t
     /tmp/ccwdALXY.s:1227   .text.TOF_GetPreInitRogueFlag:00000000 TOF_GetPreInitRogueFlag
     /tmp/ccwdALXY.s:1242   .text.TOF_GetPreInitRogueFlag:00000008 $d
     /tmp/ccwdALXY.s:1986   .bss.tof_pre_init_rogue:00000000 tof_pre_init_rogue
     /tmp/ccwdALXY.s:1247   .text.TOF_IsReady:00000000 $t
     /tmp/ccwdALXY.s:1253   .text.TOF_IsReady:00000000 TOF_IsReady
     /tmp/ccwdALXY.s:1283   .text.TOF_IsReady:00000018 $d
     /tmp/ccwdALXY.s:1288   .text.TOF_GetLastRangeStatus:00000000 $t
     /tmp/ccwdALXY.s:1294   .text.TOF_GetLastRangeStatus:00000000 TOF_GetLastRangeStatus
     /tmp/ccwdALXY.s:1324   .text.TOF_GetLastRangeStatus:00000018 $d
     /tmp/ccwdALXY.s:1329   .text.TOF_GetInitFailStep:00000000 $t
     /tmp/ccwdALXY.s:1335   .text.TOF_GetInitFailStep:00000000 TOF_GetInitFailStep
     /tmp/ccwdALXY.s:1365   .text.TOF_GetInitFailStep:00000018 $d
ARM GAS  /tmp/ccwdALXY.s 			page 51


     /tmp/ccwdALXY.s:1370   .text.TOF_GetAddressMask:00000000 $t
     /tmp/ccwdALXY.s:1376   .text.TOF_GetAddressMask:00000000 TOF_GetAddressMask
     /tmp/ccwdALXY.s:1470   .text.TOF_Init:00000000 $t
     /tmp/ccwdALXY.s:1476   .text.TOF_Init:00000000 TOF_Init
     /tmp/ccwdALXY.s:1571   .text.TOF_Init:00000060 $d
     /tmp/ccwdALXY.s:1578   .text.TOF_ReadDistance:00000000 $t
     /tmp/ccwdALXY.s:1584   .text.TOF_ReadDistance:00000000 TOF_ReadDistance
     /tmp/ccwdALXY.s:1823   .text.TOF_ReadDistance:0000012c $d
     /tmp/ccwdALXY.s:1828   .text.TOF_ReadAll:00000000 $t
     /tmp/ccwdALXY.s:1834   .text.TOF_ReadAll:00000000 TOF_ReadAll
     /tmp/ccwdALXY.s:1889   .rodata.seq.0:00000000 $d
     /tmp/ccwdALXY.s:1987   .bss.tof_pre_init_rogue:00000000 $d
     /tmp/ccwdALXY.s:1992   .bss.tof_init_status:00000000 $d
     /tmp/ccwdALXY.s:1994   .data.tof_sensors:00000000 $d

UNDEFINED SYMBOLS
HAL_I2C_IsDeviceReady
hi2c1
HAL_GPIO_WritePin
HAL_I2C_DeInit
HAL_Delay
HAL_I2C_Init
HAL_I2C_Master_Transmit
HAL_I2C_Master_Receive
HAL_GetTick
